timestamp,open,high,low,close,volume
2026-04-27 01:39:00+00:00,1.92596,1.93134,1.92554,1.93119,578.0
2026-04-27 01:54:00+00:00,1.93119,1.93358,1.93081,1.93329,626.0
2026-04-27 02:09:00+00:00,1.93329,1.93478,1.93267,1.9341,1142.0
2026-04-27 02:24:00+00:00,1.9341,1.93519,1.93272,1.93444,731.0
2026-04-27 02:39:00+00:00,1.93444,1.93705,1.93111,1.93341,506.0
2026-04-27 02:54:00+00:00,1.93341,1.9354,1.93315,1.93501,871.0
2026-04-27 03:09:00+00:00,1.93501,1.93663,1.93441,1.93572,797.0
2026-04-27 03:24:00+00:00,1.93572,1.93611,1.93459,1.93511,465.0
2026-04-27 03:39:00+00:00,1.93511,1.93965,1.93406,1.93837,1139.0
2026-04-27 03:54:00+00:00,1.93837,1.94198,1.93642,1.93863,910.0
2026-04-27 04:09:00+00:00,1.93863,1.94256,1.93645,1.93821,414.0
2026-04-27 04:24:00+00:00,1.93821,1.94232,1.93643,1.94027,920.0
2026-04-27 04:39:00+00:00,1.94027,1.94185,1.93483,1.93863,402.0
2026-04-27 04:54:00+00:00,1.93863,1.93872,1.93496,1.93505,1067.0
2026-04-27 05:09:00+00:00,1.93505,1.94356,1.93446,1.94098,736.0
2026-04-27 05:24:00+00:00,1.94098,1.94416,1.94087,1.94406,777.0
2026-04-27 05:39:00+00:00,1.94406,1.94615,1.94314,1.94511,427.0
2026-04-27 05:54:00+00:00,1.94511,1.9507,1.94323,1.94816,488.0
2026-04-27 06:09:00+00:00,1.94816,1.95056,1.94773,1.95001,686.0
2026-04-27 06:24:00+00:00,1.95001,1.95418,1.94965,1.95318,448.0
2026-04-27 06:39:00+00:00,1.95318,1.95484,1.95204,1.9534,1121.0
2026-04-27 06:54:00+00:00,1.9534,1.96105,1.95224,1.95977,529.0
2026-04-27 07:09:00+00:00,1.95977,1.96607,1.95806,1.96407,896.0
2026-04-27 07:24:00+00:00,1.96407,1.96803,1.96159,1.96506,1648.0
2026-04-27 07:39:00+00:00,1.96506,1.96518,1.96354,1.96409,1341.0
2026-04-27 07:54:00+00:00,1.96409,1.96425,1.96157,1.96188,1110.0
2026-04-27 08:09:00+00:00,1.96188,1.96572,1.96172,1.9655,895.0
2026-04-27 08:24:00+00:00,1.9655,1.96702,1.95868,1.96214,1795.0
2026-04-27 08:39:00+00:00,1.96214,1.97002,1.96102,1.9684,769.0
2026-04-27 08:54:00+00:00,1.9684,1.97572,1.96513,1.96851,1491.0
2026-04-27 09:09:00+00:00,1.96851,1.96972,1.96599,1.96691,972.0
2026-04-27 09:24:00+00:00,1.96691,1.96725,1.9654,1.9666,1303.0
2026-04-27 09:39:00+00:00,1.9666,1.97703,1.96306,1.97177,1317.0
2026-04-27 09:54:00+00:00,1.97177,1.97299,1.96591,1.96645,1869.0
2026-04-27 10:09:00+00:00,1.96645,1.97077,1.9656,1.9699,1569.0
2026-04-27 10:24:00+00:00,1.9699,1.97249,1.96579,1.97026,1554.0
2026-04-27 10:39:00+00:00,1.97026,1.97574,1.96974,1.97487,1375.0
2026-04-27 10:54:00+00:00,1.97487,1.97508,1.97343,1.97363,1340.0
2026-04-27 11:09:00+00:00,1.97363,1.97475,1.96841,1.96893,774.0
2026-04-27 11:24:00+00:00,1.96893,1.97641,1.96187,1.96604,826.0
2026-04-27 11:39:00+00:00,1.96604,1.96929,1.964,1.96823,1746.0
2026-04-27 11:54:00+00:00,1.96823,1.96852,1.9667,1.9677,1991.0
2026-04-27 12:09:00+00:00,1.9677,1.97207,1.96299,1.96831,1992.0
2026-04-27 12:24:00+00:00,1.96831,1.96832,1.96631,1.96632,1646.0
2026-04-27 12:39:00+00:00,1.96632,1.96844,1.96419,1.9653,1813.0
2026-04-27 12:54:00+00:00,1.9653,1.96701,1.95921,1.96063,1337.0
2026-04-27 13:09:00+00:00,1.96063,1.96232,1.95693,1.95755,1378.0
2026-04-27 13:24:00+00:00,1.95755,1.95769,1.95427,1.95459,1037.0
2026-04-27 13:39:00+00:00,1.95459,1.95556,1.95089,1.95356,1019.0
2026-04-27 13:54:00+00:00,1.95356,1.95852,1.95161,1.95752,1616.0
2026-04-27 14:09:00+00:00,1.95752,1.96397,1.95233,1.95986,986.0
2026-04-27 14:24:00+00:00,1.95986,1.96006,1.95865,1.95902,1049.0
2026-04-27 14:39:00+00:00,1.95902,1.96127,1.95705,1.95843,1810.0
2026-04-27 14:54:00+00:00,1.95843,1.9596,1.95543,1.95598,1821.0
2026-04-27 15:09:00+00:00,1.95598,1.95804,1.95365,1.95664,1800.0
2026-04-27 15:24:00+00:00,1.95664,1.961,1.95566,1.96025,788.0
2026-04-27 15:39:00+00:00,1.96025,1.96425,1.95941,1.96325,1019.0
2026-04-27 15:54:00+00:00,1.96325,1.96514,1.96209,1.96399,1148.0
2026-04-27 16:09:00+00:00,1.96399,1.96859,1.96064,1.96549,1488.0
2026-04-27 16:24:00+00:00,1.96549,1.96883,1.96511,1.96812,1757.0
2026-04-27 16:39:00+00:00,1.96812,1.97028,1.96732,1.96875,1256.0
2026-04-27 16:54:00+00:00,1.96875,1.96887,1.96547,1.96581,1214.0
2026-04-27 17:09:00+00:00,1.96581,1.96955,1.96514,1.96861,847.0
2026-04-27 17:24:00+00:00,1.96861,1.96868,1.96289,1.96294,532.0
2026-04-27 17:39:00+00:00,1.96294,1.96623,1.95902,1.96101,1084.0
2026-04-27 17:54:00+00:00,1.96101,1.96367,1.95952,1.96259,447.0
2026-04-27 18:09:00+00:00,1.96259,1.96338,1.96239,1.9626,1095.0
2026-04-27 18:24:00+00:00,1.9626,1.96356,1.9572,1.95949,446.0
2026-04-27 18:39:00+00:00,1.95949,1.96324,1.95865,1.96118,524.0
2026-04-27 18:54:00+00:00,1.96118,1.9635,1.95851,1.96002,390.0
2026-04-27 19:09:00+00:00,1.96002,1.96396,1.95773,1.95995,766.0
2026-04-27 19:24:00+00:00,1.95995,1.96174,1.95866,1.95995,567.0
2026-04-27 19:39:00+00:00,1.95995,1.96652,1.9584,1.96361,1148.0
2026-04-27 19:54:00+00:00,1.96361,1.96476,1.9623,1.96416,1019.0
2026-04-27 20:09:00+00:00,1.96416,1.96628,1.9628,1.96581,910.0
2026-04-27 20:24:00+00:00,1.96581,1.96838,1.96408,1.96646,761.0
2026-04-27 20:39:00+00:00,1.96646,1.96744,1.95846,1.95903,732.0
2026-04-27 20:54:00+00:00,1.95903,1.96245,1.95648,1.95997,486.0
2026-04-27 21:09:00+00:00,1.95997,1.96346,1.95932,1.96247,1010.0
2026-04-27 21:24:00+00:00,1.96247,1.9638,1.96142,1.96189,838.0
2026-04-27 21:39:00+00:00,1.96189,1.96759,1.95869,1.96483,480.0
2026-04-27 21:54:00+00:00,1.96483,1.97073,1.96388,1.96961,876.0
2026-04-27 22:09:00+00:00,1.96961,1.97134,1.9639,1.96523,414.0
2026-04-27 22:24:00+00:00,1.96523,1.96753,1.9642,1.96669,892.0
2026-04-27 22:39:00+00:00,1.96669,1.96789,1.96378,1.96504,920.0
2026-04-27 22:54:00+00:00,1.96504,1.96692,1.9581,1.96083,450.0
2026-04-27 23:09:00+00:00,1.96083,1.96684,1.96043,1.96573,425.0
2026-04-27 23:24:00+00:00,1.96573,1.97349,1.96179,1.96921,804.0
2026-04-27 23:39:00+00:00,1.96921,1.97053,1.9651,1.96664,672.0
2026-04-27 23:54:00+00:00,1.96664,1.97387,1.96636,1.97346,593.0
2026-04-28 00:09:00+00:00,1.97346,1.97697,1.9728,1.97627,998.0
2026-04-28 00:24:00+00:00,1.97627,1.97657,1.97016,1.97034,397.0
2026-04-28 00:39:00+00:00,1.97034,1.97396,1.9702,1.9738,1068.0
2026-04-28 00:54:00+00:00,1.9738,1.97807,1.97266,1.9748,518.0
2026-04-28 01:09:00+00:00,1.9748,1.97619,1.97034,1.97156,443.0
2026-04-28 01:24:00+00:00,1.97156,1.97169,1.96861,1.96898,683.0
2026-04-28 01:39:00+00:00,1.96898,1.97057,1.96392,1.96717,631.0
2026-04-28 01:54:00+00:00,1.96717,1.96959,1.96365,1.96452,762.0
2026-04-28 02:09:00+00:00,1.96452,1.96471,1.9638,1.96403,894.0
2026-04-28 02:24:00+00:00,1.96403,1.96963,1.96356,1.96917,892.0
2026-04-28 02:39:00+00:00,1.96917,1.97058,1.96822,1.96972,640.0
2026-04-28 02:54:00+00:00,1.96972,1.97075,1.96725,1.9699,565.0
2026-04-28 03:09:00+00:00,1.9699,1.97269,1.96953,1.9714,505.0
2026-04-28 03:24:00+00:00,1.9714,1.97528,1.97107,1.97501,835.0
2026-04-28 03:39:00+00:00,1.97501,1.97605,1.97256,1.97354,1090.0
2026-04-28 03:54:00+00:00,1.97354,1.98506,1.9731,1.98491,651.0
2026-04-28 04:09:00+00:00,1.98491,1.98634,1.98258,1.98389,512.0
2026-04-28 04:24:00+00:00,1.98389,1.98495,1.98035,1.98151,690.0
2026-04-28 04:39:00+00:00,1.98151,1.98227,1.97656,1.97689,476.0
2026-04-28 04:54:00+00:00,1.97689,1.98105,1.97569,1.97956,638.0
2026-04-28 05:09:00+00:00,1.97956,1.98596,1.97721,1.98485,1117.0
2026-04-28 05:24:00+00:00,1.98485,1.99092,1.98348,1.99041,943.0
2026-04-28 05:39:00+00:00,1.99041,1.99156,1.98962,1.9907,994.0
2026-04-28 05:54:00+00:00,1.9907,1.99155,1.99023,1.99061,887.0
2026-04-28 06:09:00+00:00,1.99061,1.99561,1.98792,1.99368,471.0
2026-04-28 06:24:00+00:00,1.99368,2.00059,1.99132,1.99866,758.0
2026-04-28 06:39:00+00:00,1.99866,2.00043,1.99292,1.99484,563.0
2026-04-28 06:54:00+00:00,1.99484,1.99748,1.9934,1.99487,1131.0
2026-04-28 07:09:00+00:00,1.99487,1.99498,1.99094,1.99132,858.0
2026-04-28 07:24:00+00:00,1.99132,1.99599,1.98999,1.99551,815.0
2026-04-28 07:39:00+00:00,1.99551,1.99552,1.99408,1.99413,1250.0
2026-04-28 07:54:00+00:00,1.99413,1.99525,1.98995,1.99151,1851.0
2026-04-28 08:09:00+00:00,1.99151,1.99259,1.99031,1.9915,725.0
2026-04-28 08:24:00+00:00,1.9915,1.99886,1.98508,1.99313,1057.0
2026-04-28 08:39:00+00:00,1.99313,1.99359,1.99079,1.99114,1152.0
2026-04-28 08:54:00+00:00,1.99114,1.99427,1.99055,1.99371,1190.0
2026-04-28 09:09:00+00:00,1.99371,1.99641,1.99254,1.99496,1406.0
2026-04-28 09:24:00+00:00,1.99496,2.00329,1.99121,2.00074,1476.0
2026-04-28 09:39:00+00:00,2.00074,2.00426,1.99861,2.00241,1820.0
2026-04-28 09:54:00+00:00,2.00241,2.00355,1.99776,1.99892,1004.0
2026-04-28 10:09:00+00:00,1.99892,2.00401,1.99694,2.00205,857.0
2026-04-28 10:24:00+00:00,2.00205,2.00342,2.00111,2.00167,1613.0
2026-04-28 10:39:00+00:00,2.00167,2.01014,1.99754,2.00333,1096.0
2026-04-28 10:54:00+00:00,2.00333,2.00382,2.00276,2.00311,1179.0
2026-04-28 11:09:00+00:00,2.00311,2.00639,2.0008,2.00308,1712.0
2026-04-28 11:24:00+00:00,2.00308,2.00389,2.00124,2.00176,815.0
2026-04-28 11:39:00+00:00,2.00176,2.00749,2.00082,2.00552,715.0
2026-04-28 11:54:00+00:00,2.00552,2.00726,1.99577,1.99807,1725.0
2026-04-28 12:09:00+00:00,1.99807,2.00011,1.99395,1.99687,1805.0
2026-04-28 12:24:00+00:00,1.99687,1.99994,1.99155,1.99652,1635.0
2026-04-28 12:39:00+00:00,1.99652,1.99744,1.99591,1.99688,1355.0
2026-04-28 12:54:00+00:00,1.99688,1.99829,1.99551,1.99606,993.0
2026-04-28 13:09:00+00:00,1.99606,1.99698,1.99272,1.99319,757.0
2026-04-28 13:24:00+00:00,1.99319,1.9935,1.99104,1.99155,1557.0
2026-04-28 13:39:00+00:00,1.99155,1.99573,1.98968,1.99382,848.0
2026-04-28 13:54:00+00:00,1.99382,1.99508,1.98858,1.99049,746.0
2026-04-28 14:09:00+00:00,1.99049,1.99478,1.98714,1.99393,1795.0
2026-04-28 14:24:00+00:00,1.99393,1.99578,1.99324,1.99509,902.0
2026-04-28 14:39:00+00:00,1.99509,2.00013,1.9934,1.99715,750.0
2026-04-28 14:54:00+00:00,1.99715,2.00096,1.99458,1.99953,1858.0
2026-04-28 15:09:00+00:00,1.99953,2.0007,1.99665,1.9975,1642.0
2026-04-28 15:24:00+00:00,1.9975,2.00029,1.99587,1.99756,990.0
2026-04-28 15:39:00+00:00,1.99756,2.00121,1.99756,2.0012,1347.0
2026-04-28 15:54:00+00:00,2.0012,2.00169,1.99956,2.00005,1715.0
2026-04-28 16:09:00+00:00,2.00005,2.00379,1.99793,2.00198,923.0
2026-04-28 16:24:00+00:00,2.00198,2.00483,2.00122,2.00465,1456.0
2026-04-28 16:39:00+00:00,2.00465,2.007,1.99811,2.00209,1093.0
2026-04-28 16:54:00+00:00,2.00209,2.00344,1.99438,1.99682,917.0
2026-04-28 17:09:00+00:00,1.99682,2.00066,1.99652,1.99996,948.0
2026-04-28 17:24:00+00:00,1.99996,2.00015,1.9951,1.9952,1045.0
2026-04-28 17:39:00+00:00,1.9952,2.00156,1.99177,1.99932,890.0
2026-04-28 17:54:00+00:00,1.99932,2.00231,1.99464,1.99795,785.0
2026-04-28 18:09:00+00:00,1.99795,2.00291,1.99734,2.00163,719.0
2026-04-28 18:24:00+00:00,2.00163,2.00845,2.00095,2.00718,781.0
2026-04-28 18:39:00+00:00,2.00718,2.01328,2.006,2.01028,1058.0
2026-04-28 18:54:00+00:00,2.01028,2.01685,2.00903,2.0158,1034.0
2026-04-28 19:09:00+00:00,2.0158,2.02321,2.01249,2.02012,682.0
2026-04-28 19:24:00+00:00,2.02012,2.02117,2.01608,2.01924,525.0
2026-04-28 19:39:00+00:00,2.01924,2.02212,2.01537,2.02007,462.0
2026-04-28 19:54:00+00:00,2.02007,2.02324,2.01673,2.0193,1074.0
2026-04-28 20:09:00+00:00,2.0193,2.02789,2.01345,2.02254,1030.0
2026-04-28 20:24:00+00:00,2.02254,2.02289,2.01991,2.02057,445.0
2026-04-28 20:39:00+00:00,2.02057,2.02642,2.01826,2.02359,471.0
2026-04-28 20:54:00+00:00,2.02359,2.0273,2.02206,2.02575,1032.0
2026-04-28 21:09:00+00:00,2.02575,2.02796,2.02192,2.02408,539.0
2026-04-28 21:24:00+00:00,2.02408,2.03064,2.0236,2.03026,1104.0
2026-04-28 21:39:00+00:00,2.03026,2.03043,2.02703,2.02723,1009.0
2026-04-28 21:54:00+00:00,2.02723,2.03056,2.02651,2.03012,442.0
2026-04-28 22:09:00+00:00,2.03012,2.03224,2.02883,2.03129,1015.0
2026-04-28 22:24:00+00:00,2.03129,2.03325,2.03078,2.03219,1128.0
2026-04-28 22:39:00+00:00,2.03219,2.03221,2.03094,2.03098,636.0
2026-04-28 22:54:00+00:00,2.03098,2.03139,2.02583,2.0276,827.0
2026-04-28 23:09:00+00:00,2.0276,2.03014,2.02721,2.02934,1122.0
2026-04-28 23:24:00+00:00,2.02934,2.03332,2.02912,2.03309,1022.0
2026-04-28 23:39:00+00:00,2.03309,2.03366,2.03082,2.03255,774.0
2026-04-28 23:54:00+00:00,2.03255,2.03475,2.03078,2.03356,1057.0
2026-04-29 00:09:00+00:00,2.03356,2.03405,2.02969,2.03082,462.0
2026-04-29 00:24:00+00:00,2.03082,2.03183,2.02669,2.02746,536.0
2026-04-29 00:39:00+00:00,2.02746,2.03294,2.02559,2.03009,666.0
2026-04-29 00:54:00+00:00,2.03009,2.0323,2.0291,2.02999,391.0
2026-04-29 01:09:00+00:00,2.02999,2.03643,2.0278,2.03224,836.0
2026-04-29 01:24:00+00:00,2.03224,2.03609,2.02884,2.03283,889.0
2026-04-29 01:39:00+00:00,2.03283,2.03698,2.03224,2.03585,1085.0
2026-04-29 01:54:00+00:00,2.03585,2.04098,2.03309,2.03939,951.0
2026-04-29 02:09:00+00:00,2.03939,2.04284,2.03868,2.0416,422.0
2026-04-29 02:24:00+00:00,2.0416,2.04501,2.0404,2.04388,1127.0
2026-04-29 02:39:00+00:00,2.04388,2.04767,2.04235,2.04652,510.0
2026-04-29 02:54:00+00:00,2.04652,2.04878,2.04274,2.04755,884.0
2026-04-29 03:09:00+00:00,2.04755,2.05005,2.04513,2.04821,1143.0
2026-04-29 03:24:00+00:00,2.04821,2.04968,2.04659,2.04721,1089.0
2026-04-29 03:39:00+00:00,2.04721,2.0479,2.04075,2.04165,554.0
2026-04-29 03:54:00+00:00,2.04165,2.04514,2.04092,2.04371,540.0
2026-04-29 04:09:00+00:00,2.04371,2.04413,2.03632,2.03648,1038.0
2026-04-29 04:24:00+00:00,2.03648,2.03944,2.03199,2.03478,1122.0
2026-04-29 04:39:00+00:00,2.03478,2.03723,2.03362,2.03615,584.0
2026-04-29 04:54:00+00:00,2.03615,2.03664,2.03458,2.03597,931.0
2026-04-29 05:09:00+00:00,2.03597,2.04236,2.03554,2.04096,768.0
2026-04-29 05:24:00+00:00,2.04096,2.04429,2.03933,2.04296,454.0
2026-04-29 05:39:00+00:00,2.04296,2.0434,2.04034,2.04107,846.0
2026-04-29 05:54:00+00:00,2.04107,2.04112,2.04087,2.0409,1067.0
2026-04-29 06:09:00+00:00,2.0409,2.04409,2.03671,2.04297,1073.0
2026-04-29 06:24:00+00:00,2.04297,2.0434,2.04216,2.0425,527.0
2026-04-29 06:39:00+00:00,2.0425,2.04331,2.04061,2.04269,504.0
2026-04-29 06:54:00+00:00,2.04269,2.04672,2.03441,2.03706,1137.0
2026-04-29 07:09:00+00:00,2.03706,2.04158,2.03518,2.03888,1546.0
2026-04-29 07:24:00+00:00,2.03888,2.04102,2.03511,2.03733,1152.0
2026-04-29 07:39:00+00:00,2.03733,2.04012,2.03689,2.03953,1954.0
2026-04-29 07:54:00+00:00,2.03953,2.04477,2.03889,2.04263,1277.0
2026-04-29 08:09:00+00:00,2.04263,2.04955,2.0403,2.04763,875.0
2026-04-29 08:24:00+00:00,2.04763,2.04786,2.04733,2.04756,1750.0
2026-04-29 08:39:00+00:00,2.04756,2.05024,2.04476,2.0484,1792.0
2026-04-29 08:54:00+00:00,2.0484,2.05,2.04825,2.04988,1799.0
2026-04-29 09:09:00+00:00,2.04988,2.0574,2.04497,2.05126,1301.0
2026-04-29 09:24:00+00:00,2.05126,2.05189,2.04639,2.04653,976.0
2026-04-29 09:39:00+00:00,2.04653,2.0512,2.04504,2.04881,1075.0
2026-04-29 09:54:00+00:00,2.04881,2.04976,2.04495,2.04612,1050.0
2026-04-29 10:09:00+00:00,2.04612,2.04641,2.04336,2.04446,1436.0
2026-04-29 10:24:00+00:00,2.04446,2.04777,2.04332,2.04617,1543.0
2026-04-29 10:39:00+00:00,2.04617,2.0487,2.04393,2.04773,1705.0
2026-04-29 10:54:00+00:00,2.04773,2.05332,2.04765,2.05328,948.0
2026-04-29 11:09:00+00:00,2.05328,2.05449,2.05119,2.05277,1777.0
2026-04-29 11:24:00+00:00,2.05277,2.059,2.05092,2.05621,1557.0
2026-04-29 11:39:00+00:00,2.05621,2.05703,2.05087,2.05196,721.0
2026-04-29 11:54:00+00:00,2.05196,2.06011,2.04687,2.05836,840.0
2026-04-29 12:09:00+00:00,2.05836,2.06155,2.05115,2.05188,1828.0
2026-04-29 12:24:00+00:00,2.05188,2.05564,2.04845,2.05001,1827.0
2026-04-29 12:39:00+00:00,2.05001,2.05486,2.0486,2.05449,1592.0
2026-04-29 12:54:00+00:00,2.05449,2.05944,2.05162,2.05633,1543.0
2026-04-29 13:09:00+00:00,2.05633,2.05825,2.05531,2.05759,1792.0
2026-04-29 13:24:00+00:00,2.05759,2.05878,2.0509,2.05224,1900.0
2026-04-29 13:39:00+00:00,2.05224,2.05318,2.05221,2.05313,1207.0
2026-04-29 13:54:00+00:00,2.05313,2.05329,2.049,2.04915,1763.0
2026-04-29 14:09:00+00:00,2.04915,2.05373,2.04778,2.05133,1553.0
2026-04-29 14:24:00+00:00,2.05133,2.05247,2.04431,2.04576,1621.0
2026-04-29 14:39:00+00:00,2.04576,2.05102,2.0438,2.04864,1898.0
2026-04-29 14:54:00+00:00,2.04864,2.0499,2.04527,2.0467,1127.0
2026-04-29 15:09:00+00:00,2.0467,2.04989,2.04657,2.04974,946.0
2026-04-29 15:24:00+00:00,2.04974,2.05001,2.04847,2.04862,764.0
2026-04-29 15:39:00+00:00,2.04862,2.04978,2.04556,2.04676,1250.0
2026-04-29 15:54:00+00:00,2.04676,2.05041,2.04541,2.0479,1431.0
2026-04-29 16:09:00+00:00,2.0479,2.04797,2.04406,2.04408,1197.0
2026-04-29 16:24:00+00:00,2.04408,2.04494,2.04163,2.04292,1890.0
2026-04-29 16:39:00+00:00,2.04292,2.04667,2.04096,2.04468,1341.0
2026-04-29 16:54:00+00:00,2.04468,2.04867,2.04126,2.04458,1707.0
2026-04-29 17:09:00+00:00,2.04458,2.04774,2.04335,2.04459,1050.0
2026-04-29 17:24:00+00:00,2.04459,2.04571,2.03926,2.04292,864.0
2026-04-29 17:39:00+00:00,2.04292,2.04639,2.04272,2.04597,713.0
2026-04-29 17:54:00+00:00,2.04597,2.04604,2.04529,2.04538,467.0
2026-04-29 18:09:00+00:00,2.04538,2.04546,2.04109,2.04122,1126.0
2026-04-29 18:24:00+00:00,2.04122,2.0477,2.0404,2.04605,754.0
2026-04-29 18:39:00+00:00,2.04605,2.04813,2.04599,2.04794,494.0
2026-04-29 18:54:00+00:00,2.04794,2.0538,2.04685,2.0513,1137.0
2026-04-29 19:09:00+00:00,2.0513,2.05186,2.0489,2.05021,916.0
2026-04-29 19:24:00+00:00,2.05021,2.05021,2.04975,2.04975,481.0
2026-04-29 19:39:00+00:00,2.04975,2.05985,2.04643,2.05762,1043.0
2026-04-29 19:54:00+00:00,2.05762,2.05809,2.05704,2.05751,616.0
2026-04-29 20:09:00+00:00,2.05751,2.0625,2.05723,2.06242,960.0
2026-04-29 20:24:00+00:00,2.06242,2.06362,2.06062,2.06295,390.0
2026-04-29 20:39:00+00:00,2.06295,2.06729,2.06087,2.06544,646.0
2026-04-29 20:54:00+00:00,2.06544,2.06932,2.06459,2.06826,528.0
2026-04-29 21:09:00+00:00,2.06826,2.06851,2.06435,2.06465,803.0
2026-04-29 21:24:00+00:00,2.06465,2.06874,2.05672,2.06486,486.0
2026-04-29 21:39:00+00:00,2.06486,2.06543,2.06474,2.06516,451.0
2026-04-29 21:54:00+00:00,2.06516,2.06716,2.05968,2.06175,474.0
2026-04-29 22:09:00+00:00,2.06175,2.06262,2.05645,2.05713,1033.0
2026-04-29 22:24:00+00:00,2.05713,2.05753,2.05661,2.05706,834.0
2026-04-29 22:39:00+00:00,2.05706,2.05848,2.05561,2.05783,846.0
2026-04-29 22:54:00+00:00,2.05783,2.05958,2.05783,2.05958,598.0
2026-04-29 23:09:00+00:00,2.05958,2.06036,2.05045,2.0533,1019.0
2026-04-29 23:24:00+00:00,2.0533,2.05513,2.05265,2.05466,818.0
2026-04-29 23:39:00+00:00,2.05466,2.06008,2.05314,2.05888,489.0
2026-04-29 23:54:00+00:00,2.05888,2.06002,2.05626,2.05799,398.0
2026-04-30 00:09:00+00:00,2.05799,2.06014,2.05751,2.0599,980.0
2026-04-30 00:24:00+00:00,2.0599,2.06476,2.05979,2.06452,850.0
2026-04-30 00:39:00+00:00,2.06452,2.06606,2.05928,2.0599,913.0
2026-04-30 00:54:00+00:00,2.0599,2.06315,2.05972,2.06303,476.0
2026-04-30 01:09:00+00:00,2.06303,2.06655,2.06209,2.06623,1133.0
2026-04-30 01:24:00+00:00,2.06623,2.06706,2.06364,2.0658,483.0
2026-04-30 01:39:00+00:00,2.0658,2.07148,2.06509,2.07114,809.0
2026-04-30 01:54:00+00:00,2.07114,2.07182,2.07092,2.07149,948.0
2026-04-30 02:09:00+00:00,2.07149,2.07162,2.06648,2.06654,403.0
2026-04-30 02:24:00+00:00,2.06654,2.07179,2.06212,2.06597,527.0
2026-04-30 02:39:00+00:00,2.06597,2.06902,2.06517,2.0667,1096.0
2026-04-30 02:54:00+00:00,2.0667,2.06848,2.06524,2.06795,391.0
2026-04-30 03:09:00+00:00,2.06795,2.07321,2.06734,2.07282,423.0
2026-04-30 03:24:00+00:00,2.07282,2.07734,2.07025,2.07328,387.0
2026-04-30 03:39:00+00:00,2.07328,2.07783,2.06937,2.07343,1084.0
2026-04-30 03:54:00+00:00,2.07343,2.07417,2.07093,2.07164,481.0
2026-04-30 04:09:00+00:00,2.07164,2.07646,2.07117,2.07556,841.0
2026-04-30 04:24:00+00:00,2.07556,2.0765,2.07444,2.07478,597.0
2026-04-30 04:39:00+00:00,2.07478,2.07489,2.07276,2.0731,435.0
2026-04-30 04:54:00+00:00,2.0731,2.08049,2.07271,2.08003,701.0
2026-04-30 05:09:00+00:00,2.08003,2.08207,2.07647,2.07717,780.0
2026-04-30 05:24:00+00:00,2.07717,2.08017,2.07292,2.07424,622.0
2026-04-30 05:39:00+00:00,2.07424,2.07582,2.06946,2.07093,1064.0
2026-04-30 05:54:00+00:00,2.07093,2.07093,2.06706,2.06707,1023.0
2026-04-30 06:09:00+00:00,2.06707,2.06958,2.06674,2.06918,710.0
2026-04-30 06:24:00+00:00,2.06918,2.06981,2.0689,2.06965,895.0
2026-04-30 06:39:00+00:00,2.06965,2.0728,2.06863,2.072,406.0
2026-04-30 06:54:00+00:00,2.072,2.07353,2.06991,2.07084,538.0
2026-04-30 07:09:00+00:00,2.07084,2.07548,2.06729,2.07108,1683.0
2026-04-30 07:24:00+00:00,2.07108,2.07225,2.06829,2.06901,685.0
2026-04-30 07:39:00+00:00,2.06901,2.07668,2.06831,2.07544,980.0
2026-04-30 07:54:00+00:00,2.07544,2.08627,2.0731,2.0829,804.0
2026-04-30 08:09:00+00:00,2.0829,2.08776,2.08049,2.08281,1740.0
2026-04-30 08:24:00+00:00,2.08281,2.08336,2.08041,2.08138,1624.0
2026-04-30 08:39:00+00:00,2.08138,2.08948,2.08073,2.08899,797.0
2026-04-30 08:54:00+00:00,2.08899,2.09023,2.08327,2.08461,1575.0
2026-04-30 09:09:00+00:00,2.08461,2.08725,2.08354,2.08655,1316.0
2026-04-30 09:24:00+00:00,2.08655,2.08675,2.08654,2.08674,1938.0
2026-04-30 09:39:00+00:00,2.08674,2.09038,2.0853,2.08918,1364.0
2026-04-30 09:54:00+00:00,2.08918,2.08977,2.08496,2.0859,1992.0
2026-04-30 10:09:00+00:00,2.0859,2.09428,2.08502,2.09021,1589.0
2026-04-30 10:24:00+00:00,2.09021,2.09275,2.08854,2.09023,1826.0
2026-04-30 10:39:00+00:00,2.09023,2.09244,2.07869,2.08309,1795.0
2026-04-30 10:54:00+00:00,2.08309,2.08468,2.08279,2.08427,1999.0
2026-04-30 11:09:00+00:00,2.08427,2.08438,2.08424,2.08434,1030.0
2026-04-30 11:24:00+00:00,2.08434,2.08941,2.08385,2.08778,1378.0
2026-04-30 11:39:00+00:00,2.08778,2.08788,2.08766,2.08779,886.0
2026-04-30 11:54:00+00:00,2.08779,2.09408,2.08701,2.09252,672.0
2026-04-30 12:09:00+00:00,2.09252,2.0938,2.0912,2.09264,1214.0
2026-04-30 12:24:00+00:00,2.09264,2.09731,2.08648,2.09006,1441.0
2026-04-30 12:39:00+00:00,2.09006,2.09186,2.08591,2.0908,1165.0
2026-04-30 12:54:00+00:00,2.0908,2.09101,2.0817,2.08185,1709.0
2026-04-30 13:09:00+00:00,2.08185,2.08573,2.08113,2.08452,1870.0
2026-04-30 13:24:00+00:00,2.08452,2.08912,2.08104,2.08604,1499.0
2026-04-30 13:39:00+00:00,2.08604,2.09147,2.08477,2.09029,1134.0
2026-04-30 13:54:00+00:00,2.09029,2.09901,2.08899,2.09724,925.0
2026-04-30 14:09:00+00:00,2.09724,2.10677,2.09063,2.10085,1774.0
2026-04-30 14:24:00+00:00,2.10085,2.10114,2.10019,2.10049,1576.0
2026-04-30 14:39:00+00:00,2.10049,2.10589,2.09863,2.10522,1396.0
2026-04-30 14:54:00+00:00,2.10522,2.11399,2.10212,2.11104,1155.0
2026-04-30 15:09:00+00:00,2.11104,2.11275,2.11051,2.11231,883.0
2026-04-30 15:24:00+00:00,2.11231,2.11265,2.10461,2.10489,1774.0
2026-04-30 15:39:00+00:00,2.10489,2.11097,2.10465,2.11035,1124.0
2026-04-30 15:54:00+00:00,2.11035,2.11315,2.10856,2.11031,1505.0
2026-04-30 16:09:00+00:00,2.11031,2.11105,2.11008,2.11084,1907.0
2026-04-30 16:24:00+00:00,2.11084,2.11369,2.11082,2.11367,1344.0
2026-04-30 16:39:00+00:00,2.11367,2.11847,2.11059,2.11602,934.0
2026-04-30 16:54:00+00:00,2.11602,2.12053,2.11351,2.11932,1513.0
2026-04-30 17:09:00+00:00,2.11932,2.12246,2.11893,2.12207,1139.0
2026-04-30 17:24:00+00:00,2.12207,2.1323,2.12054,2.12975,602.0
2026-04-30 17:39:00+00:00,2.12975,2.13148,2.12832,2.12921,474.0
2026-04-30 17:54:00+00:00,2.12921,2.13041,2.12814,2.12912,678.0
2026-04-30 18:09:00+00:00,2.12912,2.13049,2.12652,2.1293,1148.0
2026-04-30 18:24:00+00:00,2.1293,2.1295,2.12816,2.12831,713.0
2026-04-30 18:39:00+00:00,2.12831,2.12969,2.12476,2.12789,616.0
2026-04-30 18:54:00+00:00,2.12789,2.13239,2.12499,2.13033,994.0
2026-04-30 19:09:00+00:00,2.13033,2.13154,2.12912,2.13054,587.0
2026-04-30 19:24:00+00:00,2.13054,2.13092,2.12712,2.12751,1050.0
2026-04-30 19:39:00+00:00,2.12751,2.13186,2.12313,2.12825,574.0
2026-04-30 19:54:00+00:00,2.12825,2.13105,2.12824,2.131,1038.0
2026-04-30 20:09:00+00:00,2.131,2.13455,2.1286,2.12979,439.0
2026-04-30 20:24:00+00:00,2.12979,2.13409,2.1242,2.12913,770.0
2026-04-30 20:39:00+00:00,2.12913,2.13705,2.12826,2.13645,486.0
2026-04-30 20:54:00+00:00,2.13645,2.13883,2.13576,2.13825,446.0
2026-04-30 21:09:00+00:00,2.13825,2.14552,2.13716,2.14377,531.0
2026-04-30 21:24:00+00:00,2.14377,2.14653,2.14174,2.14434,796.0
2026-04-30 21:39:00+00:00,2.14434,2.1453,2.14163,2.14229,503.0
2026-04-30 21:54:00+00:00,2.14229,2.14315,2.13559,2.13834,1107.0
2026-04-30 22:09:00+00:00,2.13834,2.13878,2.13694,2.13718,1013.0
2026-04-30 22:24:00+00:00,2.13718,2.14825,2.13451,2.14323,990.0
2026-04-30 22:39:00+00:00,2.14323,2.14877,2.14261,2.14633,829.0
2026-04-30 22:54:00+00:00,2.14633,2.14633,2.14113,2.14113,1013.0
2026-04-30 23:09:00+00:00,2.14113,2.14534,2.13968,2.14474,702.0
2026-04-30 23:24:00+00:00,2.14474,2.14546,2.138,2.13981,438.0
2026-04-30 23:39:00+00:00,2.13981,2.1466,2.13494,2.13818,505.0
2026-04-30 23:54:00+00:00,2.13818,2.13995,2.1374,2.13924,1093.0
2026-05-01 00:09:00+00:00,2.13924,2.1397,2.13559,2.13602,551.0
2026-05-01 00:24:00+00:00,2.13602,2.13987,2.1345,2.13953,742.0
2026-05-01 00:39:00+00:00,2.13953,2.14054,2.13661,2.1396,598.0
2026-05-01 00:54:00+00:00,2.1396,2.14047,2.1389,2.13929,571.0
2026-05-01 01:09:00+00:00,2.13929,2.14278,2.12966,2.13535,668.0
2026-05-01 01:24:00+00:00,2.13535,2.13605,2.13217,2.13331,443.0
2026-05-01 01:39:00+00:00,2.13331,2.138,2.13312,2.13786,710.0
2026-05-01 01:54:00+00:00,2.13786,2.1453,2.13237,2.14002,690.0
2026-05-01 02:09:00+00:00,2.14002,2.14508,2.1386,2.14333,985.0
2026-05-01 02:24:00+00:00,2.14333,2.14392,2.13717,2.13772,420.0
2026-05-01 02:39:00+00:00,2.13772,2.138,2.1365,2.13694,514.0
2026-05-01 02:54:00+00:00,2.13694,2.14265,2.13393,2.13725,1043.0
2026-05-01 03:09:00+00:00,2.13725,2.13796,2.1344,2.13679,699.0
2026-05-01 03:24:00+00:00,2.13679,2.1379,2.13654,2.13766,827.0
2026-05-01 03:39:00+00:00,2.13766,2.14262,2.13754,2.14255,753.0
2026-05-01 03:54:00+00:00,2.14255,2.14813,2.13978,2.14461,683.0
2026-05-01 04:09:00+00:00,2.14461,2.15151,2.13638,2.14226,827.0
2026-05-01 04:24:00+00:00,2.14226,2.14692,2.14142,2.14607,677.0
2026-05-01 04:39:00+00:00,2.14607,2.14779,2.14537,2.14657,627.0
2026-05-01 04:54:00+00:00,2.14657,2.14749,2.14355,2.1448,553.0
2026-05-01 05:09:00+00:00,2.1448,2.14932,2.13854,2.14245,1000.0
2026-05-01 05:24:00+00:00,2.14245,2.1432,2.14234,2.14295,403.0
2026-05-01 05:39:00+00:00,2.14295,2.14703,2.1417,2.14576,993.0
2026-05-01 05:54:00+00:00,2.14576,2.14894,2.14256,2.14669,458.0
2026-05-01 06:09:00+00:00,2.14669,2.14832,2.14646,2.14813,622.0
2026-05-01 06:24:00+00:00,2.14813,2.15143,2.14164,2.14785,366.0
2026-05-01 06:39:00+00:00,2.14785,2.15388,2.14764,2.15344,637.0
2026-05-01 06:54:00+00:00,2.15344,2.15405,2.15271,2.15322,656.0
2026-05-01 07:09:00+00:00,2.15322,2.15341,2.15022,2.15032,990.0
2026-05-01 07:24:00+00:00,2.15032,2.15324,2.14741,2.14832,1387.0
2026-05-01 07:39:00+00:00,2.14832,2.14896,2.14781,2.1488,1240.0
2026-05-01 07:54:00+00:00,2.1488,2.14936,2.14818,2.14842,1086.0
2026-05-01 08:09:00+00:00,2.14842,2.15008,2.14302,2.14455,1081.0
2026-05-01 08:24:00+00:00,2.14455,2.14961,2.14391,2.14903,888.0
2026-05-01 08:39:00+00:00,2.14903,2.15439,2.14657,2.15325,822.0
2026-05-01 08:54:00+00:00,2.15325,2.15355,2.15214,2.15242,948.0
2026-05-01 09:09:00+00:00,2.15242,2.15422,2.14465,2.14865,868.0
2026-05-01 09:24:00+00:00,2.14865,2.15081,2.14823,2.15046,727.0
2026-05-01 09:39:00+00:00,2.15046,2.15384,2.14752,2.15005,1337.0
2026-05-01 09:54:00+00:00,2.15005,2.15022,2.14872,2.14893,1361.0
2026-05-01 10:09:00+00:00,2.14893,2.14966,2.14623,2.1473,1728.0
2026-05-01 10:24:00+00:00,2.1473,2.14768,2.147,2.14754,1364.0
2026-05-01 10:39:00+00:00,2.14754,2.14807,2.14351,2.14374,1453.0
2026-05-01 10:54:00+00:00,2.14374,2.1447,2.14072,2.14273,986.0
2026-05-01 11:09:00+00:00,2.14273,2.14601,2.14201,2.14554,844.0
2026-05-01 11:24:00+00:00,2.14554,2.14822,2.14373,2.14498,1539.0
2026-05-01 11:39:00+00:00,2.14498,2.14709,2.14483,2.14658,683.0
2026-05-01 11:54:00+00:00,2.14658,2.14849,2.14419,2.14647,1007.0
2026-05-01 12:09:00+00:00,2.14647,2.14892,2.14374,2.14588,1065.0
2026-05-01 12:24:00+00:00,2.14588,2.15058,2.14449,2.14805,1086.0
2026-05-01 12:39:00+00:00,2.14805,2.14868,2.14389,2.14497,741.0
2026-05-01 12:54:00+00:00,2.14497,2.15225,2.14395,2.1512,867.0
2026-05-01 13:09:00+00:00,2.1512,2.15439,2.14166,2.14427,1033.0
2026-05-01 13:24:00+00:00,2.14427,2.14633,2.14087,2.14386,1190.0
2026-05-01 13:39:00+00:00,2.14386,2.14624,2.14303,2.1456,602.0
2026-05-01 13:54:00+00:00,2.1456,2.14739,2.14429,2.14665,832.0
2026-05-01 14:09:00+00:00,2.14665,2.14708,2.14451,2.14501,1561.0
2026-05-01 14:24:00+00:00,2.14501,2.14505,2.13886,2.1389,1610.0
2026-05-01 14:39:00+00:00,2.1389,2.14653,2.13481,2.14297,921.0
2026-05-01 14:54:00+00:00,2.14297,2.1437,2.14157,2.14332,724.0
2026-05-01 15:09:00+00:00,2.14332,2.1478,2.13926,2.14461,1142.0
2026-05-01 15:24:00+00:00,2.14461,2.14537,2.14144,2.14223,658.0
2026-05-01 15:39:00+00:00,2.14223,2.1433,2.14046,2.14216,738.0
2026-05-01 15:54:00+00:00,2.14216,2.14249,2.14173,2.142,769.0
2026-05-01 16:09:00+00:00,2.142,2.1437,2.14145,2.14198,1336.0
2026-05-01 16:24:00+00:00,2.14198,2.14625,2.14114,2.14531,1163.0
2026-05-01 16:39:00+00:00,2.14531,2.14802,2.14192,2.14629,895.0
2026-05-01 16:54:00+00:00,2.14629,2.14713,2.14419,2.14466,1739.0
2026-05-01 17:09:00+00:00,2.14466,2.14484,2.14209,2.14223,653.0
2026-05-01 17:24:00+00:00,2.14223,2.15107,2.13802,2.1475,1008.0
2026-05-01 17:39:00+00:00,2.1475,2.14936,2.13981,2.14473,702.0
2026-05-01 17:54:00+00:00,2.14473,2.14935,2.1422,2.14646,536.0
2026-05-01 18:09:00+00:00,2.14646,2.14702,2.14317,2.14349,542.0
2026-05-01 18:24:00+00:00,2.14349,2.14674,2.13761,2.1414,559.0
2026-05-01 18:39:00+00:00,2.1414,2.14471,2.1405,2.14391,835.0
2026-05-01 18:54:00+00:00,2.14391,2.15121,2.14183,2.14908,610.0
2026-05-01 19:09:00+00:00,2.14908,2.15275,2.14809,2.14899,464.0
2026-05-01 19:24:00+00:00,2.14899,2.15393,2.14682,2.14876,411.0
2026-05-01 19:39:00+00:00,2.14876,2.15025,2.14245,2.1453,617.0
2026-05-01 19:54:00+00:00,2.1453,2.14926,2.13845,2.14317,909.0
2026-05-01 20:09:00+00:00,2.14317,2.14409,2.14313,2.14407,384.0
2026-05-01 20:24:00+00:00,2.14407,2.1466,2.13791,2.1414,518.0
2026-05-01 20:39:00+00:00,2.1414,2.14373,2.14114,2.1436,903.0
2026-05-01 20:54:00+00:00,2.1436,2.14869,2.14237,2.14716,522.0
2026-05-01 21:09:00+00:00,2.14716,2.14891,2.14326,2.1452,798.0
2026-05-01 21:24:00+00:00,2.1452,2.15169,2.1448,2.15094,987.0
2026-05-01 21:39:00+00:00,2.15094,2.15163,2.15019,2.15144,523.0
2026-05-01 21:54:00+00:00,2.15144,2.15576,2.14467,2.14942,527.0
2026-05-01 22:09:00+00:00,2.14942,2.15435,2.14664,2.15325,493.0
2026-05-01 22:24:00+00:00,2.15325,2.15564,2.1516,2.15388,644.0
2026-05-01 22:39:00+00:00,2.15388,2.15466,2.15067,2.15343,686.0
2026-05-01 22:54:00+00:00,2.15343,2.15819,2.15303,2.1576,1009.0
2026-05-01 23:09:00+00:00,2.1576,2.15772,2.15625,2.15638,690.0
2026-05-01 23:24:00+00:00,2.15638,2.16161,2.15335,2.15805,478.0
2026-05-01 23:39:00+00:00,2.15805,2.16047,2.15392,2.15804,898.0
2026-05-01 23:54:00+00:00,2.15804,2.15988,2.15565,2.15729,848.0
2026-05-02 00:09:00+00:00,2.15729,2.15843,2.15358,2.15417,603.0
2026-05-02 00:24:00+00:00,2.15417,2.15898,2.15272,2.15708,602.0
2026-05-02 00:39:00+00:00,2.15708,2.16157,2.15102,2.1549,871.0
2026-05-02 00:54:00+00:00,2.1549,2.1569,2.15482,2.15671,994.0
2026-05-02 01:09:00+00:00,2.15671,2.16243,2.15273,2.1586,872.0
2026-05-02 01:24:00+00:00,2.1586,2.15954,2.15643,2.15683,432.0
2026-05-02 01:39:00+00:00,2.15683,2.15775,2.1563,2.15752,666.0
2026-05-02 01:54:00+00:00,2.15752,2.16202,2.1514,2.15618,422.0
2026-05-02 02:09:00+00:00,2.15618,2.15931,2.15517,2.15836,842.0
2026-05-02 02:24:00+00:00,2.15836,2.15953,2.15183,2.15244,858.0
2026-05-02 02:39:00+00:00,2.15244,2.15271,2.15091,2.15117,808.0
2026-05-02 02:54:00+00:00,2.15117,2.15202,2.15097,2.15165,603.0
2026-05-02 03:09:00+00:00,2.15165,2.15409,2.14969,2.1507,962.0
2026-05-02 03:24:00+00:00,2.1507,2.15617,2.1486,2.15451,784.0
2026-05-02 03:39:00+00:00,2.15451,2.15869,2.15331,2.15795,360.0
2026-05-02 03:54:00+00:00,2.15795,2.16256,2.15597,2.16138,347.0
2026-05-02 04:09:00+00:00,2.16138,2.16174,2.16041,2.16103,344.0
2026-05-02 04:24:00+00:00,2.16103,2.16145,2.15608,2.15738,974.0
2026-05-02 04:39:00+00:00,2.15738,2.15909,2.15539,2.15701,596.0
2026-05-02 04:54:00+00:00,2.15701,2.15843,2.1556,2.15669,415.0
2026-05-02 05:09:00+00:00,2.15669,2.16131,2.15648,2.16106,866.0
2026-05-02 05:24:00+00:00,2.16106,2.16513,2.15936,2.16069,490.0
2026-05-02 05:39:00+00:00,2.16069,2.1657,2.15749,2.16396,944.0
2026-05-02 05:54:00+00:00,2.16396,2.16496,2.16294,2.16379,909.0
2026-05-02 06:09:00+00:00,2.16379,2.16729,2.16226,2.16619,523.0
2026-05-02 06:24:00+00:00,2.16619,2.1679,2.16166,2.16359,903.0
2026-05-02 06:39:00+00:00,2.16359,2.16421,2.15796,2.15847,807.0
2026-05-02 06:54:00+00:00,2.15847,2.15873,2.158,2.15829,979.0
2026-05-02 07:09:00+00:00,2.15829,2.16386,2.15777,2.16279,676.0
2026-05-02 07:24:00+00:00,2.16279,2.1647,2.16032,2.16218,1599.0
2026-05-02 07:39:00+00:00,2.16218,2.16323,2.1591,2.15986,1421.0
2026-05-02 07:54:00+00:00,2.15986,2.16293,2.15207,2.15579,1078.0
2026-05-02 08:09:00+00:00,2.15579,2.15617,2.15481,2.15506,1533.0
2026-05-02 08:24:00+00:00,2.15506,2.15825,2.15387,2.1575,1401.0
2026-05-02 08:39:00+00:00,2.1575,2.15868,2.15459,2.15552,913.0
2026-05-02 08:54:00+00:00,2.15552,2.16183,2.15525,2.16151,615.0
2026-05-02 09:09:00+00:00,2.16151,2.16382,2.16115,2.16345,1415.0
2026-05-02 09:24:00+00:00,2.16345,2.1698,2.16136,2.16477,980.0
2026-05-02 09:39:00+00:00,2.16477,2.16955,2.15681,2.16184,932.0
2026-05-02 09:54:00+00:00,2.16184,2.16394,2.16067,2.1633,1753.0
2026-05-02 10:09:00+00:00,2.1633,2.16458,2.1592,2.16241,1729.0
2026-05-02 10:24:00+00:00,2.16241,2.16471,2.16228,2.16466,622.0
2026-05-02 10:39:00+00:00,2.16466,2.16623,2.16137,2.16324,620.0
2026-05-02 10:54:00+00:00,2.16324,2.16962,2.16072,2.16706,1075.0
2026-05-02 11:09:00+00:00,2.16706,2.16759,2.16511,2.16536,1611.0
2026-05-02 11:24:00+00:00,2.16536,2.16726,2.16499,2.16677,1198.0
2026-05-02 11:39:00+00:00,2.16677,2.17429,2.16307,2.17186,875.0
2026-05-02 11:54:00+00:00,2.17186,2.17335,2.16903,2.17271,1350.0
2026-05-02 12:09:00+00:00,2.17271,2.17729,2.17152,2.17592,1771.0
2026-05-02 12:24:00+00:00,2.17592,2.17718,2.17407,2.17531,643.0
2026-05-02 12:39:00+00:00,2.17531,2.17719,2.17453,2.17675,1316.0
2026-05-02 12:54:00+00:00,2.17675,2.17723,2.17189,2.17405,615.0
2026-05-02 13:09:00+00:00,2.17405,2.17843,2.17374,2.17796,1592.0
2026-05-02 13:24:00+00:00,2.17796,2.17843,2.17418,2.17506,1655.0
2026-05-02 13:39:00+00:00,2.17506,2.17763,2.16955,2.17214,1219.0
2026-05-02 13:54:00+00:00,2.17214,2.17372,2.17177,2.17258,1383.0
2026-05-02 14:09:00+00:00,2.17258,2.17568,2.17209,2.17524,932.0
2026-05-02 14:24:00+00:00,2.17524,2.17673,2.1693,2.1705,928.0
2026-05-02 14:39:00+00:00,2.1705,2.17132,2.16965,2.17099,1352.0
2026-05-02 14:54:00+00:00,2.17099,2.17136,2.16361,2.16442,819.0
2026-05-02 15:09:00+00:00,2.16442,2.16453,2.1614,2.16164,916.0
2026-05-02 15:24:00+00:00,2.16164,2.16262,2.15832,2.15944,1039.0
2026-05-02 15:39:00+00:00,2.15944,2.16466,2.15701,2.15856,1029.0
2026-05-02 15:54:00+00:00,2.15856,2.16277,2.15662,2.16061,1119.0
2026-05-02 16:09:00+00:00,2.16061,2.16064,2.16002,2.16003,1081.0
2026-05-02 16:24:00+00:00,2.16003,2.16041,2.15781,2.15816,1245.0
2026-05-02 16:39:00+00:00,2.15816,2.15957,2.15737,2.15898,1057.0
2026-05-02 16:54:00+00:00,2.15898,2.16773,2.15653,2.1658,837.0
2026-05-02 17:09:00+00:00,2.1658,2.17196,2.16256,2.16987,636.0
2026-05-02 17:24:00+00:00,2.16987,2.17052,2.16936,2.16955,748.0
2026-05-02 17:39:00+00:00,2.16955,2.17192,2.16921,2.1711,465.0
2026-05-02 17:54:00+00:00,2.1711,2.17481,2.16324,2.16654,975.0
2026-05-02 18:09:00+00:00,2.16654,2.16859,2.16441,2.16667,566.0
2026-05-02 18:24:00+00:00,2.16667,2.16773,2.16332,2.16665,606.0
2026-05-02 18:39:00+00:00,2.16665,2.16948,2.16599,2.16854,377.0
2026-05-02 18:54:00+00:00,2.16854,2.16926,2.16621,2.16685,659.0
2026-05-02 19:09:00+00:00,2.16685,2.16897,2.16606,2.16691,898.0
2026-05-02 19:24:00+00:00,2.16691,2.1729,2.16597,2.17233,766.0
2026-05-02 19:39:00+00:00,2.17233,2.18127,2.1716,2.17996,765.0
2026-05-02 19:54:00+00:00,2.17996,2.18485,2.17666,2.18248,402.0
2026-05-02 20:09:00+00:00,2.18248,2.18475,2.17888,2.18037,514.0
2026-05-02 20:24:00+00:00,2.18037,2.18047,2.1796,2.17967,1010.0
2026-05-02 20:39:00+00:00,2.17967,2.18711,2.17785,2.1842,842.0
2026-05-02 20:54:00+00:00,2.1842,2.18441,2.18374,2.18392,388.0
2026-05-02 21:09:00+00:00,2.18392,2.185,2.18151,2.18275,695.0
2026-05-02 21:24:00+00:00,2.18275,2.1845,2.18201,2.1829,601.0
2026-05-02 21:39:00+00:00,2.1829,2.18303,2.1818,2.18193,605.0
2026-05-02 21:54:00+00:00,2.18193,2.18301,2.1797,2.18045,369.0
2026-05-02 22:09:00+00:00,2.18045,2.18163,2.17978,2.1807,868.0
2026-05-02 22:24:00+00:00,2.1807,2.18617,2.17758,2.18342,738.0
2026-05-02 22:39:00+00:00,2.18342,2.18402,2.1813,2.18193,760.0
2026-05-02 22:54:00+00:00,2.18193,2.18529,2.18121,2.18498,826.0
2026-05-02 23:09:00+00:00,2.18498,2.18785,2.18458,2.18756,517.0
2026-05-02 23:24:00+00:00,2.18756,2.19354,2.18309,2.18834,695.0
2026-05-02 23:39:00+00:00,2.18834,2.18923,2.18767,2.1887,870.0
2026-05-02 23:54:00+00:00,2.1887,2.19107,2.18685,2.1891,985.0
2026-05-03 00:09:00+00:00,2.1891,2.19,2.18649,2.18759,394.0
2026-05-03 00:24:00+00:00,2.18759,2.18852,2.18733,2.18784,746.0
2026-05-03 00:39:00+00:00,2.18784,2.19278,2.18392,2.19185,612.0
2026-05-03 00:54:00+00:00,2.19185,2.1967,2.19036,2.19565,494.0
2026-05-03 01:09:00+00:00,2.19565,2.20364,2.19506,2.20261,405.0
2026-05-03 01:24:00+00:00,2.20261,2.20556,2.19057,2.19628,966.0
2026-05-03 01:39:00+00:00,2.19628,2.19737,2.19028,2.19299,698.0
2026-05-03 01:54:00+00:00,2.19299,2.19786,2.19243,2.19746,980.0
2026-05-03 02:09:00+00:00,2.19746,2.19769,2.19732,2.19759,910.0
2026-05-03 02:24:00+00:00,2.19759,2.19799,2.19196,2.19283,478.0
2026-05-03 02:39:00+00:00,2.19283,2.1963,2.192,2.19578,750.0
2026-05-03 02:54:00+00:00,2.19578,2.19741,2.19156,2.19288,716.0
2026-05-03 03:09:00+00:00,2.19288,2.19722,2.1926,2.19671,815.0
2026-05-03 03:24:00+00:00,2.19671,2.19763,2.1919,2.19309,573.0
2026-05-03 03:39:00+00:00,2.19309,2.19481,2.19302,2.19473,680.0
2026-05-03 03:54:00+00:00,2.19473,2.19841,2.19346,2.19445,985.0
2026-05-03 04:09:00+00:00,2.19445,2.19992,2.19431,2.19976,486.0
2026-05-03 04:24:00+00:00,2.19976,2.20723,2.19801,2.20511,882.0
2026-05-03 04:39:00+00:00,2.20511,2.20623,2.20403,2.20521,355.0
2026-05-03 04:54:00+00:00,2.20521,2.21188,2.20378,2.21073,462.0
2026-05-03 05:09:00+00:00,2.21073,2.21174,2.20893,2.21013,493.0
2026-05-03 05:24:00+00:00,2.21013,2.21438,2.20904,2.21325,750.0
2026-05-03 05:39:00+00:00,2.21325,2.21423,2.21014,2.21229,917.0
2026-05-03 05:54:00+00:00,2.21229,2.2143,2.20596,2.20874,803.0
2026-05-03 06:09:00+00:00,2.20874,2.21226,2.20854,2.21219,690.0
2026-05-03 06:24:00+00:00,2.21219,2.21435,2.21176,2.21419,808.0
2026-05-03 06:39:00+00:00,2.21419,2.21651,2.21383,2.21589,498.0
2026-05-03 06:54:00+00:00,2.21589,2.21666,2.20859,2.20971,851.0
2026-05-03 07:09:00+00:00,2.20971,2.21129,2.20814,2.20951,1380.0
2026-05-03 07:24:00+00:00,2.20951,2.21143,2.19982,2.20128,1753.0
2026-05-03 07:39:00+00:00,2.20128,2.20261,2.19876,2.201,764.0
2026-05-03 07:54:00+00:00,2.201,2.20685,2.19713,2.19978,1586.0
2026-05-03 08:09:00+00:00,2.19978,2.20182,2.19386,2.19656,1662.0
2026-05-03 08:24:00+00:00,2.19656,2.19716,2.1942,2.19469,1336.0
2026-05-03 08:39:00+00:00,2.19469,2.20065,2.19369,2.19981,1407.0
2026-05-03 08:54:00+00:00,2.19981,2.20071,2.19465,2.19585,988.0
2026-05-03 09:09:00+00:00,2.19585,2.19922,2.19485,2.19808,1520.0
2026-05-03 09:24:00+00:00,2.19808,2.20228,2.19628,2.20121,1708.0
2026-05-03 09:39:00+00:00,2.20121,2.20391,2.20119,2.2039,871.0
2026-05-03 09:54:00+00:00,2.2039,2.20446,2.20184,2.2026,1385.0
2026-05-03 10:09:00+00:00,2.2026,2.20326,2.20161,2.20209,808.0
2026-05-03 10:24:00+00:00,2.20209,2.20327,2.19881,2.19939,1310.0
2026-05-03 10:39:00+00:00,2.19939,2.20234,2.19936,2.20227,1484.0
2026-05-03 10:54:00+00:00,2.20227,2.20364,2.20203,2.20285,1330.0
2026-05-03 11:09:00+00:00,2.20285,2.20627,2.20214,2.20559,610.0
2026-05-03 11:24:00+00:00,2.20559,2.20861,2.20413,2.20787,804.0
2026-05-03 11:39:00+00:00,2.20787,2.21398,2.20589,2.21099,676.0
2026-05-03 11:54:00+00:00,2.21099,2.21263,2.20903,2.21009,750.0
2026-05-03 12:09:00+00:00,2.21009,2.21009,2.20843,2.20844,1617.0
2026-05-03 12:24:00+00:00,2.20844,2.21757,2.20742,2.21574,941.0
2026-05-03 12:39:00+00:00,2.21574,2.21933,2.21455,2.21807,1147.0
2026-05-03 12:54:00+00:00,2.21807,2.21878,2.21547,2.21656,970.0
2026-05-03 13:09:00+00:00,2.21656,2.21873,2.21528,2.21647,1072.0
2026-05-03 13:24:00+00:00,2.21647,2.2208,2.21357,2.21773,1040.0
2026-05-03 13:39:00+00:00,2.21773,2.2179,2.21352,2.21393,1232.0
2026-05-03 13:54:00+00:00,2.21393,2.21657,2.20877,2.21226,773.0
2026-05-03 14:09:00+00:00,2.21226,2.2185,2.209,2.21716,1151.0
2026-05-03 14:24:00+00:00,2.21716,2.21755,2.21438,2.21454,1523.0
2026-05-03 14:39:00+00:00,2.21454,2.22125,2.21445,2.22118,745.0
2026-05-03 14:54:00+00:00,2.22118,2.22119,2.21919,2.21919,1133.0
2026-05-03 15:09:00+00:00,2.21919,2.22072,2.2132,2.21413,1274.0
2026-05-03 15:24:00+00:00,2.21413,2.21642,2.21231,2.2132,1221.0
2026-05-03 15:39:00+00:00,2.2132,2.21681,2.20983,2.2126,1011.0
2026-05-03 15:54:00+00:00,2.2126,2.21285,2.20667,2.2068,1078.0
2026-05-03 16:09:00+00:00,2.2068,2.21427,2.20245,2.21174,1043.0
2026-05-03 16:24:00+00:00,2.21174,2.21272,2.20815,2.21004,1334.0
2026-05-03 16:39:00+00:00,2.21004,2.21708,2.20943,2.21633,907.0
2026-05-03 16:54:00+00:00,2.21633,2.21752,2.20766,2.21135,977.0
2026-05-03 17:09:00+00:00,2.21135,2.214,2.2076,2.21091,936.0
2026-05-03 17:24:00+00:00,2.21091,2.21467,2.20982,2.21381,810.0
2026-05-03 17:39:00+00:00,2.21381,2.21767,2.21269,2.21479,894.0
2026-05-03 17:54:00+00:00,2.21479,2.21668,2.21438,2.21637,394.0
2026-05-03 18:09:00+00:00,2.21637,2.2171,2.2141,2.21525,610.0
2026-05-03 18:24:00+00:00,2.21525,2.21928,2.21351,2.21446,577.0
2026-05-03 18:39:00+00:00,2.21446,2.21472,2.21177,2.2127,518.0
2026-05-03 18:54:00+00:00,2.2127,2.21657,2.20804,2.2125,671.0
2026-05-03 19:09:00+00:00,2.2125,2.21432,2.21178,2.21364,604.0
2026-05-03 19:24:00+00:00,2.21364,2.22067,2.21251,2.21824,347.0
2026-05-03 19:39:00+00:00,2.21824,2.2196,2.21712,2.21868,647.0
2026-05-03 19:54:00+00:00,2.21868,2.21868,2.21378,2.21378,652.0
2026-05-03 20:09:00+00:00,2.21378,2.21406,2.21255,2.21277,573.0
2026-05-03 20:24:00+00:00,2.21277,2.21533,2.21003,2.21471,851.0
2026-05-03 20:39:00+00:00,2.21471,2.21499,2.21203,2.21252,542.0
2026-05-03 20:54:00+00:00,2.21252,2.21321,2.20814,2.21009,725.0
2026-05-03 21:09:00+00:00,2.21009,2.21102,2.20897,2.20975,997.0
2026-05-03 21:24:00+00:00,2.20975,2.21085,2.20411,2.20562,885.0
2026-05-03 21:39:00+00:00,2.20562,2.20883,2.20306,2.2074,780.0
2026-05-03 21:54:00+00:00,2.2074,2.20854,2.20445,2.20536,910.0
2026-05-03 22:09:00+00:00,2.20536,2.2121,2.20309,2.2107,547.0
2026-05-03 22:24:00+00:00,2.2107,2.21392,2.20476,2.20795,413.0
2026-05-03 22:39:00+00:00,2.20795,2.21035,2.20516,2.20957,685.0
2026-05-03 22:54:00+00:00,2.20957,2.215,2.20884,2.21394,730.0
2026-05-03 23:09:00+00:00,2.21394,2.21622,2.21213,2.21575,563.0
2026-05-03 23:24:00+00:00,2.21575,2.21593,2.2129,2.21321,430.0
2026-05-03 23:39:00+00:00,2.21321,2.21486,2.20947,2.21039,1013.0
2026-05-03 23:54:00+00:00,2.21039,2.2144,2.20543,2.21291,626.0
2026-05-04 00:09:00+00:00,2.21291,2.22039,2.21051,2.21906,351.0
2026-05-04 00:24:00+00:00,2.21906,2.22205,2.21894,2.22177,882.0
2026-05-04 00:39:00+00:00,2.22177,2.22967,2.21896,2.22513,594.0
2026-05-04 00:54:00+00:00,2.22513,2.22597,2.22497,2.2258,518.0
2026-05-04 01:09:00+00:00,2.2258,2.22829,2.22372,2.2274,399.0
2026-05-04 01:24:00+00:00,2.2274,2.22784,2.22432,2.22549,436.0
2026-05-04 01:39:00+00:00,2.22549,2.22572,2.22521,2.22565,400.0
2026-05-04 01:54:00+00:00,2.22565,2.22807,2.22167,2.22315,973.0
2026-05-04 02:09:00+00:00,2.22315,2.22387,2.22314,2.22386,427.0
2026-05-04 02:24:00+00:00,2.22386,2.22422,2.22304,2.2234,528.0
2026-05-04 02:39:00+00:00,2.2234,2.22648,2.21557,2.21821,361.0
2026-05-04 02:54:00+00:00,2.21821,2.21838,2.21482,2.21507,782.0
2026-05-04 03:09:00+00:00,2.21507,2.21716,2.21334,2.21437,666.0
2026-05-04 03:24:00+00:00,2.21437,2.21913,2.21325,2.21767,394.0
2026-05-04 03:39:00+00:00,2.21767,2.21792,2.21495,2.2154,390.0
2026-05-04 03:54:00+00:00,2.2154,2.21659,2.21254,2.21418,706.0
2026-05-04 04:09:00+00:00,2.21418,2.21896,2.21131,2.21602,563.0
2026-05-04 04:24:00+00:00,2.21602,2.22045,2.21357,2.21734,782.0
2026-05-04 04:39:00+00:00,2.21734,2.2211,2.21532,2.2193,963.0
2026-05-04 04:54:00+00:00,2.2193,2.21979,2.21929,2.21978,962.0
2026-05-04 05:09:00+00:00,2.21978,2.22052,2.21856,2.21907,946.0
2026-05-04 05:24:00+00:00,2.21907,2.21916,2.21592,2.21606,620.0
2026-05-04 05:39:00+00:00,2.21606,2.21718,2.20855,2.21037,437.0
2026-05-04 05:54:00+00:00,2.21037,2.21182,2.20616,2.20733,339.0
2026-05-04 06:09:00+00:00,2.20733,2.21128,2.20591,2.20908,513.0
2026-05-04 06:24:00+00:00,2.20908,2.20992,2.20549,2.20719,838.0
2026-05-04 06:39:00+00:00,2.20719,2.21168,2.20458,2.20979,491.0
2026-05-04 06:54:00+00:00,2.20979,2.21199,2.20886,2.21095,464.0
2026-05-04 07:09:00+00:00,2.21095,2.21471,2.21081,2.21442,1221.0
2026-05-04 07:24:00+00:00,2.21442,2.21806,2.2134,2.21716,1366.0
2026-05-04 07:39:00+00:00,2.21716,2.22199,2.21429,2.21852,602.0
2026-05-04 07:54:00+00:00,2.21852,2.22201,2.21681,2.22038,1250.0
2026-05-04 08:09:00+00:00,2.22038,2.2208,2.21575,2.21641,1407.0
2026-05-04 08:24:00+00:00,2.21641,2.21813,2.21383,2.21547,735.0
2026-05-04 08:39:00+00:00,2.21547,2.21647,2.21387,2.21548,1385.0
2026-05-04 08:54:00+00:00,2.21548,2.21558,2.21502,2.21516,1449.0
2026-05-04 09:09:00+00:00,2.21516,2.21548,2.21161,2.21205,724.0
2026-05-04 09:24:00+00:00,2.21205,2.21541,2.20881,2.21437,1698.0
2026-05-04 09:39:00+00:00,2.21437,2.21901,2.20873,2.21174,1389.0
2026-05-04 09:54:00+00:00,2.21174,2.21739,2.20547,2.20866,1569.0
2026-05-04 10:09:00+00:00,2.20866,2.21009,2.20697,2.20734,1028.0
2026-05-04 10:24:00+00:00,2.20734,2.21075,2.20726,2.21053,727.0
2026-05-04 10:39:00+00:00,2.21053,2.21098,2.20942,2.20976,1628.0
2026-05-04 10:54:00+00:00,2.20976,2.21239,2.20814,2.21159,1236.0
2026-05-04 11:09:00+00:00,2.21159,2.21188,2.20906,2.20933,809.0
2026-05-04 11:24:00+00:00,2.20933,2.21102,2.20842,2.21042,1688.0
2026-05-04 11:39:00+00:00,2.21042,2.21239,2.20589,2.20957,1541.0
2026-05-04 11:54:00+00:00,2.20957,2.2148,2.20718,2.21219,949.0
2026-05-04 12:09:00+00:00,2.21219,2.21433,2.21199,2.2134,1569.0
2026-05-04 12:24:00+00:00,2.2134,2.22119,2.20327,2.21119,1613.0
2026-05-04 12:39:00+00:00,2.21119,2.22028,2.20787,2.21336,1071.0
2026-05-04 12:54:00+00:00,2.21336,2.22076,2.21077,2.21493,1645.0
2026-05-04 13:09:00+00:00,2.21493,2.21628,2.20592,2.20899,990.0
2026-05-04 13:24:00+00:00,2.20899,2.21524,2.20717,2.20956,2157.0
2026-05-04 13:39:00+00:00,2.20956,2.21259,2.2061,2.20697,854.0
2026-05-04 13:54:00+00:00,2.20697,2.21171,2.2036,2.20963,1228.0
2026-05-04 14:09:00+00:00,2.20963,2.21059,2.20763,2.20838,1667.0
2026-05-04 14:24:00+00:00,2.20838,2.20853,2.20827,2.20837,2120.0
2026-05-04 14:39:00+00:00,2.20837,2.21137,2.20428,2.20723,1142.0
2026-05-04 14:54:00+00:00,2.20723,2.21081,2.20722,2.2108,1665.0
2026-05-04 15:09:00+00:00,2.2108,2.2141,2.20938,2.21339,2411.0
2026-05-04 15:24:00+00:00,2.21339,2.21513,2.21096,2.21354,1413.0
2026-05-04 15:39:00+00:00,2.21354,2.21372,2.2073,2.20736,1289.0
2026-05-04 15:54:00+00:00,2.20736,2.20992,2.20669,2.20905,2122.0
2026-05-04 16:09:00+00:00,2.20905,2.21577,2.20869,2.21545,914.0
2026-05-04 16:24:00+00:00,2.21545,2.22298,2.21497,2.22239,2023.0
2026-05-04 16:39:00+00:00,2.22239,2.22435,2.22056,2.22296,1956.0
2026-05-04 16:54:00+00:00,2.22296,2.22598,2.22056,2.22129,1996.0
2026-05-04 17:09:00+00:00,2.22129,2.22244,2.2172,2.21872,489.0
2026-05-04 17:24:00+00:00,2.21872,2.22629,2.21642,2.22463,1364.0
2026-05-04 17:39:00+00:00,2.22463,2.2249,2.22378,2.22428,1143.0
2026-05-04 17:54:00+00:00,2.22428,2.22709,2.2182,2.22281,628.0
2026-05-04 18:09:00+00:00,2.22281,2.22864,2.2088,2.21583,1192.0
2026-05-04 18:24:00+00:00,2.21583,2.21804,2.21062,2.21344,1270.0
2026-05-04 18:39:00+00:00,2.21344,2.21823,2.21175,2.21632,1222.0
2026-05-04 18:54:00+00:00,2.21632,2.21756,2.21333,2.21464,962.0
2026-05-04 19:09:00+00:00,2.21464,2.21486,2.21356,2.21396,577.0
2026-05-04 19:24:00+00:00,2.21396,2.21985,2.2123,2.21539,1330.0
2026-05-04 19:39:00+00:00,2.21539,2.22436,2.2134,2.22285,1188.0
2026-05-04 19:54:00+00:00,2.22285,2.22603,2.2205,2.2238,1246.0
2026-05-04 20:09:00+00:00,2.2238,2.22847,2.21575,2.21862,1007.0
2026-05-04 20:24:00+00:00,2.21862,2.21884,2.21827,2.21844,1154.0
2026-05-04 20:39:00+00:00,2.21844,2.21921,2.21788,2.21845,1158.0
2026-05-04 20:54:00+00:00,2.21845,2.22658,2.21603,2.22437,1086.0
2026-05-04 21:09:00+00:00,2.22437,2.23342,2.22198,2.23134,722.0
2026-05-04 21:24:00+00:00,2.23134,2.23176,2.22738,2.22908,574.0
2026-05-04 21:39:00+00:00,2.22908,2.23215,2.21818,2.22077,1350.0
2026-05-04 21:54:00+00:00,2.22077,2.22109,2.21967,2.22037,1246.0
2026-05-04 22:09:00+00:00,2.22037,2.22123,2.21946,2.21979,560.0
2026-05-04 22:24:00+00:00,2.21979,2.2211,2.21431,2.21749,591.0
2026-05-04 22:39:00+00:00,2.21749,2.22236,2.21525,2.22024,1370.0
2026-05-04 22:54:00+00:00,2.22024,2.22302,2.21992,2.22288,1093.0
2026-05-04 23:09:00+00:00,2.22288,2.22499,2.22217,2.22325,680.0
2026-05-04 23:24:00+00:00,2.22325,2.23165,2.21955,2.22773,1103.0
2026-05-04 23:39:00+00:00,2.22773,2.23274,2.22062,2.22597,1338.0
2026-05-04 23:54:00+00:00,2.22597,2.23067,2.22503,2.23029,966.0
2026-05-05 00:09:00+00:00,2.23029,2.23673,2.22854,2.23605,534.0
2026-05-05 00:24:00+00:00,2.23605,2.23775,2.23349,2.23474,610.0
2026-05-05 00:39:00+00:00,2.23474,2.23543,2.23452,2.23493,1334.0
2026-05-05 00:54:00+00:00,2.23493,2.23582,2.23035,2.23266,925.0
2026-05-05 01:09:00+00:00,2.23266,2.23584,2.22177,2.22546,923.0
2026-05-05 01:24:00+00:00,2.22546,2.23408,2.22323,2.23184,1075.0
2026-05-05 01:39:00+00:00,2.23184,2.23536,2.23169,2.23519,1024.0
2026-05-05 01:54:00+00:00,2.23519,2.24623,2.23384,2.24377,547.0
2026-05-05 02:09:00+00:00,2.24377,2.24441,2.24219,2.24291,490.0
2026-05-05 02:24:00+00:00,2.24291,2.24618,2.23448,2.23732,1064.0
2026-05-05 02:39:00+00:00,2.23732,2.23886,2.23241,2.23307,722.0
2026-05-05 02:54:00+00:00,2.23307,2.23623,2.23239,2.23489,804.0
2026-05-05 03:09:00+00:00,2.23489,2.23524,2.22691,2.22733,1138.0
2026-05-05 03:24:00+00:00,2.22733,2.22951,2.22645,2.22923,494.0
2026-05-05 03:39:00+00:00,2.22923,2.23215,2.22483,2.22835,662.0
2026-05-05 03:54:00+00:00,2.22835,2.23412,2.22201,2.23112,773.0
2026-05-05 04:09:00+00:00,2.23112,2.2325,2.22319,2.22613,1076.0
2026-05-05 04:24:00+00:00,2.22613,2.22927,2.22395,2.22644,1341.0
2026-05-05 04:39:00+00:00,2.22644,2.23028,2.22502,2.22969,1336.0
2026-05-05 04:54:00+00:00,2.22969,2.23178,2.22707,2.2305,642.0
2026-05-05 05:09:00+00:00,2.2305,2.23514,2.22968,2.23424,1212.0
2026-05-05 05:24:00+00:00,2.23424,2.23445,2.2313,2.23136,538.0
2026-05-05 05:39:00+00:00,2.23136,2.23609,2.22405,2.23075,1308.0
2026-05-05 05:54:00+00:00,2.23075,2.23516,2.22281,2.2256,1409.0
2026-05-05 06:09:00+00:00,2.2256,2.22797,2.2216,2.22272,579.0
2026-05-05 06:24:00+00:00,2.22272,2.2291,2.22191,2.22791,503.0
2026-05-05 06:39:00+00:00,2.22791,2.23597,2.2199,2.23116,1082.0
2026-05-05 06:54:00+00:00,2.23116,2.23603,2.22798,2.23351,855.0
2026-05-05 07:09:00+00:00,2.23351,2.23475,2.23032,2.23096,923.0
2026-05-05 07:24:00+00:00,2.23096,2.23116,2.22677,2.22698,2071.0
2026-05-05 07:39:00+00:00,2.22698,2.22731,2.21663,2.21718,1484.0
2026-05-05 07:54:00+00:00,2.21718,2.2182,2.21356,2.21498,2073.0
2026-05-05 08:09:00+00:00,2.21498,2.21586,2.21068,2.2127,1035.0
2026-05-05 08:24:00+00:00,2.2127,2.22409,2.20766,2.21966,1159.0
2026-05-05 08:39:00+00:00,2.21966,2.22546,2.21628,2.22169,1603.0
2026-05-05 08:54:00+00:00,2.22169,2.22287,2.21623,2.21953,1520.0
2026-05-05 09:09:00+00:00,2.21953,2.22572,2.21921,2.22489,1105.0
2026-05-05 09:24:00+00:00,2.22489,2.22702,2.22283,2.22397,2261.0
2026-05-05 09:39:00+00:00,2.22397,2.22508,2.21787,2.21905,2243.0
2026-05-05 09:54:00+00:00,2.21905,2.22066,2.20905,2.2147,1529.0
2026-05-05 10:09:00+00:00,2.2147,2.21531,2.21367,2.2142,1462.0
2026-05-05 10:24:00+00:00,2.2142,2.21931,2.21239,2.21761,1457.0
2026-05-05 10:39:00+00:00,2.21761,2.21984,2.21108,2.21468,2061.0
2026-05-05 10:54:00+00:00,2.21468,2.21636,2.21407,2.21534,965.0
2026-05-05 11:09:00+00:00,2.21534,2.2211,2.20837,2.20997,1392.0
2026-05-05 11:24:00+00:00,2.20997,2.21477,2.20271,2.20726,1357.0
2026-05-05 11:39:00+00:00,2.20726,2.21303,2.205,2.21104,941.0
2026-05-05 11:54:00+00:00,2.21104,2.21139,2.2065,2.20729,1519.0
2026-05-05 12:09:00+00:00,2.20729,2.20739,2.20302,2.20316,882.0
2026-05-05 12:24:00+00:00,2.20316,2.21022,2.20056,2.20699,1481.0
2026-05-05 12:39:00+00:00,2.20699,2.21019,2.2032,2.20656,889.0
2026-05-05 12:54:00+00:00,2.20656,2.20862,2.20584,2.20767,1697.0
2026-05-05 13:09:00+00:00,2.20767,2.21005,2.20054,2.20238,2240.0
2026-05-05 13:24:00+00:00,2.20238,2.20313,2.202,2.20282,1169.0
2026-05-05 13:39:00+00:00,2.20282,2.20569,2.19859,2.20233,2265.0
2026-05-05 13:54:00+00:00,2.20233,2.21069,2.19861,2.20506,2198.0
2026-05-05 14:09:00+00:00,2.20506,2.20706,2.20501,2.207,1257.0
2026-05-05 14:24:00+00:00,2.207,2.21386,2.20338,2.21215,1469.0
2026-05-05 14:39:00+00:00,2.21215,2.21327,2.20918,2.21117,2311.0
2026-05-05 14:54:00+00:00,2.21117,2.21631,2.20557,2.21014,1053.0
2026-05-05 15:09:00+00:00,2.21014,2.21094,2.20317,2.204,2093.0
2026-05-05 15:24:00+00:00,2.204,2.20535,2.20201,2.20339,1379.0
2026-05-05 15:39:00+00:00,2.20339,2.20345,2.20074,2.20091,1624.0
2026-05-05 15:54:00+00:00,2.20091,2.20368,2.2004,2.20343,1331.0
2026-05-05 16:09:00+00:00,2.20343,2.2161,2.19063,2.20116,2299.0
2026-05-05 16:24:00+00:00,2.20116,2.2121,2.19891,2.20917,1677.0
2026-05-05 16:39:00+00:00,2.20917,2.21404,2.20774,2.21364,1441.0
2026-05-05 16:54:00+00:00,2.21364,2.21762,2.21128,2.21638,1831.0
2026-05-05 17:09:00+00:00,2.21638,2.22427,2.21102,2.2216,1243.0
2026-05-05 17:24:00+00:00,2.2216,2.22206,2.22007,2.22023,682.0
2026-05-05 17:39:00+00:00,2.22023,2.22731,2.21951,2.22503,903.0
2026-05-05 17:54:00+00:00,2.22503,2.22992,2.22353,2.22826,711.0
2026-05-05 18:09:00+00:00,2.22826,2.23465,2.22697,2.2336,746.0
2026-05-05 18:24:00+00:00,2.2336,2.23755,2.23302,2.23645,703.0
2026-05-05 18:39:00+00:00,2.23645,2.23916,2.23536,2.23889,794.0
2026-05-05 18:54:00+00:00,2.23889,2.24002,2.23824,2.2395,1087.0
2026-05-05 19:09:00+00:00,2.2395,2.24139,2.23673,2.23825,570.0
2026-05-05 19:24:00+00:00,2.23825,2.24027,2.23164,2.23722,807.0
2026-05-05 19:39:00+00:00,2.23722,2.24142,2.23678,2.24087,632.0
2026-05-05 19:54:00+00:00,2.24087,2.25032,2.23587,2.24375,615.0
2026-05-05 20:09:00+00:00,2.24375,2.2442,2.24241,2.24291,611.0
2026-05-05 20:24:00+00:00,2.24291,2.24552,2.22881,2.22966,806.0
2026-05-05 20:39:00+00:00,2.22966,2.23108,2.22464,2.22809,1215.0
2026-05-05 20:54:00+00:00,2.22809,2.2285,2.22336,2.22403,1275.0
2026-05-05 21:09:00+00:00,2.22403,2.22657,2.21926,2.22042,1308.0
2026-05-05 21:24:00+00:00,2.22042,2.22451,2.22021,2.22436,914.0
2026-05-05 21:39:00+00:00,2.22436,2.22826,2.22423,2.22813,1081.0
2026-05-05 21:54:00+00:00,2.22813,2.22887,2.2263,2.22736,1146.0
2026-05-05 22:09:00+00:00,2.22736,2.2313,2.2254,2.22925,1371.0
2026-05-05 22:24:00+00:00,2.22925,2.2306,2.22909,2.23016,1215.0
2026-05-05 22:39:00+00:00,2.23016,2.23626,2.22505,2.23325,908.0
2026-05-05 22:54:00+00:00,2.23325,2.24111,2.23199,2.24083,589.0
2026-05-05 23:09:00+00:00,2.24083,2.24754,2.23842,2.24466,798.0
2026-05-05 23:24:00+00:00,2.24466,2.24835,2.24386,2.24754,1149.0
2026-05-05 23:39:00+00:00,2.24754,2.25583,2.24622,2.25381,615.0
2026-05-05 23:54:00+00:00,2.25381,2.26019,2.25166,2.2591,1207.0
2026-05-06 00:09:00+00:00,2.2591,2.25943,2.25593,2.25644,565.0
2026-05-06 00:24:00+00:00,2.25644,2.25662,2.25179,2.25196,734.0
2026-05-06 00:39:00+00:00,2.25196,2.25517,2.24788,2.25043,598.0
2026-05-06 00:54:00+00:00,2.25043,2.25184,2.24475,2.24574,1076.0
2026-05-06 01:09:00+00:00,2.24574,2.24638,2.24161,2.24239,693.0
2026-05-06 01:24:00+00:00,2.24239,2.24384,2.24119,2.24337,676.0
2026-05-06 01:39:00+00:00,2.24337,2.25099,2.24211,2.24892,1023.0
2026-05-06 01:54:00+00:00,2.24892,2.25665,2.24214,2.25257,1306.0
2026-05-06 02:09:00+00:00,2.25257,2.25389,2.24857,2.25061,1030.0
2026-05-06 02:24:00+00:00,2.25061,2.25619,2.24405,2.24637,1230.0
2026-05-06 02:39:00+00:00,2.24637,2.24986,2.24635,2.24982,749.0
2026-05-06 02:54:00+00:00,2.24982,2.25083,2.24511,2.24601,1200.0
2026-05-06 03:09:00+00:00,2.24601,2.2481,2.24008,2.24544,710.0
2026-05-06 03:24:00+00:00,2.24544,2.24591,2.23692,2.23805,800.0
2026-05-06 03:39:00+00:00,2.23805,2.23927,2.2273,2.22879,1401.0
2026-05-06 03:54:00+00:00,2.22879,2.23239,2.22761,2.2317,686.0
2026-05-06 04:09:00+00:00,2.2317,2.24519,2.23151,2.24487,511.0
2026-05-06 04:24:00+00:00,2.24487,2.2481,2.24296,2.24402,649.0
2026-05-06 04:39:00+00:00,2.24402,2.25039,2.24245,2.24572,936.0
2026-05-06 04:54:00+00:00,2.24572,2.2492,2.23656,2.23898,1310.0
2026-05-06 05:09:00+00:00,2.23898,2.25231,2.23751,2.24953,776.0
2026-05-06 05:24:00+00:00,2.24953,2.24984,2.24804,2.24825,1360.0
2026-05-06 05:39:00+00:00,2.24825,2.25574,2.23902,2.24527,1374.0
2026-05-06 05:54:00+00:00,2.24527,2.24775,2.24522,2.24767,696.0
2026-05-06 06:09:00+00:00,2.24767,2.2489,2.24697,2.2475,574.0
2026-05-06 06:24:00+00:00,2.2475,2.24758,2.24183,2.24196,1409.0
2026-05-06 06:39:00+00:00,2.24196,2.24457,2.24184,2.24445,925.0
2026-05-06 06:54:00+00:00,2.24445,2.24544,2.24323,2.24474,1370.0
2026-05-06 07:09:00+00:00,2.24474,2.25138,2.2442,2.24971,1371.0
2026-05-06 07:24:00+00:00,2.24971,2.2527,2.24892,2.25195,841.0
2026-05-06 07:39:00+00:00,2.25195,2.26005,2.25154,2.25927,1203.0
2026-05-06 07:54:00+00:00,2.25927,2.26267,2.25703,2.2604,1340.0
2026-05-06 08:09:00+00:00,2.2604,2.26411,2.2603,2.26392,980.0
2026-05-06 08:24:00+00:00,2.26392,2.27065,2.25099,2.25618,2027.0
2026-05-06 08:39:00+00:00,2.25618,2.26218,2.2514,2.25998,1669.0
2026-05-06 08:54:00+00:00,2.25998,2.26433,2.25512,2.2581,2008.0
2026-05-06 09:09:00+00:00,2.2581,2.26483,2.25613,2.26369,1957.0
2026-05-06 09:24:00+00:00,2.26369,2.26706,2.25793,2.2621,2131.0
2026-05-06 09:39:00+00:00,2.2621,2.26414,2.25954,2.2614,867.0
2026-05-06 09:54:00+00:00,2.2614,2.26895,2.26085,2.26712,1198.0
2026-05-06 10:09:00+00:00,2.26712,2.26796,2.26406,2.26472,2206.0
2026-05-06 10:24:00+00:00,2.26472,2.26859,2.26211,2.26403,1634.0
2026-05-06 10:39:00+00:00,2.26403,2.27061,2.26172,2.27004,2146.0
2026-05-06 10:54:00+00:00,2.27004,2.28122,2.2664,2.27768,1747.0
2026-05-06 11:09:00+00:00,2.27768,2.28253,2.27393,2.2798,2258.0
2026-05-06 11:24:00+00:00,2.2798,2.28372,2.27718,2.27947,1102.0
2026-05-06 11:39:00+00:00,2.27947,2.28274,2.27727,2.28179,1989.0
2026-05-06 11:54:00+00:00,2.28179,2.28538,2.28099,2.28382,2034.0
2026-05-06 12:09:00+00:00,2.28382,2.29209,2.28338,2.29164,2058.0
2026-05-06 12:24:00+00:00,2.29164,2.29543,2.27805,2.28344,1753.0
2026-05-06 12:39:00+00:00,2.28344,2.28654,2.28274,2.28599,2407.0
2026-05-06 12:54:00+00:00,2.28599,2.29412,2.28144,2.28897,1348.0
2026-05-06 13:09:00+00:00,2.28897,2.29294,2.28885,2.29282,1357.0
2026-05-06 13:24:00+00:00,2.29282,2.29565,2.29155,2.29511,1897.0
2026-05-06 13:39:00+00:00,2.29511,2.30176,2.28948,2.29561,972.0
2026-05-06 13:54:00+00:00,2.29561,2.29675,2.29143,2.292,2454.0
2026-05-06 14:09:00+00:00,2.292,2.29947,2.29051,2.29766,1354.0
2026-05-06 14:24:00+00:00,2.29766,2.29977,2.29309,2.29813,1887.0
2026-05-06 14:39:00+00:00,2.29813,2.29977,2.28674,2.28753,1807.0
2026-05-06 14:54:00+00:00,2.28753,2.28955,2.28421,2.28723,2401.0
2026-05-06 15:09:00+00:00,2.28723,2.29014,2.28567,2.28839,2374.0
2026-05-06 15:24:00+00:00,2.28839,2.29016,2.28838,2.29015,1281.0
2026-05-06 15:39:00+00:00,2.29015,2.29226,2.28455,2.28733,1767.0
2026-05-06 15:54:00+00:00,2.28733,2.29653,2.28497,2.29068,843.0
2026-05-06 16:09:00+00:00,2.29068,2.29383,2.28978,2.29124,2463.0
2026-05-06 16:24:00+00:00,2.29124,2.29205,2.28907,2.29083,1736.0
2026-05-06 16:39:00+00:00,2.29083,2.29439,2.2899,2.29402,984.0
2026-05-06 16:54:00+00:00,2.29402,2.29408,2.28962,2.28968,1186.0
2026-05-06 17:09:00+00:00,2.28968,2.29097,2.28946,2.29063,662.0
2026-05-06 17:24:00+00:00,2.29063,2.2928,2.28202,2.28741,539.0
2026-05-06 17:39:00+00:00,2.28741,2.29054,2.28579,2.29014,778.0
2026-05-06 17:54:00+00:00,2.29014,2.29353,2.28762,2.2899,568.0
2026-05-06 18:09:00+00:00,2.2899,2.29255,2.28469,2.28776,623.0
2026-05-06 18:24:00+00:00,2.28776,2.28934,2.28512,2.28821,1401.0
2026-05-06 18:39:00+00:00,2.28821,2.29549,2.28728,2.29292,661.0
2026-05-06 18:54:00+00:00,2.29292,2.30517,2.29089,2.30336,1182.0
2026-05-06 19:09:00+00:00,2.30336,2.30929,2.30084,2.30695,585.0
2026-05-06 19:24:00+00:00,2.30695,2.31517,2.30104,2.30728,805.0
2026-05-06 19:39:00+00:00,2.30728,2.30909,2.3064,2.30869,935.0
2026-05-06 19:54:00+00:00,2.30869,2.30974,2.30283,2.3038,920.0
2026-05-06 20:09:00+00:00,2.3038,2.30473,2.29975,2.30206,1103.0
2026-05-06 20:24:00+00:00,2.30206,2.3139,2.2998,2.30925,790.0
2026-05-06 20:39:00+00:00,2.30925,2.31096,2.30561,2.30642,662.0
2026-05-06 20:54:00+00:00,2.30642,2.30794,2.30605,2.3078,519.0
2026-05-06 21:09:00+00:00,2.3078,2.31205,2.30757,2.31179,809.0
2026-05-06 21:24:00+00:00,2.31179,2.31763,2.30997,2.31666,1128.0
2026-05-06 21:39:00+00:00,2.31666,2.318,2.31483,2.31626,994.0
2026-05-06 21:54:00+00:00,2.31626,2.31701,2.3133,2.3139,527.0
2026-05-06 22:09:00+00:00,2.3139,2.32237,2.30879,2.32008,1358.0
2026-05-06 22:24:00+00:00,2.32008,2.32132,2.31663,2.31764,1088.0
2026-05-06 22:39:00+00:00,2.31764,2.32232,2.31541,2.31899,1398.0
2026-05-06 22:54:00+00:00,2.31899,2.32007,2.31086,2.31346,1170.0
2026-05-06 23:09:00+00:00,2.31346,2.31777,2.31161,2.31345,966.0
2026-05-06 23:24:00+00:00,2.31345,2.31561,2.30818,2.31216,1336.0
2026-05-06 23:39:00+00:00,2.31216,2.31535,2.31154,2.31475,1300.0
2026-05-06 23:54:00+00:00,2.31475,2.31537,2.30645,2.30794,974.0
2026-05-07 00:09:00+00:00,2.30794,2.30926,2.307,2.30746,475.0
2026-05-07 00:24:00+00:00,2.30746,2.31497,2.30509,2.3144,671.0
2026-05-07 00:39:00+00:00,2.3144,2.31459,2.31372,2.31396,527.0
2026-05-07 00:54:00+00:00,2.31396,2.31498,2.30995,2.3104,1393.0
2026-05-07 01:09:00+00:00,2.3104,2.31156,2.30934,2.31064,1057.0
2026-05-07 01:24:00+00:00,2.31064,2.31109,2.30798,2.30924,1285.0
2026-05-07 01:39:00+00:00,2.30924,2.31034,2.30235,2.30667,1048.0
2026-05-07 01:54:00+00:00,2.30667,2.31243,2.30599,2.312,702.0
2026-05-07 02:09:00+00:00,2.312,2.31449,2.3114,2.31356,836.0
2026-05-07 02:24:00+00:00,2.31356,2.31738,2.30496,2.30792,1362.0
2026-05-07 02:39:00+00:00,2.30792,2.30942,2.29709,2.30153,1174.0
2026-05-07 02:54:00+00:00,2.30153,2.30535,2.29483,2.30071,613.0
2026-05-07 03:09:00+00:00,2.30071,2.30841,2.2989,2.30525,752.0
2026-05-07 03:24:00+00:00,2.30525,2.30639,2.30098,2.30507,626.0
2026-05-07 03:39:00+00:00,2.30507,2.30627,2.30299,2.30418,1156.0
2026-05-07 03:54:00+00:00,2.30418,2.30577,2.29499,2.3,647.0
2026-05-07 04:09:00+00:00,2.3,2.30854,2.29777,2.30555,746.0
2026-05-07 04:24:00+00:00,2.30555,2.30728,2.29985,2.30057,995.0
2026-05-07 04:39:00+00:00,2.30057,2.30317,2.30046,2.30295,788.0
2026-05-07 04:54:00+00:00,2.30295,2.30933,2.30103,2.3063,923.0
2026-05-07 05:09:00+00:00,2.3063,2.31755,2.30461,2.315,722.0
2026-05-07 05:24:00+00:00,2.315,2.31515,2.31484,2.31511,1184.0
2026-05-07 05:39:00+00:00,2.31511,2.31603,2.31276,2.31324,614.0
2026-05-07 05:54:00+00:00,2.31324,2.3226,2.31157,2.32062,713.0
2026-05-07 06:09:00+00:00,2.32062,2.3222,2.31936,2.31981,821.0
2026-05-07 06:24:00+00:00,2.31981,2.32015,2.31852,2.31865,706.0
2026-05-07 06:39:00+00:00,2.31865,2.32515,2.31813,2.32482,874.0
2026-05-07 06:54:00+00:00,2.32482,2.326,2.31765,2.32103,1502.0
2026-05-07 07:09:00+00:00,2.32103,2.32573,2.31902,2.32342,1323.0
2026-05-07 07:24:00+00:00,2.32342,2.33176,2.31977,2.33,1025.0
2026-05-07 07:39:00+00:00,2.33,2.34278,2.32435,2.33738,2419.0
2026-05-07 07:54:00+00:00,2.33738,2.33975,2.3325,2.33422,2706.0
2026-05-07 08:09:00+00:00,2.33422,2.33513,2.33378,2.33493,2618.0
2026-05-07 08:24:00+00:00,2.33493,2.35517,2.33317,2.3496,956.0
2026-05-07 08:39:00+00:00,2.3496,2.35316,2.34809,2.3515,2078.0
2026-05-07 08:54:00+00:00,2.3515,2.35832,2.33803,2.34893,2229.0
2026-05-07 09:09:00+00:00,2.34893,2.34952,2.34718,2.34827,977.0
2026-05-07 09:24:00+00:00,2.34827,2.34935,2.34369,2.3457,1848.0
2026-05-07 09:39:00+00:00,2.3457,2.34835,2.34496,2.3471,1044.0
2026-05-07 09:54:00+00:00,2.3471,2.35225,2.3412,2.34458,2464.0
2026-05-07 10:09:00+00:00,2.34458,2.3454,2.3385,2.33903,1704.0
2026-05-07 10:24:00+00:00,2.33903,2.33942,2.33654,2.3368,1243.0
2026-05-07 10:39:00+00:00,2.3368,2.3372,2.33358,2.33454,2272.0
2026-05-07 10:54:00+00:00,2.33454,2.33927,2.33346,2.33803,1879.0
2026-05-07 11:09:00+00:00,2.33803,2.34417,2.33719,2.34138,1571.0
2026-05-07 11:24:00+00:00,2.34138,2.34529,2.3319,2.33461,965.0
2026-05-07 11:39:00+00:00,2.33461,2.33887,2.33302,2.33652,2391.0
2026-05-07 11:54:00+00:00,2.33652,2.33971,2.33525,2.33864,1526.0
2026-05-07 12:09:00+00:00,2.33864,2.34042,2.32593,2.33114,1688.0
2026-05-07 12:24:00+00:00,2.33114,2.33639,2.32272,2.32943,2012.0
2026-05-07 12:39:00+00:00,2.32943,2.33936,2.32599,2.33689,1700.0
2026-05-07 12:54:00+00:00,2.33689,2.3375,2.33395,2.33579,1400.0
2026-05-07 13:09:00+00:00,2.33579,2.34639,2.33181,2.3399,2587.0
2026-05-07 13:24:00+00:00,2.3399,2.34122,2.3321,2.33453,960.0
2026-05-07 13:39:00+00:00,2.33453,2.33528,2.32783,2.32837,2178.0
2026-05-07 13:54:00+00:00,2.32837,2.33391,2.3207,2.32536,1294.0
2026-05-07 14:09:00+00:00,2.32536,2.33489,2.32204,2.33265,2006.0
2026-05-07 14:24:00+00:00,2.33265,2.33354,2.32451,2.32588,937.0
2026-05-07 14:39:00+00:00,2.32588,2.32656,2.32127,2.32249,2059.0
2026-05-07 14:54:00+00:00,2.32249,2.32347,2.31981,2.32114,1621.0
2026-05-07 15:09:00+00:00,2.32114,2.32238,2.31622,2.31849,2652.0
2026-05-07 15:24:00+00:00,2.31849,2.31986,2.31825,2.31882,2503.0
2026-05-07 15:39:00+00:00,2.31882,2.3199,2.31202,2.31283,1971.0
2026-05-07 15:54:00+00:00,2.31283,2.31637,2.31042,2.3148,977.0
2026-05-07 16:09:00+00:00,2.3148,2.31798,2.31278,2.31657,2472.0
2026-05-07 16:24:00+00:00,2.31657,2.31668,2.30959,2.30982,2010.0
2026-05-07 16:39:00+00:00,2.30982,2.31626,2.30677,2.31396,2533.0
2026-05-07 16:54:00+00:00,2.31396,2.31399,2.31161,2.31162,2391.0
2026-05-07 17:09:00+00:00,2.31162,2.31723,2.30903,2.31432,530.0
2026-05-07 17:24:00+00:00,2.31432,2.31494,2.31374,2.31398,1006.0
2026-05-07 17:39:00+00:00,2.31398,2.31768,2.31156,2.31543,894.0
2026-05-07 17:54:00+00:00,2.31543,2.32414,2.30345,2.30794,1162.0
2026-05-07 18:09:00+00:00,2.30794,2.3103,2.30753,2.30934,566.0
2026-05-07 18:24:00+00:00,2.30934,2.30994,2.30795,2.3082,796.0
2026-05-07 18:39:00+00:00,2.3082,2.3122,2.30739,2.31095,1107.0
2026-05-07 18:54:00+00:00,2.31095,2.31197,2.30637,2.30763,1322.0
2026-05-07 19:09:00+00:00,2.30763,2.31069,2.3036,2.30957,706.0
2026-05-07 19:24:00+00:00,2.30957,2.31495,2.30655,2.31227,629.0
2026-05-07 19:39:00+00:00,2.31227,2.31971,2.30827,2.31352,1485.0
2026-05-07 19:54:00+00:00,2.31352,2.31553,2.31166,2.31329,835.0
2026-05-07 20:09:00+00:00,2.31329,2.31716,2.31317,2.31713,822.0
2026-05-07 20:24:00+00:00,2.31713,2.31871,2.31328,2.31736,855.0
2026-05-07 20:39:00+00:00,2.31736,2.32228,2.30741,2.31442,1016.0
2026-05-07 20:54:00+00:00,2.31442,2.32583,2.30925,2.32026,1067.0
2026-05-07 21:09:00+00:00,2.32026,2.32118,2.31994,2.32099,1172.0
2026-05-07 21:24:00+00:00,2.32099,2.32244,2.31557,2.31891,1002.0
2026-05-07 21:39:00+00:00,2.31891,2.31991,2.31139,2.31266,1478.0
2026-05-07 21:54:00+00:00,2.31266,2.31322,2.31053,2.31097,1266.0
2026-05-07 22:09:00+00:00,2.31097,2.31434,2.31042,2.31408,1266.0
2026-05-07 22:24:00+00:00,2.31408,2.31594,2.31349,2.31544,1015.0
2026-05-07 22:39:00+00:00,2.31544,2.32255,2.30984,2.3202,1549.0
2026-05-07 22:54:00+00:00,2.3202,2.32216,2.31708,2.31875,1102.0
2026-05-07 23:09:00+00:00,2.31875,2.31957,2.31481,2.31553,731.0
2026-05-07 23:24:00+00:00,2.31553,2.32784,2.31128,2.32157,729.0
2026-05-07 23:39:00+00:00,2.32157,2.32727,2.32018,2.32582,670.0
2026-05-07 23:54:00+00:00,2.32582,2.3274,2.32377,2.32475,1270.0
2026-05-08 00:09:00+00:00,2.32475,2.32875,2.31682,2.32286,814.0
2026-05-08 00:24:00+00:00,2.32286,2.32659,2.32155,2.32404,792.0
2026-05-08 00:39:00+00:00,2.32404,2.32899,2.32269,2.32494,774.0
2026-05-08 00:54:00+00:00,2.32494,2.32629,2.31547,2.31827,1184.0
2026-05-08 01:09:00+00:00,2.31827,2.31847,2.31537,2.31559,1356.0
2026-05-08 01:24:00+00:00,2.31559,2.32213,2.31264,2.31936,1486.0
2026-05-08 01:39:00+00:00,2.31936,2.32126,2.31419,2.31593,632.0
2026-05-08 01:54:00+00:00,2.31593,2.32919,2.31552,2.32874,896.0
2026-05-08 02:09:00+00:00,2.32874,2.33048,2.32655,2.32803,1550.0
2026-05-08 02:24:00+00:00,2.32803,2.33145,2.32218,2.32493,1329.0
2026-05-08 02:39:00+00:00,2.32493,2.32644,2.32052,2.32148,1543.0
2026-05-08 02:54:00+00:00,2.32148,2.32723,2.32141,2.3272,1294.0
2026-05-08 03:09:00+00:00,2.3272,2.33117,2.3246,2.32672,1214.0
2026-05-08 03:24:00+00:00,2.32672,2.33155,2.32228,2.32814,909.0
2026-05-08 03:39:00+00:00,2.32814,2.32838,2.32544,2.32559,570.0
2026-05-08 03:54:00+00:00,2.32559,2.33559,2.32234,2.33218,604.0
2026-05-08 04:09:00+00:00,2.33218,2.33853,2.32583,2.33153,982.0
2026-05-08 04:24:00+00:00,2.33153,2.34187,2.32498,2.34037,1509.0
2026-05-08 04:39:00+00:00,2.34037,2.35052,2.33435,2.34758,980.0
2026-05-08 04:54:00+00:00,2.34758,2.35293,2.34266,2.35014,756.0
2026-05-08 05:09:00+00:00,2.35014,2.35598,2.34911,2.35473,829.0
2026-05-08 05:24:00+00:00,2.35473,2.35824,2.34441,2.35018,1018.0
2026-05-08 05:39:00+00:00,2.35018,2.35112,2.34801,2.34921,862.0
2026-05-08 05:54:00+00:00,2.34921,2.35221,2.34077,2.34824,760.0
2026-05-08 06:09:00+00:00,2.34824,2.34968,2.34591,2.34647,1201.0
2026-05-08 06:24:00+00:00,2.34647,2.3472,2.3458,2.34689,970.0
2026-05-08 06:39:00+00:00,2.34689,2.34787,2.34412,2.34464,1494.0
2026-05-08 06:54:00+00:00,2.34464,2.34721,2.33276,2.33574,526.0
2026-05-08 07:09:00+00:00,2.33574,2.33828,2.33568,2.33816,2191.0
2026-05-08 07:24:00+00:00,2.33816,2.33903,2.3321,2.33286,2498.0
2026-05-08 07:39:00+00:00,2.33286,2.33517,2.32455,2.33063,2681.0
2026-05-08 07:54:00+00:00,2.33063,2.33375,2.32961,2.33289,2141.0
2026-05-08 08:09:00+00:00,2.33289,2.33543,2.33267,2.33521,1474.0
2026-05-08 08:24:00+00:00,2.33521,2.3387,2.33312,2.33524,2624.0
2026-05-08 08:39:00+00:00,2.33524,2.33552,2.32986,2.33002,2416.0
2026-05-08 08:54:00+00:00,2.33002,2.33024,2.32984,2.33009,1460.0
2026-05-08 09:09:00+00:00,2.33009,2.33176,2.32348,2.32704,2575.0
2026-05-08 09:24:00+00:00,2.32704,2.3291,2.31364,2.31692,1820.0
2026-05-08 09:39:00+00:00,2.31692,2.32145,2.30775,2.31403,1074.0
2026-05-08 09:54:00+00:00,2.31403,2.32143,2.3125,2.31923,1686.0
2026-05-08 10:09:00+00:00,2.31923,2.32114,2.31341,2.31444,1348.0
2026-05-08 10:24:00+00:00,2.31444,2.31641,2.31147,2.31331,1449.0
2026-05-08 10:39:00+00:00,2.31331,2.31707,2.30377,2.30573,1231.0
2026-05-08 10:54:00+00:00,2.30573,2.30871,2.29905,2.30343,1302.0
2026-05-08 11:09:00+00:00,2.30343,2.30969,2.30314,2.30939,1445.0
2026-05-08 11:24:00+00:00,2.30939,2.31295,2.30463,2.30923,2131.0
2026-05-08 11:39:00+00:00,2.30923,2.31575,2.30888,2.31555,2629.0
2026-05-08 11:54:00+00:00,2.31555,2.31649,2.31446,2.31545,2289.0
2026-05-08 12:09:00+00:00,2.31545,2.32289,2.31369,2.32124,1814.0
2026-05-08 12:24:00+00:00,2.32124,2.3227,2.31724,2.31966,913.0
2026-05-08 12:39:00+00:00,2.31966,2.3211,2.30837,2.30882,2113.0
2026-05-08 12:54:00+00:00,2.30882,2.32008,2.3064,2.31376,2346.0
2026-05-08 13:09:00+00:00,2.31376,2.31748,2.30618,2.30731,2554.0
2026-05-08 13:24:00+00:00,2.30731,2.31252,2.30491,2.30858,1154.0
2026-05-08 13:39:00+00:00,2.30858,2.3107,2.30348,2.30425,1680.0
2026-05-08 13:54:00+00:00,2.30425,2.30612,2.29834,2.301,1502.0
2026-05-08 14:09:00+00:00,2.301,2.30564,2.29529,2.29733,1392.0
2026-05-08 14:24:00+00:00,2.29733,2.29885,2.28863,2.29063,930.0
2026-05-08 14:39:00+00:00,2.29063,2.29499,2.28532,2.29066,1095.0
2026-05-08 14:54:00+00:00,2.29066,2.29129,2.28857,2.29059,2586.0
2026-05-08 15:09:00+00:00,2.29059,2.29334,2.28388,2.28895,1968.0
2026-05-08 15:24:00+00:00,2.28895,2.29385,2.28531,2.29024,1196.0
2026-05-08 15:39:00+00:00,2.29024,2.29406,2.29004,2.29376,1022.0
2026-05-08 15:54:00+00:00,2.29376,2.29567,2.28875,2.29198,1135.0
2026-05-08 16:09:00+00:00,2.29198,2.29356,2.29191,2.29342,1436.0
2026-05-08 16:24:00+00:00,2.29342,2.29728,2.28361,2.28864,1316.0
2026-05-08 16:39:00+00:00,2.28864,2.29128,2.28813,2.29017,1414.0
2026-05-08 16:54:00+00:00,2.29017,2.29084,2.27821,2.28006,924.0
2026-05-08 17:09:00+00:00,2.28006,2.2891,2.27743,2.28138,1281.0
2026-05-08 17:24:00+00:00,2.28138,2.29076,2.2733,2.2791,657.0
2026-05-08 17:39:00+00:00,2.2791,2.28295,2.27854,2.28224,599.0
2026-05-08 17:54:00+00:00,2.28224,2.28706,2.2764,2.2781,1056.0
2026-05-08 18:09:00+00:00,2.2781,2.28072,2.27292,2.27433,524.0
2026-05-08 18:24:00+00:00,2.27433,2.2809,2.27297,2.27944,954.0
2026-05-08 18:39:00+00:00,2.27944,2.28625,2.27812,2.28403,522.0
2026-05-08 18:54:00+00:00,2.28403,2.28522,2.27913,2.28055,1178.0
2026-05-08 19:09:00+00:00,2.28055,2.28715,2.27864,2.28443,1054.0
2026-05-08 19:24:00+00:00,2.28443,2.29155,2.27521,2.28019,918.0
2026-05-08 19:39:00+00:00,2.28019,2.28029,2.26695,2.26722,1461.0
2026-05-08 19:54:00+00:00,2.26722,2.2709,2.25517,2.25741,1103.0
2026-05-08 20:09:00+00:00,2.25741,2.25898,2.25484,2.25573,1518.0
2026-05-08 20:24:00+00:00,2.25573,2.26426,2.24482,2.24726,752.0
2026-05-08 20:39:00+00:00,2.24726,2.24822,2.24145,2.24499,1309.0
2026-05-08 20:54:00+00:00,2.24499,2.24536,2.23785,2.23828,915.0
2026-05-08 21:09:00+00:00,2.23828,2.24573,2.22821,2.23431,898.0
2026-05-08 21:24:00+00:00,2.23431,2.24018,2.23401,2.23986,1521.0
2026-05-08 21:39:00+00:00,2.23986,2.24195,2.23107,2.23917,1474.0
2026-05-08 21:54:00+00:00,2.23917,2.23947,2.23465,2.23518,1239.0
2026-05-08 22:09:00+00:00,2.23518,2.24205,2.23313,2.23773,1077.0
2026-05-08 22:24:00+00:00,2.23773,2.24055,2.23585,2.23849,710.0
2026-05-08 22:39:00+00:00,2.23849,2.24034,2.23213,2.23451,735.0
2026-05-08 22:54:00+00:00,2.23451,2.23599,2.23091,2.23221,1190.0
2026-05-08 23:09:00+00:00,2.23221,2.23829,2.2303,2.23668,809.0
2026-05-08 23:24:00+00:00,2.23668,2.23956,2.2366,2.23951,1532.0
2026-05-08 23:39:00+00:00,2.23951,2.24177,2.2346,2.23778,1209.0
2026-05-08 23:54:00+00:00,2.23778,2.23955,2.22792,2.22969,837.0
2026-05-09 00:09:00+00:00,2.22969,2.23319,2.22295,2.22724,867.0
2026-05-09 00:24:00+00:00,2.22724,2.22897,2.22139,2.22289,694.0
2026-05-09 00:39:00+00:00,2.22289,2.23558,2.21816,2.2284,1314.0
2026-05-09 00:54:00+00:00,2.2284,2.2292,2.22756,2.22875,1329.0
2026-05-09 01:09:00+00:00,2.22875,2.23482,2.21738,2.22289,754.0
2026-05-09 01:24:00+00:00,2.22289,2.22538,2.21747,2.21906,906.0
2026-05-09 01:39:00+00:00,2.21906,2.21993,2.21223,2.21346,1343.0
2026-05-09 01:54:00+00:00,2.21346,2.22125,2.21016,2.21857,630.0
2026-05-09 02:09:00+00:00,2.21857,2.22032,2.20172,2.20431,830.0
2026-05-09 02:24:00+00:00,2.20431,2.20584,2.2036,2.20564,1442.0
2026-05-09 02:39:00+00:00,2.20564,2.20579,2.20345,2.20358,700.0
2026-05-09 02:54:00+00:00,2.20358,2.20926,2.20333,2.20898,722.0
2026-05-09 03:09:00+00:00,2.20898,2.20944,2.20336,2.20377,1190.0
2026-05-09 03:24:00+00:00,2.20377,2.20553,2.20085,2.20248,1197.0
2026-05-09 03:39:00+00:00,2.20248,2.20911,2.20069,2.20831,1431.0
2026-05-09 03:54:00+00:00,2.20831,2.21013,2.20518,2.20748,789.0
2026-05-09 04:09:00+00:00,2.20748,2.21551,2.20183,2.20813,1014.0
2026-05-09 04:24:00+00:00,2.20813,2.20957,2.20318,2.20643,659.0
2026-05-09 04:39:00+00:00,2.20643,2.2085,2.20007,2.20275,1402.0
2026-05-09 04:54:00+00:00,2.20275,2.20528,2.20011,2.20197,868.0
2026-05-09 05:09:00+00:00,2.20197,2.20466,2.19369,2.19855,1217.0
2026-05-09 05:24:00+00:00,2.19855,2.20302,2.19767,2.20104,671.0
2026-05-09 05:39:00+00:00,2.20104,2.20665,2.19512,2.20105,902.0
2026-05-09 05:54:00+00:00,2.20105,2.20282,2.20087,2.20268,1094.0
2026-05-09 06:09:00+00:00,2.20268,2.20321,2.20237,2.20299,944.0
2026-05-09 06:24:00+00:00,2.20299,2.2057,2.19935,2.19999,1256.0
2026-05-09 06:39:00+00:00,2.19999,2.2116,2.1966,2.20994,983.0
2026-05-09 06:54:00+00:00,2.20994,2.21728,2.20902,2.21655,749.0
2026-05-09 07:09:00+00:00,2.21655,2.21686,2.211,2.21164,2145.0
2026-05-09 07:24:00+00:00,2.21164,2.21496,2.20719,2.21273,1154.0
2026-05-09 07:39:00+00:00,2.21273,2.21475,2.20393,2.20596,2281.0
2026-05-09 07:54:00+00:00,2.20596,2.20978,2.19894,2.2007,2246.0
2026-05-09 08:09:00+00:00,2.2007,2.20132,2.19649,2.19741,1828.0
2026-05-09 08:24:00+00:00,2.19741,2.19917,2.19094,2.1941,2180.0
2026-05-09 08:39:00+00:00,2.1941,2.19503,2.19389,2.19492,2157.0
2026-05-09 08:54:00+00:00,2.19492,2.19728,2.19281,2.1951,1343.0
2026-05-09 09:09:00+00:00,2.1951,2.2021,2.19232,2.1993,2365.0
2026-05-09 09:24:00+00:00,2.1993,2.20668,2.19115,2.19564,2055.0
2026-05-09 09:39:00+00:00,2.19564,2.20388,2.19427,2.20158,1606.0
2026-05-09 09:54:00+00:00,2.20158,2.20816,2.20094,2.20735,1890.0
2026-05-09 10:09:00+00:00,2.20735,2.20754,2.20426,2.20446,1694.0
2026-05-09 10:24:00+00:00,2.20446,2.20623,2.20179,2.20478,1939.0
2026-05-09 10:39:00+00:00,2.20478,2.20603,2.20262,2.20349,1341.0
2026-05-09 10:54:00+00:00,2.20349,2.20476,2.19817,2.19849,2324.0
2026-05-09 11:09:00+00:00,2.19849,2.20167,2.19689,2.20052,2597.0
2026-05-09 11:24:00+00:00,2.20052,2.20072,2.19807,2.1986,2649.0
2026-05-09 11:39:00+00:00,2.1986,2.19933,2.19579,2.19681,2388.0
2026-05-09 11:54:00+00:00,2.19681,2.20133,2.18159,2.18415,1455.0
2026-05-09 12:09:00+00:00,2.18415,2.18532,2.17694,2.17824,1926.0
2026-05-09 12:24:00+00:00,2.17824,2.17945,2.17783,2.17879,1133.0
2026-05-09 12:39:00+00:00,2.17879,2.17935,2.17684,2.17727,2601.0
2026-05-09 12:54:00+00:00,2.17727,2.18244,2.17579,2.18153,2485.0
2026-05-09 13:09:00+00:00,2.18153,2.1829,2.17925,2.18194,1939.0
2026-05-09 13:24:00+00:00,2.18194,2.1847,2.17323,2.1771,1576.0
2026-05-09 13:39:00+00:00,2.1771,2.18047,2.17129,2.17383,2041.0
2026-05-09 13:54:00+00:00,2.17383,2.17659,2.16754,2.1726,1280.0
2026-05-09 14:09:00+00:00,2.1726,2.17684,2.17173,2.17633,1665.0
2026-05-09 14:24:00+00:00,2.17633,2.17748,2.17581,2.17703,1015.0
2026-05-09 14:39:00+00:00,2.17703,2.17796,2.17242,2.17463,2369.0
2026-05-09 14:54:00+00:00,2.17463,2.17748,2.16294,2.16631,1632.0
2026-05-09 15:09:00+00:00,2.16631,2.16695,2.15946,2.16015,1805.0
2026-05-09 15:24:00+00:00,2.16015,2.16676,2.15909,2.16416,1940.0
2026-05-09 15:39:00+00:00,2.16416,2.1686,2.15311,2.16066,1840.0
2026-05-09 15:54:00+00:00,2.16066,2.16143,2.15875,2.15946,2059.0
2026-05-09 16:09:00+00:00,2.15946,2.16262,2.15821,2.16166,1890.0
2026-05-09 16:24:00+00:00,2.16166,2.16588,2.14787,2.15165,2131.0
2026-05-09 16:39:00+00:00,2.15165,2.15739,2.15103,2.15631,1823.0
2026-05-09 16:54:00+00:00,2.15631,2.15905,2.15239,2.1541,2535.0
2026-05-09 17:09:00+00:00,2.1541,2.15606,2.15186,2.15351,1122.0
2026-05-09 17:24:00+00:00,2.15351,2.15376,2.1479,2.148,995.0
2026-05-09 17:39:00+00:00,2.148,2.14903,2.14638,2.14839,1180.0
2026-05-09 17:54:00+00:00,2.14839,2.15556,2.14479,2.15086,1387.0
2026-05-09 18:09:00+00:00,2.15086,2.15104,2.14857,2.1488,1237.0
2026-05-09 18:24:00+00:00,2.1488,2.14968,2.14612,2.14695,1300.0
2026-05-09 18:39:00+00:00,2.14695,2.14815,2.14242,2.14391,1228.0
2026-05-09 18:54:00+00:00,2.14391,2.14569,2.13979,2.14277,854.0
2026-05-09 19:09:00+00:00,2.14277,2.15193,2.13759,2.14962,628.0
2026-05-09 19:24:00+00:00,2.14962,2.15001,2.14706,2.14723,1170.0
2026-05-09 19:39:00+00:00,2.14723,2.14944,2.14196,2.14329,676.0
2026-05-09 19:54:00+00:00,2.14329,2.14353,2.1376,2.13795,530.0
2026-05-09 20:09:00+00:00,2.13795,2.13959,2.13414,2.13504,1032.0
2026-05-09 20:24:00+00:00,2.13504,2.13763,2.12529,2.13099,1368.0
2026-05-09 20:39:00+00:00,2.13099,2.14485,2.12689,2.14158,1161.0
2026-05-09 20:54:00+00:00,2.14158,2.14922,2.13868,2.14811,868.0
2026-05-09 21:09:00+00:00,2.14811,2.14862,2.14482,2.14501,605.0
2026-05-09 21:24:00+00:00,2.14501,2.15594,2.14231,2.15236,1090.0
2026-05-09 21:39:00+00:00,2.15236,2.1526,2.15133,2.15184,640.0
2026-05-09 21:54:00+00:00,2.15184,2.15663,2.14364,2.14619,729.0
2026-05-09 22:09:00+00:00,2.14619,2.14632,2.14398,2.14403,747.0
2026-05-09 22:24:00+00:00,2.14403,2.14464,2.13934,2.14084,847.0
2026-05-09 22:39:00+00:00,2.14084,2.14289,2.13499,2.13848,813.0
2026-05-09 22:54:00+00:00,2.13848,2.13962,2.13481,2.13557,724.0
2026-05-09 23:09:00+00:00,2.13557,2.14042,2.12736,2.1325,815.0
2026-05-09 23:24:00+00:00,2.1325,2.13685,2.13111,2.13523,1336.0
2026-05-09 23:39:00+00:00,2.13523,2.13675,2.133,2.13629,882.0
2026-05-09 23:54:00+00:00,2.13629,2.13871,2.1331,2.13582,1410.0
2026-05-10 00:09:00+00:00,2.13582,2.14087,2.13578,2.14075,1362.0
2026-05-10 00:24:00+00:00,2.14075,2.15392,2.13564,2.1508,1204.0
2026-05-10 00:39:00+00:00,2.1508,2.15094,2.14675,2.14681,956.0
2026-05-10 00:54:00+00:00,2.14681,2.14807,2.13779,2.13848,1374.0
2026-05-10 01:09:00+00:00,2.13848,2.1433,2.13191,2.13468,1208.0
2026-05-10 01:24:00+00:00,2.13468,2.13579,2.13042,2.13145,1234.0
2026-05-10 01:39:00+00:00,2.13145,2.13528,2.13065,2.13411,1463.0
2026-05-10 01:54:00+00:00,2.13411,2.13623,2.13407,2.13621,1185.0
2026-05-10 02:09:00+00:00,2.13621,2.13805,2.13474,2.13751,1187.0
2026-05-10 02:24:00+00:00,2.13751,2.14362,2.13481,2.13892,1155.0
2026-05-10 02:39:00+00:00,2.13892,2.14679,2.1257,2.1337,665.0
2026-05-10 02:54:00+00:00,2.1337,2.13644,2.13335,2.13559,1168.0
2026-05-10 03:09:00+00:00,2.13559,2.14113,2.131,2.13739,1174.0
2026-05-10 03:24:00+00:00,2.13739,2.13865,2.13705,2.13847,1415.0
2026-05-10 03:39:00+00:00,2.13847,2.14578,2.13538,2.14295,1148.0
2026-05-10 03:54:00+00:00,2.14295,2.14538,2.13472,2.13785,1110.0
2026-05-10 04:09:00+00:00,2.13785,2.13972,2.13722,2.13928,1474.0
2026-05-10 04:24:00+00:00,2.13928,2.14181,2.13804,2.13894,1099.0
2026-05-10 04:39:00+00:00,2.13894,2.15122,2.13837,2.15052,722.0
2026-05-10 04:54:00+00:00,2.15052,2.15561,2.14957,2.15482,834.0
2026-05-10 05:09:00+00:00,2.15482,2.16113,2.14882,2.15325,805.0
2026-05-10 05:24:00+00:00,2.15325,2.15628,2.1482,2.15122,530.0
2026-05-10 05:39:00+00:00,2.15122,2.15505,2.13997,2.1481,934.0
2026-05-10 05:54:00+00:00,2.1481,2.14992,2.14786,2.14975,600.0
2026-05-10 06:09:00+00:00,2.14975,2.15388,2.1481,2.15233,1394.0
2026-05-10 06:24:00+00:00,2.15233,2.15464,2.14532,2.1462,1497.0
2026-05-10 06:39:00+00:00,2.1462,2.14649,2.14265,2.14368,1478.0
2026-05-10 06:54:00+00:00,2.14368,2.1439,2.13924,2.13964,1204.0
2026-05-10 07:09:00+00:00,2.13964,2.14158,2.1356,2.13775,1571.0
2026-05-10 07:24:00+00:00,2.13775,2.14551,2.13606,2.14104,2509.0
2026-05-10 07:39:00+00:00,2.14104,2.14405,2.13932,2.14166,1061.0
2026-05-10 07:54:00+00:00,2.14166,2.16042,2.13488,2.15254,3968.0
2026-05-10 08:09:00+00:00,2.15254,2.16024,2.15015,2.15753,1775.0
2026-05-10 08:24:00+00:00,2.15753,2.17097,2.15633,2.16851,3585.0
2026-05-10 08:39:00+00:00,2.16851,2.17774,2.16374,2.16763,4250.0
2026-05-10 08:54:00+00:00,2.16763,2.17037,2.16153,2.16403,2337.0
2026-05-10 09:09:00+00:00,2.16403,2.16915,2.1524,2.15736,2303.0
2026-05-10 09:24:00+00:00,2.15736,2.15797,2.1442,2.14663,3884.0
2026-05-10 09:39:00+00:00,2.14663,2.14903,2.12351,2.12749,2162.0
2026-05-10 09:54:00+00:00,2.12749,2.13274,2.12612,2.13159,1639.0
2026-05-10 10:09:00+00:00,2.13159,2.137,2.12363,2.12907,2076.0
2026-05-10 10:24:00+00:00,2.12907,2.13157,2.12422,2.12752,2008.0
2026-05-10 10:39:00+00:00,2.12752,2.12785,2.12617,2.12666,2780.0
2026-05-10 10:54:00+00:00,2.12666,2.13136,2.12576,2.13044,2185.0
2026-05-10 11:09:00+00:00,2.13044,2.13659,2.11743,2.12449,3093.0
2026-05-10 11:24:00+00:00,2.12449,2.13778,2.12104,2.13202,4217.0
2026-05-10 11:39:00+00:00,2.13202,2.13896,2.11439,2.12255,1547.0
2026-05-10 11:54:00+00:00,2.12255,2.13189,2.11112,2.11658,1572.0
2026-05-10 12:09:00+00:00,2.11658,2.12428,2.11361,2.12029,2556.0
2026-05-10 12:24:00+00:00,2.12029,2.12226,2.11587,2.11764,4273.0
2026-05-10 12:39:00+00:00,2.11764,2.12125,2.11436,2.11905,1714.0
2026-05-10 12:54:00+00:00,2.11905,2.12378,2.10073,2.11053,3627.0
2026-05-10 13:09:00+00:00,2.11053,2.11267,2.10623,2.10978,1882.0
2026-05-10 13:24:00+00:00,2.10978,2.11934,2.10295,2.10821,1614.0
2026-05-10 13:39:00+00:00,2.10821,2.10993,2.10404,2.10689,1858.0
2026-05-10 13:54:00+00:00,2.10689,2.10959,2.10592,2.10745,2594.0
2026-05-10 14:09:00+00:00,2.10745,2.11699,2.10642,2.11576,3508.0
2026-05-10 14:24:00+00:00,2.11576,2.12115,2.10219,2.10813,3780.0
2026-05-10 14:39:00+00:00,2.10813,2.11414,2.1008,2.10634,1784.0
2026-05-10 14:54:00+00:00,2.10634,2.11513,2.10049,2.11153,1589.0
2026-05-10 15:09:00+00:00,2.11153,2.11358,2.10348,2.10622,2913.0
2026-05-10 15:24:00+00:00,2.10622,2.11583,2.10615,2.11573,1459.0
2026-05-10 15:39:00+00:00,2.11573,2.11966,2.10768,2.11072,2337.0
2026-05-10 15:54:00+00:00,2.11072,2.12208,2.10466,2.12044,2902.0
2026-05-10 16:09:00+00:00,2.12044,2.12164,2.11512,2.11666,3188.0
2026-05-10 16:24:00+00:00,2.11666,2.1177,2.11259,2.11438,1425.0
2026-05-10 16:39:00+00:00,2.11438,2.12657,2.11252,2.12573,4066.0
2026-05-10 16:54:00+00:00,2.12573,2.1265,2.12072,2.12194,4130.0
2026-05-10 17:09:00+00:00,2.12194,2.12472,2.12035,2.12306,2390.0
2026-05-10 17:24:00+00:00,2.12306,2.12395,2.12257,2.12377,1377.0
2026-05-10 17:39:00+00:00,2.12377,2.12534,2.12022,2.12293,1788.0
2026-05-10 17:54:00+00:00,2.12293,2.12413,2.10987,2.1127,2357.0
2026-05-10 18:09:00+00:00,2.1127,2.11856,2.10944,2.11437,1300.0
2026-05-10 18:24:00+00:00,2.11437,2.11523,2.10945,2.11226,1834.0
2026-05-10 18:39:00+00:00,2.11226,2.11556,2.10775,2.11337,1850.0
2026-05-10 18:54:00+00:00,2.11337,2.12139,2.11174,2.11906,1853.0
2026-05-10 19:09:00+00:00,2.11906,2.12599,2.11596,2.124,2339.0
2026-05-10 19:24:00+00:00,2.124,2.12571,2.12296,2.1246,1014.0
2026-05-10 19:39:00+00:00,2.1246,2.12773,2.11947,2.12606,2326.0
2026-05-10 19:54:00+00:00,2.12606,2.12959,2.12379,2.12557,1374.0
2026-05-10 20:09:00+00:00,2.12557,2.12958,2.12122,2.12317,1470.0
2026-05-10 20:24:00+00:00,2.12317,2.12815,2.1201,2.12223,1622.0
2026-05-10 20:39:00+00:00,2.12223,2.13182,2.10601,2.11368,1471.0
2026-05-10 20:54:00+00:00,2.11368,2.12732,2.11297,2.12698,1158.0
2026-05-10 21:09:00+00:00,2.12698,2.13338,2.12567,2.12888,2050.0
2026-05-10 21:24:00+00:00,2.12888,2.13405,2.12789,2.1333,2330.0
2026-05-10 21:39:00+00:00,2.1333,2.14071,2.13055,2.13748,1751.0
2026-05-10 21:54:00+00:00,2.13748,2.13814,2.13651,2.13737,1983.0
2026-05-10 22:09:00+00:00,2.13737,2.13763,2.13338,2.13373,1185.0
2026-05-10 22:24:00+00:00,2.13373,2.13656,2.13051,2.13183,1801.0
2026-05-10 22:39:00+00:00,2.13183,2.1372,2.12337,2.13136,1567.0
2026-05-10 22:54:00+00:00,2.13136,2.13965,2.12881,2.13632,1721.0
2026-05-10 23:09:00+00:00,2.13632,2.15053,2.13242,2.14282,2120.0
2026-05-10 23:24:00+00:00,2.14282,2.146,2.14173,2.14482,2131.0
2026-05-10 23:39:00+00:00,2.14482,2.14579,2.14109,2.14161,854.0
2026-05-10 23:54:00+00:00,2.14161,2.14448,2.13719,2.14004,1618.0
2026-05-11 00:09:00+00:00,2.14004,2.14786,2.13922,2.14696,2221.0
2026-05-11 00:24:00+00:00,2.14696,2.15318,2.14627,2.15291,2120.0
2026-05-11 00:39:00+00:00,2.15291,2.15809,2.14751,2.15549,2254.0
2026-05-11 00:54:00+00:00,2.15549,2.15724,2.15525,2.15704,1919.0
2026-05-11 01:09:00+00:00,2.15704,2.1582,2.14985,2.15029,1125.0
2026-05-11 01:24:00+00:00,2.15029,2.15214,2.14844,2.15145,2214.0
2026-05-11 01:39:00+00:00,2.15145,2.16744,2.13165,2.14665,1887.0
2026-05-11 01:54:00+00:00,2.14665,2.15711,2.14379,2.15388,2085.0
2026-05-11 02:09:00+00:00,2.15388,2.15613,2.13172,2.13292,1236.0
2026-05-11 02:24:00+00:00,2.13292,2.14233,2.12813,2.13396,2258.0
2026-05-11 02:39:00+00:00,2.13396,2.14148,2.11855,2.1257,1247.0
2026-05-11 02:54:00+00:00,2.1257,2.12796,2.11168,2.11276,2255.0
2026-05-11 03:09:00+00:00,2.11276,2.11342,2.11127,2.11163,2376.0
2026-05-11 03:24:00+00:00,2.11163,2.12194,2.11115,2.1209,866.0
2026-05-11 03:39:00+00:00,2.1209,2.12365,2.10391,2.10654,1890.0
2026-05-11 03:54:00+00:00,2.10654,2.12665,2.09641,2.11463,1813.0
2026-05-11 04:09:00+00:00,2.11463,2.12028,2.10861,2.11244,1617.0
2026-05-11 04:24:00+00:00,2.11244,2.11739,2.10454,2.11064,2065.0
2026-05-11 04:39:00+00:00,2.11064,2.12163,2.10964,2.12056,2066.0
2026-05-11 04:54:00+00:00,2.12056,2.12203,2.11198,2.11336,865.0
2026-05-11 05:09:00+00:00,2.11336,2.11806,2.10367,2.10935,1556.0
2026-05-11 05:24:00+00:00,2.10935,2.11489,2.10898,2.11459,902.0
2026-05-11 05:39:00+00:00,2.11459,2.11465,2.10982,2.10986,2339.0
2026-05-11 05:54:00+00:00,2.10986,2.11107,2.10605,2.10703,1891.0
2026-05-11 06:09:00+00:00,2.10703,2.11031,2.0982,2.10589,1514.0
2026-05-11 06:24:00+00:00,2.10589,2.11779,2.10533,2.11756,2121.0
2026-05-11 06:39:00+00:00,2.11756,2.12267,2.10567,2.11575,882.0
2026-05-11 06:54:00+00:00,2.11575,2.11785,2.10603,2.10827,2162.0
2026-05-11 07:09:00+00:00,2.10827,2.11682,2.108,2.11598,2292.0
2026-05-11 07:24:00+00:00,2.11598,2.1242,2.11302,2.12213,2880.0
2026-05-11 07:39:00+00:00,2.12213,2.1234,2.10593,2.10665,1583.0
2026-05-11 07:54:00+00:00,2.10665,2.11168,2.1019,2.1068,2306.0
2026-05-11 08:09:00+00:00,2.1068,2.10741,2.09804,2.09925,3402.0
2026-05-11 08:24:00+00:00,2.09925,2.09972,2.09453,2.09482,2027.0
2026-05-11 08:39:00+00:00,2.09482,2.09643,2.08869,2.08962,3105.0
2026-05-11 08:54:00+00:00,2.08962,2.09197,2.08852,2.09145,2010.0
2026-05-11 09:09:00+00:00,2.09145,2.09215,2.07507,2.0758,4116.0
2026-05-11 09:24:00+00:00,2.0758,2.08729,2.07144,2.07879,3004.0
2026-05-11 09:39:00+00:00,2.07879,2.08394,2.07067,2.07624,3633.0
2026-05-11 09:54:00+00:00,2.07624,2.08258,2.0751,2.08109,2044.0
2026-05-11 10:09:00+00:00,2.08109,2.10794,2.07323,2.09281,2729.0
2026-05-11 10:24:00+00:00,2.09281,2.09563,2.09209,2.09505,2747.0
2026-05-11 10:39:00+00:00,2.09505,2.10367,2.0738,2.08283,3039.0
2026-05-11 10:54:00+00:00,2.08283,2.08704,2.08269,2.08693,3843.0
2026-05-11 11:09:00+00:00,2.08693,2.09402,2.085,2.09136,3529.0
2026-05-11 11:24:00+00:00,2.09136,2.09167,2.07988,2.08042,1705.0
2026-05-11 11:39:00+00:00,2.08042,2.08729,2.07617,2.08107,3548.0
2026-05-11 11:54:00+00:00,2.08107,2.08269,2.07586,2.08107,3304.0
2026-05-11 12:09:00+00:00,2.08107,2.09026,2.07324,2.08401,2463.0
2026-05-11 12:24:00+00:00,2.08401,2.08694,2.06778,2.07396,4059.0
2026-05-11 12:39:00+00:00,2.07396,2.08581,2.0646,2.07804,1831.0
2026-05-11 12:54:00+00:00,2.07804,2.07817,2.07675,2.07713,2607.0
2026-05-11 13:09:00+00:00,2.07713,2.08761,2.06683,2.07258,1655.0
2026-05-11 13:24:00+00:00,2.07258,2.07391,2.06855,2.06965,2835.0
2026-05-11 13:39:00+00:00,2.06965,2.0807,2.06963,2.08067,3482.0
2026-05-11 13:54:00+00:00,2.08067,2.08169,2.0778,2.07814,4042.0
2026-05-11 14:09:00+00:00,2.07814,2.07977,2.07766,2.07815,3959.0
2026-05-11 14:24:00+00:00,2.07815,2.08822,2.07445,2.08251,3858.0
2026-05-11 14:39:00+00:00,2.08251,2.08832,2.08141,2.08762,3207.0
2026-05-11 14:54:00+00:00,2.08762,2.08941,2.08682,2.08787,2541.0
2026-05-11 15:09:00+00:00,2.08787,2.09807,2.08739,2.09636,2932.0
2026-05-11 15:24:00+00:00,2.09636,2.09703,2.09406,2.09487,4243.0
2026-05-11 15:39:00+00:00,2.09487,2.10438,2.09228,2.09934,1623.0
2026-05-11 15:54:00+00:00,2.09934,2.10842,2.09332,2.10258,1467.0
2026-05-11 16:09:00+00:00,2.10258,2.11208,2.10074,2.11118,3373.0
2026-05-11 16:24:00+00:00,2.11118,2.12283,2.10786,2.11395,2731.0
2026-05-11 16:39:00+00:00,2.11395,2.12251,2.11112,2.11678,2139.0
2026-05-11 16:54:00+00:00,2.11678,2.12005,2.11634,2.11934,2890.0
2026-05-11 17:09:00+00:00,2.11934,2.1259,2.11672,2.12375,1205.0
2026-05-11 17:24:00+00:00,2.12375,2.13559,2.11948,2.12879,1867.0
2026-05-11 17:39:00+00:00,2.12879,2.13265,2.12693,2.12982,1980.0
2026-05-11 17:54:00+00:00,2.12982,2.13453,2.1217,2.12371,874.0
2026-05-11 18:09:00+00:00,2.12371,2.12469,2.11267,2.11353,1892.0
2026-05-11 18:24:00+00:00,2.11353,2.12924,2.11128,2.12691,1906.0
2026-05-11 18:39:00+00:00,2.12691,2.12841,2.12385,2.12534,2438.0
2026-05-11 18:54:00+00:00,2.12534,2.13202,2.1191,2.12359,895.0
2026-05-11 19:09:00+00:00,2.12359,2.13916,2.11992,2.13466,1758.0
2026-05-11 19:24:00+00:00,2.13466,2.14253,2.12135,2.12854,2007.0
2026-05-11 19:39:00+00:00,2.12854,2.13143,2.12336,2.12576,1567.0
2026-05-11 19:54:00+00:00,2.12576,2.13082,2.12143,2.12712,1730.0
2026-05-11 20:09:00+00:00,2.12712,2.12766,2.12429,2.12488,1390.0
2026-05-11 20:24:00+00:00,2.12488,2.12592,2.11742,2.11987,1321.0
2026-05-11 20:39:00+00:00,2.11987,2.12384,2.1166,2.12124,2406.0
2026-05-11 20:54:00+00:00,2.12124,2.12419,2.11917,2.12276,982.0
2026-05-11 21:09:00+00:00,2.12276,2.12682,2.12124,2.12428,1402.0
2026-05-11 21:24:00+00:00,2.12428,2.1396,2.12061,2.13021,1939.0
2026-05-11 21:39:00+00:00,2.13021,2.13368,2.11912,2.12202,1994.0
2026-05-11 21:54:00+00:00,2.12202,2.12953,2.11374,2.12235,2010.0
2026-05-11 22:09:00+00:00,2.12235,2.12424,2.12039,2.12286,2017.0
2026-05-11 22:24:00+00:00,2.12286,2.12597,2.12163,2.1238,2436.0
2026-05-11 22:39:00+00:00,2.1238,2.12484,2.11933,2.12144,1534.0
2026-05-11 22:54:00+00:00,2.12144,2.1263,2.11518,2.12289,1446.0
2026-05-11 23:09:00+00:00,2.12289,2.12717,2.12256,2.12704,1913.0
2026-05-11 23:24:00+00:00,2.12704,2.1278,2.12611,2.12682,1253.0
2026-05-11 23:39:00+00:00,2.12682,2.14094,2.12382,2.13199,1514.0
2026-05-11 23:54:00+00:00,2.13199,2.1347,2.12645,2.12751,913.0
2026-05-12 00:09:00+00:00,2.12751,2.13786,2.1259,2.13458,2338.0
2026-05-12 00:24:00+00:00,2.13458,2.13781,2.1304,2.13291,1180.0
2026-05-12 00:39:00+00:00,2.13291,2.13353,2.12524,2.1269,2077.0
2026-05-12 00:54:00+00:00,2.1269,2.13642,2.10954,2.11602,1850.0
2026-05-12 01:09:00+00:00,2.11602,2.12114,2.10775,2.11138,2204.0
2026-05-12 01:24:00+00:00,2.11138,2.12436,2.10791,2.1213,1203.0
2026-05-12 01:39:00+00:00,2.1213,2.12443,2.1182,2.12107,1556.0
2026-05-12 01:54:00+00:00,2.12107,2.12603,2.11962,2.12437,1889.0
2026-05-12 02:09:00+00:00,2.12437,2.12663,2.12094,2.12339,2245.0
2026-05-12 02:24:00+00:00,2.12339,2.13131,2.11627,2.12729,1968.0
2026-05-12 02:39:00+00:00,2.12729,2.13602,2.11788,2.12303,2055.0
2026-05-12 02:54:00+00:00,2.12303,2.12459,2.11376,2.1147,1412.0
2026-05-12 03:09:00+00:00,2.1147,2.11994,2.10275,2.10865,1233.0
2026-05-12 03:24:00+00:00,2.10865,2.11898,2.10697,2.11521,1581.0
2026-05-12 03:39:00+00:00,2.11521,2.11958,2.10099,2.104,1818.0
2026-05-12 03:54:00+00:00,2.104,2.11314,2.09809,2.10173,1198.0
2026-05-12 04:09:00+00:00,2.10173,2.10608,2.09826,2.10368,1995.0
2026-05-12 04:24:00+00:00,2.10368,2.10746,2.09726,2.10498,824.0
2026-05-12 04:39:00+00:00,2.10498,2.1072,2.09807,2.10164,2039.0
2026-05-12 04:54:00+00:00,2.10164,2.11692,2.08771,2.09943,882.0
2026-05-12 05:09:00+00:00,2.09943,2.10967,2.09331,2.09713,1810.0
2026-05-12 05:24:00+00:00,2.09713,2.1037,2.09242,2.097,842.0
2026-05-12 05:39:00+00:00,2.097,2.10083,2.07695,2.08143,1381.0
2026-05-12 05:54:00+00:00,2.08143,2.09277,2.0632,2.07585,1152.0
2026-05-12 06:09:00+00:00,2.07585,2.0766,2.06306,2.06376,879.0
2026-05-12 06:24:00+00:00,2.06376,2.08071,2.05845,2.0769,1874.0
2026-05-12 06:39:00+00:00,2.0769,2.08092,2.06684,2.0725,1820.0
2026-05-12 06:54:00+00:00,2.0725,2.07384,2.06742,2.06946,2222.0
2026-05-12 07:09:00+00:00,2.06946,2.07731,2.0643,2.07171,3629.0
2026-05-12 07:24:00+00:00,2.07171,2.07291,2.06709,2.06834,1589.0
2026-05-12 07:39:00+00:00,2.06834,2.06861,2.06086,2.06096,2876.0
2026-05-12 07:54:00+00:00,2.06096,2.06231,2.05913,2.05964,3130.0
2026-05-12 08:09:00+00:00,2.05964,2.06941,2.05817,2.06345,1820.0
2026-05-12 08:24:00+00:00,2.06345,2.06616,2.05905,2.06316,2629.0
2026-05-12 08:39:00+00:00,2.06316,2.07588,2.06295,2.07564,3718.0
2026-05-12 08:54:00+00:00,2.07564,2.08592,2.07088,2.07962,2082.0
2026-05-12 09:09:00+00:00,2.07962,2.08145,2.06899,2.0711,3629.0
2026-05-12 09:24:00+00:00,2.0711,2.07323,2.06978,2.07141,2988.0
2026-05-12 09:39:00+00:00,2.07141,2.07154,2.06937,2.06946,3028.0
2026-05-12 09:54:00+00:00,2.06946,2.07573,2.05605,2.06116,3653.0
2026-05-12 10:09:00+00:00,2.06116,2.07341,2.05523,2.06748,1487.0
2026-05-12 10:24:00+00:00,2.06748,2.06783,2.05444,2.05539,2946.0
2026-05-12 10:39:00+00:00,2.05539,2.07624,2.05031,2.07057,2937.0
2026-05-12 10:54:00+00:00,2.07057,2.07366,2.06919,2.07274,3023.0
2026-05-12 11:09:00+00:00,2.07274,2.0824,2.05842,2.0659,2225.0
2026-05-12 11:24:00+00:00,2.0659,2.06921,2.05498,2.05907,2887.0
2026-05-12 11:39:00+00:00,2.05907,2.0766,2.04937,2.06568,3573.0
2026-05-12 11:54:00+00:00,2.06568,2.06817,2.06484,2.06694,3039.0
2026-05-12 12:09:00+00:00,2.06694,2.07166,2.06288,2.06576,3633.0
2026-05-12 12:24:00+00:00,2.06576,2.06824,2.06391,2.06752,1672.0
2026-05-12 12:39:00+00:00,2.06752,2.06813,2.06702,2.06744,1744.0
2026-05-12 12:54:00+00:00,2.06744,2.07109,2.06318,2.06667,2673.0
2026-05-12 13:09:00+00:00,2.06667,2.07035,2.06455,2.06623,3303.0
2026-05-12 13:24:00+00:00,2.06623,2.07944,2.06503,2.07515,3433.0
2026-05-12 13:39:00+00:00,2.07515,2.08246,2.07447,2.08198,3104.0
2026-05-12 13:54:00+00:00,2.08198,2.08667,2.06962,2.07197,3296.0
2026-05-12 14:09:00+00:00,2.07197,2.07803,2.06552,2.07071,4179.0
2026-05-12 14:24:00+00:00,2.07071,2.07224,2.06365,2.06449,3415.0
2026-05-12 14:39:00+00:00,2.06449,2.06707,2.06387,2.06674,4161.0
2026-05-12 14:54:00+00:00,2.06674,2.0716,2.06407,2.07025,3930.0
2026-05-12 15:09:00+00:00,2.07025,2.07632,2.05577,2.06108,3594.0
2026-05-12 15:24:00+00:00,2.06108,2.06712,2.04614,2.05467,3289.0
2026-05-12 15:39:00+00:00,2.05467,2.05983,2.04345,2.04908,3998.0
2026-05-12 15:54:00+00:00,2.04908,2.04982,2.04128,2.04229,3760.0
2026-05-12 16:09:00+00:00,2.04229,2.04799,2.0405,2.04632,2188.0
2026-05-12 16:24:00+00:00,2.04632,2.05361,2.04402,2.04892,2668.0
2026-05-12 16:39:00+00:00,2.04892,2.05497,2.03956,2.04337,3367.0
2026-05-12 16:54:00+00:00,2.04337,2.04749,2.03358,2.03475,2358.0
2026-05-12 17:09:00+00:00,2.03475,2.03651,2.02876,2.03206,1222.0
2026-05-12 17:24:00+00:00,2.03206,2.03305,2.0243,2.02567,2206.0
2026-05-12 17:39:00+00:00,2.02567,2.03472,2.0236,2.03372,858.0
2026-05-12 17:54:00+00:00,2.03372,2.03376,2.01743,2.01747,824.0
2026-05-12 18:09:00+00:00,2.01747,2.01871,2.00321,2.00919,2107.0
2026-05-12 18:24:00+00:00,2.00919,2.00966,2.00078,2.00108,1046.0
2026-05-12 18:39:00+00:00,2.00108,2.0154,1.99141,2.00874,1053.0
2026-05-12 18:54:00+00:00,2.00874,2.00949,2.00484,2.00824,1910.0
2026-05-12 19:09:00+00:00,2.00824,2.01116,2.00422,2.00708,1481.0
2026-05-12 19:24:00+00:00,2.00708,2.02207,2.00036,2.01944,1566.0
2026-05-12 19:39:00+00:00,2.01944,2.02468,1.99619,2.00687,1317.0
2026-05-12 19:54:00+00:00,2.00687,2.02095,2.00478,2.01834,1446.0
2026-05-12 20:09:00+00:00,2.01834,2.02378,2.018,2.02333,1535.0
2026-05-12 20:24:00+00:00,2.02333,2.02682,2.02034,2.02304,2043.0
2026-05-12 20:39:00+00:00,2.02304,2.03024,2.01649,2.01967,1603.0
2026-05-12 20:54:00+00:00,2.01967,2.03009,2.01483,2.02611,1303.0
2026-05-12 21:09:00+00:00,2.02611,2.02808,2.01478,2.01667,1899.0
2026-05-12 21:24:00+00:00,2.01667,2.02307,2.01381,2.02045,2407.0
2026-05-12 21:39:00+00:00,2.02045,2.02362,2.01438,2.0175,2130.0
2026-05-12 21:54:00+00:00,2.0175,2.02713,2.01486,2.02566,2267.0
2026-05-12 22:09:00+00:00,2.02566,2.03845,2.02229,2.03745,1426.0
2026-05-12 22:24:00+00:00,2.03745,2.0408,2.03595,2.0399,1320.0
2026-05-12 22:39:00+00:00,2.0399,2.05263,2.03831,2.04922,1035.0
2026-05-12 22:54:00+00:00,2.04922,2.05156,2.03849,2.0396,2426.0
2026-05-12 23:09:00+00:00,2.0396,2.04261,2.03844,2.04106,1325.0
2026-05-12 23:24:00+00:00,2.04106,2.04627,2.0403,2.04424,1236.0
2026-05-12 23:39:00+00:00,2.04424,2.05985,2.04154,2.05722,2410.0
2026-05-12 23:54:00+00:00,2.05722,2.06685,2.04817,2.05973,1322.0
2026-05-13 00:09:00+00:00,2.05973,2.06368,2.05153,2.05502,940.0
2026-05-13 00:24:00+00:00,2.05502,2.05853,2.04466,2.04965,1306.0
2026-05-13 00:39:00+00:00,2.04965,2.06061,2.04151,2.05356,2433.0
2026-05-13 00:54:00+00:00,2.05356,2.05358,2.04489,2.04491,1630.0
2026-05-13 01:09:00+00:00,2.04491,2.0513,2.04427,2.0503,1080.0
2026-05-13 01:24:00+00:00,2.0503,2.05312,2.04212,2.04501,1341.0
2026-05-13 01:39:00+00:00,2.04501,2.05618,2.04151,2.04691,1082.0
2026-05-13 01:54:00+00:00,2.04691,2.0515,2.04293,2.04574,1011.0
2026-05-13 02:09:00+00:00,2.04574,2.04716,2.043,2.04483,1919.0
2026-05-13 02:24:00+00:00,2.04483,2.04703,2.04434,2.04623,1383.0
2026-05-13 02:39:00+00:00,2.04623,2.04963,2.03812,2.0418,866.0
2026-05-13 02:54:00+00:00,2.0418,2.04603,2.03662,2.04154,854.0
2026-05-13 03:09:00+00:00,2.04154,2.04754,2.03966,2.04507,1616.0
2026-05-13 03:24:00+00:00,2.04507,2.0492,2.04225,2.04552,1950.0
2026-05-13 03:39:00+00:00,2.04552,2.04602,2.04368,2.04498,2392.0
2026-05-13 03:54:00+00:00,2.04498,2.04792,2.03046,2.03378,2006.0
2026-05-13 04:09:00+00:00,2.03378,2.04981,2.03313,2.04904,1900.0
2026-05-13 04:24:00+00:00,2.04904,2.05218,2.04309,2.04597,1876.0
2026-05-13 04:39:00+00:00,2.04597,2.067,2.04525,2.06356,1477.0
2026-05-13 04:54:00+00:00,2.06356,2.07309,2.05724,2.0669,1687.0
2026-05-13 05:09:00+00:00,2.0669,2.06907,2.06295,2.06577,1346.0
2026-05-13 05:24:00+00:00,2.06577,2.07832,2.06116,2.06961,1122.0
2026-05-13 05:39:00+00:00,2.06961,2.07174,2.0686,2.06975,2347.0
2026-05-13 05:54:00+00:00,2.06975,2.0745,2.06564,2.07182,2441.0
2026-05-13 06:09:00+00:00,2.07182,2.07434,2.07047,2.07321,1522.0
2026-05-13 06:24:00+00:00,2.07321,2.07473,2.07278,2.07442,1227.0
2026-05-13 06:39:00+00:00,2.07442,2.07535,2.07264,2.07348,2206.0
2026-05-13 06:54:00+00:00,2.07348,2.07432,2.06195,2.06369,2307.0
2026-05-13 07:09:00+00:00,2.06369,2.06739,2.06214,2.06333,3140.0
2026-05-13 07:24:00+00:00,2.06333,2.06674,2.06052,2.06483,3898.0
2026-05-13 07:39:00+00:00,2.06483,2.06623,2.05566,2.05706,1792.0
2026-05-13 07:54:00+00:00,2.05706,2.06242,2.05691,2.06229,4066.0
2026-05-13 08:09:00+00:00,2.06229,2.06578,2.05588,2.06058,3801.0
2026-05-13 08:24:00+00:00,2.06058,2.06574,2.05788,2.06078,4152.0
2026-05-13 08:39:00+00:00,2.06078,2.07599,2.0556,2.06849,2611.0
2026-05-13 08:54:00+00:00,2.06849,2.06957,2.06628,2.06747,2008.0
2026-05-13 09:09:00+00:00,2.06747,2.07049,2.06042,2.06794,2947.0
2026-05-13 09:24:00+00:00,2.06794,2.07696,2.06502,2.07411,2166.0
2026-05-13 09:39:00+00:00,2.07411,2.08793,2.06728,2.08277,3164.0
2026-05-13 09:54:00+00:00,2.08277,2.09386,2.07934,2.08955,2726.0
2026-05-13 10:09:00+00:00,2.08955,2.0935,2.07757,2.08232,3493.0
2026-05-13 10:24:00+00:00,2.08232,2.09697,2.08014,2.09015,2293.0
2026-05-13 10:39:00+00:00,2.09015,2.09116,2.08992,2.09051,3485.0
2026-05-13 10:54:00+00:00,2.09051,2.09569,2.08702,2.08971,1620.0
2026-05-13 11:09:00+00:00,2.08971,2.0968,2.08961,2.09643,3899.0
2026-05-13 11:24:00+00:00,2.09643,2.09798,2.08595,2.09227,1554.0
2026-05-13 11:39:00+00:00,2.09227,2.10737,2.08577,2.09473,2041.0
2026-05-13 11:54:00+00:00,2.09473,2.10988,2.09356,2.10791,1541.0
2026-05-13 12:09:00+00:00,2.10791,2.1177,2.10198,2.11246,3570.0
2026-05-13 12:24:00+00:00,2.11246,2.121,2.09738,2.10029,3210.0
2026-05-13 12:39:00+00:00,2.10029,2.1105,2.09962,2.10954,2915.0
2026-05-13 12:54:00+00:00,2.10954,2.11387,2.10891,2.11287,3048.0
2026-05-13 13:09:00+00:00,2.11287,2.12483,2.10588,2.12032,1803.0
2026-05-13 13:24:00+00:00,2.12032,2.12796,2.103,2.10961,2621.0
2026-05-13 13:39:00+00:00,2.10961,2.11499,2.10747,2.11373,1880.0
2026-05-13 13:54:00+00:00,2.11373,2.11521,2.10505,2.10637,3408.0
2026-05-13 14:09:00+00:00,2.10637,2.10705,2.0935,2.09506,3585.0
2026-05-13 14:24:00+00:00,2.09506,2.10151,2.08932,2.09585,1828.0
2026-05-13 14:39:00+00:00,2.09585,2.09792,2.08942,2.0908,2349.0
2026-05-13 14:54:00+00:00,2.0908,2.1047,2.07964,2.10052,3423.0
2026-05-13 15:09:00+00:00,2.10052,2.11077,2.09904,2.10992,3503.0
2026-05-13 15:24:00+00:00,2.10992,2.12089,2.10622,2.11578,1735.0
2026-05-13 15:39:00+00:00,2.11578,2.11694,2.10079,2.10519,2646.0
2026-05-13 15:54:00+00:00,2.10519,2.11755,2.10141,2.11292,2232.0
2026-05-13 16:09:00+00:00,2.11292,2.1202,2.11173,2.11862,1819.0
2026-05-13 16:24:00+00:00,2.11862,2.12033,2.11087,2.11354,960.0
2026-05-13 16:39:00+00:00,2.11354,2.11747,2.11171,2.11275,948.0
2026-05-13 16:54:00+00:00,2.11275,2.11576,2.10772,2.11225,1576.0
2026-05-13 17:09:00+00:00,2.11225,2.1131,2.1112,2.11224,425.0
2026-05-13 17:24:00+00:00,2.11224,2.11264,2.10965,2.11014,842.0
2026-05-13 17:39:00+00:00,2.11014,2.11428,2.10337,2.10535,1142.0
2026-05-13 17:54:00+00:00,2.10535,2.10581,2.10125,2.10299,849.0
2026-05-13 18:09:00+00:00,2.10299,2.10606,2.10263,2.10536,447.0
2026-05-13 18:24:00+00:00,2.10536,2.10892,2.10425,2.1074,1012.0
2026-05-13 18:39:00+00:00,2.1074,2.10841,2.1034,2.10454,606.0
2026-05-13 18:54:00+00:00,2.10454,2.10582,2.10242,2.10359,618.0
2026-05-13 19:09:00+00:00,2.10359,2.10832,2.10002,2.10494,943.0
2026-05-13 19:24:00+00:00,2.10494,2.10679,2.10428,2.10624,786.0
2026-05-13 19:39:00+00:00,2.10624,2.10772,2.10197,2.10539,568.0
2026-05-13 19:54:00+00:00,2.10539,2.10885,2.10281,2.10637,997.0
2026-05-13 20:09:00+00:00,2.10637,2.10784,2.10602,2.10754,810.0
2026-05-13 20:24:00+00:00,2.10754,2.10856,2.10649,2.10789,928.0
2026-05-13 20:39:00+00:00,2.10789,2.10801,2.10663,2.10676,980.0
2026-05-13 20:54:00+00:00,2.10676,2.10937,2.10199,2.10531,1102.0
2026-05-13 21:09:00+00:00,2.10531,2.10677,2.10462,2.10603,583.0
2026-05-13 21:24:00+00:00,2.10603,2.10695,2.10396,2.10585,438.0
2026-05-13 21:39:00+00:00,2.10585,2.10777,2.10176,2.10285,1081.0
2026-05-13 21:54:00+00:00,2.10285,2.10363,2.09804,2.09976,697.0
2026-05-13 22:09:00+00:00,2.09976,2.10451,2.09931,2.10436,1098.0
2026-05-13 22:24:00+00:00,2.10436,2.10651,2.09705,2.09805,764.0
2026-05-13 22:39:00+00:00,2.09805,2.09878,2.09398,2.09464,1032.0
2026-05-13 22:54:00+00:00,2.09464,2.09836,2.09231,2.09682,850.0
2026-05-13 23:09:00+00:00,2.09682,2.09909,2.09657,2.09869,509.0
2026-05-13 23:24:00+00:00,2.09869,2.10081,2.09693,2.09743,486.0
2026-05-13 23:39:00+00:00,2.09743,2.09764,2.09337,2.09347,970.0
2026-05-13 23:54:00+00:00,2.09347,2.09793,2.09219,2.09658,883.0
2026-05-14 00:09:00+00:00,2.09658,2.09771,2.09127,2.09248,807.0
2026-05-14 00:24:00+00:00,2.09248,2.09496,2.09048,2.0937,404.0
2026-05-14 00:39:00+00:00,2.0937,2.09496,2.08631,2.08825,510.0
2026-05-14 00:54:00+00:00,2.08825,2.08993,2.08395,2.08483,706.0
2026-05-14 01:09:00+00:00,2.08483,2.09247,2.08349,2.08946,599.0
2026-05-14 01:24:00+00:00,2.08946,2.09186,2.08851,2.09123,631.0
2026-05-14 01:39:00+00:00,2.09123,2.09627,2.09038,2.09605,521.0
2026-05-14 01:54:00+00:00,2.09605,2.10205,2.09411,2.10048,998.0
2026-05-14 02:09:00+00:00,2.10048,2.10184,2.09942,2.10142,731.0
2026-05-14 02:24:00+00:00,2.10142,2.1053,2.09676,2.10017,533.0
2026-05-14 02:39:00+00:00,2.10017,2.10805,2.09961,2.10785,1128.0
2026-05-14 02:54:00+00:00,2.10785,2.10836,2.10731,2.10762,1155.0
2026-05-14 03:09:00+00:00,2.10762,2.10999,2.10616,2.10738,1067.0
2026-05-14 03:24:00+00:00,2.10738,2.10953,2.10594,2.10902,550.0
2026-05-14 03:39:00+00:00,2.10902,2.11077,2.1038,2.10749,647.0
2026-05-14 03:54:00+00:00,2.10749,2.10767,2.10474,2.10488,489.0
2026-05-14 04:09:00+00:00,2.10488,2.10659,2.09989,2.10126,640.0
2026-05-14 04:24:00+00:00,2.10126,2.10356,2.09742,2.10003,1020.0
2026-05-14 04:39:00+00:00,2.10003,2.10197,2.09652,2.09857,436.0
2026-05-14 04:54:00+00:00,2.09857,2.10415,2.09514,2.09705,722.0
2026-05-14 05:09:00+00:00,2.09705,2.10507,2.08044,2.08971,1012.0
2026-05-14 05:24:00+00:00,2.08971,2.09016,2.08406,2.08589,1182.0
2026-05-14 05:39:00+00:00,2.08589,2.08702,2.08225,2.08444,714.0
2026-05-14 05:54:00+00:00,2.08444,2.08452,2.08095,2.08107,979.0
2026-05-14 06:09:00+00:00,2.08107,2.08153,2.08088,2.0813,910.0
2026-05-14 06:24:00+00:00,2.0813,2.08142,2.0804,2.08055,661.0
2026-05-14 06:39:00+00:00,2.08055,2.08372,2.0789,2.08125,418.0
2026-05-14 06:54:00+00:00,2.08125,2.08534,2.08089,2.08448,602.0
2026-05-14 07:09:00+00:00,2.08448,2.08452,2.08085,2.08088,762.0
2026-05-14 07:24:00+00:00,2.08088,2.08462,2.07958,2.08305,1553.0
2026-05-14 07:39:00+00:00,2.08305,2.08687,2.0816,2.08507,850.0
2026-05-14 07:54:00+00:00,2.08507,2.08703,2.0803,2.0813,1970.0
2026-05-14 08:09:00+00:00,2.0813,2.0821,2.07786,2.07936,1753.0
2026-05-14 08:24:00+00:00,2.07936,2.08168,2.07207,2.07319,734.0
2026-05-14 08:39:00+00:00,2.07319,2.07757,2.06945,2.07207,1845.0
2026-05-14 08:54:00+00:00,2.07207,2.07323,2.066,2.06783,869.0
2026-05-14 09:09:00+00:00,2.06783,2.0696,2.06746,2.06937,869.0
2026-05-14 09:24:00+00:00,2.06937,2.07364,2.06622,2.06933,1317.0
2026-05-14 09:39:00+00:00,2.06933,2.07041,2.06548,2.06715,777.0
2026-05-14 09:54:00+00:00,2.06715,2.0698,2.06182,2.06339,2075.0
2026-05-14 10:09:00+00:00,2.06339,2.06369,2.05652,2.05717,1127.0
2026-05-14 10:24:00+00:00,2.05717,2.05909,2.05082,2.05324,1106.0
2026-05-14 10:39:00+00:00,2.05324,2.05417,2.0443,2.04528,969.0
2026-05-14 10:54:00+00:00,2.04528,2.04686,2.04233,2.04357,1775.0
2026-05-14 11:09:00+00:00,2.04357,2.04945,2.03936,2.04748,1005.0
2026-05-14 11:24:00+00:00,2.04748,2.04897,2.04462,2.04556,2040.0
2026-05-14 11:39:00+00:00,2.04556,2.04682,2.03629,2.03879,1742.0
2026-05-14 11:54:00+00:00,2.03879,2.04635,2.03679,2.04407,941.0
2026-05-14 12:09:00+00:00,2.04407,2.04459,2.04081,2.04125,993.0
2026-05-14 12:24:00+00:00,2.04125,2.04195,2.04043,2.04101,2010.0
2026-05-14 12:39:00+00:00,2.04101,2.04226,2.02918,2.03321,994.0
2026-05-14 12:54:00+00:00,2.03321,2.03391,2.03091,2.03173,2117.0
2026-05-14 13:09:00+00:00,2.03173,2.03299,2.0263,2.02842,1910.0
2026-05-14 13:24:00+00:00,2.02842,2.02934,2.02555,2.02653,759.0
2026-05-14 13:39:00+00:00,2.02653,2.03037,2.02466,2.02885,1399.0
2026-05-14 13:54:00+00:00,2.02885,2.03633,2.02506,2.0324,1243.0
2026-05-14 14:09:00+00:00,2.0324,2.0328,2.03073,2.03121,1268.0
2026-05-14 14:24:00+00:00,2.03121,2.03173,2.02295,2.02397,1224.0
2026-05-14 14:39:00+00:00,2.02397,2.02448,2.01833,2.01864,889.0
2026-05-14 14:54:00+00:00,2.01864,2.0251,2.01631,2.02362,1887.0
2026-05-14 15:09:00+00:00,2.02362,2.03255,2.02,2.02647,1639.0
2026-05-14 15:24:00+00:00,2.02647,2.0316,2.02474,2.03034,741.0
2026-05-14 15:39:00+00:00,2.03034,2.03101,2.02677,2.02839,802.0
2026-05-14 15:54:00+00:00,2.02839,2.03056,2.02745,2.02881,1742.0
2026-05-14 16:09:00+00:00,2.02881,2.03078,2.02423,2.02819,1975.0
2026-05-14 16:24:00+00:00,2.02819,2.02845,2.02638,2.0268,1891.0
2026-05-14 16:39:00+00:00,2.0268,2.02909,2.02223,2.0233,1870.0
2026-05-14 16:54:00+00:00,2.0233,2.02391,2.0132,2.01489,1590.0
2026-05-14 17:09:00+00:00,2.01489,2.01747,2.01355,2.01631,858.0
2026-05-14 17:24:00+00:00,2.01631,2.0176,2.01429,2.01561,1042.0
2026-05-14 17:39:00+00:00,2.01561,2.01567,2.01052,2.01067,1043.0
2026-05-14 17:54:00+00:00,2.01067,2.02218,2.00988,2.02094,777.0
2026-05-14 18:09:00+00:00,2.02094,2.02114,2.01885,2.01916,454.0
2026-05-14 18:24:00+00:00,2.01916,2.02011,2.01734,2.01776,822.0
2026-05-14 18:39:00+00:00,2.01776,2.01927,2.01469,2.01652,646.0
2026-05-14 18:54:00+00:00,2.01652,2.02308,2.01576,2.02121,842.0
2026-05-14 19:09:00+00:00,2.02121,2.02167,2.02121,2.02167,852.0
2026-05-14 19:24:00+00:00,2.02167,2.02183,2.02139,2.02146,1028.0
2026-05-14 19:39:00+00:00,2.02146,2.02198,2.02007,2.02071,490.0
2026-05-14 19:54:00+00:00,2.02071,2.02141,2.0195,2.0199,724.0
2026-05-14 20:09:00+00:00,2.0199,2.02326,2.01774,2.02263,808.0
2026-05-14 20:24:00+00:00,2.02263,2.0247,2.0203,2.02321,959.0
2026-05-14 20:39:00+00:00,2.02321,2.02396,2.02186,2.02214,648.0
2026-05-14 20:54:00+00:00,2.02214,2.02626,2.01751,2.02166,702.0
2026-05-14 21:09:00+00:00,2.02166,2.02398,2.02107,2.02319,706.0
2026-05-14 21:24:00+00:00,2.02319,2.02427,2.02178,2.02242,906.0
2026-05-14 21:39:00+00:00,2.02242,2.02506,2.01973,2.02342,791.0
2026-05-14 21:54:00+00:00,2.02342,2.02361,2.01789,2.01825,898.0
2026-05-14 22:09:00+00:00,2.01825,2.02081,2.01507,2.01884,445.0
2026-05-14 22:24:00+00:00,2.01884,2.0269,2.01545,2.0212,634.0
2026-05-14 22:39:00+00:00,2.0212,2.02494,2.02027,2.02352,1128.0
2026-05-14 22:54:00+00:00,2.02352,2.02412,2.02185,2.02232,1111.0
2026-05-14 23:09:00+00:00,2.02232,2.02478,2.02219,2.02458,1018.0
2026-05-14 23:24:00+00:00,2.02458,2.02738,2.02346,2.027,1149.0
2026-05-14 23:39:00+00:00,2.027,2.03014,2.02661,2.02964,682.0
2026-05-14 23:54:00+00:00,2.02964,2.03177,2.02958,2.03175,889.0
2026-05-15 00:09:00+00:00,2.03175,2.03578,2.02702,2.03137,505.0
2026-05-15 00:24:00+00:00,2.03137,2.03538,2.02925,2.03286,783.0
2026-05-15 00:39:00+00:00,2.03286,2.0352,2.03101,2.03325,1158.0
2026-05-15 00:54:00+00:00,2.03325,2.03965,2.03019,2.03493,774.0
2026-05-15 01:09:00+00:00,2.03493,2.03535,2.03223,2.03365,826.0
2026-05-15 01:24:00+00:00,2.03365,2.04124,2.03002,2.03795,986.0
2026-05-15 01:39:00+00:00,2.03795,2.04374,2.03718,2.04281,550.0
2026-05-15 01:54:00+00:00,2.04281,2.04702,2.03224,2.03718,1125.0
2026-05-15 02:09:00+00:00,2.03718,2.03901,2.03367,2.03602,574.0
2026-05-15 02:24:00+00:00,2.03602,2.03698,2.03095,2.03206,426.0
2026-05-15 02:39:00+00:00,2.03206,2.03258,2.02942,2.02954,802.0
2026-05-15 02:54:00+00:00,2.02954,2.02969,2.02542,2.02572,601.0
2026-05-15 03:09:00+00:00,2.02572,2.02707,2.01967,2.02411,625.0
2026-05-15 03:24:00+00:00,2.02411,2.02739,2.0178,2.02172,586.0
2026-05-15 03:39:00+00:00,2.02172,2.02575,2.02052,2.02506,1174.0
2026-05-15 03:54:00+00:00,2.02506,2.02819,2.01874,2.02094,1004.0
2026-05-15 04:09:00+00:00,2.02094,2.02221,2.01692,2.01796,1144.0
2026-05-15 04:24:00+00:00,2.01796,2.0198,2.01765,2.01916,956.0
2026-05-15 04:39:00+00:00,2.01916,2.01974,2.01517,2.0163,1038.0
2026-05-15 04:54:00+00:00,2.0163,2.0187,2.011,2.015,527.0
2026-05-15 05:09:00+00:00,2.015,2.01759,2.01449,2.01726,602.0
2026-05-15 05:24:00+00:00,2.01726,2.01792,2.01217,2.01279,694.0
2026-05-15 05:39:00+00:00,2.01279,2.01509,2.00541,2.00948,1037.0
2026-05-15 05:54:00+00:00,2.00948,2.01538,2.00821,2.01458,742.0
2026-05-15 06:09:00+00:00,2.01458,2.01482,2.01305,2.01327,1158.0
2026-05-15 06:24:00+00:00,2.01327,2.02283,2.01114,2.02079,1125.0
2026-05-15 06:39:00+00:00,2.02079,2.02485,2.02009,2.02425,918.0
2026-05-15 06:54:00+00:00,2.02425,2.02916,2.01755,2.02388,809.0
2026-05-15 07:09:00+00:00,2.02388,2.02611,2.01647,2.01933,728.0
2026-05-15 07:24:00+00:00,2.01933,2.02199,2.01594,2.01829,1378.0
2026-05-15 07:39:00+00:00,2.01829,2.02381,2.01049,2.01409,1733.0
2026-05-15 07:54:00+00:00,2.01409,2.01562,2.01238,2.01382,1698.0
2026-05-15 08:09:00+00:00,2.01382,2.01573,2.00679,2.00816,792.0
2026-05-15 08:24:00+00:00,2.00816,2.0142,2.00636,2.01095,755.0
2026-05-15 08:39:00+00:00,2.01095,2.0118,2.00601,2.00639,1382.0
2026-05-15 08:54:00+00:00,2.00639,2.00849,2.00402,2.00765,892.0
2026-05-15 09:09:00+00:00,2.00765,2.00815,2.00644,2.00682,1092.0
2026-05-15 09:24:00+00:00,2.00682,2.00902,2.00217,2.00487,1386.0
2026-05-15 09:39:00+00:00,2.00487,2.00635,2.00239,2.0055,1245.0
2026-05-15 09:54:00+00:00,2.0055,2.01018,1.99811,2.00498,785.0
2026-05-15 10:09:00+00:00,2.00498,2.00566,2.00239,2.00319,2075.0
2026-05-15 10:24:00+00:00,2.00319,2.00728,1.99924,2.00376,1572.0
2026-05-15 10:39:00+00:00,2.00376,2.007,1.99249,1.99955,1771.0
2026-05-15 10:54:00+00:00,1.99955,1.99959,1.99719,1.9973,914.0
2026-05-15 11:09:00+00:00,1.9973,1.99943,1.99351,1.99472,998.0
2026-05-15 11:24:00+00:00,1.99472,1.99575,1.99209,1.99395,997.0
2026-05-15 11:39:00+00:00,1.99395,1.99804,1.99347,1.99754,1579.0
2026-05-15 11:54:00+00:00,1.99754,2.00233,1.99044,1.99185,1862.0
2026-05-15 12:09:00+00:00,1.99185,1.99412,1.98993,1.99322,1778.0
2026-05-15 12:24:00+00:00,1.99322,1.99967,1.99248,1.99846,998.0
2026-05-15 12:39:00+00:00,1.99846,2.0021,1.99606,1.9978,1228.0
2026-05-15 12:54:00+00:00,1.9978,1.99794,1.99261,1.99269,1464.0
2026-05-15 13:09:00+00:00,1.99269,1.99393,1.99021,1.99276,1268.0
2026-05-15 13:24:00+00:00,1.99276,1.99579,1.98576,1.98873,805.0
2026-05-15 13:39:00+00:00,1.98873,1.99139,1.98856,1.99073,2115.0
2026-05-15 13:54:00+00:00,1.99073,1.99282,1.98758,1.98932,1428.0
2026-05-15 14:09:00+00:00,1.98932,1.99257,1.98856,1.99136,1774.0
2026-05-15 14:24:00+00:00,1.99136,1.99217,1.98829,1.98855,1725.0
2026-05-15 14:39:00+00:00,1.98855,1.98907,1.98717,1.98811,1043.0
2026-05-15 14:54:00+00:00,1.98811,1.99129,1.9841,1.98489,1477.0
2026-05-15 15:09:00+00:00,1.98489,1.98534,1.9826,1.98316,955.0
2026-05-15 15:24:00+00:00,1.98316,1.98568,1.9829,1.9856,1186.0
2026-05-15 15:39:00+00:00,1.9856,1.99108,1.98546,1.99082,1225.0
2026-05-15 15:54:00+00:00,1.99082,1.99636,1.99077,1.99631,743.0
2026-05-15 16:09:00+00:00,1.99631,2.00436,1.99385,2.00244,1120.0
2026-05-15 16:24:00+00:00,2.00244,2.00632,2.0011,2.00435,1371.0
2026-05-15 16:39:00+00:00,2.00435,2.00612,2.0036,2.00497,1267.0
2026-05-15 16:54:00+00:00,2.00497,2.0057,1.99808,1.9993,1203.0
2026-05-15 17:09:00+00:00,1.9993,2.00109,1.99797,2.00014,742.0
2026-05-15 17:24:00+00:00,2.00014,2.00826,1.99836,2.006,1079.0
2026-05-15 17:39:00+00:00,2.006,2.0068,2.0039,2.00526,1056.0
2026-05-15 17:54:00+00:00,2.00526,2.0083,2.00385,2.00494,502.0
2026-05-15 18:09:00+00:00,2.00494,2.00751,2.00258,2.00592,1098.0
2026-05-15 18:24:00+00:00,2.00592,2.00931,2.00474,2.00828,1186.0
2026-05-15 18:39:00+00:00,2.00828,2.01643,2.00459,2.0126,838.0
2026-05-15 18:54:00+00:00,2.0126,2.01928,2.01108,2.018,547.0
2026-05-15 19:09:00+00:00,2.018,2.01926,2.01371,2.01585,442.0
2026-05-15 19:24:00+00:00,2.01585,2.01912,2.00393,2.00616,859.0
2026-05-15 19:39:00+00:00,2.00616,2.00787,2.0048,2.00589,858.0
2026-05-15 19:54:00+00:00,2.00589,2.00673,2.00408,2.00473,539.0
2026-05-15 20:09:00+00:00,2.00473,2.00766,2.00009,2.00397,790.0
2026-05-15 20:24:00+00:00,2.00397,2.00654,2.00222,2.00506,525.0
2026-05-15 20:39:00+00:00,2.00506,2.01036,2.00235,2.00804,495.0
2026-05-15 20:54:00+00:00,2.00804,2.00993,2.00722,2.00906,1078.0
2026-05-15 21:09:00+00:00,2.00906,2.01101,2.00811,2.0104,1008.0
2026-05-15 21:24:00+00:00,2.0104,2.01079,2.00762,2.00851,425.0
2026-05-15 21:39:00+00:00,2.00851,2.01013,2.00092,2.00359,939.0
2026-05-15 21:54:00+00:00,2.00359,2.00608,1.99331,1.99597,866.0
2026-05-15 22:09:00+00:00,1.99597,2.00165,1.99249,1.99468,1106.0
2026-05-15 22:24:00+00:00,1.99468,1.99808,1.99414,1.99704,554.0
2026-05-15 22:39:00+00:00,1.99704,1.99717,1.99356,1.9937,605.0
2026-05-15 22:54:00+00:00,1.9937,1.99625,1.98774,1.99153,1112.0
2026-05-15 23:09:00+00:00,1.99153,1.99327,1.98749,1.99086,445.0
2026-05-15 23:24:00+00:00,1.99086,1.99398,1.98943,1.99246,1095.0
2026-05-15 23:39:00+00:00,1.99246,1.99699,1.99015,1.99489,602.0
2026-05-15 23:54:00+00:00,1.99489,1.99772,1.99458,1.99654,1201.0
2026-05-16 00:09:00+00:00,1.99654,2.00167,1.99618,2.00066,602.0
2026-05-16 00:24:00+00:00,2.00066,2.00097,1.99856,1.99865,954.0
2026-05-16 00:39:00+00:00,1.99865,2.00667,1.99534,2.00192,690.0
2026-05-16 00:54:00+00:00,2.00192,2.00247,2.00076,2.00112,905.0
2026-05-16 01:09:00+00:00,2.00112,2.00165,1.99599,1.99742,1158.0
2026-05-16 01:24:00+00:00,1.99742,2.00334,1.9936,1.99964,711.0
2026-05-16 01:39:00+00:00,1.99964,2.00117,1.99865,1.99927,531.0
2026-05-16 01:54:00+00:00,1.99927,1.99936,1.9946,1.9948,690.0
2026-05-16 02:09:00+00:00,1.9948,1.99655,1.99392,1.99512,753.0
2026-05-16 02:24:00+00:00,1.99512,1.99797,1.99372,1.99558,812.0
2026-05-16 02:39:00+00:00,1.99558,1.996,1.99363,1.99409,977.0
2026-05-16 02:54:00+00:00,1.99409,1.99571,1.994,1.99565,1025.0
2026-05-16 03:09:00+00:00,1.99565,1.99588,1.9925,1.99282,555.0
2026-05-16 03:24:00+00:00,1.99282,1.99304,1.99035,1.99132,642.0
2026-05-16 03:39:00+00:00,1.99132,1.99622,1.98878,1.99202,668.0
2026-05-16 03:54:00+00:00,1.99202,1.9995,1.98409,1.98849,874.0
2026-05-16 04:09:00+00:00,1.98849,1.99158,1.98662,1.98824,781.0
2026-05-16 04:24:00+00:00,1.98824,1.99546,1.98563,1.99405,622.0
2026-05-16 04:39:00+00:00,1.99405,1.99521,1.99168,1.99387,1082.0
2026-05-16 04:54:00+00:00,1.99387,1.99621,1.99019,1.99302,996.0
2026-05-16 05:09:00+00:00,1.99302,1.99484,1.98601,1.98757,1053.0
2026-05-16 05:24:00+00:00,1.98757,1.98787,1.98221,1.98258,1173.0
2026-05-16 05:39:00+00:00,1.98258,1.98757,1.98057,1.98455,784.0
2026-05-16 05:54:00+00:00,1.98455,1.98484,1.97998,1.9802,1182.0
2026-05-16 06:09:00+00:00,1.9802,1.9816,1.97701,1.97785,1046.0
2026-05-16 06:24:00+00:00,1.97785,1.97986,1.97471,1.97807,1186.0
2026-05-16 06:39:00+00:00,1.97807,1.98003,1.97646,1.97726,1022.0
2026-05-16 06:54:00+00:00,1.97726,1.97914,1.97367,1.97512,1050.0
2026-05-16 07:09:00+00:00,1.97512,1.97524,1.97228,1.97237,2111.0
2026-05-16 07:24:00+00:00,1.97237,1.97404,1.97193,1.97347,1224.0
2026-05-16 07:39:00+00:00,1.97347,1.97752,1.96959,1.97444,783.0
2026-05-16 07:54:00+00:00,1.97444,1.97472,1.97409,1.97447,906.0
2026-05-16 08:09:00+00:00,1.97447,1.97587,1.97294,1.97369,1845.0
2026-05-16 08:24:00+00:00,1.97369,1.98205,1.97106,1.9794,1995.0
2026-05-16 08:39:00+00:00,1.9794,1.98121,1.97146,1.97297,1620.0
2026-05-16 08:54:00+00:00,1.97297,1.97855,1.97243,1.97663,1757.0
2026-05-16 09:09:00+00:00,1.97663,1.97695,1.97438,1.97528,1733.0
2026-05-16 09:24:00+00:00,1.97528,1.97571,1.97218,1.97283,1964.0
2026-05-16 09:39:00+00:00,1.97283,1.97403,1.96913,1.97018,1226.0
2026-05-16 09:54:00+00:00,1.97018,1.97088,1.96198,1.96225,770.0
2026-05-16 10:09:00+00:00,1.96225,1.96525,1.96161,1.9646,1021.0
2026-05-16 10:24:00+00:00,1.9646,1.96824,1.96364,1.96641,767.0
2026-05-16 10:39:00+00:00,1.96641,1.9673,1.96198,1.96545,2086.0
2026-05-16 10:54:00+00:00,1.96545,1.97207,1.96299,1.96783,1033.0
2026-05-16 11:09:00+00:00,1.96783,1.97319,1.96715,1.97252,1341.0
2026-05-16 11:24:00+00:00,1.97252,1.97293,1.97136,1.97186,2005.0
2026-05-16 11:39:00+00:00,1.97186,1.97343,1.96586,1.97127,1259.0
2026-05-16 11:54:00+00:00,1.97127,1.97184,1.97124,1.97181,1852.0
2026-05-16 12:09:00+00:00,1.97181,1.97635,1.96968,1.97466,1933.0
2026-05-16 12:24:00+00:00,1.97466,1.97661,1.97135,1.97488,983.0
2026-05-16 12:39:00+00:00,1.97488,1.98054,1.97363,1.97912,1253.0
2026-05-16 12:54:00+00:00,1.97912,1.98324,1.97752,1.9823,2064.0
2026-05-16 13:09:00+00:00,1.9823,1.98351,1.98106,1.98268,766.0
2026-05-16 13:24:00+00:00,1.98268,1.9844,1.98134,1.98337,755.0
2026-05-16 13:39:00+00:00,1.98337,1.98442,1.98067,1.98167,1604.0
2026-05-16 13:54:00+00:00,1.98167,1.98174,1.97634,1.97645,783.0
2026-05-16 14:09:00+00:00,1.97645,1.97695,1.96943,1.96971,1320.0
2026-05-16 14:24:00+00:00,1.96971,1.97189,1.96724,1.96878,923.0
2026-05-16 14:39:00+00:00,1.96878,1.9706,1.96835,1.97036,1347.0
2026-05-16 14:54:00+00:00,1.97036,1.97357,1.96871,1.97189,1467.0
2026-05-16 15:09:00+00:00,1.97189,1.97396,1.96973,1.97153,1736.0
2026-05-16 15:24:00+00:00,1.97153,1.97319,1.9707,1.97156,734.0
2026-05-16 15:39:00+00:00,1.97156,1.97244,1.97117,1.97219,1890.0
2026-05-16 15:54:00+00:00,1.97219,1.97409,1.96515,1.96673,911.0
2026-05-16 16:09:00+00:00,1.96673,1.96855,1.96205,1.9646,998.0
2026-05-16 16:24:00+00:00,1.9646,1.96701,1.96324,1.96646,650.0
2026-05-16 16:39:00+00:00,1.96646,1.97022,1.96545,1.96928,956.0
2026-05-16 16:54:00+00:00,1.96928,1.97018,1.9651,1.96738,501.0
2026-05-16 17:09:00+00:00,1.96738,1.97012,1.9662,1.96926,670.0
2026-05-16 17:24:00+00:00,1.96926,1.97147,1.96875,1.9713,670.0
2026-05-16 17:39:00+00:00,1.9713,1.97317,1.97016,1.97155,630.0
2026-05-16 17:54:00+00:00,1.97155,1.97463,1.96943,1.97259,722.0
2026-05-16 18:09:00+00:00,1.97259,1.97296,1.96832,1.96882,567.0
2026-05-16 18:24:00+00:00,1.96882,1.9701,1.96376,1.96525,740.0
2026-05-16 18:39:00+00:00,1.96525,1.96631,1.96318,1.96412,700.0
2026-05-16 18:54:00+00:00,1.96412,1.96426,1.96292,1.9634,685.0
2026-05-16 19:09:00+00:00,1.9634,1.96589,1.96081,1.96375,427.0
2026-05-16 19:24:00+00:00,1.96375,1.96588,1.9626,1.96492,680.0
2026-05-16 19:39:00+00:00,1.96492,1.96502,1.96293,1.96313,633.0
2026-05-16 19:54:00+00:00,1.96313,1.96457,1.96016,1.96168,390.0
2026-05-16 20:09:00+00:00,1.96168,1.96317,1.95621,1.95921,299.0
2026-05-16 20:24:00+00:00,1.95921,1.96074,1.95673,1.95754,466.0
2026-05-16 20:39:00+00:00,1.95754,1.95845,1.95723,1.95825,385.0
2026-05-16 20:54:00+00:00,1.95825,1.96151,1.95128,1.95768,726.0
2026-05-16 21:09:00+00:00,1.95768,1.95847,1.95449,1.95621,258.0
2026-05-16 21:24:00+00:00,1.95621,1.95671,1.95172,1.95327,730.0
2026-05-16 21:39:00+00:00,1.95327,1.95388,1.9513,1.95248,362.0
2026-05-16 21:54:00+00:00,1.95248,1.95459,1.95208,1.95317,424.0
2026-05-16 22:09:00+00:00,1.95317,1.95624,1.95223,1.95517,567.0
2026-05-16 22:24:00+00:00,1.95517,1.95521,1.95302,1.95314,537.0
2026-05-16 22:39:00+00:00,1.95314,1.95407,1.95191,1.95294,522.0
2026-05-16 22:54:00+00:00,1.95294,1.9559,1.95272,1.95575,350.0
2026-05-16 23:09:00+00:00,1.95575,1.957,1.95465,1.95622,463.0
2026-05-16 23:24:00+00:00,1.95622,1.95675,1.95526,1.95583,608.0
2026-05-16 23:39:00+00:00,1.95583,1.95645,1.95147,1.95279,635.0
2026-05-16 23:54:00+00:00,1.95279,1.95285,1.95157,1.95171,283.0
2026-05-17 00:09:00+00:00,1.95171,1.95214,1.95039,1.95072,481.0
2026-05-17 00:24:00+00:00,1.95072,1.95218,1.95031,1.95177,436.0
2026-05-17 00:39:00+00:00,1.95177,1.95213,1.94799,1.94904,482.0
2026-05-17 00:54:00+00:00,1.94904,1.94942,1.94894,1.94939,493.0
2026-05-17 01:09:00+00:00,1.94939,1.95359,1.94891,1.95313,563.0
2026-05-17 01:24:00+00:00,1.95313,1.95438,1.94985,1.95168,559.0
2026-05-17 01:39:00+00:00,1.95168,1.95456,1.95122,1.95327,540.0
2026-05-17 01:54:00+00:00,1.95327,1.95429,1.95187,1.9524,714.0
2026-05-17 02:09:00+00:00,1.9524,1.95484,1.95151,1.95354,553.0
2026-05-17 02:24:00+00:00,1.95354,1.95507,1.94839,1.95025,685.0
2026-05-17 02:39:00+00:00,1.95025,1.95093,1.94802,1.94845,504.0
2026-05-17 02:54:00+00:00,1.94845,1.94847,1.94785,1.94788,466.0
2026-05-17 03:09:00+00:00,1.94788,1.95012,1.9451,1.94854,570.0
2026-05-17 03:24:00+00:00,1.94854,1.95111,1.94613,1.94956,543.0
2026-05-17 03:39:00+00:00,1.94956,1.95103,1.9494,1.95034,597.0
2026-05-17 03:54:00+00:00,1.95034,1.95167,1.94747,1.95086,368.0
2026-05-17 04:09:00+00:00,1.95086,1.9517,1.9474,1.94789,604.0
2026-05-17 04:24:00+00:00,1.94789,1.9479,1.94727,1.94728,506.0
2026-05-17 04:39:00+00:00,1.94728,1.94971,1.94643,1.94801,350.0
2026-05-17 04:54:00+00:00,1.94801,1.94918,1.94593,1.94714,397.0
2026-05-17 05:09:00+00:00,1.94714,1.94789,1.94409,1.94551,358.0
2026-05-17 05:24:00+00:00,1.94551,1.94793,1.94428,1.94751,486.0
2026-05-17 05:39:00+00:00,1.94751,1.94887,1.94373,1.94479,481.0
2026-05-17 05:54:00+00:00,1.94479,1.94595,1.94133,1.94205,606.0
2026-05-17 06:09:00+00:00,1.94205,1.94566,1.93777,1.94104,452.0
2026-05-17 06:24:00+00:00,1.94104,1.94157,1.93945,1.93985,550.0
2026-05-17 06:39:00+00:00,1.93985,1.94454,1.93945,1.94369,703.0
2026-05-17 06:54:00+00:00,1.94369,1.94604,1.94339,1.94548,325.0
2026-05-17 07:09:00+00:00,1.94548,1.94603,1.94377,1.9445,969.0
2026-05-17 07:24:00+00:00,1.9445,1.94725,1.94406,1.94676,883.0
2026-05-17 07:39:00+00:00,1.94676,1.94809,1.9453,1.94598,826.0
2026-05-17 07:54:00+00:00,1.94598,1.95113,1.94284,1.9484,1075.0
2026-05-17 08:09:00+00:00,1.9484,1.95262,1.94819,1.95243,650.0
2026-05-17 08:24:00+00:00,1.95243,1.95277,1.94948,1.94987,1259.0
2026-05-17 08:39:00+00:00,1.94987,1.95334,1.94528,1.94661,1295.0
2026-05-17 08:54:00+00:00,1.94661,1.9504,1.94523,1.94886,1212.0
2026-05-17 09:09:00+00:00,1.94886,1.95046,1.94832,1.9496,1002.0
2026-05-17 09:24:00+00:00,1.9496,1.95066,1.94952,1.95054,987.0
2026-05-17 09:39:00+00:00,1.95054,1.95179,1.9498,1.95144,1190.0
2026-05-17 09:54:00+00:00,1.95144,1.95411,1.95111,1.95355,983.0
2026-05-17 10:09:00+00:00,1.95355,1.95411,1.95173,1.95261,1091.0
2026-05-17 10:24:00+00:00,1.95261,1.95365,1.95212,1.95335,780.0
2026-05-17 10:39:00+00:00,1.95335,1.95349,1.95099,1.95117,461.0
2026-05-17 10:54:00+00:00,1.95117,1.95328,1.95016,1.95131,1084.0
2026-05-17 11:09:00+00:00,1.95131,1.95357,1.95064,1.95304,454.0
2026-05-17 11:24:00+00:00,1.95304,1.95439,1.95147,1.95346,664.0
2026-05-17 11:39:00+00:00,1.95346,1.95514,1.95281,1.95431,1061.0
2026-05-17 11:54:00+00:00,1.95431,1.95475,1.9541,1.95444,1061.0
2026-05-17 12:09:00+00:00,1.95444,1.95476,1.954,1.95416,475.0
2026-05-17 12:24:00+00:00,1.95416,1.9543,1.95237,1.95249,547.0
2026-05-17 12:39:00+00:00,1.95249,1.95372,1.95207,1.95329,826.0
2026-05-17 12:54:00+00:00,1.95329,1.95534,1.95253,1.95427,1005.0
2026-05-17 13:09:00+00:00,1.95427,1.95679,1.95411,1.95649,994.0
2026-05-17 13:24:00+00:00,1.95649,1.95685,1.95505,1.95569,1033.0
2026-05-17 13:39:00+00:00,1.95569,1.95726,1.95303,1.95599,1210.0
2026-05-17 13:54:00+00:00,1.95599,1.96281,1.9545,1.96223,707.0
2026-05-17 14:09:00+00:00,1.96223,1.96321,1.95945,1.96184,1196.0
2026-05-17 14:24:00+00:00,1.96184,1.96269,1.96002,1.96059,697.0
2026-05-17 14:39:00+00:00,1.96059,1.96067,1.96025,1.96027,543.0
2026-05-17 14:54:00+00:00,1.96027,1.9614,1.9576,1.95934,645.0
2026-05-17 15:09:00+00:00,1.95934,1.96016,1.95886,1.95964,711.0
2026-05-17 15:24:00+00:00,1.95964,1.96246,1.95883,1.96026,920.0
2026-05-17 15:39:00+00:00,1.96026,1.9603,1.95704,1.95708,678.0
2026-05-17 15:54:00+00:00,1.95708,1.95803,1.95609,1.95718,1022.0
2026-05-17 16:09:00+00:00,1.95718,1.959,1.95676,1.9587,1026.0
2026-05-17 16:24:00+00:00,1.9587,1.95967,1.95635,1.95772,956.0
2026-05-17 16:39:00+00:00,1.95772,1.96011,1.95678,1.95831,458.0
2026-05-17 16:54:00+00:00,1.95831,1.95962,1.95397,1.95681,843.0
2026-05-17 17:09:00+00:00,1.95681,1.95909,1.95482,1.95815,268.0
2026-05-17 17:24:00+00:00,1.95815,1.95983,1.957,1.95831,254.0
2026-05-17 17:39:00+00:00,1.95831,1.96152,1.95466,1.95689,296.0
2026-05-17 17:54:00+00:00,1.95689,1.95732,1.95429,1.95524,550.0
2026-05-17 18:09:00+00:00,1.95524,1.95805,1.9532,1.95689,657.0
2026-05-17 18:24:00+00:00,1.95689,1.95905,1.95533,1.95821,422.0
2026-05-17 18:39:00+00:00,1.95821,1.96203,1.95416,1.96054,637.0
2026-05-17 18:54:00+00:00,1.96054,1.96434,1.95969,1.96361,732.0
2026-05-17 19:09:00+00:00,1.96361,1.96765,1.96359,1.96759,720.0
2026-05-17 19:24:00+00:00,1.96759,1.96942,1.9652,1.96831,730.0
2026-05-17 19:39:00+00:00,1.96831,1.97107,1.96749,1.97006,274.0
2026-05-17 19:54:00+00:00,1.97006,1.97029,1.96642,1.9665,490.0
2026-05-17 20:09:00+00:00,1.9665,1.96808,1.96638,1.9679,302.0
2026-05-17 20:24:00+00:00,1.9679,1.96827,1.96395,1.96411,471.0
2026-05-17 20:39:00+00:00,1.96411,1.96425,1.96178,1.96193,698.0
2026-05-17 20:54:00+00:00,1.96193,1.96689,1.96121,1.96558,652.0
2026-05-17 21:09:00+00:00,1.96558,1.96844,1.9653,1.96812,440.0
2026-05-17 21:24:00+00:00,1.96812,1.9704,1.96738,1.96957,480.0
2026-05-17 21:39:00+00:00,1.96957,1.97073,1.9691,1.9703,445.0
2026-05-17 21:54:00+00:00,1.9703,1.97102,1.96668,1.96858,430.0
2026-05-17 22:09:00+00:00,1.96858,1.97194,1.96838,1.97116,592.0
2026-05-17 22:24:00+00:00,1.97116,1.9741,1.97013,1.97086,515.0
2026-05-17 22:39:00+00:00,1.97086,1.97418,1.96961,1.97288,562.0
2026-05-17 22:54:00+00:00,1.97288,1.97413,1.97053,1.97113,435.0
2026-05-17 23:09:00+00:00,1.97113,1.97496,1.96991,1.9738,509.0
2026-05-17 23:24:00+00:00,1.9738,1.97473,1.9706,1.9722,490.0
2026-05-17 23:39:00+00:00,1.9722,1.97544,1.97156,1.97353,578.0
2026-05-17 23:54:00+00:00,1.97353,1.97424,1.97259,1.97307,728.0
2026-05-18 00:09:00+00:00,1.97307,1.97409,1.97144,1.97253,248.0
2026-05-18 00:24:00+00:00,1.97253,1.97338,1.971,1.9712,555.0
2026-05-18 00:39:00+00:00,1.9712,1.97291,1.97095,1.97241,412.0
2026-05-18 00:54:00+00:00,1.97241,1.97328,1.971,1.97192,582.0
2026-05-18 01:09:00+00:00,1.97192,1.97202,1.96875,1.96884,632.0
2026-05-18 01:24:00+00:00,1.96884,1.96904,1.96884,1.96904,741.0
2026-05-18 01:39:00+00:00,1.96904,1.96972,1.96683,1.96802,269.0
2026-05-18 01:54:00+00:00,1.96802,1.97094,1.96734,1.97038,247.0
2026-05-18 02:09:00+00:00,1.97038,1.97065,1.96901,1.96988,586.0
2026-05-18 02:24:00+00:00,1.96988,1.9699,1.96884,1.96885,439.0
2026-05-18 02:39:00+00:00,1.96885,1.97129,1.96742,1.96924,688.0
2026-05-18 02:54:00+00:00,1.96924,1.97075,1.96721,1.96826,627.0
2026-05-18 03:09:00+00:00,1.96826,1.96882,1.96795,1.96848,593.0
2026-05-18 03:24:00+00:00,1.96848,1.96979,1.96795,1.96953,284.0
2026-05-18 03:39:00+00:00,1.96953,1.97072,1.96924,1.97031,674.0
2026-05-18 03:54:00+00:00,1.97031,1.97125,1.96928,1.97078,249.0
2026-05-18 04:09:00+00:00,1.97078,1.97205,1.9688,1.9701,293.0
2026-05-18 04:24:00+00:00,1.9701,1.97273,1.96892,1.97128,659.0
2026-05-18 04:39:00+00:00,1.97128,1.97467,1.96956,1.97305,270.0
2026-05-18 04:54:00+00:00,1.97305,1.97386,1.97297,1.97371,738.0
2026-05-18 05:09:00+00:00,1.97371,1.97536,1.97358,1.97527,477.0
2026-05-18 05:24:00+00:00,1.97527,1.97575,1.97287,1.97405,562.0
2026-05-18 05:39:00+00:00,1.97405,1.97811,1.97098,1.9766,400.0
2026-05-18 05:54:00+00:00,1.9766,1.97846,1.9751,1.97739,365.0
2026-05-18 06:09:00+00:00,1.97739,1.98112,1.97504,1.97638,554.0
2026-05-18 06:24:00+00:00,1.97638,1.97641,1.97621,1.97628,282.0
2026-05-18 06:39:00+00:00,1.97628,1.97779,1.97623,1.97775,651.0
2026-05-18 06:54:00+00:00,1.97775,1.97818,1.97739,1.97779,501.0
2026-05-18 07:09:00+00:00,1.97779,1.98072,1.97558,1.9786,491.0
2026-05-18 07:24:00+00:00,1.9786,1.97896,1.9776,1.978,517.0
2026-05-18 07:39:00+00:00,1.978,1.97969,1.97773,1.97892,715.0
2026-05-18 07:54:00+00:00,1.97892,1.98031,1.97861,1.97969,785.0
2026-05-18 08:09:00+00:00,1.97969,1.98004,1.97766,1.97871,1092.0
2026-05-18 08:24:00+00:00,1.97871,1.98041,1.97809,1.97987,525.0
2026-05-18 08:39:00+00:00,1.97987,1.98291,1.97516,1.97906,1037.0
2026-05-18 08:54:00+00:00,1.97906,1.98068,1.97478,1.97683,938.0
2026-05-18 09:09:00+00:00,1.97683,1.97945,1.97362,1.97712,932.0
2026-05-18 09:24:00+00:00,1.97712,1.9773,1.97706,1.97727,1270.0
2026-05-18 09:39:00+00:00,1.97727,1.97794,1.97707,1.97772,445.0
2026-05-18 09:54:00+00:00,1.97772,1.98182,1.97466,1.98055,703.0
2026-05-18 10:09:00+00:00,1.98055,1.98239,1.98012,1.98184,545.0
2026-05-18 10:24:00+00:00,1.98184,1.9861,1.97903,1.98289,1271.0
2026-05-18 10:39:00+00:00,1.98289,1.98418,1.98258,1.98352,921.0
2026-05-18 10:54:00+00:00,1.98352,1.98472,1.98311,1.98431,1291.0
2026-05-18 11:09:00+00:00,1.98431,1.98502,1.98155,1.9828,981.0
2026-05-18 11:24:00+00:00,1.9828,1.98368,1.97793,1.97942,990.0
2026-05-18 11:39:00+00:00,1.97942,1.98348,1.97857,1.98283,729.0
2026-05-18 11:54:00+00:00,1.98283,1.98509,1.98009,1.983,984.0
2026-05-18 12:09:00+00:00,1.983,1.98767,1.9823,1.98661,1176.0
2026-05-18 12:24:00+00:00,1.98661,1.98668,1.98628,1.98634,1212.0
2026-05-18 12:39:00+00:00,1.98634,1.98641,1.98386,1.98389,598.0
2026-05-18 12:54:00+00:00,1.98389,1.98421,1.98213,1.98306,465.0
2026-05-18 13:09:00+00:00,1.98306,1.98416,1.98253,1.98386,784.0
2026-05-18 13:24:00+00:00,1.98386,1.98436,1.98307,1.98377,885.0
2026-05-18 13:39:00+00:00,1.98377,1.98447,1.98345,1.98379,1056.0
2026-05-18 13:54:00+00:00,1.98379,1.98389,1.98213,1.98218,703.0
2026-05-18 14:09:00+00:00,1.98218,1.98361,1.98105,1.98184,515.0
2026-05-18 14:24:00+00:00,1.98184,1.98338,1.98114,1.98155,829.0
2026-05-18 14:39:00+00:00,1.98155,1.98253,1.97834,1.97867,924.0
2026-05-18 14:54:00+00:00,1.97867,1.98112,1.97414,1.97795,928.0
2026-05-18 15:09:00+00:00,1.97795,1.97937,1.97597,1.97812,886.0
2026-05-18 15:24:00+00:00,1.97812,1.97907,1.97561,1.97612,734.0
2026-05-18 15:39:00+00:00,1.97612,1.9805,1.97412,1.97744,804.0
2026-05-18 15:54:00+00:00,1.97744,1.97858,1.9773,1.9781,609.0
2026-05-18 16:09:00+00:00,1.9781,1.98087,1.97704,1.98009,588.0
2026-05-18 16:24:00+00:00,1.98009,1.98066,1.97522,1.97668,1075.0
2026-05-18 16:39:00+00:00,1.97668,1.97786,1.97379,1.97427,484.0
2026-05-18 16:54:00+00:00,1.97427,1.9745,1.97365,1.97378,847.0
2026-05-18 17:09:00+00:00,1.97378,1.97389,1.97377,1.97388,678.0
2026-05-18 17:24:00+00:00,1.97388,1.97442,1.9718,1.97218,443.0
2026-05-18 17:39:00+00:00,1.97218,1.97298,1.97015,1.971,608.0
2026-05-18 17:54:00+00:00,1.971,1.97306,1.9696,1.97229,670.0
2026-05-18 18:09:00+00:00,1.97229,1.97293,1.97198,1.97272,481.0
2026-05-18 18:24:00+00:00,1.97272,1.97398,1.97248,1.97386,563.0
2026-05-18 18:39:00+00:00,1.97386,1.97501,1.97323,1.97375,558.0
2026-05-18 18:54:00+00:00,1.97375,1.9766,1.97339,1.97608,730.0
2026-05-18 19:09:00+00:00,1.97608,1.97654,1.97481,1.97529,379.0
2026-05-18 19:24:00+00:00,1.97529,1.97563,1.97448,1.97473,309.0
2026-05-18 19:39:00+00:00,1.97473,1.9763,1.97348,1.9746,646.0
2026-05-18 19:54:00+00:00,1.9746,1.98218,1.97289,1.98035,370.0
2026-05-18 20:09:00+00:00,1.98035,1.98295,1.97797,1.98046,403.0
2026-05-18 20:24:00+00:00,1.98046,1.98377,1.98022,1.98368,280.0
2026-05-18 20:39:00+00:00,1.98368,1.9837,1.98353,1.98354,542.0
2026-05-18 20:54:00+00:00,1.98354,1.98435,1.98332,1.98425,620.0
2026-05-18 21:09:00+00:00,1.98425,1.98554,1.98167,1.9836,338.0
2026-05-18 21:24:00+00:00,1.9836,1.98418,1.98249,1.98305,734.0
2026-05-18 21:39:00+00:00,1.98305,1.98362,1.98169,1.98216,424.0
2026-05-18 21:54:00+00:00,1.98216,1.98243,1.98074,1.98129,354.0
2026-05-18 22:09:00+00:00,1.98129,1.98243,1.98008,1.98096,724.0
2026-05-18 22:24:00+00:00,1.98096,1.98256,1.98054,1.98236,279.0
2026-05-18 22:39:00+00:00,1.98236,1.98294,1.98222,1.98289,483.0
2026-05-18 22:54:00+00:00,1.98289,1.98395,1.9806,1.98095,383.0
2026-05-18 23:09:00+00:00,1.98095,1.98282,1.97675,1.97828,674.0
2026-05-18 23:24:00+00:00,1.97828,1.97983,1.97707,1.97945,538.0
2026-05-18 23:39:00+00:00,1.97945,1.98005,1.97616,1.97801,527.0
2026-05-18 23:54:00+00:00,1.97801,1.98099,1.97793,1.98089,731.0
2026-05-19 00:09:00+00:00,1.98089,1.98438,1.98056,1.98384,649.0
2026-05-19 00:24:00+00:00,1.98384,1.98475,1.98354,1.98443,460.0
2026-05-19 00:39:00+00:00,1.98443,1.98444,1.9838,1.98382,474.0
2026-05-19 00:54:00+00:00,1.98382,1.98401,1.98302,1.98322,464.0
2026-05-19 01:09:00+00:00,1.98322,1.98445,1.98049,1.9812,656.0
2026-05-19 01:24:00+00:00,1.9812,1.98146,1.97692,1.97722,652.0
2026-05-19 01:39:00+00:00,1.97722,1.97761,1.97504,1.97525,600.0
2026-05-19 01:54:00+00:00,1.97525,1.97838,1.97346,1.97761,614.0
2026-05-19 02:09:00+00:00,1.97761,1.97849,1.97754,1.97832,446.0
2026-05-19 02:24:00+00:00,1.97832,1.9785,1.97748,1.97769,630.0
2026-05-19 02:39:00+00:00,1.97769,1.97899,1.97726,1.97779,388.0
2026-05-19 02:54:00+00:00,1.97779,1.98164,1.97744,1.98139,431.0
2026-05-19 03:09:00+00:00,1.98139,1.98301,1.9811,1.98203,642.0
2026-05-19 03:24:00+00:00,1.98203,1.98453,1.98141,1.98242,334.0
2026-05-19 03:39:00+00:00,1.98242,1.98367,1.98187,1.98312,622.0
2026-05-19 03:54:00+00:00,1.98312,1.98468,1.98269,1.98442,506.0
2026-05-19 04:09:00+00:00,1.98442,1.98739,1.98408,1.98693,738.0
2026-05-19 04:24:00+00:00,1.98693,1.98775,1.98314,1.98395,601.0
2026-05-19 04:39:00+00:00,1.98395,1.98567,1.98137,1.98326,456.0
2026-05-19 04:54:00+00:00,1.98326,1.98399,1.98108,1.98192,679.0
2026-05-19 05:09:00+00:00,1.98192,1.98488,1.98093,1.98317,324.0
2026-05-19 05:24:00+00:00,1.98317,1.98495,1.98074,1.98304,258.0
2026-05-19 05:39:00+00:00,1.98304,1.98461,1.9814,1.98341,481.0
2026-05-19 05:54:00+00:00,1.98341,1.98723,1.98228,1.98514,262.0
2026-05-19 06:09:00+00:00,1.98514,1.99038,1.98421,1.98971,674.0
2026-05-19 06:24:00+00:00,1.98971,1.99133,1.98635,1.98859,551.0
2026-05-19 06:39:00+00:00,1.98859,1.99023,1.98593,1.98789,634.0
2026-05-19 06:54:00+00:00,1.98789,1.9883,1.98687,1.98723,731.0
2026-05-19 07:09:00+00:00,1.98723,1.9894,1.98693,1.98923,896.0
2026-05-19 07:24:00+00:00,1.98923,1.99073,1.98814,1.98857,847.0
2026-05-19 07:39:00+00:00,1.98857,1.98858,1.98545,1.98546,1131.0
2026-05-19 07:54:00+00:00,1.98546,1.98585,1.98457,1.98527,697.0
2026-05-19 08:09:00+00:00,1.98527,1.99146,1.98258,1.98994,720.0
2026-05-19 08:24:00+00:00,1.98994,1.99725,1.98957,1.99713,1665.0
2026-05-19 08:39:00+00:00,1.99713,1.9978,1.99621,1.99676,689.0
2026-05-19 08:54:00+00:00,1.99676,1.99719,1.99344,1.99511,1177.0
2026-05-19 09:09:00+00:00,1.99511,1.9976,1.9939,1.99617,1229.0
2026-05-19 09:24:00+00:00,1.99617,1.99932,1.99473,1.99816,1158.0
2026-05-19 09:39:00+00:00,1.99816,1.99858,1.993,1.99328,657.0
2026-05-19 09:54:00+00:00,1.99328,1.99765,1.99266,1.99595,661.0
2026-05-19 10:09:00+00:00,1.99595,1.99652,1.99421,1.99505,1844.0
2026-05-19 10:24:00+00:00,1.99505,1.99553,1.99157,1.99289,1784.0
2026-05-19 10:39:00+00:00,1.99289,1.99443,1.9892,1.99003,1473.0
2026-05-19 10:54:00+00:00,1.99003,1.99113,1.98951,1.99097,657.0
2026-05-19 11:09:00+00:00,1.99097,1.99278,1.98801,1.9907,1446.0
2026-05-19 11:24:00+00:00,1.9907,1.9951,1.98666,1.99125,1772.0
2026-05-19 11:39:00+00:00,1.99125,1.99326,1.98952,1.99182,1329.0
2026-05-19 11:54:00+00:00,1.99182,1.99604,1.98766,1.99215,1737.0
2026-05-19 12:09:00+00:00,1.99215,1.99219,1.98889,1.98893,988.0
2026-05-19 12:24:00+00:00,1.98893,1.99273,1.9857,1.98671,1029.0
2026-05-19 12:39:00+00:00,1.98671,1.99249,1.98246,1.98851,973.0
2026-05-19 12:54:00+00:00,1.98851,1.99006,1.98689,1.98802,773.0
2026-05-19 13:09:00+00:00,1.98802,1.99233,1.9861,1.99163,1834.0
2026-05-19 13:24:00+00:00,1.99163,1.9957,1.98512,1.98697,1497.0
2026-05-19 13:39:00+00:00,1.98697,1.98838,1.9855,1.98641,692.0
2026-05-19 13:54:00+00:00,1.98641,1.98835,1.98393,1.98485,946.0
2026-05-19 14:09:00+00:00,1.98485,1.98747,1.98188,1.98474,1214.0
2026-05-19 14:24:00+00:00,1.98474,1.99107,1.98316,1.98896,826.0
2026-05-19 14:39:00+00:00,1.98896,1.99532,1.98735,1.99383,1764.0
2026-05-19 14:54:00+00:00,1.99383,1.99706,1.99209,1.99555,1492.0
2026-05-19 15:09:00+00:00,1.99555,1.9988,1.9943,1.99781,820.0
2026-05-19 15:24:00+00:00,1.99781,1.99836,1.99695,1.9978,1746.0
2026-05-19 15:39:00+00:00,1.9978,1.99995,1.99778,1.99991,1784.0
2026-05-19 15:54:00+00:00,1.99991,2.00057,1.9982,1.99876,1683.0
2026-05-19 16:09:00+00:00,1.99876,2.0001,1.99715,1.99904,959.0
2026-05-19 16:24:00+00:00,1.99904,2.00182,1.9974,2.00078,1004.0
2026-05-19 16:39:00+00:00,2.00078,2.00314,1.99475,1.99725,1105.0
2026-05-19 16:54:00+00:00,1.99725,2.00206,1.99657,2.00131,1275.0
2026-05-19 17:09:00+00:00,2.00131,2.0025,1.99776,1.99902,451.0
2026-05-19 17:24:00+00:00,1.99902,2.00167,1.99859,2.00092,375.0
2026-05-19 17:39:00+00:00,2.00092,2.00422,1.9999,2.00159,764.0
2026-05-19 17:54:00+00:00,2.00159,2.00692,2.00029,2.00552,1021.0
2026-05-19 18:09:00+00:00,2.00552,2.00985,2.00316,2.00724,877.0
2026-05-19 18:24:00+00:00,2.00724,2.00738,2.0071,2.00726,460.0
2026-05-19 18:39:00+00:00,2.00726,2.01597,2.00438,2.01415,882.0
2026-05-19 18:54:00+00:00,2.01415,2.01647,2.01031,2.0133,874.0
2026-05-19 19:09:00+00:00,2.0133,2.01386,2.00637,2.00725,993.0
2026-05-19 19:24:00+00:00,2.00725,2.0077,2.00367,2.00448,1040.0
2026-05-19 19:39:00+00:00,2.00448,2.01327,2.00339,2.01177,554.0
2026-05-19 19:54:00+00:00,2.01177,2.01228,2.00532,2.00619,492.0
2026-05-19 20:09:00+00:00,2.00619,2.00657,2.00476,2.00543,910.0
2026-05-19 20:24:00+00:00,2.00543,2.00862,2.00067,2.00525,941.0
2026-05-19 20:39:00+00:00,2.00525,2.00568,2.00288,2.00307,862.0
2026-05-19 20:54:00+00:00,2.00307,2.00463,2.00178,2.00311,900.0
2026-05-19 21:09:00+00:00,2.00311,2.00691,2.00126,2.00452,472.0
2026-05-19 21:24:00+00:00,2.00452,2.00734,1.99921,2.002,910.0
2026-05-19 21:39:00+00:00,2.002,2.00221,1.99939,1.99959,609.0
2026-05-19 21:54:00+00:00,1.99959,2.00293,1.99821,2.00169,442.0
2026-05-19 22:09:00+00:00,2.00169,2.00564,2.00088,2.00249,932.0
2026-05-19 22:24:00+00:00,2.00249,2.00342,2.00059,2.00167,515.0
2026-05-19 22:39:00+00:00,2.00167,2.00175,2.00102,2.00124,446.0
2026-05-19 22:54:00+00:00,2.00124,2.00404,1.99787,2.00328,878.0
2026-05-19 23:09:00+00:00,2.00328,2.00801,2.00174,2.00601,802.0
2026-05-19 23:24:00+00:00,2.00601,2.01425,2.00371,2.01198,662.0
2026-05-19 23:39:00+00:00,2.01198,2.013,2.01134,2.01257,494.0
2026-05-19 23:54:00+00:00,2.01257,2.01295,2.01077,2.01109,938.0
2026-05-20 00:09:00+00:00,2.01109,2.0115,2.01046,2.01119,797.0
2026-05-20 00:24:00+00:00,2.01119,2.01509,2.00709,2.01338,778.0
2026-05-20 00:39:00+00:00,2.01338,2.0159,2.01328,2.01574,526.0
2026-05-20 00:54:00+00:00,2.01574,2.0162,2.00966,2.00982,939.0
2026-05-20 01:09:00+00:00,2.00982,2.01286,2.00744,2.00885,635.0
2026-05-20 01:24:00+00:00,2.00885,2.01323,2.00344,2.00543,597.0
2026-05-20 01:39:00+00:00,2.00543,2.00642,2.00469,2.00558,914.0
2026-05-20 01:54:00+00:00,2.00558,2.00793,2.00529,2.00773,673.0
2026-05-20 02:09:00+00:00,2.00773,2.01297,2.00609,2.01086,901.0
2026-05-20 02:24:00+00:00,2.01086,2.01362,2.01078,2.01351,860.0
2026-05-20 02:39:00+00:00,2.01351,2.01489,2.00672,2.0078,530.0
2026-05-20 02:54:00+00:00,2.0078,2.01032,2.00619,2.00834,1062.0
2026-05-20 03:09:00+00:00,2.00834,2.0084,2.00433,2.0045,981.0
2026-05-20 03:24:00+00:00,2.0045,2.0046,2.0021,2.0022,526.0
2026-05-20 03:39:00+00:00,2.0022,2.00254,1.99692,1.99764,740.0
2026-05-20 03:54:00+00:00,1.99764,1.99864,1.99624,1.9978,832.0
2026-05-20 04:09:00+00:00,1.9978,2.00512,1.99391,2.00237,437.0
2026-05-20 04:24:00+00:00,2.00237,2.00325,2.00027,2.00098,386.0
2026-05-20 04:39:00+00:00,2.00098,2.00274,2.00022,2.00141,729.0
2026-05-20 04:54:00+00:00,2.00141,2.00283,2.00095,2.00211,843.0
2026-05-20 05:09:00+00:00,2.00211,2.0043,2.00134,2.00273,424.0
2026-05-20 05:24:00+00:00,2.00273,2.00312,2.00058,2.00159,990.0
2026-05-20 05:39:00+00:00,2.00159,2.00267,1.99923,2.00117,733.0
2026-05-20 05:54:00+00:00,2.00117,2.00738,1.99966,2.0049,433.0
2026-05-20 06:09:00+00:00,2.0049,2.00673,1.99904,2.00163,577.0
2026-05-20 06:24:00+00:00,2.00163,2.00461,1.9979,2.00274,734.0
2026-05-20 06:39:00+00:00,2.00274,2.00303,2.00244,2.00255,848.0
2026-05-20 06:54:00+00:00,2.00255,2.00395,2.00174,2.00278,798.0
2026-05-20 07:09:00+00:00,2.00278,2.00452,2.00129,2.00294,979.0
2026-05-20 07:24:00+00:00,2.00294,2.00936,2.00214,2.0077,777.0
2026-05-20 07:39:00+00:00,2.0077,2.00913,2.0031,2.00465,1641.0
2026-05-20 07:54:00+00:00,2.00465,2.00475,2.00369,2.00379,1498.0
2026-05-20 08:09:00+00:00,2.00379,2.00564,2.00051,2.00217,1140.0
2026-05-20 08:24:00+00:00,2.00217,2.0022,2.00198,2.00204,1865.0
2026-05-20 08:39:00+00:00,2.00204,2.00524,2.00193,2.00509,1350.0
2026-05-20 08:54:00+00:00,2.00509,2.00588,2.00459,2.00554,1099.0
2026-05-20 09:09:00+00:00,2.00554,2.00919,2.00455,2.00865,1320.0
2026-05-20 09:24:00+00:00,2.00865,2.01395,2.0055,2.00998,878.0
2026-05-20 09:39:00+00:00,2.00998,2.0117,2.00991,2.0115,694.0
2026-05-20 09:54:00+00:00,2.0115,2.01387,2.0091,2.01104,1509.0
2026-05-20 10:09:00+00:00,2.01104,2.0126,2.00691,2.00831,1814.0
2026-05-20 10:24:00+00:00,2.00831,2.00969,2.00814,2.00918,1145.0
2026-05-20 10:39:00+00:00,2.00918,2.01138,2.00355,2.00503,1707.0
2026-05-20 10:54:00+00:00,2.00503,2.0116,2.0037,2.00835,1534.0
2026-05-20 11:09:00+00:00,2.00835,2.01219,2.00819,2.0121,946.0
2026-05-20 11:24:00+00:00,2.0121,2.01328,2.01128,2.01286,1851.0
2026-05-20 11:39:00+00:00,2.01286,2.01362,2.00894,2.00932,738.0
2026-05-20 11:54:00+00:00,2.00932,2.01053,2.00738,2.008,889.0
2026-05-20 12:09:00+00:00,2.008,2.00975,2.00446,2.00796,1001.0
2026-05-20 12:24:00+00:00,2.00796,2.00904,2.00592,2.00621,1446.0
2026-05-20 12:39:00+00:00,2.00621,2.00711,2.00415,2.00441,1841.0
2026-05-20 12:54:00+00:00,2.00441,2.0091,1.99733,1.99995,1753.0
2026-05-20 13:09:00+00:00,1.99995,2.00384,1.99564,1.99749,1250.0
2026-05-20 13:24:00+00:00,1.99749,1.99816,1.99731,1.99789,888.0
2026-05-20 13:39:00+00:00,1.99789,1.99837,1.99643,1.99762,1117.0
2026-05-20 13:54:00+00:00,1.99762,1.99914,1.99687,1.9983,760.0
2026-05-20 14:09:00+00:00,1.9983,2.00106,1.99761,2.0007,1782.0
2026-05-20 14:24:00+00:00,2.0007,2.0031,1.99922,2.00252,1525.0
2026-05-20 14:39:00+00:00,2.00252,2.00296,2.0006,2.00117,1576.0
2026-05-20 14:54:00+00:00,2.00117,2.00297,2.00093,2.00197,1827.0
2026-05-20 15:09:00+00:00,2.00197,2.00599,2.00196,2.00595,720.0
2026-05-20 15:24:00+00:00,2.00595,2.00639,2.00348,2.00501,1834.0
2026-05-20 15:39:00+00:00,2.00501,2.00891,2.0017,2.00423,1183.0
2026-05-20 15:54:00+00:00,2.00423,2.01038,1.99915,2.00839,1373.0
2026-05-20 16:09:00+00:00,2.00839,2.01017,2.00796,2.00999,823.0
2026-05-20 16:24:00+00:00,2.00999,2.01137,2.00912,2.01072,739.0
2026-05-20 16:39:00+00:00,2.01072,2.01316,2.00752,2.00879,941.0
2026-05-20 16:54:00+00:00,2.00879,2.01122,2.0086,2.01082,911.0
2026-05-20 17:09:00+00:00,2.01082,2.01105,2.00804,2.00865,650.0
2026-05-20 17:24:00+00:00,2.00865,2.00898,2.00287,2.00404,467.0
2026-05-20 17:39:00+00:00,2.00404,2.00437,2.00351,2.0039,718.0
2026-05-20 17:54:00+00:00,2.0039,2.00515,1.99762,1.9984,856.0
2026-05-20 18:09:00+00:00,1.9984,2.00048,1.99458,1.99765,790.0
2026-05-20 18:24:00+00:00,1.99765,2.00183,1.99473,2.00092,485.0
2026-05-20 18:39:00+00:00,2.00092,2.00338,2.00038,2.00233,909.0
2026-05-20 18:54:00+00:00,2.00233,2.0034,2.00202,2.00273,612.0
2026-05-20 19:09:00+00:00,2.00273,2.01133,1.99742,2.00611,660.0
2026-05-20 19:24:00+00:00,2.00611,2.00664,2.00487,2.00572,761.0
2026-05-20 19:39:00+00:00,2.00572,2.00936,2.00469,2.00868,735.0
2026-05-20 19:54:00+00:00,2.00868,2.01094,2.00789,2.01003,971.0
2026-05-20 20:09:00+00:00,2.01003,2.01413,2.00718,2.01325,902.0
2026-05-20 20:24:00+00:00,2.01325,2.0152,2.01079,2.01371,376.0
2026-05-20 20:39:00+00:00,2.01371,2.01531,2.01305,2.01452,919.0
2026-05-20 20:54:00+00:00,2.01452,2.01516,2.01371,2.0143,789.0
2026-05-20 21:09:00+00:00,2.0143,2.0157,2.01351,2.015,794.0
2026-05-20 21:24:00+00:00,2.015,2.01651,2.01343,2.01508,833.0
2026-05-20 21:39:00+00:00,2.01508,2.01766,2.01495,2.01755,520.0
2026-05-20 21:54:00+00:00,2.01755,2.02145,2.01443,2.01872,851.0
2026-05-20 22:09:00+00:00,2.01872,2.0242,2.01821,2.02371,1026.0
2026-05-20 22:24:00+00:00,2.02371,2.02845,2.02367,2.02842,370.0
2026-05-20 22:39:00+00:00,2.02842,2.0288,2.0262,2.02657,1035.0
2026-05-20 22:54:00+00:00,2.02657,2.02954,2.02642,2.0292,387.0
2026-05-20 23:09:00+00:00,2.0292,2.02996,2.0276,2.02832,710.0
2026-05-20 23:24:00+00:00,2.02832,2.03391,2.02653,2.03169,427.0
2026-05-20 23:39:00+00:00,2.03169,2.03392,2.03131,2.0335,712.0
2026-05-20 23:54:00+00:00,2.0335,2.03963,2.03223,2.03592,781.0
2026-05-21 00:09:00+00:00,2.03592,2.04026,2.03466,2.03802,399.0
2026-05-21 00:24:00+00:00,2.03802,2.04038,2.03718,2.0398,1030.0
2026-05-21 00:39:00+00:00,2.0398,2.04888,2.03881,2.04799,412.0
2026-05-21 00:54:00+00:00,2.04799,2.04811,2.0472,2.04755,388.0
2026-05-21 01:09:00+00:00,2.04755,2.04876,2.04684,2.04782,577.0
2026-05-21 01:24:00+00:00,2.04782,2.05386,2.04724,2.05243,510.0
2026-05-21 01:39:00+00:00,2.05243,2.05612,2.04718,2.05392,953.0
2026-05-21 01:54:00+00:00,2.05392,2.05505,2.05107,2.05237,815.0
2026-05-21 02:09:00+00:00,2.05237,2.06111,2.05207,2.05978,1066.0
2026-05-21 02:24:00+00:00,2.05978,2.06026,2.05912,2.06005,738.0
2026-05-21 02:39:00+00:00,2.06005,2.06585,2.05728,2.06443,672.0
2026-05-21 02:54:00+00:00,2.06443,2.06569,2.06355,2.06473,594.0
2026-05-21 03:09:00+00:00,2.06473,2.06601,2.05792,2.05826,784.0
2026-05-21 03:24:00+00:00,2.05826,2.06186,2.05251,2.05603,707.0
2026-05-21 03:39:00+00:00,2.05603,2.05885,2.05509,2.05743,628.0
2026-05-21 03:54:00+00:00,2.05743,2.05832,2.05728,2.05822,679.0
2026-05-21 04:09:00+00:00,2.05822,2.06146,2.05783,2.06082,481.0
2026-05-21 04:24:00+00:00,2.06082,2.06124,2.05931,2.05991,822.0
2026-05-21 04:39:00+00:00,2.05991,2.06224,2.05828,2.05949,776.0
2026-05-21 04:54:00+00:00,2.05949,2.06337,2.05801,2.06007,896.0
2026-05-21 05:09:00+00:00,2.06007,2.06491,2.05222,2.0551,503.0
2026-05-21 05:24:00+00:00,2.0551,2.05536,2.05407,2.05436,888.0
2026-05-21 05:39:00+00:00,2.05436,2.05605,2.05118,2.05273,817.0
2026-05-21 05:54:00+00:00,2.05273,2.06102,2.05049,2.05937,518.0
2026-05-21 06:09:00+00:00,2.05937,2.06021,2.05361,2.0565,831.0
2026-05-21 06:24:00+00:00,2.0565,2.057,2.0558,2.05668,893.0
2026-05-21 06:39:00+00:00,2.05668,2.0599,2.05318,2.05489,780.0
2026-05-21 06:54:00+00:00,2.05489,2.0595,2.0506,2.05772,936.0
2026-05-21 07:09:00+00:00,2.05772,2.05834,2.05457,2.05527,1849.0
2026-05-21 07:24:00+00:00,2.05527,2.06111,2.0542,2.0604,1659.0
2026-05-21 07:39:00+00:00,2.0604,2.06171,2.05606,2.05914,1635.0
2026-05-21 07:54:00+00:00,2.05914,2.06502,2.05726,2.06255,1424.0
2026-05-21 08:09:00+00:00,2.06255,2.06453,2.05855,2.0592,1449.0
2026-05-21 08:24:00+00:00,2.0592,2.0613,2.0578,2.06045,830.0
2026-05-21 08:39:00+00:00,2.06045,2.06078,2.05944,2.05975,960.0
2026-05-21 08:54:00+00:00,2.05975,2.06202,2.05956,2.0617,1495.0
2026-05-21 09:09:00+00:00,2.0617,2.06622,2.06128,2.06534,1320.0
2026-05-21 09:24:00+00:00,2.06534,2.06662,2.06182,2.06396,1690.0
2026-05-21 09:39:00+00:00,2.06396,2.06495,2.06207,2.06334,1722.0
2026-05-21 09:54:00+00:00,2.06334,2.06402,2.06126,2.06179,930.0
2026-05-21 10:09:00+00:00,2.06179,2.06257,2.05732,2.05833,900.0
2026-05-21 10:24:00+00:00,2.05833,2.06011,2.05511,2.05823,1358.0
2026-05-21 10:39:00+00:00,2.05823,2.06157,2.05744,2.06105,1708.0
2026-05-21 10:54:00+00:00,2.06105,2.06174,2.05867,2.05889,1568.0
2026-05-21 11:09:00+00:00,2.05889,2.06025,2.05498,2.05766,1620.0
2026-05-21 11:24:00+00:00,2.05766,2.05858,2.05672,2.05822,1799.0
2026-05-21 11:39:00+00:00,2.05822,2.05833,2.05667,2.05675,959.0
2026-05-21 11:54:00+00:00,2.05675,2.06261,2.05612,2.06194,1707.0
2026-05-21 12:09:00+00:00,2.06194,2.06381,2.06184,2.06368,1378.0
2026-05-21 12:24:00+00:00,2.06368,2.06557,2.06312,2.06479,1527.0
2026-05-21 12:39:00+00:00,2.06479,2.07031,2.06216,2.06845,1592.0
2026-05-21 12:54:00+00:00,2.06845,2.07579,2.06703,2.07467,703.0
2026-05-21 13:09:00+00:00,2.07467,2.07558,2.07195,2.07436,1103.0
2026-05-21 13:24:00+00:00,2.07436,2.07552,2.07208,2.07404,1057.0
2026-05-21 13:39:00+00:00,2.07404,2.07568,2.07389,2.07564,1330.0
2026-05-21 13:54:00+00:00,2.07564,2.07753,2.07451,2.07603,662.0
2026-05-21 14:09:00+00:00,2.07603,2.07865,2.07451,2.07669,669.0
2026-05-21 14:24:00+00:00,2.07669,2.081,2.07028,2.07444,1567.0
2026-05-21 14:39:00+00:00,2.07444,2.07678,2.07293,2.07386,1865.0
2026-05-21 14:54:00+00:00,2.07386,2.08189,2.06884,2.07677,1050.0
2026-05-21 15:09:00+00:00,2.07677,2.07903,2.07458,2.07621,1575.0
2026-05-21 15:24:00+00:00,2.07621,2.07851,2.07172,2.07408,1634.0
2026-05-21 15:39:00+00:00,2.07408,2.07578,2.0665,2.06765,1753.0
2026-05-21 15:54:00+00:00,2.06765,2.06912,2.06558,2.06734,837.0
2026-05-21 16:09:00+00:00,2.06734,2.06735,2.06316,2.06318,1375.0
2026-05-21 16:24:00+00:00,2.06318,2.06519,2.06256,2.06325,1429.0
2026-05-21 16:39:00+00:00,2.06325,2.06784,2.06196,2.06693,833.0
2026-05-21 16:54:00+00:00,2.06693,2.06742,2.06469,2.06555,1166.0
2026-05-21 17:09:00+00:00,2.06555,2.06821,2.06441,2.06711,907.0
2026-05-21 17:24:00+00:00,2.06711,2.06847,2.0659,2.06717,610.0
2026-05-21 17:39:00+00:00,2.06717,2.07163,2.06603,2.07121,543.0
2026-05-21 17:54:00+00:00,2.07121,2.07538,2.07077,2.07513,510.0
2026-05-21 18:09:00+00:00,2.07513,2.077,2.07245,2.07497,925.0
2026-05-21 18:24:00+00:00,2.07497,2.07544,2.07198,2.07315,618.0
2026-05-21 18:39:00+00:00,2.07315,2.07839,2.06847,2.07419,470.0
2026-05-21 18:54:00+00:00,2.07419,2.07698,2.07085,2.0732,832.0
2026-05-21 19:09:00+00:00,2.0732,2.07473,2.07144,2.07257,742.0
2026-05-21 19:24:00+00:00,2.07257,2.0766,2.07253,2.07658,430.0
2026-05-21 19:39:00+00:00,2.07658,2.07817,2.0694,2.072,781.0
2026-05-21 19:54:00+00:00,2.072,2.07358,2.07138,2.07317,813.0
2026-05-21 20:09:00+00:00,2.07317,2.07892,2.07203,2.07808,466.0
2026-05-21 20:24:00+00:00,2.07808,2.08347,2.07585,2.0824,859.0
2026-05-21 20:39:00+00:00,2.0824,2.08666,2.08034,2.08561,477.0
2026-05-21 20:54:00+00:00,2.08561,2.08581,2.08478,2.08498,723.0
2026-05-21 21:09:00+00:00,2.08498,2.08512,2.0819,2.08209,702.0
2026-05-21 21:24:00+00:00,2.08209,2.08338,2.07822,2.0791,622.0
2026-05-21 21:39:00+00:00,2.0791,2.08168,2.07316,2.07508,779.0
2026-05-21 21:54:00+00:00,2.07508,2.07637,2.07179,2.07237,395.0
2026-05-21 22:09:00+00:00,2.07237,2.07347,2.0711,2.07246,392.0
2026-05-21 22:24:00+00:00,2.07246,2.07582,2.07087,2.07347,814.0
2026-05-21 22:39:00+00:00,2.07347,2.0737,2.07344,2.07364,898.0
2026-05-21 22:54:00+00:00,2.07364,2.07523,2.07342,2.07486,574.0
2026-05-21 23:09:00+00:00,2.07486,2.07641,2.07289,2.07508,815.0
2026-05-21 23:24:00+00:00,2.07508,2.07673,2.07113,2.07192,802.0
2026-05-21 23:39:00+00:00,2.07192,2.07502,2.07066,2.07423,579.0
2026-05-21 23:54:00+00:00,2.07423,2.0786,2.07421,2.07858,953.0
2026-05-22 00:09:00+00:00,2.07858,2.07888,2.07358,2.07398,379.0
2026-05-22 00:24:00+00:00,2.07398,2.07529,2.07316,2.07438,467.0
2026-05-22 00:39:00+00:00,2.07438,2.07712,2.07309,2.07486,666.0
2026-05-22 00:54:00+00:00,2.07486,2.07667,2.06574,2.06876,902.0
2026-05-22 01:09:00+00:00,2.06876,2.06981,2.06741,2.06833,474.0
2026-05-22 01:24:00+00:00,2.06833,2.06883,2.06785,2.06848,424.0
2026-05-22 01:39:00+00:00,2.06848,2.07185,2.06762,2.0709,386.0
2026-05-22 01:54:00+00:00,2.0709,2.07396,2.06845,2.07023,548.0
2026-05-22 02:09:00+00:00,2.07023,2.07221,2.06898,2.07003,577.0
2026-05-22 02:24:00+00:00,2.07003,2.07116,2.06983,2.07068,434.0
2026-05-22 02:39:00+00:00,2.07068,2.07277,2.06852,2.06956,343.0
2026-05-22 02:54:00+00:00,2.06956,2.07385,2.06931,2.07333,449.0
2026-05-22 03:09:00+00:00,2.07333,2.07606,2.07128,2.07434,803.0
2026-05-22 03:24:00+00:00,2.07434,2.07436,2.07306,2.07313,704.0
2026-05-22 03:39:00+00:00,2.07313,2.07379,2.0709,2.07162,974.0
2026-05-22 03:54:00+00:00,2.07162,2.07305,2.06841,2.06995,884.0
2026-05-22 04:09:00+00:00,2.06995,2.07108,2.06964,2.07081,798.0
2026-05-22 04:24:00+00:00,2.07081,2.07503,2.06859,2.07106,610.0
2026-05-22 04:39:00+00:00,2.07106,2.07151,2.06784,2.0694,790.0
2026-05-22 04:54:00+00:00,2.0694,2.07188,2.06609,2.06809,665.0
2026-05-22 05:09:00+00:00,2.06809,2.06858,2.06472,2.06509,597.0
2026-05-22 05:24:00+00:00,2.06509,2.0654,2.06447,2.06495,866.0
2026-05-22 05:39:00+00:00,2.06495,2.06562,2.06484,2.06546,409.0
2026-05-22 05:54:00+00:00,2.06546,2.06935,2.06529,2.06919,856.0
2026-05-22 06:09:00+00:00,2.06919,2.0717,2.06371,2.06734,937.0
2026-05-22 06:24:00+00:00,2.06734,2.06967,2.06712,2.06915,916.0
2026-05-22 06:39:00+00:00,2.06915,2.07291,2.06586,2.06951,813.0
2026-05-22 06:54:00+00:00,2.06951,2.07292,2.06847,2.07191,446.0
2026-05-22 07:09:00+00:00,2.07191,2.07285,2.06854,2.07012,595.0
2026-05-22 07:24:00+00:00,2.07012,2.07826,2.0676,2.07393,1184.0
2026-05-22 07:39:00+00:00,2.07393,2.07884,2.07327,2.07693,1218.0
2026-05-22 07:54:00+00:00,2.07693,2.07823,2.07389,2.07624,792.0
2026-05-22 08:09:00+00:00,2.07624,2.08508,2.07361,2.08339,1154.0
2026-05-22 08:24:00+00:00,2.08339,2.09017,2.08121,2.08767,1319.0
2026-05-22 08:39:00+00:00,2.08767,2.0877,2.08579,2.08585,1449.0
2026-05-22 08:54:00+00:00,2.08585,2.08913,2.08496,2.08717,797.0
2026-05-22 09:09:00+00:00,2.08717,2.09052,2.08615,2.08955,1679.0
2026-05-22 09:24:00+00:00,2.08955,2.09248,2.08818,2.09162,1352.0
2026-05-22 09:39:00+00:00,2.09162,2.09372,2.08736,2.08979,760.0
2026-05-22 09:54:00+00:00,2.08979,2.09104,2.08664,2.09001,1218.0
2026-05-22 10:09:00+00:00,2.09001,2.09033,2.08609,2.08647,591.0
2026-05-22 10:24:00+00:00,2.08647,2.09107,2.08631,2.09092,1550.0
2026-05-22 10:39:00+00:00,2.09092,2.09266,2.09058,2.09256,970.0
2026-05-22 10:54:00+00:00,2.09256,2.09356,2.08937,2.09026,1228.0
2026-05-22 11:09:00+00:00,2.09026,2.0927,2.08814,2.08954,974.0
2026-05-22 11:24:00+00:00,2.08954,2.09077,2.08908,2.09032,1705.0
2026-05-22 11:39:00+00:00,2.09032,2.09047,2.08595,2.08608,1344.0
2026-05-22 11:54:00+00:00,2.08608,2.08676,2.08,2.08097,777.0
2026-05-22 12:09:00+00:00,2.08097,2.08114,2.07967,2.07998,1547.0
2026-05-22 12:24:00+00:00,2.07998,2.08239,2.07796,2.08064,797.0
2026-05-22 12:39:00+00:00,2.08064,2.08276,2.08052,2.08265,1378.0
2026-05-22 12:54:00+00:00,2.08265,2.0879,2.07829,2.08484,1100.0
2026-05-22 13:09:00+00:00,2.08484,2.08564,2.08247,2.08371,1337.0
2026-05-22 13:24:00+00:00,2.08371,2.08406,2.08027,2.08195,1236.0
2026-05-22 13:39:00+00:00,2.08195,2.08257,2.07609,2.07771,1390.0
2026-05-22 13:54:00+00:00,2.07771,2.07949,2.07197,2.07527,679.0
2026-05-22 14:09:00+00:00,2.07527,2.07768,2.07405,2.07609,921.0
2026-05-22 14:24:00+00:00,2.07609,2.07794,2.07598,2.07785,664.0
2026-05-22 14:39:00+00:00,2.07785,2.07958,2.07662,2.07798,1354.0
2026-05-22 14:54:00+00:00,2.07798,2.08006,2.07668,2.07858,1459.0
2026-05-22 15:09:00+00:00,2.07858,2.07941,2.07756,2.07866,988.0
2026-05-22 15:24:00+00:00,2.07866,2.08488,2.07121,2.07704,865.0
2026-05-22 15:39:00+00:00,2.07704,2.07853,2.0737,2.07566,1393.0
2026-05-22 15:54:00+00:00,2.07566,2.07705,2.07273,2.07368,909.0
2026-05-22 16:09:00+00:00,2.07368,2.07462,2.07266,2.0729,662.0
2026-05-22 16:24:00+00:00,2.0729,2.0768,2.07254,2.07632,1555.0
2026-05-22 16:39:00+00:00,2.07632,2.07736,2.07332,2.07469,826.0
2026-05-22 16:54:00+00:00,2.07469,2.07488,2.07225,2.07254,1382.0
2026-05-22 17:09:00+00:00,2.07254,2.07849,2.07137,2.07747,546.0
2026-05-22 17:24:00+00:00,2.07747,2.0784,2.07499,2.07573,898.0
2026-05-22 17:39:00+00:00,2.07573,2.07722,2.0714,2.07294,734.0
2026-05-22 17:54:00+00:00,2.07294,2.07454,2.06718,2.06846,382.0
2026-05-22 18:09:00+00:00,2.06846,2.07159,2.06816,2.07042,863.0
2026-05-22 18:24:00+00:00,2.07042,2.07249,2.06772,2.06883,718.0
2026-05-22 18:39:00+00:00,2.06883,2.0707,2.06489,2.06938,730.0
2026-05-22 18:54:00+00:00,2.06938,2.07057,2.06644,2.06742,918.0
2026-05-22 19:09:00+00:00,2.06742,2.06756,2.06679,2.06683,528.0
2026-05-22 19:24:00+00:00,2.06683,2.06693,2.06598,2.06609,413.0
2026-05-22 19:39:00+00:00,2.06609,2.06786,2.06044,2.06208,660.0
2026-05-22 19:54:00+00:00,2.06208,2.06735,2.06013,2.06552,693.0
2026-05-22 20:09:00+00:00,2.06552,2.07364,2.06419,2.07137,792.0
2026-05-22 20:24:00+00:00,2.07137,2.07343,2.06612,2.07133,546.0
2026-05-22 20:39:00+00:00,2.07133,2.07345,2.06787,2.07205,786.0
2026-05-22 20:54:00+00:00,2.07205,2.07893,2.06709,2.07476,709.0
2026-05-22 21:09:00+00:00,2.07476,2.07704,2.07383,2.07563,556.0
2026-05-22 21:24:00+00:00,2.07563,2.0806,2.07489,2.079,696.0
2026-05-22 21:39:00+00:00,2.079,2.07928,2.07864,2.07889,833.0
2026-05-22 21:54:00+00:00,2.07889,2.08142,2.07541,2.07734,506.0
2026-05-22 22:09:00+00:00,2.07734,2.07946,2.07563,2.07733,516.0
2026-05-22 22:24:00+00:00,2.07733,2.07917,2.07119,2.07366,478.0
2026-05-22 22:39:00+00:00,2.07366,2.07568,2.07249,2.0737,730.0
2026-05-22 22:54:00+00:00,2.0737,2.0743,2.07227,2.07314,938.0
2026-05-22 23:09:00+00:00,2.07314,2.07502,2.07259,2.07378,948.0
2026-05-22 23:24:00+00:00,2.07378,2.07593,2.0656,2.06964,733.0
2026-05-22 23:39:00+00:00,2.06964,2.07521,2.0691,2.07424,913.0
2026-05-22 23:54:00+00:00,2.07424,2.07438,2.06953,2.06961,952.0
2026-05-23 00:09:00+00:00,2.06961,2.07014,2.06955,2.06999,921.0
2026-05-23 00:24:00+00:00,2.06999,2.07009,2.06994,2.07003,496.0
2026-05-23 00:39:00+00:00,2.07003,2.07269,2.0688,2.07172,489.0
2026-05-23 00:54:00+00:00,2.07172,2.07207,2.07021,2.07155,732.0
2026-05-23 01:09:00+00:00,2.07155,2.07529,2.07107,2.0748,901.0
2026-05-23 01:24:00+00:00,2.0748,2.07575,2.06855,2.06914,604.0
2026-05-23 01:39:00+00:00,2.06914,2.07054,2.05992,2.06215,950.0
2026-05-23 01:54:00+00:00,2.06215,2.06268,2.05965,2.06031,560.0
2026-05-23 02:09:00+00:00,2.06031,2.06251,2.05754,2.06057,654.0
2026-05-23 02:24:00+00:00,2.06057,2.06173,2.05764,2.05829,870.0
2026-05-23 02:39:00+00:00,2.05829,2.05967,2.05813,2.05951,974.0
2026-05-23 02:54:00+00:00,2.05951,2.05995,2.05879,2.05913,578.0
2026-05-23 03:09:00+00:00,2.05913,2.06187,2.05691,2.05954,418.0
2026-05-23 03:24:00+00:00,2.05954,2.06262,2.05875,2.06083,679.0
2026-05-23 03:39:00+00:00,2.06083,2.06236,2.05677,2.05969,813.0
2026-05-23 03:54:00+00:00,2.05969,2.05976,2.05905,2.05909,335.0
2026-05-23 04:09:00+00:00,2.05909,2.06387,2.05675,2.06212,762.0
2026-05-23 04:24:00+00:00,2.06212,2.06594,2.06131,2.06395,518.0
2026-05-23 04:39:00+00:00,2.06395,2.06396,2.06213,2.06215,881.0
2026-05-23 04:54:00+00:00,2.06215,2.06404,2.06096,2.06228,925.0
2026-05-23 05:09:00+00:00,2.06228,2.06233,2.061,2.06109,447.0
2026-05-23 05:24:00+00:00,2.06109,2.0674,2.0581,2.06028,556.0
2026-05-23 05:39:00+00:00,2.06028,2.06743,2.05444,2.06124,937.0
2026-05-23 05:54:00+00:00,2.06124,2.06194,2.06003,2.06099,409.0
2026-05-23 06:09:00+00:00,2.06099,2.06398,2.058,2.0611,688.0
2026-05-23 06:24:00+00:00,2.0611,2.06389,2.05646,2.06022,892.0
2026-05-23 06:39:00+00:00,2.06022,2.06208,2.05839,2.05928,514.0
2026-05-23 06:54:00+00:00,2.05928,2.05937,2.05771,2.05783,541.0
2026-05-23 07:09:00+00:00,2.05783,2.0583,2.05378,2.05466,1022.0
2026-05-23 07:24:00+00:00,2.05466,2.05573,2.05312,2.05393,1606.0
2026-05-23 07:39:00+00:00,2.05393,2.05499,2.05125,2.05228,770.0
2026-05-23 07:54:00+00:00,2.05228,2.05493,2.05103,2.05456,1519.0
2026-05-23 08:09:00+00:00,2.05456,2.06061,2.05348,2.05982,1470.0
2026-05-23 08:24:00+00:00,2.05982,2.06136,2.05289,2.0553,920.0
2026-05-23 08:39:00+00:00,2.0553,2.06073,2.05467,2.05911,1047.0
2026-05-23 08:54:00+00:00,2.05911,2.05973,2.05778,2.05814,832.0
2026-05-23 09:09:00+00:00,2.05814,2.05856,2.05496,2.05563,791.0
2026-05-23 09:24:00+00:00,2.05563,2.061,2.05439,2.05811,1453.0
2026-05-23 09:39:00+00:00,2.05811,2.06357,2.05679,2.06021,1576.0
2026-05-23 09:54:00+00:00,2.06021,2.0641,2.05983,2.06361,1669.0
2026-05-23 10:09:00+00:00,2.06361,2.06423,2.05989,2.06079,1175.0
2026-05-23 10:24:00+00:00,2.06079,2.06322,2.05852,2.06134,949.0
2026-05-23 10:39:00+00:00,2.06134,2.06214,2.06119,2.06152,1487.0
2026-05-23 10:54:00+00:00,2.06152,2.06491,2.06028,2.06283,930.0
2026-05-23 11:09:00+00:00,2.06283,2.06396,2.05974,2.06164,745.0
2026-05-23 11:24:00+00:00,2.06164,2.06651,2.05163,2.05648,795.0
2026-05-23 11:39:00+00:00,2.05648,2.05949,2.0518,2.05602,1177.0
2026-05-23 11:54:00+00:00,2.05602,2.05639,2.05303,2.05353,1364.0
2026-05-23 12:09:00+00:00,2.05353,2.05494,2.05204,2.05295,1324.0
2026-05-23 12:24:00+00:00,2.05295,2.05844,2.05095,2.05492,1047.0
2026-05-23 12:39:00+00:00,2.05492,2.05582,2.05211,2.05456,1429.0
2026-05-23 12:54:00+00:00,2.05456,2.05789,2.05281,2.05628,703.0
2026-05-23 13:09:00+00:00,2.05628,2.05992,2.05599,2.05965,741.0
2026-05-23 13:24:00+00:00,2.05965,2.0597,2.05926,2.05936,1050.0
2026-05-23 13:39:00+00:00,2.05936,2.0607,2.0586,2.06004,843.0
2026-05-23 13:54:00+00:00,2.06004,2.06332,2.05872,2.0621,1131.0
2026-05-23 14:09:00+00:00,2.0621,2.06387,2.05846,2.059,662.0
2026-05-23 14:24:00+00:00,2.059,2.05916,2.05587,2.05601,1700.0
2026-05-23 14:39:00+00:00,2.05601,2.0563,2.055,2.05567,1375.0
2026-05-23 14:54:00+00:00,2.05567,2.05846,2.05567,2.05846,1336.0
2026-05-23 15:09:00+00:00,2.05846,2.06243,2.05471,2.06069,685.0
2026-05-23 15:24:00+00:00,2.06069,2.06522,2.05711,2.06382,815.0
2026-05-23 15:39:00+00:00,2.06382,2.06617,2.06185,2.06455,657.0
2026-05-23 15:54:00+00:00,2.06455,2.06486,2.06069,2.06093,1345.0
2026-05-23 16:09:00+00:00,2.06093,2.06201,2.06072,2.06127,690.0
2026-05-23 16:24:00+00:00,2.06127,2.06569,2.06009,2.06415,1063.0
2026-05-23 16:39:00+00:00,2.06415,2.0661,2.05849,2.06171,1443.0
2026-05-23 16:54:00+00:00,2.06171,2.06261,2.05531,2.0587,1274.0
2026-05-23 17:09:00+00:00,2.0587,2.0589,2.05838,2.05872,358.0
2026-05-23 17:24:00+00:00,2.05872,2.05933,2.05711,2.0577,480.0
2026-05-23 17:39:00+00:00,2.0577,2.05882,2.0573,2.0581,722.0
2026-05-23 17:54:00+00:00,2.0581,2.06156,2.05719,2.05973,398.0
2026-05-23 18:09:00+00:00,2.05973,2.06028,2.05694,2.05776,646.0
2026-05-23 18:24:00+00:00,2.05776,2.06276,2.05592,2.0608,808.0
2026-05-23 18:39:00+00:00,2.0608,2.06445,2.05925,2.0619,962.0
2026-05-23 18:54:00+00:00,2.0619,2.06322,2.06136,2.0624,399.0
2026-05-23 19:09:00+00:00,2.0624,2.06405,2.06134,2.06358,665.0
2026-05-23 19:24:00+00:00,2.06358,2.06414,2.06061,2.06151,954.0
2026-05-23 19:39:00+00:00,2.06151,2.06201,2.05728,2.05936,678.0
2026-05-23 19:54:00+00:00,2.05936,2.06104,2.05659,2.0594,756.0
2026-05-23 20:09:00+00:00,2.0594,2.06025,2.05643,2.05769,850.0
2026-05-23 20:24:00+00:00,2.05769,2.06009,2.05622,2.05893,337.0
2026-05-23 20:39:00+00:00,2.05893,2.06073,2.05841,2.0598,878.0
2026-05-23 20:54:00+00:00,2.0598,2.06382,2.05943,2.06328,382.0
2026-05-23 21:09:00+00:00,2.06328,2.06584,2.06214,2.06545,714.0
2026-05-23 21:24:00+00:00,2.06545,2.06619,2.05883,2.06071,924.0
2026-05-23 21:39:00+00:00,2.06071,2.0627,2.05336,2.05669,402.0
2026-05-23 21:54:00+00:00,2.05669,2.05827,2.05368,2.05639,873.0
2026-05-23 22:09:00+00:00,2.05639,2.05793,2.05136,2.05282,423.0
2026-05-23 22:24:00+00:00,2.05282,2.05302,2.05088,2.05124,723.0
2026-05-23 22:39:00+00:00,2.05124,2.05318,2.05109,2.05279,430.0
2026-05-23 22:54:00+00:00,2.05279,2.05325,2.05099,2.05257,464.0
2026-05-23 23:09:00+00:00,2.05257,2.05386,2.05214,2.05296,953.0
2026-05-23 23:24:00+00:00,2.05296,2.05347,2.04811,2.04843,777.0
2026-05-23 23:39:00+00:00,2.04843,2.04887,2.04819,2.04862,440.0
2026-05-23 23:54:00+00:00,2.04862,2.05031,2.04447,2.04528,570.0
2026-05-24 00:09:00+00:00,2.04528,2.04619,2.04406,2.04522,704.0
2026-05-24 00:24:00+00:00,2.04522,2.04662,2.04246,2.04574,758.0
2026-05-24 00:39:00+00:00,2.04574,2.04732,2.04064,2.0419,614.0
2026-05-24 00:54:00+00:00,2.0419,2.04392,2.04057,2.04333,523.0
2026-05-24 01:09:00+00:00,2.04333,2.04474,2.03967,2.04207,973.0
2026-05-24 01:24:00+00:00,2.04207,2.04471,2.04091,2.04239,368.0
2026-05-24 01:39:00+00:00,2.04239,2.04285,2.04083,2.04145,969.0
2026-05-24 01:54:00+00:00,2.04145,2.04751,2.03912,2.04331,539.0
2026-05-24 02:09:00+00:00,2.04331,2.04438,2.04248,2.04352,370.0
2026-05-24 02:24:00+00:00,2.04352,2.04464,2.04013,2.04149,681.0
2026-05-24 02:39:00+00:00,2.04149,2.04455,2.04018,2.04303,586.0
2026-05-24 02:54:00+00:00,2.04303,2.04546,2.04032,2.04335,846.0
2026-05-24 03:09:00+00:00,2.04335,2.04584,2.04277,2.04504,836.0
2026-05-24 03:24:00+00:00,2.04504,2.04593,2.04259,2.04424,974.0
2026-05-24 03:39:00+00:00,2.04424,2.05144,2.04266,2.05058,622.0
2026-05-24 03:54:00+00:00,2.05058,2.05449,2.05024,2.05418,652.0
2026-05-24 04:09:00+00:00,2.05418,2.05551,2.05203,2.05408,686.0
2026-05-24 04:24:00+00:00,2.05408,2.05418,2.04882,2.04919,963.0
2026-05-24 04:39:00+00:00,2.04919,2.05422,2.04777,2.05228,488.0
2026-05-24 04:54:00+00:00,2.05228,2.05358,2.05128,2.05166,565.0
2026-05-24 05:09:00+00:00,2.05166,2.05331,2.04999,2.05155,338.0
2026-05-24 05:24:00+00:00,2.05155,2.05576,2.04943,2.05332,566.0
2026-05-24 05:39:00+00:00,2.05332,2.0581,2.05117,2.05674,466.0
2026-05-24 05:54:00+00:00,2.05674,2.05843,2.05659,2.05829,378.0
2026-05-24 06:09:00+00:00,2.05829,2.06009,2.05585,2.05834,762.0
2026-05-24 06:24:00+00:00,2.05834,2.05889,2.05683,2.05707,529.0
2026-05-24 06:39:00+00:00,2.05707,2.05864,2.05486,2.05634,410.0
2026-05-24 06:54:00+00:00,2.05634,2.05962,2.05273,2.05814,399.0
2026-05-24 07:09:00+00:00,2.05814,2.05988,2.05655,2.05798,1037.0
2026-05-24 07:24:00+00:00,2.05798,2.05879,2.05712,2.05838,1438.0
2026-05-24 07:39:00+00:00,2.05838,2.06054,2.05777,2.06014,1012.0
2026-05-24 07:54:00+00:00,2.06014,2.06071,2.05765,2.05812,1387.0
2026-05-24 08:09:00+00:00,2.05812,2.05883,2.05365,2.05668,657.0
2026-05-24 08:24:00+00:00,2.05668,2.05889,2.05189,2.05446,1470.0
2026-05-24 08:39:00+00:00,2.05446,2.06051,2.05395,2.05894,1658.0
2026-05-24 08:54:00+00:00,2.05894,2.05963,2.05431,2.05491,1460.0
2026-05-24 09:09:00+00:00,2.05491,2.05914,2.04884,2.0528,1540.0
2026-05-24 09:24:00+00:00,2.0528,2.05557,2.05198,2.05503,1582.0
2026-05-24 09:39:00+00:00,2.05503,2.05628,2.05169,2.05266,875.0
2026-05-24 09:54:00+00:00,2.05266,2.06115,2.04907,2.0582,650.0
2026-05-24 10:09:00+00:00,2.0582,2.05855,2.05438,2.05529,923.0
2026-05-24 10:24:00+00:00,2.05529,2.0557,2.0531,2.05357,1392.0
2026-05-24 10:39:00+00:00,2.05357,2.05367,2.05285,2.05308,1313.0
2026-05-24 10:54:00+00:00,2.05308,2.05563,2.0494,2.05112,1637.0
2026-05-24 11:09:00+00:00,2.05112,2.05289,2.05011,2.05262,1119.0
2026-05-24 11:24:00+00:00,2.05262,2.05741,2.05072,2.05564,1331.0
2026-05-24 11:39:00+00:00,2.05564,2.0644,2.04987,2.05941,669.0
2026-05-24 11:54:00+00:00,2.05941,2.05964,2.0553,2.05544,1653.0
2026-05-24 12:09:00+00:00,2.05544,2.05576,2.05258,2.05346,970.0
2026-05-24 12:24:00+00:00,2.05346,2.05523,2.05003,2.05097,832.0
2026-05-24 12:39:00+00:00,2.05097,2.0533,2.04665,2.0491,914.0
2026-05-24 12:54:00+00:00,2.0491,2.05181,2.0482,2.05136,1383.0
2026-05-24 13:09:00+00:00,2.05136,2.05183,2.04834,2.04883,787.0
2026-05-24 13:24:00+00:00,2.04883,2.0508,2.04267,2.04365,715.0
2026-05-24 13:39:00+00:00,2.04365,2.04658,2.03952,2.04244,631.0
2026-05-24 13:54:00+00:00,2.04244,2.04302,2.04135,2.04191,1383.0
2026-05-24 14:09:00+00:00,2.04191,2.04317,2.03711,2.03946,1702.0
2026-05-24 14:24:00+00:00,2.03946,2.04253,2.03779,2.04077,760.0
2026-05-24 14:39:00+00:00,2.04077,2.04109,2.03935,2.03951,727.0
2026-05-24 14:54:00+00:00,2.03951,2.03977,2.03598,2.03659,1219.0
2026-05-24 15:09:00+00:00,2.03659,2.03672,2.03451,2.03464,1625.0
2026-05-24 15:24:00+00:00,2.03464,2.03512,2.03047,2.03185,1441.0
2026-05-24 15:39:00+00:00,2.03185,2.03581,2.03121,2.03411,1387.0
2026-05-24 15:54:00+00:00,2.03411,2.03615,2.02956,2.03102,1534.0
2026-05-24 16:09:00+00:00,2.03102,2.03349,2.02941,2.0322,1431.0
2026-05-24 16:24:00+00:00,2.0322,2.03869,2.03094,2.0377,1508.0
2026-05-24 16:39:00+00:00,2.0377,2.03806,2.03512,2.03645,1151.0
2026-05-24 16:54:00+00:00,2.03645,2.03766,2.03526,2.03712,1093.0
2026-05-24 17:09:00+00:00,2.03712,2.04204,2.03247,2.03381,716.0
2026-05-24 17:24:00+00:00,2.03381,2.03835,2.03343,2.03784,726.0
2026-05-24 17:39:00+00:00,2.03784,2.04051,2.03355,2.03508,543.0
2026-05-24 17:54:00+00:00,2.03508,2.04071,2.03432,2.03987,660.0
2026-05-24 18:09:00+00:00,2.03987,2.03998,2.03923,2.03932,332.0
2026-05-24 18:24:00+00:00,2.03932,2.04458,2.0389,2.04381,918.0
2026-05-24 18:39:00+00:00,2.04381,2.04692,2.04373,2.04677,883.0
2026-05-24 18:54:00+00:00,2.04677,2.04713,2.04626,2.04688,571.0
2026-05-24 19:09:00+00:00,2.04688,2.04716,2.04413,2.04443,739.0
2026-05-24 19:24:00+00:00,2.04443,2.04868,2.04428,2.04862,842.0
2026-05-24 19:39:00+00:00,2.04862,2.05258,2.04542,2.05039,820.0
2026-05-24 19:54:00+00:00,2.05039,2.05173,2.05017,2.05165,621.0
2026-05-24 20:09:00+00:00,2.05165,2.05185,2.05139,2.05165,335.0
2026-05-24 20:24:00+00:00,2.05165,2.05177,2.05106,2.05111,960.0
2026-05-24 20:39:00+00:00,2.05111,2.05435,2.04981,2.05213,688.0
2026-05-24 20:54:00+00:00,2.05213,2.05454,2.04652,2.0499,931.0
2026-05-24 21:09:00+00:00,2.0499,2.05572,2.04106,2.04719,763.0
2026-05-24 21:24:00+00:00,2.04719,2.04806,2.04436,2.04475,604.0
2026-05-24 21:39:00+00:00,2.04475,2.04611,2.04146,2.04275,413.0
2026-05-24 21:54:00+00:00,2.04275,2.04453,2.04171,2.04407,383.0
2026-05-24 22:09:00+00:00,2.04407,2.04572,2.04277,2.04408,420.0
2026-05-24 22:24:00+00:00,2.04408,2.04722,2.0399,2.04348,401.0
2026-05-24 22:39:00+00:00,2.04348,2.04756,2.04313,2.04733,743.0
2026-05-24 22:54:00+00:00,2.04733,2.04746,2.0466,2.04693,610.0
2026-05-24 23:09:00+00:00,2.04693,2.04808,2.04672,2.04734,561.0
2026-05-24 23:24:00+00:00,2.04734,2.04738,2.04697,2.04701,426.0
2026-05-24 23:39:00+00:00,2.04701,2.05445,2.04608,2.05139,463.0
2026-05-24 23:54:00+00:00,2.05139,2.05148,2.05081,2.05099,890.0
2026-05-25 00:09:00+00:00,2.05099,2.0581,2.04433,2.05629,1097.0
2026-05-25 00:24:00+00:00,2.05629,2.07223,2.05198,2.07027,2037.0
2026-05-25 00:39:00+00:00,2.07027,2.07976,2.06951,2.07904,967.0
2026-05-25 00:54:00+00:00,2.07904,2.07972,2.07295,2.07356,1482.0
2026-05-25 01:09:00+00:00,2.07356,2.07661,2.06004,2.0631,1566.0
2026-05-25 01:24:00+00:00,2.0631,2.06394,2.05989,2.06075,1972.0
2026-05-25 01:39:00+00:00,2.06075,2.06563,2.04371,2.0502,1693.0
2026-05-25 01:54:00+00:00,2.0502,2.05587,2.04733,2.05194,2709.0
2026-05-25 02:09:00+00:00,2.05194,2.05681,2.04745,2.05349,2665.0
2026-05-25 02:24:00+00:00,2.05349,2.06428,2.05202,2.06363,2483.0
2026-05-25 02:39:00+00:00,2.06363,2.06789,2.05775,2.062,1087.0
2026-05-25 02:54:00+00:00,2.062,2.0681,2.05244,2.05911,1638.0
2026-05-25 03:09:00+00:00,2.05911,2.06454,2.04962,2.06026,1868.0
2026-05-25 03:24:00+00:00,2.06026,2.06834,2.05581,2.06653,2127.0
2026-05-25 03:39:00+00:00,2.06653,2.06852,2.06389,2.06487,954.0
2026-05-25 03:54:00+00:00,2.06487,2.06583,2.05761,2.05817,1083.0
2026-05-25 04:09:00+00:00,2.05817,2.06755,2.05166,2.0571,2225.0
2026-05-25 04:24:00+00:00,2.0571,2.0625,2.05502,2.06069,1174.0
2026-05-25 04:39:00+00:00,2.06069,2.07933,2.05062,2.07089,2322.0
2026-05-25 04:54:00+00:00,2.07089,2.0752,2.06666,2.06759,944.0
2026-05-25 05:09:00+00:00,2.06759,2.07419,2.06274,2.07123,2594.0
2026-05-25 05:24:00+00:00,2.07123,2.08665,2.07004,2.08491,1318.0
2026-05-25 05:39:00+00:00,2.08491,2.09224,2.07805,2.08922,1232.0
2026-05-25 05:54:00+00:00,2.08922,2.10068,2.08479,2.09474,2145.0
2026-05-25 06:09:00+00:00,2.09474,2.09928,2.08011,2.0831,1734.0
2026-05-25 06:24:00+00:00,2.0831,2.09231,2.08143,2.08924,2268.0
2026-05-25 06:39:00+00:00,2.08924,2.09908,2.07957,2.09511,1430.0
2026-05-25 06:54:00+00:00,2.09511,2.10059,2.09228,2.09552,1833.0
2026-05-25 07:09:00+00:00,2.09552,2.10204,2.09141,2.09497,4826.0
2026-05-25 07:24:00+00:00,2.09497,2.10295,2.08775,2.09685,4631.0
2026-05-25 07:39:00+00:00,2.09685,2.10134,2.09509,2.09903,4319.0
2026-05-25 07:54:00+00:00,2.09903,2.10578,2.09176,2.10215,3823.0
2026-05-25 08:09:00+00:00,2.10215,2.10325,2.10097,2.10124,2769.0
2026-05-25 08:24:00+00:00,2.10124,2.10875,2.08959,2.09168,1966.0
2026-05-25 08:39:00+00:00,2.09168,2.09238,2.08622,2.08769,2395.0
2026-05-25 08:54:00+00:00,2.08769,2.08951,2.07502,2.07759,2838.0
2026-05-25 09:09:00+00:00,2.07759,2.08613,2.07209,2.07658,2454.0
2026-05-25 09:24:00+00:00,2.07658,2.07898,2.07576,2.07734,4574.0
2026-05-25 09:39:00+00:00,2.07734,2.07761,2.07229,2.0726,2813.0
2026-05-25 09:54:00+00:00,2.0726,2.07658,2.07172,2.07507,2222.0
2026-05-25 10:09:00+00:00,2.07507,2.08095,2.07186,2.07586,1660.0
2026-05-25 10:24:00+00:00,2.07586,2.07768,2.07407,2.07556,4043.0
2026-05-25 10:39:00+00:00,2.07556,2.0789,2.07411,2.07829,1670.0
2026-05-25 10:54:00+00:00,2.07829,2.08256,2.06979,2.07478,3821.0
2026-05-25 11:09:00+00:00,2.07478,2.08489,2.07124,2.08288,3819.0
2026-05-25 11:24:00+00:00,2.08288,2.08858,2.0822,2.08689,3109.0
2026-05-25 11:39:00+00:00,2.08689,2.09242,2.08465,2.09159,3851.0
2026-05-25 11:54:00+00:00,2.09159,2.11027,2.08768,2.10633,3030.0
2026-05-25 12:09:00+00:00,2.10633,2.12155,2.1033,2.11442,2380.0
2026-05-25 12:24:00+00:00,2.11442,2.12062,2.11305,2.11764,4785.0
2026-05-25 12:39:00+00:00,2.11764,2.1231,2.11317,2.12176,3515.0
2026-05-25 12:54:00+00:00,2.12176,2.1258,2.12058,2.12419,4543.0
2026-05-25 13:09:00+00:00,2.12419,2.14042,2.12026,2.13825,4049.0
2026-05-25 13:24:00+00:00,2.13825,2.14396,2.12742,2.13491,2597.0
2026-05-25 13:39:00+00:00,2.13491,2.15221,2.13452,2.15184,4353.0
2026-05-25 13:54:00+00:00,2.15184,2.16056,2.14548,2.15561,4375.0
2026-05-25 14:09:00+00:00,2.15561,2.16096,2.14206,2.14679,2727.0
2026-05-25 14:24:00+00:00,2.14679,2.14969,2.14281,2.14468,1946.0
2026-05-25 14:39:00+00:00,2.14468,2.15156,2.13219,2.13969,3266.0
2026-05-25 14:54:00+00:00,2.13969,2.15691,2.13283,2.14594,2219.0
2026-05-25 15:09:00+00:00,2.14594,2.15765,2.14266,2.15228,3836.0
2026-05-25 15:24:00+00:00,2.15228,2.1533,2.14631,2.14676,4206.0
2026-05-25 15:39:00+00:00,2.14676,2.15179,2.14529,2.14885,2653.0
2026-05-25 15:54:00+00:00,2.14885,2.15164,2.13901,2.14279,2715.0
2026-05-25 16:09:00+00:00,2.14279,2.14577,2.14121,2.14398,3336.0
2026-05-25 16:24:00+00:00,2.14398,2.15789,2.1333,2.15031,4652.0
2026-05-25 16:39:00+00:00,2.15031,2.15416,2.14831,2.15281,2051.0
2026-05-25 16:54:00+00:00,2.15281,2.16287,2.14892,2.15773,4507.0
2026-05-25 17:09:00+00:00,2.15773,2.1695,2.15196,2.16314,1924.0
2026-05-25 17:24:00+00:00,2.16314,2.17176,2.16025,2.16978,2254.0
2026-05-25 17:39:00+00:00,2.16978,2.17447,2.16182,2.16931,2183.0
2026-05-25 17:54:00+00:00,2.16931,2.18522,2.16702,2.17953,2586.0
2026-05-25 18:09:00+00:00,2.17953,2.18458,2.17164,2.18195,2642.0
2026-05-25 18:24:00+00:00,2.18195,2.19116,2.18023,2.18823,929.0
2026-05-25 18:39:00+00:00,2.18823,2.1951,2.18309,2.18602,2179.0
2026-05-25 18:54:00+00:00,2.18602,2.19822,2.18188,2.1908,2726.0
2026-05-25 19:09:00+00:00,2.1908,2.19137,2.18307,2.18331,1390.0
2026-05-25 19:24:00+00:00,2.18331,2.19287,2.17673,2.18704,2140.0
2026-05-25 19:39:00+00:00,2.18704,2.19419,2.18519,2.19329,2612.0
2026-05-25 19:54:00+00:00,2.19329,2.20081,2.17305,2.18103,2196.0
2026-05-25 20:09:00+00:00,2.18103,2.18837,2.18086,2.18827,1671.0
2026-05-25 20:24:00+00:00,2.18827,2.19219,2.17369,2.17596,2729.0
2026-05-25 20:39:00+00:00,2.17596,2.18556,2.16597,2.17464,1042.0
2026-05-25 20:54:00+00:00,2.17464,2.19609,2.16954,2.19391,2614.0
2026-05-25 21:09:00+00:00,2.19391,2.20384,2.19094,2.1995,2734.0
2026-05-25 21:24:00+00:00,2.1995,2.2141,2.19807,2.21173,1554.0
2026-05-25 21:39:00+00:00,2.21173,2.21842,2.20644,2.21665,2000.0
2026-05-25 21:54:00+00:00,2.21665,2.22021,2.20889,2.21103,1553.0
2026-05-25 22:09:00+00:00,2.21103,2.23478,2.202,2.2195,1604.0
2026-05-25 22:24:00+00:00,2.2195,2.22015,2.21571,2.2164,1862.0
2026-05-25 22:39:00+00:00,2.2164,2.23587,2.20594,2.22271,2749.0
2026-05-25 22:54:00+00:00,2.22271,2.2377,2.21404,2.22919,1962.0
2026-05-25 23:09:00+00:00,2.22919,2.23744,2.22378,2.23333,2206.0
2026-05-25 23:24:00+00:00,2.23333,2.23708,2.22509,2.22876,1069.0
2026-05-25 23:39:00+00:00,2.22876,2.2304,2.22375,2.22505,1621.0
2026-05-25 23:54:00+00:00,2.22505,2.22841,2.223,2.22638,1614.0
2026-05-26 00:09:00+00:00,2.22638,2.24187,2.22585,2.24149,1822.0
2026-05-26 00:24:00+00:00,2.24149,2.2576,2.23693,2.25445,2201.0
2026-05-26 00:39:00+00:00,2.25445,2.25487,2.24836,2.24875,1740.0
2026-05-26 00:54:00+00:00,2.24875,2.2502,2.23824,2.24494,1785.0
2026-05-26 01:09:00+00:00,2.24494,2.24658,2.23301,2.23605,1575.0
2026-05-26 01:24:00+00:00,2.23605,2.24042,2.23491,2.23946,1310.0
2026-05-26 01:39:00+00:00,2.23946,2.24026,2.23305,2.23465,1778.0
2026-05-26 01:54:00+00:00,2.23465,2.2562,2.23054,2.25408,2156.0
2026-05-26 02:09:00+00:00,2.25408,2.25435,2.23839,2.23879,1554.0
2026-05-26 02:24:00+00:00,2.23879,2.24576,2.23875,2.2457,1217.0
2026-05-26 02:39:00+00:00,2.2457,2.24583,2.24275,2.2429,1485.0
2026-05-26 02:54:00+00:00,2.2429,2.25324,2.24046,2.25139,2690.0
2026-05-26 03:09:00+00:00,2.25139,2.2539,2.23802,2.23964,2656.0
2026-05-26 03:24:00+00:00,2.23964,2.24286,2.23419,2.23591,2592.0
2026-05-26 03:39:00+00:00,2.23591,2.24097,2.23293,2.23761,1270.0
2026-05-26 03:54:00+00:00,2.23761,2.24434,2.23568,2.23793,1402.0
2026-05-26 04:09:00+00:00,2.23793,2.25534,2.2365,2.25485,2077.0
2026-05-26 04:24:00+00:00,2.25485,2.25522,2.24073,2.24167,2054.0
2026-05-26 04:39:00+00:00,2.24167,2.24429,2.23571,2.24007,1931.0
2026-05-26 04:54:00+00:00,2.24007,2.24342,2.22356,2.22728,1734.0
2026-05-26 05:09:00+00:00,2.22728,2.23279,2.21835,2.22216,1328.0
2026-05-26 05:24:00+00:00,2.22216,2.22522,2.21448,2.21813,1483.0
2026-05-26 05:39:00+00:00,2.21813,2.21915,2.2156,2.21666,1684.0
2026-05-26 05:54:00+00:00,2.21666,2.21676,2.2047,2.20491,1232.0
2026-05-26 06:09:00+00:00,2.20491,2.2064,2.19611,2.19767,1840.0
2026-05-26 06:24:00+00:00,2.19767,2.20691,2.19577,2.2044,2034.0
2026-05-26 06:39:00+00:00,2.2044,2.21589,2.19344,2.19741,2430.0
2026-05-26 06:54:00+00:00,2.19741,2.20158,2.19416,2.19779,1569.0
2026-05-26 07:09:00+00:00,2.19779,2.20078,2.1844,2.18595,3962.0
2026-05-26 07:24:00+00:00,2.18595,2.18978,2.18564,2.18895,3597.0
2026-05-26 07:39:00+00:00,2.18895,2.19044,2.18456,2.1863,1960.0
2026-05-26 07:54:00+00:00,2.1863,2.19205,2.18592,2.19126,3997.0
2026-05-26 08:09:00+00:00,2.19126,2.19439,2.18415,2.19,3430.0
2026-05-26 08:24:00+00:00,2.19,2.19118,2.18486,2.1853,1824.0
2026-05-26 08:39:00+00:00,2.1853,2.19403,2.18212,2.18629,1950.0
2026-05-26 08:54:00+00:00,2.18629,2.18673,2.18394,2.18428,2295.0
2026-05-26 09:09:00+00:00,2.18428,2.1991,2.18273,2.19545,2296.0
2026-05-26 09:24:00+00:00,2.19545,2.19852,2.18068,2.18188,4036.0
2026-05-26 09:39:00+00:00,2.18188,2.20205,2.17913,2.19427,3305.0
2026-05-26 09:54:00+00:00,2.19427,2.19437,2.18599,2.18618,2743.0
2026-05-26 10:09:00+00:00,2.18618,2.19883,2.18581,2.19747,3731.0
2026-05-26 10:24:00+00:00,2.19747,2.21139,2.18326,2.19974,2332.0
2026-05-26 10:39:00+00:00,2.19974,2.20287,2.18371,2.18716,3263.0
2026-05-26 10:54:00+00:00,2.18716,2.19696,2.17888,2.182,2038.0
2026-05-26 11:09:00+00:00,2.182,2.19541,2.17778,2.19243,3070.0
2026-05-26 11:24:00+00:00,2.19243,2.20107,2.18932,2.19956,2282.0
2026-05-26 11:39:00+00:00,2.19956,2.20475,2.19738,2.20034,4710.0
2026-05-26 11:54:00+00:00,2.20034,2.21731,2.18828,2.21037,2846.0
2026-05-26 12:09:00+00:00,2.21037,2.21322,2.19487,2.20155,2202.0
2026-05-26 12:24:00+00:00,2.20155,2.20241,2.19516,2.19648,3093.0
2026-05-26 12:39:00+00:00,2.19648,2.20845,2.19474,2.20685,1959.0
2026-05-26 12:54:00+00:00,2.20685,2.21723,2.2057,2.21338,3353.0
2026-05-26 13:09:00+00:00,2.21338,2.21498,2.2124,2.21417,2267.0
2026-05-26 13:24:00+00:00,2.21417,2.24081,2.20818,2.23764,1729.0
2026-05-26 13:39:00+00:00,2.23764,2.24031,2.22671,2.22898,4158.0
2026-05-26 13:54:00+00:00,2.22898,2.24337,2.22393,2.23609,4227.0
2026-05-26 14:09:00+00:00,2.23609,2.24023,2.22865,2.23509,3836.0
2026-05-26 14:24:00+00:00,2.23509,2.24388,2.23058,2.24025,3256.0
2026-05-26 14:39:00+00:00,2.24025,2.24667,2.23204,2.2385,2038.0
2026-05-26 14:54:00+00:00,2.2385,2.24845,2.22261,2.22655,3426.0
2026-05-26 15:09:00+00:00,2.22655,2.22978,2.21857,2.22229,2142.0
2026-05-26 15:24:00+00:00,2.22229,2.22502,2.21977,2.2229,4544.0
2026-05-26 15:39:00+00:00,2.2229,2.23749,2.20669,2.21471,2962.0
2026-05-26 15:54:00+00:00,2.21471,2.22154,2.19929,2.20934,2373.0
2026-05-26 16:09:00+00:00,2.20934,2.21541,2.19474,2.20232,2899.0
2026-05-26 16:24:00+00:00,2.20232,2.20335,2.20045,2.20162,4008.0
2026-05-26 16:39:00+00:00,2.20162,2.20667,2.17832,2.1947,3994.0
2026-05-26 16:54:00+00:00,2.1947,2.19734,2.19146,2.19511,2272.0
2026-05-26 17:09:00+00:00,2.19511,2.19754,2.1723,2.18078,1094.0
2026-05-26 17:24:00+00:00,2.18078,2.18614,2.17624,2.1832,2227.0
2026-05-26 17:39:00+00:00,2.1832,2.19352,2.18238,2.19285,1790.0
2026-05-26 17:54:00+00:00,2.19285,2.19605,2.18761,2.19082,1144.0
2026-05-26 18:09:00+00:00,2.19082,2.2003,2.1795,2.1863,2503.0
2026-05-26 18:24:00+00:00,2.1863,2.19692,2.18516,2.19631,2153.0
2026-05-26 18:39:00+00:00,2.19631,2.20339,2.18954,2.20003,2015.0
2026-05-26 18:54:00+00:00,2.20003,2.20263,2.18809,2.18986,2290.0
2026-05-26 19:09:00+00:00,2.18986,2.20181,2.18614,2.19747,2701.0
2026-05-26 19:24:00+00:00,2.19747,2.21533,2.19196,2.20823,2310.0
2026-05-26 19:39:00+00:00,2.20823,2.21274,2.20822,2.21272,2250.0
2026-05-26 19:54:00+00:00,2.21272,2.22138,2.21021,2.21427,1086.0
2026-05-26 20:09:00+00:00,2.21427,2.22002,2.20658,2.21194,1880.0
2026-05-26 20:24:00+00:00,2.21194,2.21498,2.2107,2.21388,959.0
2026-05-26 20:39:00+00:00,2.21388,2.21394,2.21323,2.21327,1101.0
2026-05-26 20:54:00+00:00,2.21327,2.22128,2.21176,2.22041,1622.0
2026-05-26 21:09:00+00:00,2.22041,2.23451,2.21649,2.22599,2587.0
2026-05-26 21:24:00+00:00,2.22599,2.23574,2.22205,2.23052,2480.0
2026-05-26 21:39:00+00:00,2.23052,2.23281,2.22893,2.23159,1024.0
2026-05-26 21:54:00+00:00,2.23159,2.2436,2.22846,2.23757,2069.0
2026-05-26 22:09:00+00:00,2.23757,2.23858,2.2293,2.23227,1110.0
2026-05-26 22:24:00+00:00,2.23227,2.23405,2.21903,2.22435,2665.0
2026-05-26 22:39:00+00:00,2.22435,2.23373,2.21759,2.22112,2326.0
2026-05-26 22:54:00+00:00,2.22112,2.23536,2.21889,2.23298,1406.0
2026-05-26 23:09:00+00:00,2.23298,2.23416,2.21946,2.22062,1412.0
2026-05-26 23:24:00+00:00,2.22062,2.22391,2.21836,2.21936,2718.0
2026-05-26 23:39:00+00:00,2.21936,2.24286,2.21091,2.23267,1162.0
2026-05-26 23:54:00+00:00,2.23267,2.24754,2.22863,2.24371,1720.0
2026-05-27 00:09:00+00:00,2.24371,2.24987,2.24243,2.24873,2462.0
2026-05-27 00:24:00+00:00,2.24873,2.25029,2.24656,2.24889,2227.0
2026-05-27 00:39:00+00:00,2.24889,2.26313,2.24843,2.26283,1366.0
2026-05-27 00:54:00+00:00,2.26283,2.27134,2.25673,2.26598,2124.0
2026-05-27 01:09:00+00:00,2.26598,2.26696,2.25741,2.26071,1177.0
2026-05-27 01:24:00+00:00,2.26071,2.26553,2.2533,2.25824,1961.0
2026-05-27 01:39:00+00:00,2.25824,2.26474,2.25053,2.25696,2307.0
2026-05-27 01:54:00+00:00,2.25696,2.26345,2.24109,2.24947,2414.0
2026-05-27 02:09:00+00:00,2.24947,2.26653,2.24782,2.26526,2402.0
2026-05-27 02:24:00+00:00,2.26526,2.27127,2.26437,2.26944,954.0
2026-05-27 02:39:00+00:00,2.26944,2.27307,2.25063,2.25304,1014.0
2026-05-27 02:54:00+00:00,2.25304,2.26732,2.24409,2.25772,1017.0
2026-05-27 03:09:00+00:00,2.25772,2.26504,2.25596,2.26411,2669.0
2026-05-27 03:24:00+00:00,2.26411,2.27091,2.26165,2.26932,1873.0
2026-05-27 03:39:00+00:00,2.26932,2.27084,2.2659,2.2672,2669.0
2026-05-27 03:54:00+00:00,2.2672,2.28187,2.24569,2.25719,2070.0
2026-05-27 04:09:00+00:00,2.25719,2.25747,2.25244,2.25279,1343.0
2026-05-27 04:24:00+00:00,2.25279,2.26538,2.24756,2.26114,2292.0
2026-05-27 04:39:00+00:00,2.26114,2.26579,2.25832,2.26158,1426.0
2026-05-27 04:54:00+00:00,2.26158,2.26367,2.24588,2.25582,2238.0
2026-05-27 05:09:00+00:00,2.25582,2.27158,2.25573,2.27137,2058.0
2026-05-27 05:24:00+00:00,2.27137,2.27585,2.26904,2.27069,2238.0
2026-05-27 05:39:00+00:00,2.27069,2.29661,2.2548,2.28795,1738.0
2026-05-27 05:54:00+00:00,2.28795,2.30206,2.27135,2.28522,2073.0
2026-05-27 06:09:00+00:00,2.28522,2.29621,2.27802,2.2875,1511.0
2026-05-27 06:24:00+00:00,2.2875,2.29179,2.28019,2.28377,920.0
2026-05-27 06:39:00+00:00,2.28377,2.30095,2.26924,2.28564,977.0
2026-05-27 06:54:00+00:00,2.28564,2.28657,2.27966,2.28231,2273.0
2026-05-27 07:09:00+00:00,2.28231,2.28959,2.27851,2.28658,3513.0
2026-05-27 07:24:00+00:00,2.28658,2.2887,2.28593,2.28796,2092.0
2026-05-27 07:39:00+00:00,2.28796,2.28996,2.28752,2.28951,3083.0
2026-05-27 07:54:00+00:00,2.28951,2.3009,2.28696,2.29763,2230.0
2026-05-27 08:09:00+00:00,2.29763,2.30597,2.29135,2.29898,3280.0
2026-05-27 08:24:00+00:00,2.29898,2.31083,2.28778,2.30665,3646.0
2026-05-27 08:39:00+00:00,2.30665,2.30791,2.3015,2.30205,4193.0
2026-05-27 08:54:00+00:00,2.30205,2.31154,2.29847,2.30851,1858.0
2026-05-27 09:09:00+00:00,2.30851,2.31548,2.30303,2.30553,2463.0
2026-05-27 09:24:00+00:00,2.30553,2.31186,2.28933,2.29627,2927.0
2026-05-27 09:39:00+00:00,2.29627,2.31186,2.29084,2.30936,3451.0
2026-05-27 09:54:00+00:00,2.30936,2.31392,2.30573,2.31131,2761.0
2026-05-27 10:09:00+00:00,2.31131,2.31314,2.30644,2.31083,2453.0
2026-05-27 10:24:00+00:00,2.31083,2.31252,2.30765,2.31036,3007.0
2026-05-27 10:39:00+00:00,2.31036,2.31966,2.30718,2.31669,1631.0
2026-05-27 10:54:00+00:00,2.31669,2.32733,2.30756,2.31614,1981.0
2026-05-27 11:09:00+00:00,2.31614,2.32444,2.31155,2.32269,3730.0
2026-05-27 11:24:00+00:00,2.32269,2.32791,2.3224,2.3275,4819.0
2026-05-27 11:39:00+00:00,2.3275,2.33824,2.32747,2.33815,2075.0
2026-05-27 11:54:00+00:00,2.33815,2.34062,2.33656,2.33857,3357.0
2026-05-27 12:09:00+00:00,2.33857,2.34326,2.33815,2.34276,4196.0
2026-05-27 12:24:00+00:00,2.34276,2.34598,2.33494,2.33984,2167.0
2026-05-27 12:39:00+00:00,2.33984,2.35328,2.3374,2.35159,3125.0
2026-05-27 12:54:00+00:00,2.35159,2.36476,2.34506,2.36001,3590.0
2026-05-27 13:09:00+00:00,2.36001,2.36066,2.35252,2.35284,3063.0
2026-05-27 13:24:00+00:00,2.35284,2.36458,2.34213,2.35914,1722.0
2026-05-27 13:39:00+00:00,2.35914,2.36471,2.35628,2.36181,2191.0
2026-05-27 13:54:00+00:00,2.36181,2.37633,2.34865,2.36264,2198.0
2026-05-27 14:09:00+00:00,2.36264,2.38205,2.36029,2.37912,4822.0
2026-05-27 14:24:00+00:00,2.37912,2.38309,2.37553,2.38157,3255.0
2026-05-27 14:39:00+00:00,2.38157,2.39804,2.37439,2.39436,1805.0
2026-05-27 14:54:00+00:00,2.39436,2.3997,2.39209,2.39704,4676.0
2026-05-27 15:09:00+00:00,2.39704,2.40531,2.38136,2.39619,2212.0
2026-05-27 15:24:00+00:00,2.39619,2.3969,2.39255,2.39316,2825.0
2026-05-27 15:39:00+00:00,2.39316,2.39791,2.38852,2.3925,1784.0
2026-05-27 15:54:00+00:00,2.3925,2.39433,2.37941,2.38254,3765.0
2026-05-27 16:09:00+00:00,2.38254,2.38257,2.37543,2.37551,2020.0
2026-05-27 16:24:00+00:00,2.37551,2.37566,2.37421,2.37447,4663.0
2026-05-27 16:39:00+00:00,2.37447,2.37647,2.35624,2.35839,3807.0
2026-05-27 16:54:00+00:00,2.35839,2.35879,2.35525,2.35585,2615.0
2026-05-27 17:09:00+00:00,2.35585,2.36293,2.35205,2.35963,1406.0
2026-05-27 17:24:00+00:00,2.35963,2.36649,2.33204,2.33897,1706.0
2026-05-27 17:39:00+00:00,2.33897,2.35411,2.33803,2.35338,1594.0
2026-05-27 17:54:00+00:00,2.35338,2.35396,2.34372,2.34394,1829.0
2026-05-27 18:09:00+00:00,2.34394,2.3449,2.33927,2.34137,1325.0
2026-05-27 18:24:00+00:00,2.34137,2.34767,2.33951,2.34638,1223.0
2026-05-27 18:39:00+00:00,2.34638,2.35872,2.34361,2.35558,1066.0
2026-05-27 18:54:00+00:00,2.35558,2.36576,2.35354,2.36447,2014.0
2026-05-27 19:09:00+00:00,2.36447,2.36577,2.35741,2.36256,983.0
2026-05-27 19:24:00+00:00,2.36256,2.37095,2.35766,2.36483,1446.0
2026-05-27 19:39:00+00:00,2.36483,2.36768,2.35507,2.35613,2728.0
2026-05-27 19:54:00+00:00,2.35613,2.36417,2.34401,2.35174,1011.0
2026-05-27 20:09:00+00:00,2.35174,2.36578,2.34925,2.364,1084.0
2026-05-27 20:24:00+00:00,2.364,2.36864,2.35535,2.35842,2290.0
2026-05-27 20:39:00+00:00,2.35842,2.36722,2.34581,2.35263,1417.0
2026-05-27 20:54:00+00:00,2.35263,2.37848,2.34281,2.3709,2149.0
2026-05-27 21:09:00+00:00,2.3709,2.3737,2.36606,2.37053,2287.0
2026-05-27 21:24:00+00:00,2.37053,2.38215,2.36866,2.38168,2310.0
2026-05-27 21:39:00+00:00,2.38168,2.39343,2.37871,2.3862,2205.0
2026-05-27 21:54:00+00:00,2.3862,2.39477,2.37967,2.3915,1359.0
2026-05-27 22:09:00+00:00,2.3915,2.39858,2.38743,2.39041,1742.0
2026-05-27 22:24:00+00:00,2.39041,2.39598,2.3858,2.39314,2566.0
2026-05-27 22:39:00+00:00,2.39314,2.39423,2.39182,2.39369,1691.0
2026-05-27 22:54:00+00:00,2.39369,2.40401,2.38823,2.40014,1646.0
2026-05-27 23:09:00+00:00,2.40014,2.40181,2.3881,2.39191,1899.0
2026-05-27 23:24:00+00:00,2.39191,2.40245,2.39064,2.40118,1331.0
2026-05-27 23:39:00+00:00,2.40118,2.40468,2.38143,2.39299,985.0
2026-05-27 23:54:00+00:00,2.39299,2.40402,2.38303,2.39951,1506.0
2026-05-28 00:09:00+00:00,2.39951,2.42057,2.39072,2.40974,2083.0
2026-05-28 00:24:00+00:00,2.40974,2.42267,2.39739,2.41015,2330.0
2026-05-28 00:39:00+00:00,2.41015,2.41872,2.39797,2.40475,2273.0
2026-05-28 00:54:00+00:00,2.40475,2.41128,2.40382,2.41009,2082.0
2026-05-28 01:09:00+00:00,2.41009,2.42056,2.38931,2.40428,1129.0
2026-05-28 01:24:00+00:00,2.40428,2.4064,2.40425,2.40635,1572.0
2026-05-28 01:39:00+00:00,2.40635,2.43818,2.38154,2.41501,1295.0
2026-05-28 01:54:00+00:00,2.41501,2.41897,2.41461,2.41866,1073.0
2026-05-28 02:09:00+00:00,2.41866,2.42658,2.41471,2.4233,432.0
2026-05-28 02:24:00+00:00,2.4233,2.42828,2.42107,2.42484,471.0
2026-05-28 02:39:00+00:00,2.42484,2.42676,2.42357,2.42515,1133.0
2026-05-28 02:54:00+00:00,2.42515,2.42784,2.42105,2.422,774.0
2026-05-28 03:09:00+00:00,2.422,2.42341,2.41282,2.41683,962.0
2026-05-28 03:24:00+00:00,2.41683,2.41694,2.41571,2.41576,1202.0
2026-05-28 03:39:00+00:00,2.41576,2.41941,2.41495,2.41859,1083.0
2026-05-28 03:54:00+00:00,2.41859,2.42018,2.4179,2.41888,884.0
2026-05-28 04:09:00+00:00,2.41888,2.41908,2.41821,2.4184,1170.0
2026-05-28 04:24:00+00:00,2.4184,2.42277,2.41358,2.41795,1194.0
2026-05-28 04:39:00+00:00,2.41795,2.4222,2.41234,2.42056,622.0
2026-05-28 04:54:00+00:00,2.42056,2.4231,2.4205,2.42308,949.0
2026-05-28 05:09:00+00:00,2.42308,2.42411,2.42219,2.42313,546.0
2026-05-28 05:24:00+00:00,2.42313,2.43201,2.42224,2.43104,715.0
2026-05-28 05:39:00+00:00,2.43104,2.43204,2.4234,2.42606,707.0
2026-05-28 05:54:00+00:00,2.42606,2.43413,2.42438,2.43236,1118.0
2026-05-28 06:09:00+00:00,2.43236,2.43541,2.43185,2.43427,1067.0
2026-05-28 06:24:00+00:00,2.43427,2.44411,2.43184,2.44259,1103.0
2026-05-28 06:39:00+00:00,2.44259,2.44335,2.4378,2.44053,490.0
2026-05-28 06:54:00+00:00,2.44053,2.4406,2.43976,2.4398,424.0
2026-05-28 07:09:00+00:00,2.4398,2.44162,2.43674,2.43773,1336.0
2026-05-28 07:24:00+00:00,2.43773,2.44162,2.43681,2.44034,1371.0
2026-05-28 07:39:00+00:00,2.44034,2.45006,2.4361,2.44344,1771.0
2026-05-28 07:54:00+00:00,2.44344,2.44581,2.43963,2.44252,1218.0
2026-05-28 08:09:00+00:00,2.44252,2.44468,2.43789,2.44007,2017.0
2026-05-28 08:24:00+00:00,2.44007,2.44573,2.43833,2.44491,934.0
2026-05-28 08:39:00+00:00,2.44491,2.44612,2.43774,2.43876,1585.0
2026-05-28 08:54:00+00:00,2.43876,2.44448,2.43703,2.44379,1992.0
2026-05-28 09:09:00+00:00,2.44379,2.44841,2.4429,2.44716,1144.0
2026-05-28 09:24:00+00:00,2.44716,2.44769,2.44572,2.44624,1193.0
2026-05-28 09:39:00+00:00,2.44624,2.44656,2.4421,2.44229,1946.0
2026-05-28 09:54:00+00:00,2.44229,2.44416,2.43114,2.43356,1884.0
2026-05-28 10:09:00+00:00,2.43356,2.43405,2.42672,2.42737,1025.0
2026-05-28 10:24:00+00:00,2.42737,2.42846,2.42687,2.42791,1742.0
2026-05-28 10:39:00+00:00,2.42791,2.42941,2.42625,2.42706,798.0
2026-05-28 10:54:00+00:00,2.42706,2.42949,2.42006,2.42401,1123.0
2026-05-28 11:09:00+00:00,2.42401,2.42457,2.41607,2.41721,2090.0
2026-05-28 11:24:00+00:00,2.41721,2.42344,2.41559,2.4207,1985.0
2026-05-28 11:39:00+00:00,2.4207,2.42226,2.41799,2.41943,1016.0
2026-05-28 11:54:00+00:00,2.41943,2.4236,2.41903,2.42325,973.0
2026-05-28 12:09:00+00:00,2.42325,2.42948,2.42109,2.42737,2047.0
2026-05-28 12:24:00+00:00,2.42737,2.43242,2.41977,2.43038,1592.0
2026-05-28 12:39:00+00:00,2.43038,2.43156,2.42612,2.4266,1180.0
2026-05-28 12:54:00+00:00,2.4266,2.42946,2.4237,2.4272,1950.0
2026-05-28 13:09:00+00:00,2.4272,2.42996,2.42212,2.4252,813.0
2026-05-28 13:24:00+00:00,2.4252,2.43005,2.41691,2.42211,1999.0
2026-05-28 13:39:00+00:00,2.42211,2.4251,2.42151,2.424,1520.0
2026-05-28 13:54:00+00:00,2.424,2.42842,2.42356,2.42797,1746.0
2026-05-28 14:09:00+00:00,2.42797,2.43376,2.42759,2.43324,1470.0
2026-05-28 14:24:00+00:00,2.43324,2.43963,2.43185,2.43851,1739.0
2026-05-28 14:39:00+00:00,2.43851,2.45129,2.43623,2.44677,1723.0
2026-05-28 14:54:00+00:00,2.44677,2.45038,2.4461,2.44938,2033.0
2026-05-28 15:09:00+00:00,2.44938,2.4579,2.44686,2.45699,1404.0
2026-05-28 15:24:00+00:00,2.45699,2.46578,2.45664,2.46545,819.0
2026-05-28 15:39:00+00:00,2.46545,2.47088,2.4615,2.46834,788.0
2026-05-28 15:54:00+00:00,2.46834,2.46867,2.46596,2.46733,1278.0
2026-05-28 16:09:00+00:00,2.46733,2.46966,2.46703,2.46951,1501.0
2026-05-28 16:24:00+00:00,2.46951,2.47253,2.46654,2.46851,2062.0
2026-05-28 16:39:00+00:00,2.46851,2.47487,2.46593,2.47221,1429.0
2026-05-28 16:54:00+00:00,2.47221,2.47734,2.4714,2.47684,916.0
2026-05-28 17:09:00+00:00,2.47684,2.4856,2.47517,2.4822,1011.0
2026-05-28 17:24:00+00:00,2.4822,2.48502,2.47358,2.47928,550.0
2026-05-28 17:39:00+00:00,2.47928,2.47958,2.47926,2.47955,675.0
2026-05-28 17:54:00+00:00,2.47955,2.49149,2.47798,2.48874,1012.0
2026-05-28 18:09:00+00:00,2.48874,2.49124,2.48278,2.48454,750.0
2026-05-28 18:24:00+00:00,2.48454,2.49144,2.48294,2.48973,1198.0
2026-05-28 18:39:00+00:00,2.48973,2.49242,2.4867,2.48986,446.0
2026-05-28 18:54:00+00:00,2.48986,2.49799,2.48809,2.49391,735.0
2026-05-28 19:09:00+00:00,2.49391,2.49719,2.49348,2.49696,1181.0
2026-05-28 19:24:00+00:00,2.49696,2.49725,2.49186,2.4924,1189.0
2026-05-28 19:39:00+00:00,2.4924,2.49498,2.48818,2.4914,475.0
2026-05-28 19:54:00+00:00,2.4914,2.50063,2.49062,2.49773,635.0
2026-05-28 20:09:00+00:00,2.49773,2.50569,2.49713,2.50531,1126.0
2026-05-28 20:24:00+00:00,2.50531,2.51049,2.50243,2.50791,878.0
2026-05-28 20:39:00+00:00,2.50791,2.51632,2.507,2.51589,509.0
2026-05-28 20:54:00+00:00,2.51589,2.51707,2.51055,2.51145,826.0
2026-05-28 21:09:00+00:00,2.51145,2.52531,2.50868,2.52034,657.0
2026-05-28 21:24:00+00:00,2.52034,2.52521,2.51955,2.52446,709.0
2026-05-28 21:39:00+00:00,2.52446,2.52695,2.52418,2.52608,1009.0
2026-05-28 21:54:00+00:00,2.52608,2.52678,2.5185,2.52079,684.0
2026-05-28 22:09:00+00:00,2.52079,2.52784,2.5172,2.52644,1007.0
2026-05-28 22:24:00+00:00,2.52644,2.53114,2.5177,2.52403,658.0
2026-05-28 22:39:00+00:00,2.52403,2.5316,2.52258,2.53014,785.0
2026-05-28 22:54:00+00:00,2.53014,2.53499,2.52929,2.53474,1106.0
2026-05-28 23:09:00+00:00,2.53474,2.53828,2.53246,2.5337,966.0
2026-05-28 23:24:00+00:00,2.5337,2.53878,2.53127,2.53755,670.0
2026-05-28 23:39:00+00:00,2.53755,2.54005,2.53728,2.53975,919.0
2026-05-28 23:54:00+00:00,2.53975,2.5507,2.53758,2.54546,1055.0
2026-05-29 00:09:00+00:00,2.54546,2.55182,2.54434,2.55083,440.0
2026-05-29 00:24:00+00:00,2.55083,2.55292,2.54952,2.55222,1040.0
2026-05-29 00:39:00+00:00,2.55222,2.55279,2.5483,2.54894,785.0
2026-05-29 00:54:00+00:00,2.54894,2.5564,2.54768,2.55385,893.0
2026-05-29 01:09:00+00:00,2.55385,2.5579,2.55362,2.55705,822.0
2026-05-29 01:24:00+00:00,2.55705,2.56329,2.55426,2.56238,1046.0
2026-05-29 01:39:00+00:00,2.56238,2.56593,2.55539,2.55982,1218.0
2026-05-29 01:54:00+00:00,2.55982,2.56637,2.55755,2.56386,671.0
2026-05-29 02:09:00+00:00,2.56386,2.56486,2.56228,2.56318,866.0
2026-05-29 02:24:00+00:00,2.56318,2.57208,2.56228,2.56962,633.0
2026-05-29 02:39:00+00:00,2.56962,2.56993,2.5632,2.56429,790.0
2026-05-29 02:54:00+00:00,2.56429,2.56454,2.56169,2.5619,544.0
2026-05-29 03:09:00+00:00,2.5619,2.57615,2.55891,2.57064,577.0
2026-05-29 03:24:00+00:00,2.57064,2.57523,2.56597,2.57054,506.0
2026-05-29 03:39:00+00:00,2.57054,2.57604,2.56251,2.57039,809.0
2026-05-29 03:54:00+00:00,2.57039,2.57706,2.56785,2.57069,547.0
2026-05-29 04:09:00+00:00,2.57069,2.57195,2.57006,2.57108,925.0
2026-05-29 04:24:00+00:00,2.57108,2.58248,2.56787,2.57671,991.0
2026-05-29 04:39:00+00:00,2.57671,2.57958,2.57309,2.57664,574.0
2026-05-29 04:54:00+00:00,2.57664,2.58083,2.57174,2.57286,566.0
2026-05-29 05:09:00+00:00,2.57286,2.57346,2.5699,2.57192,731.0
2026-05-29 05:24:00+00:00,2.57192,2.57812,2.57054,2.57464,487.0
2026-05-29 05:39:00+00:00,2.57464,2.57652,2.569,2.5719,873.0
2026-05-29 05:54:00+00:00,2.5719,2.57351,2.57126,2.57273,663.0
2026-05-29 06:09:00+00:00,2.57273,2.57684,2.57248,2.57662,851.0
2026-05-29 06:24:00+00:00,2.57662,2.58085,2.57518,2.57743,502.0
2026-05-29 06:39:00+00:00,2.57743,2.57806,2.57361,2.57468,818.0
2026-05-29 06:54:00+00:00,2.57468,2.57925,2.5731,2.57735,1041.0
2026-05-29 07:09:00+00:00,2.57735,2.57841,2.57681,2.57774,2092.0
2026-05-29 07:24:00+00:00,2.57774,2.58516,2.57635,2.58282,918.0
2026-05-29 07:39:00+00:00,2.58282,2.58772,2.58214,2.58705,799.0
2026-05-29 07:54:00+00:00,2.58705,2.59142,2.58053,2.58457,1506.0
2026-05-29 08:09:00+00:00,2.58457,2.58556,2.58002,2.58072,889.0
2026-05-29 08:24:00+00:00,2.58072,2.58277,2.57967,2.58158,813.0
2026-05-29 08:39:00+00:00,2.58158,2.58194,2.57984,2.57994,2062.0
2026-05-29 08:54:00+00:00,2.57994,2.59136,2.5731,2.58609,713.0
2026-05-29 09:09:00+00:00,2.58609,2.58714,2.58579,2.58676,1683.0
2026-05-29 09:24:00+00:00,2.58676,2.58833,2.58123,2.58208,1085.0
2026-05-29 09:39:00+00:00,2.58208,2.58603,2.58059,2.58433,1567.0
2026-05-29 09:54:00+00:00,2.58433,2.58435,2.58368,2.58371,1750.0
2026-05-29 10:09:00+00:00,2.58371,2.58811,2.58145,2.58521,1362.0
2026-05-29 10:24:00+00:00,2.58521,2.5876,2.58439,2.58686,893.0
2026-05-29 10:39:00+00:00,2.58686,2.59415,2.58373,2.58948,2015.0
2026-05-29 10:54:00+00:00,2.58948,2.59364,2.58656,2.59208,973.0
2026-05-29 11:09:00+00:00,2.59208,2.59726,2.59107,2.59611,2111.0
2026-05-29 11:24:00+00:00,2.59611,2.59641,2.59412,2.59422,1414.0
2026-05-29 11:39:00+00:00,2.59422,2.59548,2.58189,2.58262,962.0
2026-05-29 11:54:00+00:00,2.58262,2.58411,2.58207,2.58397,1634.0
2026-05-29 12:09:00+00:00,2.58397,2.59269,2.57962,2.58883,1476.0
2026-05-29 12:24:00+00:00,2.58883,2.59241,2.58848,2.59212,1389.0
2026-05-29 12:39:00+00:00,2.59212,2.59354,2.58915,2.59057,941.0
2026-05-29 12:54:00+00:00,2.59057,2.59244,2.59011,2.59214,1961.0
2026-05-29 13:09:00+00:00,2.59214,2.5969,2.58334,2.58613,757.0
2026-05-29 13:24:00+00:00,2.58613,2.59374,2.58057,2.59218,1474.0
2026-05-29 13:39:00+00:00,2.59218,2.60109,2.58348,2.59421,1404.0
2026-05-29 13:54:00+00:00,2.59421,2.59844,2.59378,2.59726,1385.0
2026-05-29 14:09:00+00:00,2.59726,2.60184,2.59527,2.60081,1061.0
2026-05-29 14:24:00+00:00,2.60081,2.60424,2.59137,2.59263,1267.0
2026-05-29 14:39:00+00:00,2.59263,2.59731,2.58584,2.58852,1121.0
2026-05-29 14:54:00+00:00,2.58852,2.59776,2.58568,2.59599,1982.0
2026-05-29 15:09:00+00:00,2.59599,2.60208,2.59364,2.59844,1362.0
2026-05-29 15:24:00+00:00,2.59844,2.60623,2.59357,2.60153,1086.0
2026-05-29 15:39:00+00:00,2.60153,2.60314,2.59378,2.59588,1519.0
2026-05-29 15:54:00+00:00,2.59588,2.59798,2.58918,2.59205,1725.0
2026-05-29 16:09:00+00:00,2.59205,2.59705,2.59089,2.59634,1498.0
2026-05-29 16:24:00+00:00,2.59634,2.60171,2.59339,2.59989,1378.0
2026-05-29 16:39:00+00:00,2.59989,2.60011,2.59385,2.59416,916.0
2026-05-29 16:54:00+00:00,2.59416,2.59455,2.59322,2.59408,1320.0
2026-05-29 17:09:00+00:00,2.59408,2.59469,2.58098,2.58161,1045.0
2026-05-29 17:24:00+00:00,2.58161,2.58278,2.57982,2.58075,958.0
2026-05-29 17:39:00+00:00,2.58075,2.5877,2.57835,2.58545,1136.0
2026-05-29 17:54:00+00:00,2.58545,2.58975,2.58218,2.58767,482.0
2026-05-29 18:09:00+00:00,2.58767,2.5896,2.58701,2.58876,488.0
2026-05-29 18:24:00+00:00,2.58876,2.58935,2.58794,2.58856,1148.0
2026-05-29 18:39:00+00:00,2.58856,2.58984,2.58793,2.5886,602.0
2026-05-29 18:54:00+00:00,2.5886,2.59174,2.5879,2.59106,721.0
2026-05-29 19:09:00+00:00,2.59106,2.60532,2.58418,2.59409,1203.0
2026-05-29 19:24:00+00:00,2.59409,2.60388,2.59408,2.60387,1166.0
2026-05-29 19:39:00+00:00,2.60387,2.6129,2.60144,2.60969,892.0
2026-05-29 19:54:00+00:00,2.60969,2.61324,2.60178,2.60398,731.0
2026-05-29 20:09:00+00:00,2.60398,2.60777,2.59995,2.60408,1018.0
2026-05-29 20:24:00+00:00,2.60408,2.60577,2.60087,2.6023,493.0
2026-05-29 20:39:00+00:00,2.6023,2.60457,2.60092,2.60324,452.0
2026-05-29 20:54:00+00:00,2.60324,2.60452,2.60032,2.60199,974.0
2026-05-29 21:09:00+00:00,2.60199,2.61451,2.59819,2.60793,818.0
2026-05-29 21:24:00+00:00,2.60793,2.61459,2.59739,2.60182,1056.0
2026-05-29 21:39:00+00:00,2.60182,2.61101,2.60007,2.60706,519.0
2026-05-29 21:54:00+00:00,2.60706,2.61004,2.59866,2.59968,1006.0
2026-05-29 22:09:00+00:00,2.59968,2.59969,2.59719,2.59722,830.0
2026-05-29 22:24:00+00:00,2.59722,2.5999,2.59366,2.59639,633.0
2026-05-29 22:39:00+00:00,2.59639,2.60661,2.5913,2.60363,878.0
2026-05-29 22:54:00+00:00,2.60363,2.60654,2.60215,2.60498,653.0
2026-05-29 23:09:00+00:00,2.60498,2.61086,2.60379,2.60915,1090.0
2026-05-29 23:24:00+00:00,2.60915,2.62159,2.60806,2.62027,558.0
2026-05-29 23:39:00+00:00,2.62027,2.62725,2.61383,2.62491,1077.0
2026-05-29 23:54:00+00:00,2.62491,2.62871,2.62287,2.62787,434.0
2026-05-30 00:09:00+00:00,2.62787,2.62995,2.6261,2.62772,501.0
2026-05-30 00:24:00+00:00,2.62772,2.62943,2.62337,2.62562,554.0
2026-05-30 00:39:00+00:00,2.62562,2.62708,2.62304,2.62562,1040.0
2026-05-30 00:54:00+00:00,2.62562,2.62929,2.62106,2.62532,698.0
2026-05-30 01:09:00+00:00,2.62532,2.62735,2.62306,2.62587,802.0
2026-05-30 01:24:00+00:00,2.62587,2.62848,2.62582,2.62841,995.0
2026-05-30 01:39:00+00:00,2.62841,2.63712,2.62371,2.63258,1178.0
2026-05-30 01:54:00+00:00,2.63258,2.63501,2.62486,2.62672,588.0
2026-05-30 02:09:00+00:00,2.62672,2.62824,2.62468,2.62729,955.0
2026-05-30 02:24:00+00:00,2.62729,2.62942,2.62698,2.62895,940.0
2026-05-30 02:39:00+00:00,2.62895,2.63952,2.6287,2.63867,897.0
2026-05-30 02:54:00+00:00,2.63867,2.64866,2.63536,2.64519,470.0
2026-05-30 03:09:00+00:00,2.64519,2.64775,2.64009,2.64187,605.0
2026-05-30 03:24:00+00:00,2.64187,2.64261,2.64118,2.64155,1031.0
2026-05-30 03:39:00+00:00,2.64155,2.64449,2.63954,2.64379,488.0
2026-05-30 03:54:00+00:00,2.64379,2.64838,2.6403,2.64693,825.0
2026-05-30 04:09:00+00:00,2.64693,2.65048,2.64217,2.6458,1046.0
2026-05-30 04:24:00+00:00,2.6458,2.64665,2.64127,2.6429,761.0
2026-05-30 04:39:00+00:00,2.6429,2.64754,2.64185,2.64606,436.0
2026-05-30 04:54:00+00:00,2.64606,2.64652,2.64388,2.64438,699.0
2026-05-30 05:09:00+00:00,2.64438,2.64603,2.6411,2.64244,786.0
2026-05-30 05:24:00+00:00,2.64244,2.6489,2.64032,2.64615,666.0
2026-05-30 05:39:00+00:00,2.64615,2.65563,2.64275,2.65295,685.0
2026-05-30 05:54:00+00:00,2.65295,2.65438,2.64926,2.65092,514.0
2026-05-30 06:09:00+00:00,2.65092,2.65128,2.64813,2.64866,482.0
2026-05-30 06:24:00+00:00,2.64866,2.65028,2.64605,2.64725,1143.0
2026-05-30 06:39:00+00:00,2.64725,2.64769,2.64273,2.64347,498.0
2026-05-30 06:54:00+00:00,2.64347,2.64385,2.63898,2.63941,1057.0
2026-05-30 07:09:00+00:00,2.63941,2.64408,2.63761,2.6424,1576.0
2026-05-30 07:24:00+00:00,2.6424,2.64243,2.63934,2.63937,1982.0
2026-05-30 07:39:00+00:00,2.63937,2.64037,2.63493,2.63644,731.0
2026-05-30 07:54:00+00:00,2.63644,2.64281,2.63352,2.63977,991.0
2026-05-30 08:09:00+00:00,2.63977,2.64681,2.63811,2.6441,2065.0
2026-05-30 08:24:00+00:00,2.6441,2.64629,2.6405,2.64399,729.0
2026-05-30 08:39:00+00:00,2.64399,2.64712,2.63849,2.64333,1609.0
2026-05-30 08:54:00+00:00,2.64333,2.64951,2.64291,2.64934,1002.0
2026-05-30 09:09:00+00:00,2.64934,2.65245,2.6429,2.64794,1840.0
2026-05-30 09:24:00+00:00,2.64794,2.65209,2.64642,2.65008,1947.0
2026-05-30 09:39:00+00:00,2.65008,2.65439,2.64984,2.65418,1016.0
2026-05-30 09:54:00+00:00,2.65418,2.66205,2.65197,2.66005,843.0
2026-05-30 10:09:00+00:00,2.66005,2.66114,2.65689,2.65879,1805.0
2026-05-30 10:24:00+00:00,2.65879,2.66043,2.64901,2.65107,1105.0
2026-05-30 10:39:00+00:00,2.65107,2.65312,2.65063,2.65261,1099.0
2026-05-30 10:54:00+00:00,2.65261,2.65337,2.64793,2.6485,1040.0
2026-05-30 11:09:00+00:00,2.6485,2.6487,2.64548,2.64593,1648.0
2026-05-30 11:24:00+00:00,2.64593,2.64764,2.63905,2.64019,1824.0
2026-05-30 11:39:00+00:00,2.64019,2.64154,2.63601,2.63985,1082.0
2026-05-30 11:54:00+00:00,2.63985,2.64684,2.63475,2.64167,1455.0
2026-05-30 12:09:00+00:00,2.64167,2.64899,2.64064,2.64769,995.0
2026-05-30 12:24:00+00:00,2.64769,2.64982,2.64064,2.6459,1789.0
2026-05-30 12:39:00+00:00,2.6459,2.65123,2.64263,2.64702,1456.0
2026-05-30 12:54:00+00:00,2.64702,2.65324,2.64558,2.65018,2114.0
2026-05-30 13:09:00+00:00,2.65018,2.65109,2.64566,2.6473,1728.0
2026-05-30 13:24:00+00:00,2.6473,2.65024,2.64642,2.64915,1952.0
2026-05-30 13:39:00+00:00,2.64915,2.65093,2.64745,2.65014,1046.0
2026-05-30 13:54:00+00:00,2.65014,2.65591,2.64739,2.65208,1326.0
2026-05-30 14:09:00+00:00,2.65208,2.65216,2.64539,2.64559,1120.0
2026-05-30 14:24:00+00:00,2.64559,2.65162,2.6413,2.64775,2094.0
2026-05-30 14:39:00+00:00,2.64775,2.65021,2.64773,2.65018,995.0
2026-05-30 14:54:00+00:00,2.65018,2.65082,2.6447,2.64604,1105.0
2026-05-30 15:09:00+00:00,2.64604,2.64652,2.63934,2.63978,1628.0
2026-05-30 15:24:00+00:00,2.63978,2.63989,2.63515,2.6353,1863.0
2026-05-30 15:39:00+00:00,2.6353,2.63577,2.63433,2.63454,1942.0
2026-05-30 15:54:00+00:00,2.63454,2.6408,2.6342,2.64037,2020.0
2026-05-30 16:09:00+00:00,2.64037,2.64588,2.63503,2.64103,1596.0
2026-05-30 16:24:00+00:00,2.64103,2.64413,2.63941,2.64079,1974.0
2026-05-30 16:39:00+00:00,2.64079,2.65158,2.64,2.65067,944.0
2026-05-30 16:54:00+00:00,2.65067,2.65203,2.64974,2.65134,1968.0
2026-05-30 17:09:00+00:00,2.65134,2.65161,2.64806,2.64833,540.0
2026-05-30 17:24:00+00:00,2.64833,2.65104,2.6416,2.64627,1063.0
2026-05-30 17:39:00+00:00,2.64627,2.64756,2.64553,2.64739,534.0
2026-05-30 17:54:00+00:00,2.64739,2.65618,2.64467,2.65366,718.0
2026-05-30 18:09:00+00:00,2.65366,2.65483,2.65159,2.65274,630.0
2026-05-30 18:24:00+00:00,2.65274,2.65496,2.6514,2.65328,1043.0
2026-05-30 18:39:00+00:00,2.65328,2.65804,2.64492,2.65252,1087.0
2026-05-30 18:54:00+00:00,2.65252,2.65533,2.64718,2.64881,814.0
2026-05-30 19:09:00+00:00,2.64881,2.6514,2.64311,2.64628,1013.0
2026-05-30 19:24:00+00:00,2.64628,2.64686,2.64416,2.64501,870.0
2026-05-30 19:39:00+00:00,2.64501,2.65159,2.64414,2.65083,762.0
2026-05-30 19:54:00+00:00,2.65083,2.65392,2.64833,2.65096,418.0
2026-05-30 20:09:00+00:00,2.65096,2.65255,2.65059,2.65173,443.0
2026-05-30 20:24:00+00:00,2.65173,2.65949,2.64926,2.65713,921.0
2026-05-30 20:39:00+00:00,2.65713,2.6591,2.65097,2.65516,1075.0
2026-05-30 20:54:00+00:00,2.65516,2.66267,2.65109,2.65824,849.0
2026-05-30 21:09:00+00:00,2.65824,2.66319,2.65603,2.65822,583.0
2026-05-30 21:24:00+00:00,2.65822,2.6707,2.6574,2.66965,1176.0
2026-05-30 21:39:00+00:00,2.66965,2.6753,2.66555,2.66932,841.0
2026-05-30 21:54:00+00:00,2.66932,2.67429,2.66866,2.67354,1201.0
2026-05-30 22:09:00+00:00,2.67354,2.67416,2.66623,2.66671,903.0
2026-05-30 22:24:00+00:00,2.66671,2.67457,2.66636,2.67428,934.0
2026-05-30 22:39:00+00:00,2.67428,2.67661,2.67029,2.67403,1206.0
2026-05-30 22:54:00+00:00,2.67403,2.67495,2.66682,2.66784,826.0
2026-05-30 23:09:00+00:00,2.66784,2.68342,2.66641,2.67783,1152.0
2026-05-30 23:24:00+00:00,2.67783,2.67927,2.67755,2.67854,582.0
2026-05-30 23:39:00+00:00,2.67854,2.67934,2.67708,2.6788,1104.0
2026-05-30 23:54:00+00:00,2.6788,2.68368,2.67839,2.68306,626.0
2026-05-31 00:09:00+00:00,2.68306,2.68705,2.67362,2.67766,777.0
2026-05-31 00:24:00+00:00,2.67766,2.68807,2.67312,2.68207,935.0
2026-05-31 00:39:00+00:00,2.68207,2.68247,2.67936,2.68014,672.0
2026-05-31 00:54:00+00:00,2.68014,2.68076,2.67322,2.67465,443.0
2026-05-31 01:09:00+00:00,2.67465,2.68325,2.67228,2.68269,830.0
2026-05-31 01:24:00+00:00,2.68269,2.69187,2.67839,2.68578,563.0
2026-05-31 01:39:00+00:00,2.68578,2.69676,2.68551,2.69631,1203.0
2026-05-31 01:54:00+00:00,2.69631,2.69875,2.69545,2.69824,1181.0
2026-05-31 02:09:00+00:00,2.69824,2.70172,2.69615,2.70054,552.0
2026-05-31 02:24:00+00:00,2.70054,2.70224,2.69471,2.69672,726.0
2026-05-31 02:39:00+00:00,2.69672,2.69908,2.68135,2.68547,1066.0
2026-05-31 02:54:00+00:00,2.68547,2.68689,2.68166,2.68266,1174.0
2026-05-31 03:09:00+00:00,2.68266,2.68345,2.68144,2.68295,1163.0
2026-05-31 03:24:00+00:00,2.68295,2.68341,2.68108,2.6812,939.0
2026-05-31 03:39:00+00:00,2.6812,2.6815,2.67902,2.67921,1123.0
2026-05-31 03:54:00+00:00,2.67921,2.68326,2.67681,2.68142,533.0
2026-05-31 04:09:00+00:00,2.68142,2.68614,2.68074,2.68542,589.0
2026-05-31 04:24:00+00:00,2.68542,2.6874,2.68424,2.68533,707.0
2026-05-31 04:39:00+00:00,2.68533,2.69177,2.68292,2.69011,568.0
2026-05-31 04:54:00+00:00,2.69011,2.70022,2.6874,2.69805,451.0
2026-05-31 05:09:00+00:00,2.69805,2.70546,2.69435,2.70183,546.0
2026-05-31 05:24:00+00:00,2.70183,2.70371,2.70117,2.70209,624.0
2026-05-31 05:39:00+00:00,2.70209,2.70483,2.69972,2.70173,415.0
2026-05-31 05:54:00+00:00,2.70173,2.70195,2.69916,2.6993,422.0
2026-05-31 06:09:00+00:00,2.6993,2.7052,2.69251,2.69829,1016.0
2026-05-31 06:24:00+00:00,2.69829,2.70852,2.6972,2.70721,966.0
2026-05-31 06:39:00+00:00,2.70721,2.71031,2.70388,2.70516,1090.0
2026-05-31 06:54:00+00:00,2.70516,2.71695,2.70155,2.712,1082.0
2026-05-31 07:09:00+00:00,2.712,2.71532,2.70303,2.70618,732.0
2026-05-31 07:24:00+00:00,2.70618,2.71072,2.70483,2.70903,1585.0
2026-05-31 07:39:00+00:00,2.70903,2.71861,2.70439,2.71517,1471.0
2026-05-31 07:54:00+00:00,2.71517,2.72294,2.71261,2.72036,858.0
2026-05-31 08:09:00+00:00,2.72036,2.7217,2.71748,2.7193,1975.0
2026-05-31 08:24:00+00:00,2.7193,2.73521,2.71329,2.73183,890.0
2026-05-31 08:39:00+00:00,2.73183,2.73357,2.72688,2.7275,806.0
2026-05-31 08:54:00+00:00,2.7275,2.73179,2.72185,2.72755,1750.0
2026-05-31 09:09:00+00:00,2.72755,2.73084,2.72565,2.72985,1439.0
2026-05-31 09:24:00+00:00,2.72985,2.73338,2.72811,2.73222,1310.0
2026-05-31 09:39:00+00:00,2.73222,2.73299,2.72607,2.72665,868.0
2026-05-31 09:54:00+00:00,2.72665,2.72861,2.71629,2.71824,1725.0
2026-05-31 10:09:00+00:00,2.71824,2.72087,2.71477,2.71739,1753.0
2026-05-31 10:24:00+00:00,2.71739,2.71914,2.71132,2.71299,1466.0
2026-05-31 10:39:00+00:00,2.71299,2.71816,2.70655,2.71145,878.0
2026-05-31 10:54:00+00:00,2.71145,2.71277,2.70903,2.71202,1898.0
2026-05-31 11:09:00+00:00,2.71202,2.71939,2.71056,2.71657,1534.0
2026-05-31 11:24:00+00:00,2.71657,2.72158,2.71333,2.72045,1674.0
2026-05-31 11:39:00+00:00,2.72045,2.72517,2.71852,2.72427,1772.0
2026-05-31 11:54:00+00:00,2.72427,2.73089,2.72154,2.72743,1750.0
2026-05-31 12:09:00+00:00,2.72743,2.73002,2.72536,2.7283,2031.0
2026-05-31 12:24:00+00:00,2.7283,2.72882,2.72772,2.72804,1310.0
2026-05-31 12:39:00+00:00,2.72804,2.73305,2.72672,2.73006,1266.0
2026-05-31 12:54:00+00:00,2.73006,2.73432,2.72027,2.72141,1554.0
2026-05-31 13:09:00+00:00,2.72141,2.72818,2.72106,2.7274,2059.0
2026-05-31 13:24:00+00:00,2.7274,2.73271,2.72713,2.73239,1646.0
2026-05-31 13:39:00+00:00,2.73239,2.73616,2.72983,2.73321,2050.0
2026-05-31 13:54:00+00:00,2.73321,2.73345,2.73319,2.73342,1330.0
2026-05-31 14:09:00+00:00,2.73342,2.73354,2.72963,2.73017,1607.0
2026-05-31 14:24:00+00:00,2.73017,2.73326,2.73008,2.73291,1246.0
2026-05-31 14:39:00+00:00,2.73291,2.74066,2.72786,2.72986,1302.0
2026-05-31 14:54:00+00:00,2.72986,2.73957,2.72777,2.7381,1026.0
2026-05-31 15:09:00+00:00,2.7381,2.73926,2.73505,2.73552,1611.0
2026-05-31 15:24:00+00:00,2.73552,2.73778,2.73061,2.73329,1126.0
2026-05-31 15:39:00+00:00,2.73329,2.7379,2.73279,2.73692,1637.0
2026-05-31 15:54:00+00:00,2.73692,2.74014,2.73592,2.7396,1634.0
2026-05-31 16:09:00+00:00,2.7396,2.74238,2.73531,2.73916,900.0
2026-05-31 16:24:00+00:00,2.73916,2.7428,2.73548,2.73932,1529.0
2026-05-31 16:39:00+00:00,2.73932,2.74174,2.73262,2.73366,1336.0
2026-05-31 16:54:00+00:00,2.73366,2.73666,2.73201,2.73323,1975.0
2026-05-31 17:09:00+00:00,2.73323,2.73643,2.72788,2.73108,459.0
2026-05-31 17:24:00+00:00,2.73108,2.7314,2.72741,2.7284,1059.0
2026-05-31 17:39:00+00:00,2.7284,2.73672,2.7273,2.73648,994.0
2026-05-31 17:54:00+00:00,2.73648,2.74341,2.73423,2.74141,1066.0
2026-05-31 18:09:00+00:00,2.74141,2.75519,2.73809,2.74662,1082.0
2026-05-31 18:24:00+00:00,2.74662,2.7511,2.7458,2.74988,615.0
2026-05-31 18:39:00+00:00,2.74988,2.75329,2.74886,2.75271,1075.0
2026-05-31 18:54:00+00:00,2.75271,2.76603,2.74365,2.75777,720.0
2026-05-31 19:09:00+00:00,2.75777,2.75955,2.75612,2.75697,978.0
2026-05-31 19:24:00+00:00,2.75697,2.76033,2.75339,2.7563,1077.0
2026-05-31 19:39:00+00:00,2.7563,2.76883,2.75016,2.76218,454.0
2026-05-31 19:54:00+00:00,2.76218,2.76894,2.76145,2.76807,742.0
2026-05-31 20:09:00+00:00,2.76807,2.77159,2.76541,2.77072,1107.0
2026-05-31 20:24:00+00:00,2.77072,2.77602,2.76326,2.76879,1118.0
2026-05-31 20:39:00+00:00,2.76879,2.77292,2.76663,2.77134,1154.0
2026-05-31 20:54:00+00:00,2.77134,2.772,2.76949,2.77151,1109.0
2026-05-31 21:09:00+00:00,2.77151,2.77449,2.76611,2.76848,707.0
2026-05-31 21:24:00+00:00,2.76848,2.77155,2.76125,2.76526,1006.0
2026-05-31 21:39:00+00:00,2.76526,2.76724,2.76283,2.7641,1050.0
2026-05-31 21:54:00+00:00,2.7641,2.76522,2.75934,2.76045,924.0
2026-05-31 22:09:00+00:00,2.76045,2.76054,2.76012,2.76018,1065.0
2026-05-31 22:24:00+00:00,2.76018,2.76731,2.75942,2.76615,884.0
2026-05-31 22:39:00+00:00,2.76615,2.76711,2.7612,2.76175,476.0
2026-05-31 22:54:00+00:00,2.76175,2.76227,2.76054,2.76103,1045.0
2026-05-31 23:09:00+00:00,2.76103,2.76672,2.75791,2.76339,1152.0
2026-05-31 23:24:00+00:00,2.76339,2.7664,2.76119,2.7648,410.0
2026-05-31 23:39:00+00:00,2.7648,2.76677,2.76189,2.7654,1134.0
2026-05-31 23:54:00+00:00,2.7654,2.76641,2.76403,2.76439,830.0
2026-06-01 00:09:00+00:00,2.76439,2.76484,2.76249,2.7635,807.0
2026-06-01 00:24:00+00:00,2.7635,2.76982,2.7605,2.76657,1150.0
2026-06-01 00:39:00+00:00,2.76657,2.77656,2.75921,2.76812,699.0
2026-06-01 00:54:00+00:00,2.76812,2.77806,2.76782,2.77774,769.0
2026-06-01 01:09:00+00:00,2.77774,2.77964,2.77305,2.77552,692.0
2026-06-01 01:24:00+00:00,2.77552,2.78254,2.77193,2.77905,741.0
2026-06-01 01:39:00+00:00,2.77905,2.78113,2.77797,2.77916,721.0
2026-06-01 01:54:00+00:00,2.77916,2.77975,2.77762,2.77796,670.0
2026-06-01 02:09:00+00:00,2.77796,2.78046,2.77638,2.77973,779.0
2026-06-01 02:24:00+00:00,2.77973,2.77983,2.77548,2.77577,743.0
2026-06-01 02:39:00+00:00,2.77577,2.78125,2.77011,2.77533,616.0
2026-06-01 02:54:00+00:00,2.77533,2.7757,2.76646,2.76706,408.0
2026-06-01 03:09:00+00:00,2.76706,2.76946,2.7654,2.76886,616.0
2026-06-01 03:24:00+00:00,2.76886,2.76972,2.76667,2.76742,414.0
2026-06-01 03:39:00+00:00,2.76742,2.76782,2.76398,2.76501,405.0
2026-06-01 03:54:00+00:00,2.76501,2.77924,2.76135,2.771,525.0
2026-06-01 04:09:00+00:00,2.771,2.77388,2.76699,2.76978,774.0
2026-06-01 04:24:00+00:00,2.76978,2.77832,2.76278,2.77277,1142.0
2026-06-01 04:39:00+00:00,2.77277,2.77592,2.77004,2.7737,773.0
2026-06-01 04:54:00+00:00,2.7737,2.77877,2.77238,2.77722,953.0
2026-06-01 05:09:00+00:00,2.77722,2.78326,2.76897,2.77238,718.0
2026-06-01 05:24:00+00:00,2.77238,2.77345,2.76313,2.76551,471.0
2026-06-01 05:39:00+00:00,2.76551,2.77378,2.76496,2.77268,1165.0
2026-06-01 05:54:00+00:00,2.77268,2.78326,2.77115,2.77996,868.0
2026-06-01 06:09:00+00:00,2.77996,2.78211,2.77249,2.77655,881.0
2026-06-01 06:24:00+00:00,2.77655,2.77836,2.77539,2.77709,442.0
2026-06-01 06:39:00+00:00,2.77709,2.77761,2.77485,2.77579,1152.0
2026-06-01 06:54:00+00:00,2.77579,2.78052,2.77437,2.77928,623.0
2026-06-01 07:09:00+00:00,2.77928,2.78938,2.77432,2.78471,1338.0
2026-06-01 07:24:00+00:00,2.78471,2.78507,2.78145,2.78195,1165.0
2026-06-01 07:39:00+00:00,2.78195,2.78431,2.77655,2.77838,1032.0
2026-06-01 07:54:00+00:00,2.77838,2.77907,2.77235,2.77276,995.0
2026-06-01 08:09:00+00:00,2.77276,2.77517,2.76381,2.76446,1513.0
2026-06-01 08:24:00+00:00,2.76446,2.77699,2.75925,2.76883,990.0
2026-06-01 08:39:00+00:00,2.76883,2.76991,2.7678,2.76872,997.0
2026-06-01 08:54:00+00:00,2.76872,2.77218,2.76318,2.76835,1784.0
2026-06-01 09:09:00+00:00,2.76835,2.77096,2.76189,2.76534,1635.0
2026-06-01 09:24:00+00:00,2.76534,2.76737,2.75971,2.7621,1708.0
2026-06-01 09:39:00+00:00,2.7621,2.77206,2.75881,2.76537,976.0
2026-06-01 09:54:00+00:00,2.76537,2.76857,2.75719,2.76088,949.0
2026-06-01 10:09:00+00:00,2.76088,2.77141,2.76056,2.77131,1554.0
2026-06-01 10:24:00+00:00,2.77131,2.77734,2.77042,2.77618,1261.0
2026-06-01 10:39:00+00:00,2.77618,2.78993,2.77324,2.78697,874.0
2026-06-01 10:54:00+00:00,2.78697,2.78902,2.78642,2.78707,1753.0
2026-06-01 11:09:00+00:00,2.78707,2.78823,2.78656,2.78716,1964.0
2026-06-01 11:24:00+00:00,2.78716,2.79379,2.77966,2.78929,1480.0
2026-06-01 11:39:00+00:00,2.78929,2.79207,2.78749,2.79152,1477.0
2026-06-01 11:54:00+00:00,2.79152,2.79163,2.79126,2.79143,1119.0
2026-06-01 12:09:00+00:00,2.79143,2.79683,2.78584,2.7929,1753.0
2026-06-01 12:24:00+00:00,2.7929,2.79656,2.78589,2.78838,1165.0
2026-06-01 12:39:00+00:00,2.78838,2.78959,2.7855,2.78799,1012.0
2026-06-01 12:54:00+00:00,2.78799,2.78948,2.78265,2.78297,721.0
2026-06-01 13:09:00+00:00,2.78297,2.79128,2.78253,2.78964,1267.0
2026-06-01 13:24:00+00:00,2.78964,2.79051,2.78909,2.79021,1702.0
2026-06-01 13:39:00+00:00,2.79021,2.79651,2.7886,2.79345,1707.0
2026-06-01 13:54:00+00:00,2.79345,2.79637,2.79287,2.79559,1351.0
2026-06-01 14:09:00+00:00,2.79559,2.79776,2.78691,2.79141,1646.0
2026-06-01 14:24:00+00:00,2.79141,2.80353,2.78695,2.79832,742.0
2026-06-01 14:39:00+00:00,2.79832,2.79921,2.79515,2.79731,1456.0
2026-06-01 14:54:00+00:00,2.79731,2.80827,2.79178,2.80163,1154.0
2026-06-01 15:09:00+00:00,2.80163,2.80267,2.79522,2.79813,1947.0
2026-06-01 15:24:00+00:00,2.79813,2.80649,2.78904,2.79169,991.0
2026-06-01 15:39:00+00:00,2.79169,2.79337,2.78613,2.78996,1464.0
2026-06-01 15:54:00+00:00,2.78996,2.79985,2.78946,2.7992,742.0
2026-06-01 16:09:00+00:00,2.7992,2.80409,2.79136,2.79416,1702.0
2026-06-01 16:24:00+00:00,2.79416,2.79481,2.79187,2.79308,2087.0
2026-06-01 16:39:00+00:00,2.79308,2.79664,2.79057,2.79504,1154.0
2026-06-01 16:54:00+00:00,2.79504,2.79871,2.79288,2.7968,1088.0
2026-06-01 17:09:00+00:00,2.7968,2.79754,2.79345,2.79599,785.0
2026-06-01 17:24:00+00:00,2.79599,2.79637,2.79382,2.79488,775.0
2026-06-01 17:39:00+00:00,2.79488,2.79686,2.79444,2.79523,1127.0
2026-06-01 17:54:00+00:00,2.79523,2.79527,2.79343,2.79347,640.0
2026-06-01 18:09:00+00:00,2.79347,2.79448,2.793,2.79415,1157.0
2026-06-01 18:24:00+00:00,2.79415,2.80252,2.78972,2.7928,740.0
2026-06-01 18:39:00+00:00,2.7928,2.79883,2.78175,2.78694,550.0
2026-06-01 18:54:00+00:00,2.78694,2.7905,2.78526,2.78915,530.0
2026-06-01 19:09:00+00:00,2.78915,2.79061,2.77768,2.7798,1197.0
2026-06-01 19:24:00+00:00,2.7798,2.78504,2.77911,2.7839,1051.0
2026-06-01 19:39:00+00:00,2.7839,2.79079,2.78203,2.79014,687.0
2026-06-01 19:54:00+00:00,2.79014,2.7935,2.78976,2.79278,910.0
2026-06-01 20:09:00+00:00,2.79278,2.7935,2.7919,2.79308,1030.0
2026-06-01 20:24:00+00:00,2.79308,2.79311,2.79182,2.79185,1048.0
2026-06-01 20:39:00+00:00,2.79185,2.79187,2.79037,2.79039,806.0
2026-06-01 20:54:00+00:00,2.79039,2.79079,2.78929,2.79031,906.0
2026-06-01 21:09:00+00:00,2.79031,2.79702,2.78832,2.79544,666.0
2026-06-01 21:24:00+00:00,2.79544,2.80285,2.79489,2.80078,798.0
2026-06-01 21:39:00+00:00,2.80078,2.80282,2.79826,2.80209,732.0
2026-06-01 21:54:00+00:00,2.80209,2.80581,2.79798,2.79979,983.0
2026-06-01 22:09:00+00:00,2.79979,2.80583,2.79899,2.80486,506.0
2026-06-01 22:24:00+00:00,2.80486,2.80797,2.79594,2.79877,758.0
2026-06-01 22:39:00+00:00,2.79877,2.80381,2.79614,2.80118,574.0
2026-06-01 22:54:00+00:00,2.80118,2.80925,2.79901,2.80603,787.0
2026-06-01 23:09:00+00:00,2.80603,2.81226,2.80298,2.8089,1112.0
2026-06-01 23:24:00+00:00,2.8089,2.81651,2.80887,2.8164,822.0
2026-06-01 23:39:00+00:00,2.8164,2.82157,2.81282,2.81891,1046.0
2026-06-01 23:54:00+00:00,2.81891,2.82192,2.81871,2.82141,447.0
2026-06-02 00:09:00+00:00,2.82141,2.82453,2.81888,2.82095,1016.0
2026-06-02 00:24:00+00:00,2.82095,2.82999,2.82032,2.82865,1147.0
2026-06-02 00:39:00+00:00,2.82865,2.83211,2.82738,2.8305,1005.0
2026-06-02 00:54:00+00:00,2.8305,2.8374,2.82805,2.83594,729.0
2026-06-02 01:09:00+00:00,2.83594,2.83771,2.83288,2.83396,1047.0
2026-06-02 01:24:00+00:00,2.83396,2.83623,2.83318,2.83545,886.0
2026-06-02 01:39:00+00:00,2.83545,2.83872,2.8286,2.83101,446.0
2026-06-02 01:54:00+00:00,2.83101,2.83269,2.82965,2.83024,434.0
2026-06-02 02:09:00+00:00,2.83024,2.83047,2.82634,2.82662,518.0
2026-06-02 02:24:00+00:00,2.82662,2.82675,2.82562,2.82579,1041.0
2026-06-02 02:39:00+00:00,2.82579,2.83058,2.82133,2.82694,1048.0
2026-06-02 02:54:00+00:00,2.82694,2.82772,2.82099,2.82208,642.0
2026-06-02 03:09:00+00:00,2.82208,2.82375,2.81832,2.82019,487.0
2026-06-02 03:24:00+00:00,2.82019,2.82275,2.8185,2.82098,775.0
2026-06-02 03:39:00+00:00,2.82098,2.82338,2.82067,2.82297,778.0
2026-06-02 03:54:00+00:00,2.82297,2.82807,2.82114,2.82702,534.0
2026-06-02 04:09:00+00:00,2.82702,2.8284,2.82481,2.82528,1090.0
2026-06-02 04:24:00+00:00,2.82528,2.83395,2.82103,2.83096,894.0
2026-06-02 04:39:00+00:00,2.83096,2.83362,2.82593,2.82815,798.0
2026-06-02 04:54:00+00:00,2.82815,2.83145,2.82651,2.82978,1087.0
2026-06-02 05:09:00+00:00,2.82978,2.8343,2.82782,2.832,444.0
2026-06-02 05:24:00+00:00,2.832,2.83653,2.83109,2.83572,405.0
2026-06-02 05:39:00+00:00,2.83572,2.83906,2.83448,2.83793,772.0
2026-06-02 05:54:00+00:00,2.83793,2.84303,2.82989,2.83427,1165.0
2026-06-02 06:09:00+00:00,2.83427,2.83827,2.83352,2.83772,828.0
2026-06-02 06:24:00+00:00,2.83772,2.83865,2.83506,2.83584,559.0
2026-06-02 06:39:00+00:00,2.83584,2.83692,2.83551,2.83676,1126.0
2026-06-02 06:54:00+00:00,2.83676,2.84282,2.83369,2.83886,493.0
2026-06-02 07:09:00+00:00,2.83886,2.8419,2.83636,2.83889,1261.0
2026-06-02 07:24:00+00:00,2.83889,2.84049,2.83298,2.83424,2103.0
2026-06-02 07:39:00+00:00,2.83424,2.83496,2.83007,2.83043,879.0
2026-06-02 07:54:00+00:00,2.83043,2.83155,2.82932,2.83067,552.0
2026-06-02 08:09:00+00:00,2.83067,2.83153,2.82684,2.82809,654.0
2026-06-02 08:24:00+00:00,2.82809,2.82848,2.82805,2.82842,662.0
2026-06-02 08:39:00+00:00,2.82842,2.82886,2.82832,2.82876,910.0
2026-06-02 08:54:00+00:00,2.82876,2.83027,2.8286,2.82999,1180.0
2026-06-02 09:09:00+00:00,2.82999,2.83211,2.8294,2.83001,1114.0
2026-06-02 09:24:00+00:00,2.83001,2.8325,2.82923,2.83187,867.0
2026-06-02 09:39:00+00:00,2.83187,2.83732,2.82936,2.83576,825.0
2026-06-02 09:54:00+00:00,2.83576,2.83867,2.83407,2.83787,883.0
2026-06-02 10:09:00+00:00,2.83787,2.84073,2.8351,2.83897,1102.0
2026-06-02 10:24:00+00:00,2.83897,2.84057,2.8347,2.83779,676.0
2026-06-02 10:39:00+00:00,2.83779,2.83818,2.8367,2.83712,517.0
2026-06-02 10:54:00+00:00,2.83712,2.84025,2.837,2.84003,805.0
2026-06-02 11:09:00+00:00,2.84003,2.84148,2.83511,2.83552,935.0
2026-06-02 11:24:00+00:00,2.83552,2.83598,2.835,2.83561,729.0
2026-06-02 11:39:00+00:00,2.83561,2.83592,2.83495,2.83545,1046.0
2026-06-02 11:54:00+00:00,2.83545,2.83844,2.83398,2.83713,1012.0
2026-06-02 12:09:00+00:00,2.83713,2.83938,2.8365,2.83847,745.0
2026-06-02 12:24:00+00:00,2.83847,2.83882,2.83426,2.83463,1102.0
2026-06-02 12:39:00+00:00,2.83463,2.83607,2.8321,2.83249,595.0
2026-06-02 12:54:00+00:00,2.83249,2.83295,2.83121,2.83179,743.0
2026-06-02 13:09:00+00:00,2.83179,2.8366,2.83012,2.83524,1163.0
2026-06-02 13:24:00+00:00,2.83524,2.83725,2.83266,2.83517,497.0
2026-06-02 13:39:00+00:00,2.83517,2.84094,2.83359,2.83684,1009.0
2026-06-02 13:54:00+00:00,2.83684,2.83867,2.83635,2.83853,795.0
2026-06-02 14:09:00+00:00,2.83853,2.83944,2.83623,2.83882,1121.0
2026-06-02 14:24:00+00:00,2.83882,2.84035,2.83658,2.83808,874.0
2026-06-02 14:39:00+00:00,2.83808,2.84161,2.83697,2.84104,435.0
2026-06-02 14:54:00+00:00,2.84104,2.84142,2.83826,2.83843,689.0
2026-06-02 15:09:00+00:00,2.83843,2.84333,2.83751,2.84307,1074.0
2026-06-02 15:24:00+00:00,2.84307,2.84675,2.84258,2.84612,1103.0
2026-06-02 15:39:00+00:00,2.84612,2.8462,2.84356,2.84368,857.0
2026-06-02 15:54:00+00:00,2.84368,2.8461,2.83829,2.83959,983.0
2026-06-02 16:09:00+00:00,2.83959,2.84259,2.83838,2.8416,994.0
2026-06-02 16:24:00+00:00,2.8416,2.8427,2.83407,2.83535,984.0
2026-06-02 16:39:00+00:00,2.83535,2.83566,2.83254,2.83274,738.0
2026-06-02 16:54:00+00:00,2.83274,2.83525,2.83157,2.83423,626.0
2026-06-02 17:09:00+00:00,2.83423,2.83724,2.83366,2.83652,501.0
2026-06-02 17:24:00+00:00,2.83652,2.83691,2.83388,2.83521,599.0
2026-06-02 17:39:00+00:00,2.83521,2.83817,2.83476,2.83712,626.0
2026-06-02 17:54:00+00:00,2.83712,2.83868,2.83482,2.83524,637.0
2026-06-02 18:09:00+00:00,2.83524,2.83525,2.83343,2.83344,356.0
2026-06-02 18:24:00+00:00,2.83344,2.83425,2.82872,2.83018,266.0
2026-06-02 18:39:00+00:00,2.83018,2.8304,2.82967,2.83007,238.0
2026-06-02 18:54:00+00:00,2.83007,2.83112,2.82404,2.8254,338.0
2026-06-02 19:09:00+00:00,2.8254,2.82733,2.8176,2.8217,467.0
2026-06-02 19:24:00+00:00,2.8217,2.82584,2.82068,2.82468,384.0
2026-06-02 19:39:00+00:00,2.82468,2.82543,2.82331,2.82372,548.0
2026-06-02 19:54:00+00:00,2.82372,2.82702,2.81583,2.81929,565.0
2026-06-02 20:09:00+00:00,2.81929,2.82,2.81523,2.81804,594.0
2026-06-02 20:24:00+00:00,2.81804,2.82321,2.8175,2.821,301.0
2026-06-02 20:39:00+00:00,2.821,2.82413,2.81991,2.82373,609.0
2026-06-02 20:54:00+00:00,2.82373,2.8255,2.82017,2.82242,257.0
2026-06-02 21:09:00+00:00,2.82242,2.82556,2.82136,2.82429,666.0
2026-06-02 21:24:00+00:00,2.82429,2.82498,2.82159,2.82292,448.0
2026-06-02 21:39:00+00:00,2.82292,2.82916,2.81969,2.82816,454.0
2026-06-02 21:54:00+00:00,2.82816,2.8289,2.82458,2.82599,264.0
2026-06-02 22:09:00+00:00,2.82599,2.82719,2.82457,2.82596,254.0
2026-06-02 22:24:00+00:00,2.82596,2.82896,2.82333,2.82525,605.0
2026-06-02 22:39:00+00:00,2.82525,2.82933,2.81934,2.82212,549.0
2026-06-02 22:54:00+00:00,2.82212,2.823,2.82203,2.82287,440.0
2026-06-02 23:09:00+00:00,2.82287,2.82529,2.82267,2.825,240.0
2026-06-02 23:24:00+00:00,2.825,2.82833,2.82431,2.82687,661.0
2026-06-02 23:39:00+00:00,2.82687,2.83165,2.82338,2.82979,370.0
2026-06-02 23:54:00+00:00,2.82979,2.83146,2.8237,2.82599,496.0
2026-06-03 00:09:00+00:00,2.82599,2.82635,2.82266,2.82312,248.0
2026-06-03 00:24:00+00:00,2.82312,2.82398,2.82204,2.82339,603.0
2026-06-03 00:39:00+00:00,2.82339,2.82817,2.82297,2.82756,636.0
2026-06-03 00:54:00+00:00,2.82756,2.83006,2.82528,2.82749,378.0
2026-06-03 01:09:00+00:00,2.82749,2.82867,2.82637,2.82681,603.0
2026-06-03 01:24:00+00:00,2.82681,2.8316,2.82294,2.82874,670.0
2026-06-03 01:39:00+00:00,2.82874,2.82919,2.82695,2.82713,365.0
2026-06-03 01:54:00+00:00,2.82713,2.82756,2.82441,2.82471,662.0
2026-06-03 02:09:00+00:00,2.82471,2.8262,2.82124,2.82222,617.0
2026-06-03 02:24:00+00:00,2.82222,2.82419,2.82148,2.82384,235.0
2026-06-03 02:39:00+00:00,2.82384,2.82773,2.8228,2.82679,592.0
2026-06-03 02:54:00+00:00,2.82679,2.82701,2.82335,2.82385,410.0
2026-06-03 03:09:00+00:00,2.82385,2.82799,2.82373,2.82791,273.0
2026-06-03 03:24:00+00:00,2.82791,2.82987,2.82539,2.82783,610.0
2026-06-03 03:39:00+00:00,2.82783,2.82813,2.8253,2.82548,243.0
2026-06-03 03:54:00+00:00,2.82548,2.82684,2.82467,2.82661,495.0
2026-06-03 04:09:00+00:00,2.82661,2.8271,2.82528,2.82609,608.0
2026-06-03 04:24:00+00:00,2.82609,2.82747,2.82374,2.82654,425.0
2026-06-03 04:39:00+00:00,2.82654,2.82668,2.82072,2.82099,478.0
2026-06-03 04:54:00+00:00,2.82099,2.8268,2.81992,2.82386,526.0
2026-06-03 05:09:00+00:00,2.82386,2.82762,2.82045,2.82605,546.0
2026-06-03 05:24:00+00:00,2.82605,2.82977,2.82428,2.82829,401.0
2026-06-03 05:39:00+00:00,2.82829,2.83034,2.82804,2.82998,251.0
2026-06-03 05:54:00+00:00,2.82998,2.83096,2.82742,2.82802,596.0
2026-06-03 06:09:00+00:00,2.82802,2.83274,2.8268,2.83127,452.0
2026-06-03 06:24:00+00:00,2.83127,2.83162,2.82869,2.82897,678.0
2026-06-03 06:39:00+00:00,2.82897,2.83115,2.82888,2.83107,566.0
2026-06-03 06:54:00+00:00,2.83107,2.83472,2.82968,2.8335,377.0
2026-06-03 07:09:00+00:00,2.8335,2.83464,2.82982,2.83073,455.0
2026-06-03 07:24:00+00:00,2.83073,2.83282,2.82762,2.82916,494.0
2026-06-03 07:39:00+00:00,2.82916,2.82999,2.8246,2.82617,1046.0
2026-06-03 07:54:00+00:00,2.82617,2.82826,2.82504,2.82714,522.0
2026-06-03 08:09:00+00:00,2.82714,2.82736,2.825,2.82522,924.0
2026-06-03 08:24:00+00:00,2.82522,2.82605,2.82507,2.82593,916.0
2026-06-03 08:39:00+00:00,2.82593,2.82612,2.82482,2.82501,969.0
2026-06-03 08:54:00+00:00,2.82501,2.82818,2.82325,2.82681,525.0
2026-06-03 09:09:00+00:00,2.82681,2.82887,2.82554,2.82797,490.0
2026-06-03 09:24:00+00:00,2.82797,2.82851,2.82784,2.82834,840.0
2026-06-03 09:39:00+00:00,2.82834,2.83196,2.82822,2.83146,738.0
2026-06-03 09:54:00+00:00,2.83146,2.83468,2.8304,2.83333,592.0
2026-06-03 10:09:00+00:00,2.83333,2.8386,2.83145,2.83326,622.0
2026-06-03 10:24:00+00:00,2.83326,2.83416,2.82908,2.8303,788.0
2026-06-03 10:39:00+00:00,2.8303,2.83085,2.82887,2.82928,764.0
2026-06-03 10:54:00+00:00,2.82928,2.82941,2.82833,2.82853,531.0
2026-06-03 11:09:00+00:00,2.82853,2.83534,2.82647,2.83151,1016.0
2026-06-03 11:24:00+00:00,2.83151,2.83218,2.82787,2.82861,519.0
2026-06-03 11:39:00+00:00,2.82861,2.83112,2.82738,2.83039,693.0
2026-06-03 11:54:00+00:00,2.83039,2.83237,2.82919,2.83191,1165.0
2026-06-03 12:09:00+00:00,2.83191,2.83327,2.83063,2.83111,622.0
2026-06-03 12:24:00+00:00,2.83111,2.83332,2.83077,2.83276,993.0
2026-06-03 12:39:00+00:00,2.83276,2.83736,2.83031,2.83542,1012.0
2026-06-03 12:54:00+00:00,2.83542,2.83662,2.83492,2.8363,571.0
2026-06-03 13:09:00+00:00,2.8363,2.83882,2.83504,2.83747,1119.0
2026-06-03 13:24:00+00:00,2.83747,2.83856,2.83444,2.83549,945.0
2026-06-03 13:39:00+00:00,2.83549,2.83866,2.83401,2.83694,549.0
2026-06-03 13:54:00+00:00,2.83694,2.83932,2.83474,2.83843,472.0
2026-06-03 14:09:00+00:00,2.83843,2.83998,2.83765,2.83898,1043.0
2026-06-03 14:24:00+00:00,2.83898,2.84127,2.83711,2.84053,888.0
2026-06-03 14:39:00+00:00,2.84053,2.843,2.83668,2.83864,543.0
2026-06-03 14:54:00+00:00,2.83864,2.84338,2.83684,2.84237,483.0
2026-06-03 15:09:00+00:00,2.84237,2.84423,2.83958,2.84107,1169.0
2026-06-03 15:24:00+00:00,2.84107,2.8434,2.83809,2.84083,802.0
2026-06-03 15:39:00+00:00,2.84083,2.84182,2.83883,2.83982,960.0
2026-06-03 15:54:00+00:00,2.83982,2.8428,2.83945,2.84149,1169.0
2026-06-03 16:09:00+00:00,2.84149,2.84617,2.83855,2.84243,1187.0
2026-06-03 16:24:00+00:00,2.84243,2.84412,2.84155,2.843,428.0
2026-06-03 16:39:00+00:00,2.843,2.84704,2.84237,2.84612,601.0
2026-06-03 16:54:00+00:00,2.84612,2.84633,2.84254,2.84262,689.0
2026-06-03 17:09:00+00:00,2.84262,2.84313,2.84064,2.84087,365.0
2026-06-03 17:24:00+00:00,2.84087,2.84127,2.83922,2.83952,358.0
2026-06-03 17:39:00+00:00,2.83952,2.8409,2.83625,2.83793,504.0
2026-06-03 17:54:00+00:00,2.83793,2.83905,2.8375,2.83878,474.0
2026-06-03 18:09:00+00:00,2.83878,2.84079,2.83552,2.8377,650.0
2026-06-03 18:24:00+00:00,2.8377,2.84333,2.83704,2.84124,434.0
2026-06-03 18:39:00+00:00,2.84124,2.84237,2.83756,2.83861,530.0
2026-06-03 18:54:00+00:00,2.83861,2.84029,2.83248,2.83511,454.0
2026-06-03 19:09:00+00:00,2.83511,2.83527,2.83225,2.83238,632.0
2026-06-03 19:24:00+00:00,2.83238,2.83347,2.83112,2.83178,363.0
2026-06-03 19:39:00+00:00,2.83178,2.83348,2.82767,2.82953,245.0
2026-06-03 19:54:00+00:00,2.82953,2.8314,2.82926,2.83118,558.0
2026-06-03 20:09:00+00:00,2.83118,2.83546,2.83045,2.83488,409.0
2026-06-03 20:24:00+00:00,2.83488,2.83886,2.83251,2.83691,498.0
2026-06-03 20:39:00+00:00,2.83691,2.83879,2.83326,2.83393,378.0
2026-06-03 20:54:00+00:00,2.83393,2.83754,2.8309,2.83418,388.0
2026-06-03 21:09:00+00:00,2.83418,2.83616,2.83394,2.83555,526.0
2026-06-03 21:24:00+00:00,2.83555,2.8402,2.83461,2.83989,474.0
2026-06-03 21:39:00+00:00,2.83989,2.8418,2.83843,2.83949,306.0
2026-06-03 21:54:00+00:00,2.83949,2.84264,2.83807,2.83997,574.0
2026-06-03 22:09:00+00:00,2.83997,2.8416,2.83947,2.84031,514.0
2026-06-03 22:24:00+00:00,2.84031,2.8446,2.835,2.83735,624.0
2026-06-03 22:39:00+00:00,2.83735,2.83794,2.83377,2.83438,273.0
2026-06-03 22:54:00+00:00,2.83438,2.83469,2.83349,2.83399,617.0
2026-06-03 23:09:00+00:00,2.83399,2.83408,2.83337,2.83366,580.0
2026-06-03 23:24:00+00:00,2.83366,2.83382,2.83329,2.83348,375.0
2026-06-03 23:39:00+00:00,2.83348,2.83904,2.82906,2.83516,358.0
2026-06-03 23:54:00+00:00,2.83516,2.83571,2.83282,2.83343,306.0
2026-06-04 00:09:00+00:00,2.83343,2.83812,2.83244,2.83727,644.0
2026-06-04 00:24:00+00:00,2.83727,2.83873,2.83595,2.83659,453.0
2026-06-04 00:39:00+00:00,2.83659,2.83717,2.83355,2.8346,466.0
2026-06-04 00:54:00+00:00,2.8346,2.83499,2.83401,2.83459,404.0
2026-06-04 01:09:00+00:00,2.83459,2.83469,2.83342,2.83363,431.0
2026-06-04 01:24:00+00:00,2.83363,2.83696,2.8331,2.8364,369.0
2026-06-04 01:39:00+00:00,2.8364,2.83772,2.83244,2.8334,297.0
2026-06-04 01:54:00+00:00,2.8334,2.83386,2.8315,2.83194,238.0
2026-06-04 02:09:00+00:00,2.83194,2.83385,2.83176,2.83362,282.0
2026-06-04 02:24:00+00:00,2.83362,2.83449,2.83306,2.83401,340.0
2026-06-04 02:39:00+00:00,2.83401,2.83447,2.83375,2.8339,527.0
2026-06-04 02:54:00+00:00,2.8339,2.83396,2.83299,2.83301,380.0
2026-06-04 03:09:00+00:00,2.83301,2.83452,2.83175,2.83368,254.0
2026-06-04 03:24:00+00:00,2.83368,2.83396,2.83271,2.83283,579.0
2026-06-04 03:39:00+00:00,2.83283,2.83615,2.83185,2.8349,293.0
2026-06-04 03:54:00+00:00,2.8349,2.83762,2.83426,2.83726,499.0
2026-06-04 04:09:00+00:00,2.83726,2.83766,2.83538,2.83599,253.0
2026-06-04 04:24:00+00:00,2.83599,2.83644,2.83491,2.83535,534.0
2026-06-04 04:39:00+00:00,2.83535,2.84149,2.834,2.83841,458.0
2026-06-04 04:54:00+00:00,2.83841,2.83939,2.83147,2.83535,252.0
2026-06-04 05:09:00+00:00,2.83535,2.83974,2.83009,2.8343,240.0
2026-06-04 05:24:00+00:00,2.8343,2.83462,2.83379,2.83399,526.0
2026-06-04 05:39:00+00:00,2.83399,2.8346,2.83236,2.8331,255.0
2026-06-04 05:54:00+00:00,2.8331,2.83518,2.83032,2.83149,378.0
2026-06-04 06:09:00+00:00,2.83149,2.83171,2.82752,2.82785,370.0
2026-06-04 06:24:00+00:00,2.82785,2.82985,2.82212,2.82441,292.0
2026-06-04 06:39:00+00:00,2.82441,2.82456,2.82202,2.82222,464.0
2026-06-04 06:54:00+00:00,2.82222,2.82316,2.82206,2.82295,451.0
2026-06-04 07:09:00+00:00,2.82295,2.82365,2.8177,2.81943,430.0
2026-06-04 07:24:00+00:00,2.81943,2.82162,2.81637,2.8182,462.0
2026-06-04 07:39:00+00:00,2.8182,2.82102,2.81348,2.81872,595.0
2026-06-04 07:54:00+00:00,2.81872,2.82252,2.8182,2.82216,1121.0
2026-06-04 08:09:00+00:00,2.82216,2.82229,2.82131,2.82135,958.0
2026-06-04 08:24:00+00:00,2.82135,2.82247,2.82107,2.82208,514.0
2026-06-04 08:39:00+00:00,2.82208,2.82448,2.81646,2.81944,511.0
2026-06-04 08:54:00+00:00,2.81944,2.82068,2.81861,2.82016,1193.0
2026-06-04 09:09:00+00:00,2.82016,2.82371,2.81802,2.8205,512.0
2026-06-04 09:24:00+00:00,2.8205,2.82487,2.8198,2.82383,1165.0
2026-06-04 09:39:00+00:00,2.82383,2.82471,2.82037,2.82165,524.0
2026-06-04 09:54:00+00:00,2.82165,2.82221,2.81946,2.82029,1088.0
2026-06-04 10:09:00+00:00,2.82029,2.8217,2.8189,2.82112,416.0
2026-06-04 10:24:00+00:00,2.82112,2.82186,2.81572,2.81821,825.0
2026-06-04 10:39:00+00:00,2.81821,2.81845,2.81701,2.81725,1015.0
2026-06-04 10:54:00+00:00,2.81725,2.81796,2.81681,2.81732,664.0
2026-06-04 11:09:00+00:00,2.81732,2.82305,2.81692,2.8228,482.0
2026-06-04 11:24:00+00:00,2.8228,2.82431,2.81967,2.82074,1098.0
2026-06-04 11:39:00+00:00,2.82074,2.82207,2.81941,2.8207,430.0
2026-06-04 11:54:00+00:00,2.8207,2.8259,2.81537,2.82047,1085.0
2026-06-04 12:09:00+00:00,2.82047,2.82056,2.81684,2.81689,706.0
2026-06-04 12:24:00+00:00,2.81689,2.82337,2.81162,2.81884,984.0
2026-06-04 12:39:00+00:00,2.81884,2.82351,2.81688,2.82216,431.0
2026-06-04 12:54:00+00:00,2.82216,2.82561,2.81789,2.82102,549.0
2026-06-04 13:09:00+00:00,2.82102,2.82342,2.81667,2.81881,605.0
2026-06-04 13:24:00+00:00,2.81881,2.82161,2.81829,2.82091,736.0
2026-06-04 13:39:00+00:00,2.82091,2.82119,2.81879,2.81947,1184.0
2026-06-04 13:54:00+00:00,2.81947,2.8204,2.81597,2.81765,724.0
2026-06-04 14:09:00+00:00,2.81765,2.82434,2.81568,2.82264,980.0
2026-06-04 14:24:00+00:00,2.82264,2.82423,2.81782,2.82177,841.0
2026-06-04 14:39:00+00:00,2.82177,2.82288,2.81718,2.81849,409.0
2026-06-04 14:54:00+00:00,2.81849,2.8208,2.81799,2.81942,1071.0
2026-06-04 15:09:00+00:00,2.81942,2.82377,2.81623,2.82083,605.0
2026-06-04 15:24:00+00:00,2.82083,2.82253,2.8202,2.82163,749.0
2026-06-04 15:39:00+00:00,2.82163,2.8242,2.82064,2.82232,834.0
2026-06-04 15:54:00+00:00,2.82232,2.82719,2.82114,2.82623,941.0
2026-06-04 16:09:00+00:00,2.82623,2.83234,2.82525,2.83158,867.0
2026-06-04 16:24:00+00:00,2.83158,2.83328,2.83003,2.83242,864.0
2026-06-04 16:39:00+00:00,2.83242,2.83401,2.832,2.83345,480.0
2026-06-04 16:54:00+00:00,2.83345,2.83487,2.83168,2.83357,959.0
2026-06-04 17:09:00+00:00,2.83357,2.83826,2.83111,2.8377,431.0
2026-06-04 17:24:00+00:00,2.8377,2.83996,2.83759,2.83979,276.0
2026-06-04 17:39:00+00:00,2.83979,2.84119,2.83794,2.83936,309.0
2026-06-04 17:54:00+00:00,2.83936,2.83999,2.83612,2.83684,514.0
2026-06-04 18:09:00+00:00,2.83684,2.84089,2.8363,2.83985,583.0
2026-06-04 18:24:00+00:00,2.83985,2.84721,2.83829,2.84387,248.0
2026-06-04 18:39:00+00:00,2.84387,2.84693,2.84241,2.84539,314.0
2026-06-04 18:54:00+00:00,2.84539,2.84637,2.84256,2.84384,369.0
2026-06-04 19:09:00+00:00,2.84384,2.84561,2.84313,2.84421,679.0
2026-06-04 19:24:00+00:00,2.84421,2.84513,2.83983,2.84089,605.0
2026-06-04 19:39:00+00:00,2.84089,2.84387,2.83902,2.84259,532.0
2026-06-04 19:54:00+00:00,2.84259,2.85063,2.84164,2.84966,469.0
2026-06-04 20:09:00+00:00,2.84966,2.85059,2.84635,2.84782,456.0
2026-06-04 20:24:00+00:00,2.84782,2.84868,2.8448,2.84684,557.0
2026-06-04 20:39:00+00:00,2.84684,2.84772,2.8466,2.84731,351.0
2026-06-04 20:54:00+00:00,2.84731,2.84922,2.84683,2.8488,462.0
2026-06-04 21:09:00+00:00,2.8488,2.85202,2.8448,2.84804,546.0
2026-06-04 21:24:00+00:00,2.84804,2.85249,2.84429,2.84884,561.0
2026-06-04 21:39:00+00:00,2.84884,2.84947,2.84343,2.845,546.0
2026-06-04 21:54:00+00:00,2.845,2.84826,2.84479,2.84804,790.0
2026-06-04 22:09:00+00:00,2.84804,2.85419,2.84119,2.848,705.0
2026-06-04 22:24:00+00:00,2.848,2.85117,2.84697,2.84982,602.0
2026-06-04 22:39:00+00:00,2.84982,2.8521,2.84156,2.84282,847.0
2026-06-04 22:54:00+00:00,2.84282,2.84341,2.84263,2.84329,559.0
2026-06-04 23:09:00+00:00,2.84329,2.84408,2.83872,2.83975,417.0
2026-06-04 23:24:00+00:00,2.83975,2.84321,2.8306,2.83685,1043.0
2026-06-04 23:39:00+00:00,2.83685,2.84038,2.83016,2.83722,467.0
2026-06-04 23:54:00+00:00,2.83722,2.84355,2.83346,2.84165,470.0
2026-06-05 00:09:00+00:00,2.84165,2.84343,2.83829,2.83941,574.0
2026-06-05 00:24:00+00:00,2.83941,2.85189,2.83885,2.85129,1073.0
2026-06-05 00:39:00+00:00,2.85129,2.85318,2.84611,2.85133,709.0
2026-06-05 00:54:00+00:00,2.85133,2.85646,2.84282,2.8494,982.0
2026-06-05 01:09:00+00:00,2.8494,2.85506,2.83859,2.84419,754.0
2026-06-05 01:24:00+00:00,2.84419,2.84435,2.84311,2.84329,780.0
2026-06-05 01:39:00+00:00,2.84329,2.84343,2.84126,2.84171,848.0
2026-06-05 01:54:00+00:00,2.84171,2.84533,2.83949,2.84187,718.0
2026-06-05 02:09:00+00:00,2.84187,2.84234,2.8406,2.84123,499.0
2026-06-05 02:24:00+00:00,2.84123,2.84448,2.84045,2.84401,955.0
2026-06-05 02:39:00+00:00,2.84401,2.84971,2.84348,2.84938,655.0
2026-06-05 02:54:00+00:00,2.84938,2.85118,2.8463,2.84817,806.0
2026-06-05 03:09:00+00:00,2.84817,2.85045,2.84434,2.84771,1099.0
2026-06-05 03:24:00+00:00,2.84771,2.84966,2.83522,2.83804,550.0
2026-06-05 03:39:00+00:00,2.83804,2.8395,2.83638,2.83887,467.0
2026-06-05 03:54:00+00:00,2.83887,2.8412,2.8361,2.83758,414.0
2026-06-05 04:09:00+00:00,2.83758,2.84614,2.83628,2.84487,813.0
2026-06-05 04:24:00+00:00,2.84487,2.84667,2.83703,2.83814,546.0
2026-06-05 04:39:00+00:00,2.83814,2.83888,2.83647,2.83792,1026.0
2026-06-05 04:54:00+00:00,2.83792,2.83965,2.83628,2.83794,475.0
2026-06-05 05:09:00+00:00,2.83794,2.83868,2.83454,2.83726,528.0
2026-06-05 05:24:00+00:00,2.83726,2.83752,2.8347,2.83546,491.0
2026-06-05 05:39:00+00:00,2.83546,2.83866,2.83461,2.83773,842.0
2026-06-05 05:54:00+00:00,2.83773,2.83911,2.83482,2.83575,722.0
2026-06-05 06:09:00+00:00,2.83575,2.83968,2.83236,2.8369,907.0
2026-06-05 06:24:00+00:00,2.8369,2.83764,2.83594,2.83665,936.0
2026-06-05 06:39:00+00:00,2.83665,2.84208,2.83438,2.83955,542.0
2026-06-05 06:54:00+00:00,2.83955,2.84293,2.82973,2.83169,704.0
2026-06-05 07:09:00+00:00,2.83169,2.83541,2.83069,2.83434,1084.0
2026-06-05 07:24:00+00:00,2.83434,2.83604,2.83386,2.83574,1131.0
2026-06-05 07:39:00+00:00,2.83574,2.84686,2.83507,2.84615,959.0
2026-06-05 07:54:00+00:00,2.84615,2.84965,2.84542,2.84893,1861.0
2026-06-05 08:09:00+00:00,2.84893,2.85272,2.8475,2.85233,820.0
2026-06-05 08:24:00+00:00,2.85233,2.85487,2.84721,2.84943,1092.0
2026-06-05 08:39:00+00:00,2.84943,2.85517,2.8397,2.84234,826.0
2026-06-05 08:54:00+00:00,2.84234,2.84547,2.83312,2.83741,1282.0
2026-06-05 09:09:00+00:00,2.83741,2.84518,2.83349,2.84196,1365.0
2026-06-05 09:24:00+00:00,2.84196,2.84233,2.8402,2.8411,993.0
2026-06-05 09:39:00+00:00,2.8411,2.85134,2.83991,2.85031,1855.0
2026-06-05 09:54:00+00:00,2.85031,2.85144,2.84805,2.8495,1464.0
2026-06-05 10:09:00+00:00,2.8495,2.85148,2.84754,2.85095,1375.0
2026-06-05 10:24:00+00:00,2.85095,2.85326,2.84918,2.85112,676.0
2026-06-05 10:39:00+00:00,2.85112,2.85327,2.84446,2.84504,889.0
2026-06-05 10:54:00+00:00,2.84504,2.8517,2.84441,2.85119,1865.0
2026-06-05 11:09:00+00:00,2.85119,2.85675,2.85114,2.8567,1036.0
2026-06-05 11:24:00+00:00,2.8567,2.85946,2.85298,2.85421,752.0
2026-06-05 11:39:00+00:00,2.85421,2.85558,2.85002,2.85216,1966.0
2026-06-05 11:54:00+00:00,2.85216,2.85263,2.85002,2.85054,1128.0
2026-06-05 12:09:00+00:00,2.85054,2.85124,2.84967,2.84986,798.0
2026-06-05 12:24:00+00:00,2.84986,2.8534,2.8447,2.84987,1546.0
2026-06-05 12:39:00+00:00,2.84987,2.85074,2.84125,2.84296,1368.0
2026-06-05 12:54:00+00:00,2.84296,2.84865,2.83749,2.84391,1991.0
2026-06-05 13:09:00+00:00,2.84391,2.84654,2.84291,2.84491,986.0
2026-06-05 13:24:00+00:00,2.84491,2.85087,2.84283,2.84926,760.0
2026-06-05 13:39:00+00:00,2.84926,2.85104,2.84707,2.84897,1079.0
2026-06-05 13:54:00+00:00,2.84897,2.85179,2.84832,2.85026,1721.0
2026-06-05 14:09:00+00:00,2.85026,2.86028,2.8483,2.85772,1855.0
2026-06-05 14:24:00+00:00,2.85772,2.85888,2.84846,2.85103,682.0
2026-06-05 14:39:00+00:00,2.85103,2.85511,2.84461,2.84755,1471.0
2026-06-05 14:54:00+00:00,2.84755,2.84976,2.84717,2.84859,1534.0
2026-06-05 15:09:00+00:00,2.84859,2.85296,2.84731,2.85202,1946.0
2026-06-05 15:24:00+00:00,2.85202,2.85239,2.84945,2.85004,1728.0
2026-06-05 15:39:00+00:00,2.85004,2.85066,2.8482,2.84989,1802.0
2026-06-05 15:54:00+00:00,2.84989,2.85111,2.84319,2.8465,1644.0
2026-06-05 16:09:00+00:00,2.8465,2.85196,2.84619,2.85133,1492.0
2026-06-05 16:24:00+00:00,2.85133,2.85135,2.85066,2.85068,1509.0
2026-06-05 16:39:00+00:00,2.85068,2.85366,2.84703,2.84834,721.0
2026-06-05 16:54:00+00:00,2.84834,2.85024,2.84804,2.84997,1515.0
2026-06-05 17:09:00+00:00,2.84997,2.8571,2.84777,2.85478,446.0
2026-06-05 17:24:00+00:00,2.85478,2.85515,2.8467,2.84717,883.0
2026-06-05 17:39:00+00:00,2.84717,2.84798,2.84458,2.8457,928.0
2026-06-05 17:54:00+00:00,2.8457,2.84876,2.83135,2.83268,869.0
2026-06-05 18:09:00+00:00,2.83268,2.84442,2.8301,2.8405,820.0
2026-06-05 18:24:00+00:00,2.8405,2.84275,2.84033,2.84236,434.0
2026-06-05 18:39:00+00:00,2.84236,2.85112,2.84112,2.85041,450.0
2026-06-05 18:54:00+00:00,2.85041,2.85428,2.84954,2.85253,1118.0
2026-06-05 19:09:00+00:00,2.85253,2.85601,2.8512,2.85348,473.0
2026-06-05 19:24:00+00:00,2.85348,2.85559,2.84418,2.84606,1146.0
2026-06-05 19:39:00+00:00,2.84606,2.84687,2.84604,2.84685,472.0
2026-06-05 19:54:00+00:00,2.84685,2.84858,2.84121,2.84394,903.0
2026-06-05 20:09:00+00:00,2.84394,2.84962,2.84345,2.84924,900.0
2026-06-05 20:24:00+00:00,2.84924,2.85679,2.84635,2.85575,387.0
2026-06-05 20:39:00+00:00,2.85575,2.85876,2.85447,2.85772,414.0
2026-06-05 20:54:00+00:00,2.85772,2.86787,2.85684,2.86692,1009.0
2026-06-05 21:09:00+00:00,2.86692,2.87497,2.86315,2.86811,811.0
2026-06-05 21:24:00+00:00,2.86811,2.87108,2.86303,2.8648,1072.0
2026-06-05 21:39:00+00:00,2.8648,2.86833,2.85915,2.8642,806.0
2026-06-05 21:54:00+00:00,2.8642,2.86919,2.86303,2.86878,470.0
2026-06-05 22:09:00+00:00,2.86878,2.88051,2.86682,2.8758,592.0
2026-06-05 22:24:00+00:00,2.8758,2.87996,2.87459,2.87885,443.0
2026-06-05 22:39:00+00:00,2.87885,2.88233,2.87696,2.88113,984.0
2026-06-05 22:54:00+00:00,2.88113,2.88601,2.88093,2.88573,986.0
2026-06-05 23:09:00+00:00,2.88573,2.8864,2.88529,2.88597,1084.0
2026-06-05 23:24:00+00:00,2.88597,2.88901,2.88131,2.88408,1098.0
2026-06-05 23:39:00+00:00,2.88408,2.88487,2.87776,2.87868,597.0
2026-06-05 23:54:00+00:00,2.87868,2.88927,2.8775,2.88851,391.0
2026-06-06 00:09:00+00:00,2.88851,2.89893,2.88616,2.89509,498.0
2026-06-06 00:24:00+00:00,2.89509,2.89712,2.89465,2.89624,1090.0
2026-06-06 00:39:00+00:00,2.89624,2.90345,2.89348,2.8979,1055.0
2026-06-06 00:54:00+00:00,2.8979,2.89809,2.89745,2.89765,674.0
2026-06-06 01:09:00+00:00,2.89765,2.90025,2.89656,2.89949,758.0
2026-06-06 01:24:00+00:00,2.89949,2.90772,2.89449,2.90064,703.0
2026-06-06 01:39:00+00:00,2.90064,2.90477,2.89653,2.90133,446.0
2026-06-06 01:54:00+00:00,2.90133,2.90247,2.89935,2.90064,1071.0
2026-06-06 02:09:00+00:00,2.90064,2.90327,2.90019,2.90277,732.0
2026-06-06 02:24:00+00:00,2.90277,2.91176,2.89958,2.90625,446.0
2026-06-06 02:39:00+00:00,2.90625,2.9138,2.90257,2.90705,644.0
2026-06-06 02:54:00+00:00,2.90705,2.90858,2.89498,2.89707,820.0
2026-06-06 03:09:00+00:00,2.89707,2.90251,2.89536,2.90035,646.0
2026-06-06 03:24:00+00:00,2.90035,2.90393,2.8981,2.90138,626.0
2026-06-06 03:39:00+00:00,2.90138,2.90673,2.89687,2.90152,1075.0
2026-06-06 03:54:00+00:00,2.90152,2.90876,2.90101,2.90863,1129.0
2026-06-06 04:09:00+00:00,2.90863,2.9158,2.90612,2.91051,386.0
2026-06-06 04:24:00+00:00,2.91051,2.91148,2.90978,2.91049,734.0
2026-06-06 04:39:00+00:00,2.91049,2.91082,2.90902,2.90923,694.0
2026-06-06 04:54:00+00:00,2.90923,2.91392,2.9023,2.90616,1063.0
2026-06-06 05:09:00+00:00,2.90616,2.90954,2.89831,2.90057,1114.0
2026-06-06 05:24:00+00:00,2.90057,2.9076,2.89364,2.89814,521.0
2026-06-06 05:39:00+00:00,2.89814,2.90087,2.89302,2.897,1050.0
2026-06-06 05:54:00+00:00,2.897,2.90031,2.89665,2.9001,1141.0
2026-06-06 06:09:00+00:00,2.9001,2.90131,2.89171,2.89404,575.0
2026-06-06 06:24:00+00:00,2.89404,2.89834,2.89368,2.89804,402.0
2026-06-06 06:39:00+00:00,2.89804,2.89848,2.89561,2.89639,902.0
2026-06-06 06:54:00+00:00,2.89639,2.9024,2.89638,2.90238,770.0
2026-06-06 07:09:00+00:00,2.90238,2.91281,2.89318,2.89625,1768.0
2026-06-06 07:24:00+00:00,2.89625,2.89981,2.88814,2.89219,1284.0
2026-06-06 07:39:00+00:00,2.89219,2.89259,2.88981,2.89011,718.0
2026-06-06 07:54:00+00:00,2.89011,2.90023,2.88734,2.8943,1141.0
2026-06-06 08:09:00+00:00,2.8943,2.89512,2.89416,2.89498,1991.0
2026-06-06 08:24:00+00:00,2.89498,2.89585,2.88953,2.88987,1316.0
2026-06-06 08:39:00+00:00,2.88987,2.89045,2.88456,2.88628,1289.0
2026-06-06 08:54:00+00:00,2.88628,2.88664,2.8778,2.87797,1887.0
2026-06-06 09:09:00+00:00,2.87797,2.88287,2.87778,2.88205,1322.0
2026-06-06 09:24:00+00:00,2.88205,2.88505,2.87243,2.87688,1452.0
2026-06-06 09:39:00+00:00,2.87688,2.87701,2.87138,2.87144,795.0
2026-06-06 09:54:00+00:00,2.87144,2.87261,2.86704,2.86803,1203.0
2026-06-06 10:09:00+00:00,2.86803,2.86835,2.8633,2.86368,1000.0
2026-06-06 10:24:00+00:00,2.86368,2.86912,2.86333,2.86862,717.0
2026-06-06 10:39:00+00:00,2.86862,2.86959,2.86476,2.8659,1415.0
2026-06-06 10:54:00+00:00,2.8659,2.86722,2.86202,2.86289,1089.0
2026-06-06 11:09:00+00:00,2.86289,2.86573,2.86142,2.86486,995.0
2026-06-06 11:24:00+00:00,2.86486,2.87221,2.86376,2.87192,1477.0
2026-06-06 11:39:00+00:00,2.87192,2.87259,2.86596,2.867,913.0
2026-06-06 11:54:00+00:00,2.867,2.86898,2.86063,2.86266,1579.0
2026-06-06 12:09:00+00:00,2.86266,2.86522,2.8574,2.85851,809.0
2026-06-06 12:24:00+00:00,2.85851,2.86108,2.85825,2.86049,1421.0
2026-06-06 12:39:00+00:00,2.86049,2.86161,2.85877,2.85969,896.0
2026-06-06 12:54:00+00:00,2.85969,2.86184,2.85764,2.85877,816.0
2026-06-06 13:09:00+00:00,2.85877,2.85918,2.85559,2.85603,1187.0
2026-06-06 13:24:00+00:00,2.85603,2.85799,2.85185,2.85396,1142.0
2026-06-06 13:39:00+00:00,2.85396,2.85947,2.85391,2.85937,1001.0
2026-06-06 13:54:00+00:00,2.85937,2.86179,2.85798,2.85921,1096.0
2026-06-06 14:09:00+00:00,2.85921,2.863,2.85642,2.86135,1389.0
2026-06-06 14:24:00+00:00,2.86135,2.86624,2.86085,2.86585,1858.0
2026-06-06 14:39:00+00:00,2.86585,2.866,2.8605,2.86114,886.0
2026-06-06 14:54:00+00:00,2.86114,2.86304,2.85718,2.86111,1845.0
2026-06-06 15:09:00+00:00,2.86111,2.86331,2.85302,2.85581,1656.0
2026-06-06 15:24:00+00:00,2.85581,2.85969,2.84884,2.85101,1796.0
2026-06-06 15:39:00+00:00,2.85101,2.85167,2.84897,2.84983,1425.0
2026-06-06 15:54:00+00:00,2.84983,2.85105,2.84952,2.85009,1299.0
2026-06-06 16:09:00+00:00,2.85009,2.85109,2.8464,2.8478,1056.0
2026-06-06 16:24:00+00:00,2.8478,2.84818,2.84279,2.84401,1526.0
2026-06-06 16:39:00+00:00,2.84401,2.84646,2.83864,2.83994,1203.0
2026-06-06 16:54:00+00:00,2.83994,2.85705,2.83374,2.84906,1144.0
2026-06-06 17:09:00+00:00,2.84906,2.85164,2.84559,2.84829,899.0
2026-06-06 17:24:00+00:00,2.84829,2.84895,2.84693,2.84768,1143.0
2026-06-06 17:39:00+00:00,2.84768,2.84855,2.83932,2.84103,522.0
2026-06-06 17:54:00+00:00,2.84103,2.84127,2.83489,2.83528,1006.0
2026-06-06 18:09:00+00:00,2.83528,2.84189,2.83298,2.83672,1061.0
2026-06-06 18:24:00+00:00,2.83672,2.83864,2.82986,2.83279,706.0
2026-06-06 18:39:00+00:00,2.83279,2.83559,2.82572,2.83043,783.0
2026-06-06 18:54:00+00:00,2.83043,2.8347,2.82875,2.83298,730.0
2026-06-06 19:09:00+00:00,2.83298,2.83919,2.83253,2.83817,828.0
2026-06-06 19:24:00+00:00,2.83817,2.83874,2.83625,2.83769,574.0
2026-06-06 19:39:00+00:00,2.83769,2.84543,2.83168,2.83692,1058.0
2026-06-06 19:54:00+00:00,2.83692,2.83735,2.83484,2.83589,636.0
2026-06-06 20:09:00+00:00,2.83589,2.83649,2.82363,2.82443,804.0
2026-06-06 20:24:00+00:00,2.82443,2.83508,2.82344,2.83374,620.0
2026-06-06 20:39:00+00:00,2.83374,2.8375,2.83206,2.83658,998.0
2026-06-06 20:54:00+00:00,2.83658,2.83737,2.83373,2.83445,533.0
2026-06-06 21:09:00+00:00,2.83445,2.83496,2.82735,2.82817,1102.0
2026-06-06 21:24:00+00:00,2.82817,2.83087,2.82512,2.82686,661.0
2026-06-06 21:39:00+00:00,2.82686,2.83042,2.82497,2.82764,576.0
2026-06-06 21:54:00+00:00,2.82764,2.82842,2.82107,2.82257,575.0
2026-06-06 22:09:00+00:00,2.82257,2.82317,2.82099,2.82163,672.0
2026-06-06 22:24:00+00:00,2.82163,2.82301,2.82016,2.82102,730.0
2026-06-06 22:39:00+00:00,2.82102,2.83108,2.82058,2.82985,998.0
2026-06-06 22:54:00+00:00,2.82985,2.83461,2.82807,2.8329,879.0
2026-06-06 23:09:00+00:00,2.8329,2.83393,2.82901,2.82972,1026.0
2026-06-06 23:24:00+00:00,2.82972,2.83464,2.82869,2.83392,750.0
2026-06-06 23:39:00+00:00,2.83392,2.83482,2.83296,2.83351,852.0
2026-06-06 23:54:00+00:00,2.83351,2.83512,2.82824,2.82969,694.0
2026-06-07 00:09:00+00:00,2.82969,2.83015,2.82575,2.82633,650.0
2026-06-07 00:24:00+00:00,2.82633,2.82774,2.82004,2.82213,581.0
2026-06-07 00:39:00+00:00,2.82213,2.82388,2.80895,2.81062,1114.0
2026-06-07 00:54:00+00:00,2.81062,2.81085,2.80772,2.80789,822.0
2026-06-07 01:09:00+00:00,2.80789,2.80789,2.80686,2.80686,1126.0
2026-06-07 01:24:00+00:00,2.80686,2.80708,2.80651,2.80682,655.0
2026-06-07 01:39:00+00:00,2.80682,2.81782,2.80259,2.81111,882.0
2026-06-07 01:54:00+00:00,2.81111,2.81297,2.81089,2.8126,723.0
2026-06-07 02:09:00+00:00,2.8126,2.81878,2.81016,2.816,519.0
2026-06-07 02:24:00+00:00,2.816,2.81732,2.81173,2.81514,998.0
2026-06-07 02:39:00+00:00,2.81514,2.8152,2.80975,2.80989,949.0
2026-06-07 02:54:00+00:00,2.80989,2.81023,2.8048,2.80503,937.0
2026-06-07 03:09:00+00:00,2.80503,2.8136,2.80061,2.80788,516.0
2026-06-07 03:24:00+00:00,2.80788,2.80795,2.80643,2.8066,526.0
2026-06-07 03:39:00+00:00,2.8066,2.81044,2.80447,2.80726,709.0
2026-06-07 03:54:00+00:00,2.80726,2.81017,2.80519,2.80798,846.0
2026-06-07 04:09:00+00:00,2.80798,2.8087,2.80644,2.80671,910.0
2026-06-07 04:24:00+00:00,2.80671,2.80712,2.80483,2.80608,630.0
2026-06-07 04:39:00+00:00,2.80608,2.80881,2.80494,2.80786,626.0
2026-06-07 04:54:00+00:00,2.80786,2.80885,2.80429,2.80472,1088.0
2026-06-07 05:09:00+00:00,2.80472,2.80528,2.80471,2.80527,534.0
2026-06-07 05:24:00+00:00,2.80527,2.81456,2.79818,2.80711,414.0
2026-06-07 05:39:00+00:00,2.80711,2.81183,2.80548,2.81072,794.0
2026-06-07 05:54:00+00:00,2.81072,2.81464,2.8106,2.81452,1092.0
2026-06-07 06:09:00+00:00,2.81452,2.81545,2.80704,2.80803,578.0
2026-06-07 06:24:00+00:00,2.80803,2.81128,2.79815,2.80209,674.0
2026-06-07 06:39:00+00:00,2.80209,2.8049,2.80164,2.80421,501.0
2026-06-07 06:54:00+00:00,2.80421,2.80486,2.7955,2.79694,697.0
2026-06-07 07:09:00+00:00,2.79694,2.79972,2.79425,2.79795,1117.0
2026-06-07 07:24:00+00:00,2.79795,2.79848,2.79617,2.79635,687.0
2026-06-07 07:39:00+00:00,2.79635,2.80034,2.79394,2.79928,1285.0
2026-06-07 07:54:00+00:00,2.79928,2.79992,2.78988,2.7906,1022.0
2026-06-07 08:09:00+00:00,2.7906,2.79373,2.78677,2.78962,1729.0
2026-06-07 08:24:00+00:00,2.78962,2.79055,2.78943,2.7903,1819.0
2026-06-07 08:39:00+00:00,2.7903,2.793,2.78264,2.7845,1261.0
2026-06-07 08:54:00+00:00,2.7845,2.78561,2.78449,2.78559,1998.0
2026-06-07 09:09:00+00:00,2.78559,2.78923,2.78261,2.78646,1546.0
2026-06-07 09:24:00+00:00,2.78646,2.79194,2.77314,2.77814,1249.0
2026-06-07 09:39:00+00:00,2.77814,2.78252,2.77768,2.78087,1652.0
2026-06-07 09:54:00+00:00,2.78087,2.78348,2.77544,2.77653,1736.0
2026-06-07 10:09:00+00:00,2.77653,2.78175,2.77423,2.78102,1683.0
2026-06-07 10:24:00+00:00,2.78102,2.78363,2.78101,2.78363,1249.0
2026-06-07 10:39:00+00:00,2.78363,2.78464,2.77924,2.78228,1169.0
2026-06-07 10:54:00+00:00,2.78228,2.78708,2.78181,2.78686,1415.0
2026-06-07 11:09:00+00:00,2.78686,2.79021,2.78608,2.78955,1673.0
2026-06-07 11:24:00+00:00,2.78955,2.79267,2.78569,2.78734,809.0
2026-06-07 11:39:00+00:00,2.78734,2.78757,2.78511,2.78546,865.0
2026-06-07 11:54:00+00:00,2.78546,2.78718,2.78343,2.78589,1280.0
2026-06-07 12:09:00+00:00,2.78589,2.78722,2.7799,2.78047,930.0
2026-06-07 12:24:00+00:00,2.78047,2.78179,2.77868,2.78102,862.0
2026-06-07 12:39:00+00:00,2.78102,2.78315,2.77848,2.78206,1385.0
2026-06-07 12:54:00+00:00,2.78206,2.78554,2.78034,2.78253,1945.0
2026-06-07 13:09:00+00:00,2.78253,2.7858,2.78091,2.784,1758.0
2026-06-07 13:24:00+00:00,2.784,2.78494,2.78207,2.78285,1225.0
2026-06-07 13:39:00+00:00,2.78285,2.78909,2.7819,2.78621,1505.0
2026-06-07 13:54:00+00:00,2.78621,2.78891,2.78551,2.78835,1298.0
2026-06-07 14:09:00+00:00,2.78835,2.79287,2.78668,2.78927,811.0
2026-06-07 14:24:00+00:00,2.78927,2.79882,2.7891,2.79873,1900.0
2026-06-07 14:39:00+00:00,2.79873,2.80149,2.79374,2.79704,773.0
2026-06-07 14:54:00+00:00,2.79704,2.79739,2.79116,2.79155,708.0
2026-06-07 15:09:00+00:00,2.79155,2.79424,2.78734,2.79244,1198.0
2026-06-07 15:24:00+00:00,2.79244,2.79453,2.79185,2.79403,1175.0
2026-06-07 15:39:00+00:00,2.79403,2.79612,2.793,2.79547,1414.0
2026-06-07 15:54:00+00:00,2.79547,2.79692,2.79296,2.79466,671.0
2026-06-07 16:09:00+00:00,2.79466,2.80468,2.7863,2.79901,1753.0
2026-06-07 16:24:00+00:00,2.79901,2.79921,2.79334,2.79372,1779.0
2026-06-07 16:39:00+00:00,2.79372,2.79788,2.79191,2.79632,967.0
2026-06-07 16:54:00+00:00,2.79632,2.80444,2.79422,2.80037,1148.0
2026-06-07 17:09:00+00:00,2.80037,2.80207,2.79538,2.79892,854.0
2026-06-07 17:24:00+00:00,2.79892,2.79909,2.79844,2.7988,409.0
2026-06-07 17:39:00+00:00,2.7988,2.80057,2.79508,2.79577,751.0
2026-06-07 17:54:00+00:00,2.79577,2.80186,2.79284,2.79921,581.0
2026-06-07 18:09:00+00:00,2.79921,2.8004,2.78976,2.791,627.0
2026-06-07 18:24:00+00:00,2.791,2.79147,2.78595,2.78621,941.0
2026-06-07 18:39:00+00:00,2.78621,2.78854,2.784,2.78767,603.0
2026-06-07 18:54:00+00:00,2.78767,2.7959,2.78559,2.79317,557.0
2026-06-07 19:09:00+00:00,2.79317,2.79523,2.78625,2.78861,1054.0
2026-06-07 19:24:00+00:00,2.78861,2.79416,2.78667,2.78842,422.0
2026-06-07 19:39:00+00:00,2.78842,2.78937,2.78048,2.78182,1086.0
2026-06-07 19:54:00+00:00,2.78182,2.78208,2.7762,2.77681,537.0
2026-06-07 20:09:00+00:00,2.77681,2.78021,2.77326,2.77558,998.0
2026-06-07 20:24:00+00:00,2.77558,2.77599,2.76667,2.76772,400.0
2026-06-07 20:39:00+00:00,2.76772,2.76857,2.76477,2.76674,867.0
2026-06-07 20:54:00+00:00,2.76674,2.76919,2.76024,2.76531,782.0
2026-06-07 21:09:00+00:00,2.76531,2.76693,2.76111,2.76253,669.0
2026-06-07 21:24:00+00:00,2.76253,2.76391,2.75591,2.75678,982.0
2026-06-07 21:39:00+00:00,2.75678,2.76304,2.75211,2.7541,487.0
2026-06-07 21:54:00+00:00,2.7541,2.75928,2.7536,2.75868,690.0
2026-06-07 22:09:00+00:00,2.75868,2.75945,2.75173,2.75445,514.0
2026-06-07 22:24:00+00:00,2.75445,2.75518,2.7453,2.74812,489.0
2026-06-07 22:39:00+00:00,2.74812,2.74879,2.74044,2.74199,731.0
2026-06-07 22:54:00+00:00,2.74199,2.74329,2.73969,2.74268,671.0
2026-06-07 23:09:00+00:00,2.74268,2.7471,2.74254,2.74706,486.0
2026-06-07 23:24:00+00:00,2.74706,2.75049,2.74462,2.74615,1030.0
2026-06-07 23:39:00+00:00,2.74615,2.74845,2.74095,2.74373,648.0
2026-06-07 23:54:00+00:00,2.74373,2.74493,2.73964,2.74038,703.0
2026-06-08 00:09:00+00:00,2.74038,2.74072,2.73974,2.73997,406.0
2026-06-08 00:24:00+00:00,2.73997,2.74028,2.73698,2.73772,910.0
2026-06-08 00:39:00+00:00,2.73772,2.73781,2.73322,2.73333,620.0
2026-06-08 00:54:00+00:00,2.73333,2.73917,2.72606,2.73101,981.0
2026-06-08 01:09:00+00:00,2.73101,2.73215,2.72684,2.72798,790.0
2026-06-08 01:24:00+00:00,2.72798,2.73024,2.72694,2.72957,722.0
2026-06-08 01:39:00+00:00,2.72957,2.7349,2.72832,2.73036,544.0
2026-06-08 01:54:00+00:00,2.73036,2.73134,2.71512,2.71707,689.0
2026-06-08 02:09:00+00:00,2.71707,2.71773,2.71288,2.71341,631.0
2026-06-08 02:24:00+00:00,2.71341,2.71623,2.70435,2.7053,994.0
2026-06-08 02:39:00+00:00,2.7053,2.70651,2.70404,2.70518,1017.0
2026-06-08 02:54:00+00:00,2.70518,2.70937,2.70383,2.70893,642.0
2026-06-08 03:09:00+00:00,2.70893,2.70991,2.70888,2.70985,644.0
2026-06-08 03:24:00+00:00,2.70985,2.7134,2.70485,2.70926,452.0
2026-06-08 03:39:00+00:00,2.70926,2.71897,2.70865,2.71871,515.0
2026-06-08 03:54:00+00:00,2.71871,2.72767,2.71732,2.72501,1123.0
2026-06-08 04:09:00+00:00,2.72501,2.72817,2.72484,2.72798,786.0
2026-06-08 04:24:00+00:00,2.72798,2.73023,2.72471,2.72907,539.0
2026-06-08 04:39:00+00:00,2.72907,2.73131,2.72777,2.73026,477.0
2026-06-08 04:54:00+00:00,2.73026,2.73822,2.72908,2.73734,655.0
2026-06-08 05:09:00+00:00,2.73734,2.73996,2.73509,2.73758,889.0
2026-06-08 05:24:00+00:00,2.73758,2.74134,2.73374,2.73688,553.0
2026-06-08 05:39:00+00:00,2.73688,2.73747,2.73685,2.73733,938.0
2026-06-08 05:54:00+00:00,2.73733,2.74069,2.73187,2.73601,520.0
2026-06-08 06:09:00+00:00,2.73601,2.73839,2.73549,2.73775,397.0
2026-06-08 06:24:00+00:00,2.73775,2.7402,2.73582,2.73661,1097.0
2026-06-08 06:39:00+00:00,2.73661,2.74348,2.73467,2.7402,591.0
2026-06-08 06:54:00+00:00,2.7402,2.74349,2.73988,2.74298,697.0
2026-06-08 07:09:00+00:00,2.74298,2.74478,2.74196,2.74299,834.0
2026-06-08 07:24:00+00:00,2.74299,2.74397,2.73597,2.73696,1781.0
2026-06-08 07:39:00+00:00,2.73696,2.73763,2.73386,2.7344,1089.0
2026-06-08 07:54:00+00:00,2.7344,2.73795,2.7323,2.73722,927.0
2026-06-08 08:09:00+00:00,2.73722,2.74064,2.73634,2.73945,1807.0
2026-06-08 08:24:00+00:00,2.73945,2.74297,2.73658,2.74101,1446.0
2026-06-08 08:39:00+00:00,2.74101,2.7416,2.73836,2.73893,834.0
2026-06-08 08:54:00+00:00,2.73893,2.74077,2.73869,2.74048,1218.0
2026-06-08 09:09:00+00:00,2.74048,2.74188,2.73744,2.73874,1469.0
2026-06-08 09:24:00+00:00,2.73874,2.74428,2.73715,2.7432,1142.0
2026-06-08 09:39:00+00:00,2.7432,2.74815,2.74184,2.74628,1768.0
2026-06-08 09:54:00+00:00,2.74628,2.75217,2.73824,2.742,1060.0
2026-06-08 10:09:00+00:00,2.742,2.74206,2.74022,2.74045,1575.0
2026-06-08 10:24:00+00:00,2.74045,2.74115,2.73741,2.73917,767.0
2026-06-08 10:39:00+00:00,2.73917,2.74885,2.73685,2.74351,1826.0
2026-06-08 10:54:00+00:00,2.74351,2.74468,2.74316,2.74385,1082.0
2026-06-08 11:09:00+00:00,2.74385,2.75444,2.73792,2.75143,1460.0
2026-06-08 11:24:00+00:00,2.75143,2.75496,2.75053,2.75345,683.0
2026-06-08 11:39:00+00:00,2.75345,2.75623,2.74984,2.75213,1089.0
2026-06-08 11:54:00+00:00,2.75213,2.75389,2.74942,2.75165,923.0
2026-06-08 12:09:00+00:00,2.75165,2.75521,2.74446,2.74736,668.0
2026-06-08 12:24:00+00:00,2.74736,2.75154,2.7423,2.7442,1511.0
2026-06-08 12:39:00+00:00,2.7442,2.74478,2.74017,2.74073,1077.0
2026-06-08 12:54:00+00:00,2.74073,2.74471,2.7347,2.7387,1166.0
2026-06-08 13:09:00+00:00,2.7387,2.74434,2.73575,2.73909,904.0
2026-06-08 13:24:00+00:00,2.73909,2.74289,2.73635,2.73955,1260.0
2026-06-08 13:39:00+00:00,2.73955,2.74,2.7341,2.73429,1261.0
2026-06-08 13:54:00+00:00,2.73429,2.74373,2.73412,2.74326,645.0
2026-06-08 14:09:00+00:00,2.74326,2.74412,2.74019,2.74072,1845.0
2026-06-08 14:24:00+00:00,2.74072,2.74373,2.7394,2.74179,925.0
2026-06-08 14:39:00+00:00,2.74179,2.75168,2.74073,2.74863,945.0
2026-06-08 14:54:00+00:00,2.74863,2.75262,2.74557,2.74649,1656.0
2026-06-08 15:09:00+00:00,2.74649,2.7502,2.73672,2.74033,1792.0
2026-06-08 15:24:00+00:00,2.74033,2.74155,2.74008,2.74135,1326.0
2026-06-08 15:39:00+00:00,2.74135,2.74158,2.73713,2.73749,1422.0
2026-06-08 15:54:00+00:00,2.73749,2.74191,2.73652,2.74157,1516.0
2026-06-08 16:09:00+00:00,2.74157,2.74236,2.73811,2.73847,727.0
2026-06-08 16:24:00+00:00,2.73847,2.74159,2.72709,2.73025,1106.0
2026-06-08 16:39:00+00:00,2.73025,2.73444,2.72971,2.73339,1859.0
2026-06-08 16:54:00+00:00,2.73339,2.73617,2.7291,2.73052,904.0
2026-06-08 17:09:00+00:00,2.73052,2.73077,2.72254,2.72306,857.0
2026-06-08 17:24:00+00:00,2.72306,2.72325,2.71998,2.72038,706.0
2026-06-08 17:39:00+00:00,2.72038,2.72444,2.71205,2.71868,380.0
2026-06-08 17:54:00+00:00,2.71868,2.71997,2.71394,2.71563,480.0
2026-06-08 18:09:00+00:00,2.71563,2.71603,2.71561,2.71597,841.0
2026-06-08 18:24:00+00:00,2.71597,2.71987,2.71546,2.71919,452.0
2026-06-08 18:39:00+00:00,2.71919,2.72254,2.71912,2.72248,826.0
2026-06-08 18:54:00+00:00,2.72248,2.72429,2.72183,2.72338,628.0
2026-06-08 19:09:00+00:00,2.72338,2.72576,2.72188,2.72445,582.0
2026-06-08 19:24:00+00:00,2.72445,2.72461,2.7216,2.72174,874.0
2026-06-08 19:39:00+00:00,2.72174,2.72575,2.72098,2.72473,510.0
2026-06-08 19:54:00+00:00,2.72473,2.73278,2.72423,2.73219,843.0
2026-06-08 20:09:00+00:00,2.73219,2.73316,2.73011,2.73232,704.0
2026-06-08 20:24:00+00:00,2.73232,2.73545,2.73175,2.73463,422.0
2026-06-08 20:39:00+00:00,2.73463,2.74415,2.73152,2.74238,471.0
2026-06-08 20:54:00+00:00,2.74238,2.74589,2.73588,2.74161,497.0
2026-06-08 21:09:00+00:00,2.74161,2.74229,2.74085,2.74189,829.0
2026-06-08 21:24:00+00:00,2.74189,2.74847,2.74085,2.74487,994.0
2026-06-08 21:39:00+00:00,2.74487,2.74888,2.74199,2.74421,358.0
2026-06-08 21:54:00+00:00,2.74421,2.75297,2.73667,2.74943,441.0
2026-06-08 22:09:00+00:00,2.74943,2.75086,2.74905,2.75045,438.0
2026-06-08 22:24:00+00:00,2.75045,2.75882,2.74939,2.7561,513.0
2026-06-08 22:39:00+00:00,2.7561,2.75864,2.75429,2.75707,666.0
2026-06-08 22:54:00+00:00,2.75707,2.76579,2.7563,2.76417,1016.0
2026-06-08 23:09:00+00:00,2.76417,2.76655,2.76279,2.76474,594.0
2026-06-08 23:24:00+00:00,2.76474,2.7666,2.76275,2.76408,626.0
2026-06-08 23:39:00+00:00,2.76408,2.76572,2.75745,2.76021,534.0
2026-06-08 23:54:00+00:00,2.76021,2.76022,2.7556,2.75563,634.0
2026-06-09 00:09:00+00:00,2.75563,2.75635,2.74617,2.74647,786.0
2026-06-09 00:24:00+00:00,2.74647,2.74912,2.7429,2.74432,457.0
2026-06-09 00:39:00+00:00,2.74432,2.74632,2.74361,2.74584,632.0
2026-06-09 00:54:00+00:00,2.74584,2.74699,2.74383,2.74526,974.0
2026-06-09 01:09:00+00:00,2.74526,2.74676,2.73734,2.73932,629.0
2026-06-09 01:24:00+00:00,2.73932,2.74925,2.73682,2.74505,715.0
2026-06-09 01:39:00+00:00,2.74505,2.7514,2.73585,2.74205,871.0
2026-06-09 01:54:00+00:00,2.74205,2.74728,2.74013,2.74523,469.0
2026-06-09 02:09:00+00:00,2.74523,2.74626,2.74412,2.7451,470.0
2026-06-09 02:24:00+00:00,2.7451,2.74948,2.73815,2.74634,680.0
2026-06-09 02:39:00+00:00,2.74634,2.74694,2.74143,2.74202,678.0
2026-06-09 02:54:00+00:00,2.74202,2.74208,2.74154,2.74167,427.0
2026-06-09 03:09:00+00:00,2.74167,2.74978,2.73819,2.74848,681.0
2026-06-09 03:24:00+00:00,2.74848,2.75159,2.74108,2.7446,892.0
2026-06-09 03:39:00+00:00,2.7446,2.75285,2.74241,2.75065,618.0
2026-06-09 03:54:00+00:00,2.75065,2.75575,2.74976,2.75536,952.0
2026-06-09 04:09:00+00:00,2.75536,2.7572,2.74794,2.75066,856.0
2026-06-09 04:24:00+00:00,2.75066,2.7539,2.74819,2.75226,1007.0
2026-06-09 04:39:00+00:00,2.75226,2.75333,2.74872,2.74944,874.0
2026-06-09 04:54:00+00:00,2.74944,2.75006,2.74916,2.74977,655.0
2026-06-09 05:09:00+00:00,2.74977,2.75346,2.74768,2.74888,642.0
2026-06-09 05:24:00+00:00,2.74888,2.75121,2.74506,2.74613,944.0
2026-06-09 05:39:00+00:00,2.74613,2.74849,2.74531,2.74783,701.0
2026-06-09 05:54:00+00:00,2.74783,2.75425,2.7469,2.75311,437.0
2026-06-09 06:09:00+00:00,2.75311,2.75397,2.751,2.75188,931.0
2026-06-09 06:24:00+00:00,2.75188,2.75284,2.74952,2.75033,518.0
2026-06-09 06:39:00+00:00,2.75033,2.75257,2.74137,2.74407,599.0
2026-06-09 06:54:00+00:00,2.74407,2.7474,2.73378,2.73774,854.0
2026-06-09 07:09:00+00:00,2.73774,2.74038,2.73729,2.73977,1168.0
2026-06-09 07:24:00+00:00,2.73977,2.74137,2.73085,2.73329,1674.0
2026-06-09 07:39:00+00:00,2.73329,2.73386,2.73279,2.73317,1840.0
2026-06-09 07:54:00+00:00,2.73317,2.73424,2.73303,2.73405,651.0
2026-06-09 08:09:00+00:00,2.73405,2.73632,2.72681,2.72857,1074.0
2026-06-09 08:24:00+00:00,2.72857,2.72968,2.72844,2.72962,1435.0
2026-06-09 08:39:00+00:00,2.72962,2.72986,2.72669,2.72685,868.0
2026-06-09 08:54:00+00:00,2.72685,2.72801,2.72681,2.72792,760.0
2026-06-09 09:09:00+00:00,2.72792,2.72925,2.72331,2.72665,1621.0
2026-06-09 09:24:00+00:00,2.72665,2.73537,2.72414,2.734,1596.0
2026-06-09 09:39:00+00:00,2.734,2.7372,2.73333,2.7357,1684.0
2026-06-09 09:54:00+00:00,2.7357,2.73623,2.73278,2.73392,697.0
2026-06-09 10:09:00+00:00,2.73392,2.73527,2.72538,2.72618,932.0
2026-06-09 10:24:00+00:00,2.72618,2.7284,2.72121,2.72339,1473.0
2026-06-09 10:39:00+00:00,2.72339,2.72466,2.71262,2.71634,1235.0
2026-06-09 10:54:00+00:00,2.71634,2.71906,2.70771,2.71323,1826.0
2026-06-09 11:09:00+00:00,2.71323,2.71788,2.70777,2.71069,1820.0
2026-06-09 11:24:00+00:00,2.71069,2.71599,2.70788,2.71244,1382.0
2026-06-09 11:39:00+00:00,2.71244,2.71297,2.70953,2.71067,659.0
2026-06-09 11:54:00+00:00,2.71067,2.71653,2.71007,2.71612,1834.0
2026-06-09 12:09:00+00:00,2.71612,2.71948,2.71543,2.71876,1211.0
2026-06-09 12:24:00+00:00,2.71876,2.72122,2.71844,2.72087,1649.0
2026-06-09 12:39:00+00:00,2.72087,2.72175,2.7146,2.71737,1116.0
2026-06-09 12:54:00+00:00,2.71737,2.72154,2.71188,2.71752,928.0
2026-06-09 13:09:00+00:00,2.71752,2.71827,2.7132,2.71341,1526.0
2026-06-09 13:24:00+00:00,2.71341,2.7163,2.71092,2.71325,1319.0
2026-06-09 13:39:00+00:00,2.71325,2.72025,2.71259,2.71964,1148.0
2026-06-09 13:54:00+00:00,2.71964,2.72123,2.71749,2.71815,1520.0
2026-06-09 14:09:00+00:00,2.71815,2.71946,2.71266,2.71391,1609.0
2026-06-09 14:24:00+00:00,2.71391,2.714,2.71164,2.71171,1812.0
2026-06-09 14:39:00+00:00,2.71171,2.71362,2.70649,2.70706,1746.0
2026-06-09 14:54:00+00:00,2.70706,2.70836,2.70384,2.70605,710.0
2026-06-09 15:09:00+00:00,2.70605,2.71347,2.70264,2.71076,816.0
2026-06-09 15:24:00+00:00,2.71076,2.71121,2.70836,2.70887,1512.0
2026-06-09 15:39:00+00:00,2.70887,2.70961,2.70536,2.70644,1665.0
2026-06-09 15:54:00+00:00,2.70644,2.70662,2.70483,2.70522,1823.0
2026-06-09 16:09:00+00:00,2.70522,2.71128,2.70374,2.70925,923.0
2026-06-09 16:24:00+00:00,2.70925,2.71108,2.70503,2.7093,827.0
2026-06-09 16:39:00+00:00,2.7093,2.7168,2.709,2.71632,1586.0
2026-06-09 16:54:00+00:00,2.71632,2.71878,2.71475,2.71633,1834.0
2026-06-09 17:09:00+00:00,2.71633,2.7258,2.71339,2.72361,458.0
2026-06-09 17:24:00+00:00,2.72361,2.72495,2.72306,2.72396,938.0
2026-06-09 17:39:00+00:00,2.72396,2.72838,2.72035,2.72544,600.0
2026-06-09 17:54:00+00:00,2.72544,2.72654,2.72442,2.72556,424.0
2026-06-09 18:09:00+00:00,2.72556,2.72694,2.7203,2.72141,1022.0
2026-06-09 18:24:00+00:00,2.72141,2.72292,2.71459,2.72047,418.0
2026-06-09 18:39:00+00:00,2.72047,2.7258,2.71936,2.72416,1008.0
2026-06-09 18:54:00+00:00,2.72416,2.72581,2.71729,2.71993,591.0
2026-06-09 19:09:00+00:00,2.71993,2.72029,2.71875,2.71969,586.0
2026-06-09 19:24:00+00:00,2.71969,2.72095,2.71694,2.71882,757.0
2026-06-09 19:39:00+00:00,2.71882,2.71907,2.71482,2.71497,699.0
2026-06-09 19:54:00+00:00,2.71497,2.71622,2.71454,2.71574,602.0
2026-06-09 20:09:00+00:00,2.71574,2.72165,2.71278,2.71865,533.0
2026-06-09 20:24:00+00:00,2.71865,2.71982,2.7114,2.71258,776.0
2026-06-09 20:39:00+00:00,2.71258,2.71449,2.70759,2.70985,750.0
2026-06-09 20:54:00+00:00,2.70985,2.71142,2.70561,2.70681,754.0
2026-06-09 21:09:00+00:00,2.70681,2.71346,2.70487,2.71278,459.0
2026-06-09 21:24:00+00:00,2.71278,2.71377,2.71175,2.7125,954.0
2026-06-09 21:39:00+00:00,2.7125,2.71457,2.70705,2.70793,880.0
2026-06-09 21:54:00+00:00,2.70793,2.71203,2.70679,2.71002,744.0
2026-06-09 22:09:00+00:00,2.71002,2.71261,2.70371,2.70669,1059.0
2026-06-09 22:24:00+00:00,2.70669,2.71485,2.70626,2.7146,789.0
2026-06-09 22:39:00+00:00,2.7146,2.7162,2.70397,2.70545,602.0
2026-06-09 22:54:00+00:00,2.70545,2.70612,2.70526,2.70594,758.0
2026-06-09 23:09:00+00:00,2.70594,2.70868,2.70153,2.70732,526.0
2026-06-09 23:24:00+00:00,2.70732,2.70835,2.6984,2.7014,368.0
2026-06-09 23:39:00+00:00,2.7014,2.70252,2.70009,2.70072,711.0
2026-06-09 23:54:00+00:00,2.70072,2.70841,2.69687,2.7016,830.0
2026-06-10 00:09:00+00:00,2.7016,2.70904,2.69539,2.70575,842.0
2026-06-10 00:24:00+00:00,2.70575,2.7104,2.70256,2.70805,1047.0
2026-06-10 00:39:00+00:00,2.70805,2.71887,2.708,2.71882,735.0
2026-06-10 00:54:00+00:00,2.71882,2.72811,2.71542,2.72513,518.0
2026-06-10 01:09:00+00:00,2.72513,2.72671,2.72506,2.72661,431.0
2026-06-10 01:24:00+00:00,2.72661,2.73608,2.72351,2.73423,610.0
2026-06-10 01:39:00+00:00,2.73423,2.74023,2.72488,2.72924,738.0
2026-06-10 01:54:00+00:00,2.72924,2.73106,2.72864,2.73063,573.0
2026-06-10 02:09:00+00:00,2.73063,2.73421,2.7263,2.73096,646.0
2026-06-10 02:24:00+00:00,2.73096,2.73386,2.73029,2.7326,802.0
2026-06-10 02:39:00+00:00,2.7326,2.73671,2.73163,2.73423,1020.0
2026-06-10 02:54:00+00:00,2.73423,2.73575,2.72804,2.72949,586.0
2026-06-10 03:09:00+00:00,2.72949,2.73447,2.72897,2.73283,909.0
2026-06-10 03:24:00+00:00,2.73283,2.73983,2.73261,2.73941,693.0
2026-06-10 03:39:00+00:00,2.73941,2.74071,2.73316,2.73796,406.0
2026-06-10 03:54:00+00:00,2.73796,2.73961,2.73199,2.73449,920.0
2026-06-10 04:09:00+00:00,2.73449,2.74377,2.72715,2.73704,720.0
2026-06-10 04:24:00+00:00,2.73704,2.74125,2.7347,2.73883,957.0
2026-06-10 04:39:00+00:00,2.73883,2.73922,2.73663,2.73707,360.0
2026-06-10 04:54:00+00:00,2.73707,2.74564,2.73443,2.74173,580.0
2026-06-10 05:09:00+00:00,2.74173,2.74297,2.73742,2.73901,715.0
2026-06-10 05:24:00+00:00,2.73901,2.74163,2.73162,2.73424,494.0
2026-06-10 05:39:00+00:00,2.73424,2.73812,2.73339,2.73762,982.0
2026-06-10 05:54:00+00:00,2.73762,2.74048,2.7363,2.73883,1050.0
2026-06-10 06:09:00+00:00,2.73883,2.74273,2.73769,2.74061,865.0
2026-06-10 06:24:00+00:00,2.74061,2.74098,2.73656,2.73766,937.0
2026-06-10 06:39:00+00:00,2.73766,2.74246,2.73751,2.74211,958.0
2026-06-10 06:54:00+00:00,2.74211,2.74385,2.73531,2.7382,747.0
2026-06-10 07:09:00+00:00,2.7382,2.74068,2.7381,2.74039,1509.0
2026-06-10 07:24:00+00:00,2.74039,2.74916,2.73798,2.74374,1466.0
2026-06-10 07:39:00+00:00,2.74374,2.75269,2.74213,2.75025,1376.0
2026-06-10 07:54:00+00:00,2.75025,2.75626,2.74813,2.75348,631.0
2026-06-10 08:09:00+00:00,2.75348,2.75466,2.74924,2.75072,1602.0
2026-06-10 08:24:00+00:00,2.75072,2.75516,2.75054,2.75463,1725.0
2026-06-10 08:39:00+00:00,2.75463,2.75827,2.74985,2.75519,1743.0
2026-06-10 08:54:00+00:00,2.75519,2.75634,2.74846,2.74991,1133.0
2026-06-10 09:09:00+00:00,2.74991,2.75869,2.74738,2.75772,1775.0
2026-06-10 09:24:00+00:00,2.75772,2.76289,2.75156,2.75695,1665.0
2026-06-10 09:39:00+00:00,2.75695,2.75919,2.74883,2.75231,1224.0
2026-06-10 09:54:00+00:00,2.75231,2.75309,2.74845,2.74904,1112.0
2026-06-10 10:09:00+00:00,2.74904,2.74943,2.74892,2.74916,1655.0
2026-06-10 10:24:00+00:00,2.74916,2.7578,2.74803,2.75422,1828.0
2026-06-10 10:39:00+00:00,2.75422,2.75656,2.75265,2.75381,1064.0
2026-06-10 10:54:00+00:00,2.75381,2.75613,2.75339,2.75521,714.0
2026-06-10 11:09:00+00:00,2.75521,2.76098,2.74818,2.75411,1138.0
2026-06-10 11:24:00+00:00,2.75411,2.7597,2.74974,2.75367,1301.0
2026-06-10 11:39:00+00:00,2.75367,2.75743,2.7453,2.74863,1567.0
2026-06-10 11:54:00+00:00,2.74863,2.75136,2.74277,2.74395,762.0
2026-06-10 12:09:00+00:00,2.74395,2.7502,2.74388,2.75011,1005.0
2026-06-10 12:24:00+00:00,2.75011,2.75035,2.74895,2.74933,1651.0
2026-06-10 12:39:00+00:00,2.74933,2.74971,2.74548,2.74573,1338.0
2026-06-10 12:54:00+00:00,2.74573,2.74969,2.73676,2.74394,910.0
2026-06-10 13:09:00+00:00,2.74394,2.7442,2.74274,2.74297,1264.0
2026-06-10 13:24:00+00:00,2.74297,2.75118,2.73968,2.75015,1733.0
2026-06-10 13:39:00+00:00,2.75015,2.75238,2.74893,2.75093,1084.0
2026-06-10 13:54:00+00:00,2.75093,2.76182,2.74624,2.75645,1757.0
2026-06-10 14:09:00+00:00,2.75645,2.75872,2.75501,2.75762,1077.0
2026-06-10 14:24:00+00:00,2.75762,2.76857,2.75261,2.76598,948.0
2026-06-10 14:39:00+00:00,2.76598,2.76718,2.76489,2.7659,792.0
2026-06-10 14:54:00+00:00,2.7659,2.76696,2.75862,2.75977,1476.0
2026-06-10 15:09:00+00:00,2.75977,2.7643,2.75922,2.76366,1338.0
2026-06-10 15:24:00+00:00,2.76366,2.77365,2.76065,2.76963,671.0
2026-06-10 15:39:00+00:00,2.76963,2.77372,2.76871,2.77308,1768.0
2026-06-10 15:54:00+00:00,2.77308,2.77561,2.77265,2.77467,1603.0
2026-06-10 16:09:00+00:00,2.77467,2.77708,2.77084,2.7726,1147.0
2026-06-10 16:24:00+00:00,2.7726,2.77266,2.76929,2.76936,1148.0
2026-06-10 16:39:00+00:00,2.76936,2.77178,2.76023,2.76398,630.0
2026-06-10 16:54:00+00:00,2.76398,2.76468,2.75657,2.75751,1697.0
2026-06-10 17:09:00+00:00,2.75751,2.75853,2.7541,2.75553,655.0
2026-06-10 17:24:00+00:00,2.75553,2.75694,2.75088,2.75314,871.0
2026-06-10 17:39:00+00:00,2.75314,2.75908,2.75087,2.7555,462.0
2026-06-10 17:54:00+00:00,2.7555,2.75669,2.754,2.755,818.0
2026-06-10 18:09:00+00:00,2.755,2.75718,2.7538,2.75661,1057.0
2026-06-10 18:24:00+00:00,2.75661,2.75667,2.75118,2.75121,929.0
2026-06-10 18:39:00+00:00,2.75121,2.75836,2.74831,2.75567,904.0
2026-06-10 18:54:00+00:00,2.75567,2.75716,2.74876,2.75166,723.0
2026-06-10 19:09:00+00:00,2.75166,2.75175,2.74977,2.74987,498.0
2026-06-10 19:24:00+00:00,2.74987,2.75152,2.74319,2.74477,446.0
2026-06-10 19:39:00+00:00,2.74477,2.74669,2.73894,2.74294,486.0
2026-06-10 19:54:00+00:00,2.74294,2.74566,2.74132,2.74443,990.0
2026-06-10 20:09:00+00:00,2.74443,2.7509,2.73963,2.74586,713.0
2026-06-10 20:24:00+00:00,2.74586,2.75061,2.74447,2.7478,732.0
2026-06-10 20:39:00+00:00,2.7478,2.74973,2.7432,2.74457,996.0
2026-06-10 20:54:00+00:00,2.74457,2.74652,2.74396,2.74527,489.0
2026-06-10 21:09:00+00:00,2.74527,2.74834,2.74509,2.74829,602.0
2026-06-10 21:24:00+00:00,2.74829,2.74969,2.74501,2.74552,932.0
2026-06-10 21:39:00+00:00,2.74552,2.74753,2.74195,2.7436,362.0
2026-06-10 21:54:00+00:00,2.7436,2.74435,2.73895,2.73968,722.0
2026-06-10 22:09:00+00:00,2.73968,2.74298,2.73924,2.74256,459.0
2026-06-10 22:24:00+00:00,2.74256,2.744,2.74249,2.74392,369.0
2026-06-10 22:39:00+00:00,2.74392,2.74667,2.74257,2.74561,1034.0
2026-06-10 22:54:00+00:00,2.74561,2.74625,2.74144,2.74229,989.0
2026-06-10 23:09:00+00:00,2.74229,2.74353,2.72912,2.73234,437.0
2026-06-10 23:24:00+00:00,2.73234,2.74137,2.72952,2.73901,886.0
2026-06-10 23:39:00+00:00,2.73901,2.74229,2.73479,2.73711,860.0
2026-06-10 23:54:00+00:00,2.73711,2.73747,2.73442,2.73506,1034.0
2026-06-11 00:09:00+00:00,2.73506,2.7372,2.72977,2.73238,478.0
2026-06-11 00:24:00+00:00,2.73238,2.73617,2.7309,2.73304,458.0
2026-06-11 00:39:00+00:00,2.73304,2.73572,2.72887,2.7299,833.0
2026-06-11 00:54:00+00:00,2.7299,2.73435,2.7262,2.73164,544.0
2026-06-11 01:09:00+00:00,2.73164,2.73472,2.71844,2.72433,752.0
2026-06-11 01:24:00+00:00,2.72433,2.7277,2.71295,2.7155,507.0
2026-06-11 01:39:00+00:00,2.7155,2.7183,2.71498,2.71639,727.0
2026-06-11 01:54:00+00:00,2.71639,2.71849,2.71361,2.71449,490.0
2026-06-11 02:09:00+00:00,2.71449,2.71767,2.71437,2.71746,359.0
2026-06-11 02:24:00+00:00,2.71746,2.71757,2.71254,2.71261,464.0
2026-06-11 02:39:00+00:00,2.71261,2.71955,2.71123,2.71796,858.0
2026-06-11 02:54:00+00:00,2.71796,2.72268,2.71718,2.72077,798.0
2026-06-11 03:09:00+00:00,2.72077,2.72319,2.71981,2.72189,498.0
2026-06-11 03:24:00+00:00,2.72189,2.72381,2.71268,2.71456,976.0
2026-06-11 03:39:00+00:00,2.71456,2.72073,2.71391,2.72046,963.0
2026-06-11 03:54:00+00:00,2.72046,2.72267,2.71718,2.72017,407.0
2026-06-11 04:09:00+00:00,2.72017,2.72732,2.71515,2.72318,526.0
2026-06-11 04:24:00+00:00,2.72318,2.72455,2.72059,2.72319,810.0
2026-06-11 04:39:00+00:00,2.72319,2.72629,2.71518,2.71667,698.0
2026-06-11 04:54:00+00:00,2.71667,2.71736,2.71655,2.71724,951.0
2026-06-11 05:09:00+00:00,2.71724,2.71992,2.71588,2.71856,661.0
2026-06-11 05:24:00+00:00,2.71856,2.71873,2.71823,2.71852,839.0
2026-06-11 05:39:00+00:00,2.71852,2.73017,2.71707,2.72515,470.0
2026-06-11 05:54:00+00:00,2.72515,2.73324,2.72052,2.7282,862.0
2026-06-11 06:09:00+00:00,2.7282,2.72938,2.72762,2.72912,783.0
2026-06-11 06:24:00+00:00,2.72912,2.73407,2.72639,2.73102,826.0
2026-06-11 06:39:00+00:00,2.73102,2.73491,2.7309,2.73478,473.0
2026-06-11 06:54:00+00:00,2.73478,2.73609,2.7295,2.73093,1060.0
2026-06-11 07:09:00+00:00,2.73093,2.73284,2.72886,2.73124,1481.0
2026-06-11 07:24:00+00:00,2.73124,2.73542,2.72359,2.72588,1197.0
2026-06-11 07:39:00+00:00,2.72588,2.72888,2.72432,2.72693,1551.0
2026-06-11 07:54:00+00:00,2.72693,2.72753,2.72453,2.72479,1428.0
2026-06-11 08:09:00+00:00,2.72479,2.72894,2.72164,2.72668,1722.0
2026-06-11 08:24:00+00:00,2.72668,2.7308,2.72642,2.73069,1833.0
2026-06-11 08:39:00+00:00,2.73069,2.73576,2.72824,2.73317,1191.0
2026-06-11 08:54:00+00:00,2.73317,2.73836,2.73186,2.73764,1414.0
2026-06-11 09:09:00+00:00,2.73764,2.73784,2.73593,2.73627,1859.0
2026-06-11 09:24:00+00:00,2.73627,2.74407,2.73316,2.74155,966.0
2026-06-11 09:39:00+00:00,2.74155,2.74157,2.73937,2.7394,1555.0
2026-06-11 09:54:00+00:00,2.7394,2.74073,2.73318,2.73457,689.0
2026-06-11 10:09:00+00:00,2.73457,2.73709,2.7219,2.7247,1680.0
2026-06-11 10:24:00+00:00,2.7247,2.72597,2.71783,2.71859,624.0
2026-06-11 10:39:00+00:00,2.71859,2.7196,2.7174,2.71797,1835.0
2026-06-11 10:54:00+00:00,2.71797,2.72565,2.71489,2.72225,1764.0
2026-06-11 11:09:00+00:00,2.72225,2.72684,2.7207,2.72352,1022.0
2026-06-11 11:24:00+00:00,2.72352,2.7277,2.7225,2.72709,1431.0
2026-06-11 11:39:00+00:00,2.72709,2.72929,2.71446,2.71864,1196.0
2026-06-11 11:54:00+00:00,2.71864,2.71875,2.71803,2.71809,676.0
2026-06-11 12:09:00+00:00,2.71809,2.7204,2.71473,2.71569,739.0
2026-06-11 12:24:00+00:00,2.71569,2.71599,2.71274,2.71352,1375.0
2026-06-11 12:39:00+00:00,2.71352,2.71667,2.71059,2.71481,1666.0
2026-06-11 12:54:00+00:00,2.71481,2.71586,2.71076,2.71162,1411.0
2026-06-11 13:09:00+00:00,2.71162,2.72092,2.71027,2.71633,955.0
2026-06-11 13:24:00+00:00,2.71633,2.71676,2.71185,2.71295,706.0
2026-06-11 13:39:00+00:00,2.71295,2.71848,2.71193,2.71716,626.0
2026-06-11 13:54:00+00:00,2.71716,2.72876,2.70908,2.72009,1033.0
2026-06-11 14:09:00+00:00,2.72009,2.72192,2.71757,2.71905,822.0
2026-06-11 14:24:00+00:00,2.71905,2.72757,2.71676,2.72621,1273.0
2026-06-11 14:39:00+00:00,2.72621,2.72624,2.72271,2.72277,1471.0
2026-06-11 14:54:00+00:00,2.72277,2.72959,2.71565,2.72003,1526.0
2026-06-11 15:09:00+00:00,2.72003,2.72131,2.71943,2.72103,1015.0
2026-06-11 15:24:00+00:00,2.72103,2.7223,2.71894,2.72061,1567.0
2026-06-11 15:39:00+00:00,2.72061,2.72168,2.71008,2.71275,1331.0
2026-06-11 15:54:00+00:00,2.71275,2.71407,2.70945,2.70983,798.0
2026-06-11 16:09:00+00:00,2.70983,2.71288,2.70905,2.71259,871.0
2026-06-11 16:24:00+00:00,2.71259,2.71709,2.71256,2.71702,1392.0
2026-06-11 16:39:00+00:00,2.71702,2.71965,2.715,2.71871,1474.0
2026-06-11 16:54:00+00:00,2.71871,2.7217,2.71868,2.72164,1236.0
2026-06-11 17:09:00+00:00,2.72164,2.72647,2.7127,2.71767,709.0
2026-06-11 17:24:00+00:00,2.71767,2.72127,2.7176,2.72121,368.0
2026-06-11 17:39:00+00:00,2.72121,2.72504,2.71161,2.71722,994.0
2026-06-11 17:54:00+00:00,2.71722,2.71858,2.71619,2.71756,802.0
2026-06-11 18:09:00+00:00,2.71756,2.71773,2.71042,2.71089,618.0
2026-06-11 18:24:00+00:00,2.71089,2.71409,2.71016,2.71193,657.0
2026-06-11 18:39:00+00:00,2.71193,2.71625,2.70721,2.71045,760.0
2026-06-11 18:54:00+00:00,2.71045,2.71068,2.70353,2.70375,612.0
2026-06-11 19:09:00+00:00,2.70375,2.70575,2.69695,2.69967,1054.0
2026-06-11 19:24:00+00:00,2.69967,2.70264,2.69648,2.70025,1018.0
2026-06-11 19:39:00+00:00,2.70025,2.70212,2.69335,2.6949,633.0
2026-06-11 19:54:00+00:00,2.6949,2.69798,2.69288,2.6943,382.0
2026-06-11 20:09:00+00:00,2.6943,2.69541,2.68627,2.68901,445.0
2026-06-11 20:24:00+00:00,2.68901,2.69429,2.68565,2.69206,358.0
2026-06-11 20:39:00+00:00,2.69206,2.69335,2.68096,2.68237,933.0
2026-06-11 20:54:00+00:00,2.68237,2.68253,2.6781,2.67822,570.0
2026-06-11 21:09:00+00:00,2.67822,2.67835,2.67303,2.67314,578.0
2026-06-11 21:24:00+00:00,2.67314,2.6748,2.66641,2.66879,1026.0
2026-06-11 21:39:00+00:00,2.66879,2.67295,2.6666,2.67042,716.0
2026-06-11 21:54:00+00:00,2.67042,2.67238,2.66969,2.67056,945.0
2026-06-11 22:09:00+00:00,2.67056,2.67076,2.67006,2.67042,518.0
2026-06-11 22:24:00+00:00,2.67042,2.67493,2.66426,2.66589,1762.0
2026-06-11 22:39:00+00:00,2.66589,2.66603,2.66535,2.6655,1246.0
2026-06-11 22:54:00+00:00,2.6655,2.6665,2.6632,2.66384,2122.0
2026-06-11 23:09:00+00:00,2.66384,2.66467,2.66087,2.66205,1698.0
2026-06-11 23:24:00+00:00,2.66205,2.67606,2.65766,2.67093,1534.0
2026-06-11 23:39:00+00:00,2.67093,2.68248,2.6692,2.68138,1389.0
2026-06-11 23:54:00+00:00,2.68138,2.68758,2.66792,2.67059,1850.0
2026-06-12 00:09:00+00:00,2.67059,2.67132,2.66544,2.66615,1958.0
2026-06-12 00:24:00+00:00,2.66615,2.67346,2.66381,2.67184,1474.0
2026-06-12 00:39:00+00:00,2.67184,2.68272,2.67007,2.67774,1914.0
2026-06-12 00:54:00+00:00,2.67774,2.6845,2.6726,2.67857,1539.0
2026-06-12 01:09:00+00:00,2.67857,2.68311,2.67759,2.68111,1890.0
2026-06-12 01:24:00+00:00,2.68111,2.68895,2.67893,2.68725,1198.0
2026-06-12 01:39:00+00:00,2.68725,2.68902,2.67901,2.68088,1523.0
2026-06-12 01:54:00+00:00,2.68088,2.68312,2.67148,2.67555,1899.0
2026-06-12 02:09:00+00:00,2.67555,2.67841,2.66366,2.66759,1158.0
2026-06-12 02:24:00+00:00,2.66759,2.67908,2.66678,2.67872,1042.0
2026-06-12 02:39:00+00:00,2.67872,2.68233,2.66479,2.66943,1594.0
2026-06-12 02:54:00+00:00,2.66943,2.6704,2.66713,2.66763,1898.0
2026-06-12 03:09:00+00:00,2.66763,2.66845,2.66469,2.66545,1304.0
2026-06-12 03:24:00+00:00,2.66545,2.67526,2.64458,2.65478,1427.0
2026-06-12 03:39:00+00:00,2.65478,2.66057,2.645,2.65496,1315.0
2026-06-12 03:54:00+00:00,2.65496,2.65514,2.64333,2.64341,722.0
2026-06-12 04:09:00+00:00,2.64341,2.64755,2.64242,2.64668,2102.0
2026-06-12 04:24:00+00:00,2.64668,2.65206,2.64142,2.64532,1970.0
2026-06-12 04:39:00+00:00,2.64532,2.64967,2.6352,2.64347,759.0
2026-06-12 04:54:00+00:00,2.64347,2.64607,2.63761,2.64312,1430.0
2026-06-12 05:09:00+00:00,2.64312,2.64766,2.63896,2.64587,1769.0
2026-06-12 05:24:00+00:00,2.64587,2.654,2.64543,2.65253,891.0
2026-06-12 05:39:00+00:00,2.65253,2.66296,2.65072,2.66034,835.0
2026-06-12 05:54:00+00:00,2.66034,2.66086,2.64872,2.64934,2011.0
2026-06-12 06:09:00+00:00,2.64934,2.65207,2.64358,2.64675,1149.0
2026-06-12 06:24:00+00:00,2.64675,2.65157,2.62064,2.62683,1070.0
2026-06-12 06:39:00+00:00,2.62683,2.63639,2.61842,2.6288,1801.0
2026-06-12 06:54:00+00:00,2.6288,2.62882,2.61713,2.61715,1705.0
2026-06-12 07:09:00+00:00,2.61715,2.62,2.60342,2.60563,3101.0
2026-06-12 07:24:00+00:00,2.60563,2.6125,2.60405,2.60812,1687.0
2026-06-12 07:39:00+00:00,2.60812,2.61269,2.60353,2.61114,1919.0
2026-06-12 07:54:00+00:00,2.61114,2.61834,2.60963,2.61765,3689.0
2026-06-12 08:09:00+00:00,2.61765,2.6187,2.61078,2.61259,3714.0
2026-06-12 08:24:00+00:00,2.61259,2.61289,2.60757,2.60787,3286.0
2026-06-12 08:39:00+00:00,2.60787,2.62483,2.59753,2.60584,2184.0
2026-06-12 08:54:00+00:00,2.60584,2.62353,2.60124,2.62143,3263.0
2026-06-12 09:09:00+00:00,2.62143,2.63027,2.61976,2.62764,3448.0
2026-06-12 09:24:00+00:00,2.62764,2.64462,2.6188,2.63764,2388.0
2026-06-12 09:39:00+00:00,2.63764,2.66131,2.6332,2.65411,2512.0
2026-06-12 09:54:00+00:00,2.65411,2.65542,2.64621,2.64749,2824.0
2026-06-12 10:09:00+00:00,2.64749,2.65941,2.64153,2.65269,3549.0
2026-06-12 10:24:00+00:00,2.65269,2.65437,2.63926,2.64167,2572.0
2026-06-12 10:39:00+00:00,2.64167,2.64705,2.62283,2.62998,3336.0
2026-06-12 10:54:00+00:00,2.62998,2.64394,2.61573,2.6242,2894.0
2026-06-12 11:09:00+00:00,2.6242,2.6281,2.61081,2.62138,3402.0
2026-06-12 11:24:00+00:00,2.62138,2.62182,2.62044,2.62092,3021.0
2026-06-12 11:39:00+00:00,2.62092,2.62649,2.6074,2.61344,1809.0
2026-06-12 11:54:00+00:00,2.61344,2.61966,2.60666,2.60901,3602.0
2026-06-12 12:09:00+00:00,2.60901,2.62363,2.60547,2.62002,1772.0
2026-06-12 12:24:00+00:00,2.62002,2.62731,2.61788,2.62244,1788.0
2026-06-12 12:39:00+00:00,2.62244,2.62634,2.62093,2.62567,2176.0
2026-06-12 12:54:00+00:00,2.62567,2.64078,2.61915,2.63467,2233.0
2026-06-12 13:09:00+00:00,2.63467,2.63657,2.63364,2.63559,2342.0
2026-06-12 13:24:00+00:00,2.63559,2.6361,2.63078,2.63119,2741.0
2026-06-12 13:39:00+00:00,2.63119,2.63471,2.62607,2.63291,1880.0
2026-06-12 13:54:00+00:00,2.63291,2.63625,2.62717,2.62801,1586.0
2026-06-12 14:09:00+00:00,2.62801,2.63119,2.61854,2.62428,3683.0
2026-06-12 14:24:00+00:00,2.62428,2.62879,2.61324,2.62143,1564.0
2026-06-12 14:39:00+00:00,2.62143,2.62859,2.6211,2.62821,3228.0
2026-06-12 14:54:00+00:00,2.62821,2.63557,2.62505,2.6319,2736.0
2026-06-12 15:09:00+00:00,2.6319,2.64384,2.62814,2.64057,2106.0
2026-06-12 15:24:00+00:00,2.64057,2.64204,2.63544,2.63656,3552.0
2026-06-12 15:39:00+00:00,2.63656,2.6427,2.62572,2.62962,2520.0
2026-06-12 15:54:00+00:00,2.62962,2.63074,2.621,2.62243,1813.0
2026-06-12 16:09:00+00:00,2.62243,2.62807,2.61967,2.62708,2285.0
2026-06-12 16:24:00+00:00,2.62708,2.62731,2.6232,2.62344,3440.0
2026-06-12 16:39:00+00:00,2.62344,2.62352,2.6124,2.61249,2997.0
2026-06-12 16:54:00+00:00,2.61249,2.61586,2.60588,2.60749,1555.0
2026-06-12 17:09:00+00:00,2.60749,2.61286,2.58519,2.59397,2143.0
2026-06-12 17:24:00+00:00,2.59397,2.60088,2.58731,2.59517,2049.0
2026-06-12 17:39:00+00:00,2.59517,2.5976,2.58885,2.59029,2126.0
2026-06-12 17:54:00+00:00,2.59029,2.5942,2.58761,2.59245,786.0
2026-06-12 18:09:00+00:00,2.59245,2.59277,2.58479,2.58497,1446.0
2026-06-12 18:24:00+00:00,2.58497,2.58858,2.56675,2.57609,1007.0
2026-06-12 18:39:00+00:00,2.57609,2.57862,2.57605,2.57856,1272.0
2026-06-12 18:54:00+00:00,2.57856,2.58216,2.56804,2.56893,1021.0
2026-06-12 19:09:00+00:00,2.56893,2.57109,2.55542,2.5588,1001.0
2026-06-12 19:24:00+00:00,2.5588,2.56368,2.5502,2.55317,794.0
2026-06-12 19:39:00+00:00,2.55317,2.56347,2.54575,2.56026,1322.0
2026-06-12 19:54:00+00:00,2.56026,2.57012,2.55762,2.56115,781.0
2026-06-12 20:09:00+00:00,2.56115,2.56883,2.5573,2.56744,2106.0
2026-06-12 20:24:00+00:00,2.56744,2.57624,2.56432,2.57432,1943.0
2026-06-12 20:39:00+00:00,2.57432,2.57861,2.57169,2.57563,1681.0
2026-06-12 20:54:00+00:00,2.57563,2.59869,2.56471,2.58752,1815.0
2026-06-12 21:09:00+00:00,2.58752,2.58768,2.58253,2.58286,1169.0
2026-06-12 21:24:00+00:00,2.58286,2.58468,2.57152,2.57339,861.0
2026-06-12 21:39:00+00:00,2.57339,2.57778,2.56893,2.57019,972.0
2026-06-12 21:54:00+00:00,2.57019,2.57344,2.55778,2.56279,2085.0
2026-06-12 22:09:00+00:00,2.56279,2.56971,2.55605,2.56777,1291.0
2026-06-12 22:24:00+00:00,2.56777,2.57203,2.56319,2.56913,1500.0
2026-06-12 22:39:00+00:00,2.56913,2.57408,2.55405,2.56068,765.0
2026-06-12 22:54:00+00:00,2.56068,2.56545,2.55739,2.56442,1475.0
2026-06-12 23:09:00+00:00,2.56442,2.57773,2.55997,2.5728,1305.0
2026-06-12 23:24:00+00:00,2.5728,2.57327,2.56553,2.56606,1434.0
2026-06-12 23:39:00+00:00,2.56606,2.57372,2.56393,2.56823,914.0
2026-06-12 23:54:00+00:00,2.56823,2.56953,2.5679,2.56922,847.0
2026-06-13 00:09:00+00:00,2.56922,2.57409,2.5591,2.56417,833.0
2026-06-13 00:24:00+00:00,2.56417,2.56523,2.55906,2.55975,1979.0
2026-06-13 00:39:00+00:00,2.55975,2.56369,2.54991,2.55687,1855.0
2026-06-13 00:54:00+00:00,2.55687,2.56559,2.55495,2.56226,1426.0
2026-06-13 01:09:00+00:00,2.56226,2.56761,2.55486,2.55894,2075.0
2026-06-13 01:24:00+00:00,2.55894,2.56197,2.5584,2.56139,1574.0
2026-06-13 01:39:00+00:00,2.56139,2.56667,2.56085,2.56533,1370.0
2026-06-13 01:54:00+00:00,2.56533,2.5734,2.5477,2.54969,2129.0
2026-06-13 02:09:00+00:00,2.54969,2.55106,2.54068,2.54229,2130.0
2026-06-13 02:24:00+00:00,2.54229,2.54348,2.53715,2.53991,762.0
2026-06-13 02:39:00+00:00,2.53991,2.54383,2.53889,2.5421,810.0
2026-06-13 02:54:00+00:00,2.5421,2.54648,2.53085,2.53356,1862.0
2026-06-13 03:09:00+00:00,2.53356,2.53975,2.52646,2.53195,2111.0
2026-06-13 03:24:00+00:00,2.53195,2.54121,2.53091,2.54008,1162.0
2026-06-13 03:39:00+00:00,2.54008,2.55842,2.53583,2.5556,1469.0
2026-06-13 03:54:00+00:00,2.5556,2.56047,2.55249,2.55856,1906.0
2026-06-13 04:09:00+00:00,2.55856,2.55982,2.55369,2.55442,962.0
2026-06-13 04:24:00+00:00,2.55442,2.5697,2.54695,2.55791,1952.0
2026-06-13 04:39:00+00:00,2.55791,2.56656,2.55776,2.56634,1309.0
2026-06-13 04:54:00+00:00,2.56634,2.56719,2.55447,2.55624,1272.0
2026-06-13 05:09:00+00:00,2.55624,2.56531,2.55249,2.56222,2018.0
2026-06-13 05:24:00+00:00,2.56222,2.57064,2.54833,2.55298,2052.0
2026-06-13 05:39:00+00:00,2.55298,2.56309,2.54871,2.55834,1615.0
2026-06-13 05:54:00+00:00,2.55834,2.57637,2.55377,2.56884,1702.0
2026-06-13 06:09:00+00:00,2.56884,2.57728,2.56356,2.57268,1909.0
2026-06-13 06:24:00+00:00,2.57268,2.57539,2.56222,2.56852,1217.0
2026-06-13 06:39:00+00:00,2.56852,2.57499,2.56282,2.56579,1963.0
2026-06-13 06:54:00+00:00,2.56579,2.57105,2.56253,2.56678,1321.0
2026-06-13 07:09:00+00:00,2.56678,2.57522,2.56202,2.57157,2782.0
2026-06-13 07:24:00+00:00,2.57157,2.58146,2.5677,2.5703,1914.0
2026-06-13 07:39:00+00:00,2.5703,2.57578,2.56668,2.56881,1845.0
2026-06-13 07:54:00+00:00,2.56881,2.57305,2.55861,2.56122,3751.0
2026-06-13 08:09:00+00:00,2.56122,2.56306,2.55901,2.55998,1807.0
2026-06-13 08:24:00+00:00,2.55998,2.56161,2.55798,2.55951,2751.0
2026-06-13 08:39:00+00:00,2.55951,2.56094,2.55667,2.5581,3324.0
2026-06-13 08:54:00+00:00,2.5581,2.55835,2.55788,2.558,2549.0
2026-06-13 09:09:00+00:00,2.558,2.56558,2.54962,2.55277,1690.0
2026-06-13 09:24:00+00:00,2.55277,2.55584,2.54314,2.5454,3255.0
2026-06-13 09:39:00+00:00,2.5454,2.55553,2.54352,2.55258,3338.0
2026-06-13 09:54:00+00:00,2.55258,2.56086,2.55162,2.56027,2059.0
2026-06-13 10:09:00+00:00,2.56027,2.5627,2.54935,2.55806,2810.0
2026-06-13 10:24:00+00:00,2.55806,2.56773,2.54144,2.54848,2275.0
2026-06-13 10:39:00+00:00,2.54848,2.552,2.53887,2.54249,1611.0
2026-06-13 10:54:00+00:00,2.54249,2.5428,2.5323,2.53276,2705.0
2026-06-13 11:09:00+00:00,2.53276,2.54507,2.5245,2.54229,2881.0
2026-06-13 11:24:00+00:00,2.54229,2.54554,2.54213,2.54545,3370.0
2026-06-13 11:39:00+00:00,2.54545,2.54654,2.54262,2.54333,2437.0
2026-06-13 11:54:00+00:00,2.54333,2.54387,2.53747,2.53895,2699.0
2026-06-13 12:09:00+00:00,2.53895,2.54489,2.53636,2.53987,1687.0
2026-06-13 12:24:00+00:00,2.53987,2.54651,2.53911,2.54632,2961.0
2026-06-13 12:39:00+00:00,2.54632,2.5561,2.53383,2.54416,3157.0
2026-06-13 12:54:00+00:00,2.54416,2.55706,2.54114,2.5554,2916.0
2026-06-13 13:09:00+00:00,2.5554,2.56329,2.54668,2.55452,1319.0
2026-06-13 13:24:00+00:00,2.55452,2.55663,2.55002,2.55452,3192.0
2026-06-13 13:39:00+00:00,2.55452,2.55731,2.54869,2.55486,3010.0
2026-06-13 13:54:00+00:00,2.55486,2.57727,2.54478,2.57013,2097.0
2026-06-13 14:09:00+00:00,2.57013,2.57181,2.5675,2.56915,3613.0
2026-06-13 14:24:00+00:00,2.56915,2.5863,2.56184,2.57545,1652.0
2026-06-13 14:39:00+00:00,2.57545,2.58503,2.57397,2.58127,1408.0
2026-06-13 14:54:00+00:00,2.58127,2.59139,2.57911,2.58921,2226.0
2026-06-13 15:09:00+00:00,2.58921,2.59628,2.58834,2.59598,2806.0
2026-06-13 15:24:00+00:00,2.59598,2.60423,2.587,2.59329,2999.0
2026-06-13 15:39:00+00:00,2.59329,2.5979,2.59112,2.59535,2143.0
2026-06-13 15:54:00+00:00,2.59535,2.59661,2.59188,2.59335,2783.0
2026-06-13 16:09:00+00:00,2.59335,2.6044,2.58608,2.59186,2822.0
2026-06-13 16:24:00+00:00,2.59186,2.60066,2.58924,2.5996,2930.0
2026-06-13 16:39:00+00:00,2.5996,2.60358,2.59413,2.5995,2286.0
2026-06-13 16:54:00+00:00,2.5995,2.60029,2.58902,2.59007,2038.0
2026-06-13 17:09:00+00:00,2.59007,2.59891,2.5843,2.59677,2026.0
2026-06-13 17:24:00+00:00,2.59677,2.59999,2.58833,2.59117,1428.0
2026-06-13 17:39:00+00:00,2.59117,2.59607,2.58654,2.58978,1307.0
2026-06-13 17:54:00+00:00,2.58978,2.59358,2.58967,2.59344,933.0
2026-06-13 18:09:00+00:00,2.59344,2.60335,2.59008,2.59547,946.0
2026-06-13 18:24:00+00:00,2.59547,2.60269,2.58993,2.59856,1148.0
2026-06-13 18:39:00+00:00,2.59856,2.60224,2.59723,2.60138,826.0
2026-06-13 18:54:00+00:00,2.60138,2.60443,2.59994,2.60242,992.0
2026-06-13 19:09:00+00:00,2.60242,2.61071,2.59893,2.60997,1877.0
2026-06-13 19:24:00+00:00,2.60997,2.62256,2.60221,2.6057,1764.0
2026-06-13 19:39:00+00:00,2.6057,2.60894,2.59745,2.60457,1194.0
2026-06-13 19:54:00+00:00,2.60457,2.61763,2.60399,2.61705,1014.0
2026-06-13 20:09:00+00:00,2.61705,2.61984,2.61047,2.61298,1896.0
2026-06-13 20:24:00+00:00,2.61298,2.61324,2.60871,2.60902,1412.0
2026-06-13 20:39:00+00:00,2.60902,2.61387,2.60465,2.60849,1014.0
2026-06-13 20:54:00+00:00,2.60849,2.61253,2.60751,2.60953,1102.0
2026-06-13 21:09:00+00:00,2.60953,2.61101,2.60331,2.60485,2139.0
2026-06-13 21:24:00+00:00,2.60485,2.61214,2.58977,2.59504,1001.0
2026-06-13 21:39:00+00:00,2.59504,2.60026,2.58811,2.59743,1221.0
2026-06-13 21:54:00+00:00,2.59743,2.59862,2.59686,2.59816,1058.0
2026-06-13 22:09:00+00:00,2.59816,2.60065,2.59448,2.59776,1747.0
2026-06-13 22:24:00+00:00,2.59776,2.60307,2.58766,2.58968,724.0
2026-06-13 22:39:00+00:00,2.58968,2.59928,2.58474,2.59318,1458.0
2026-06-13 22:54:00+00:00,2.59318,2.60426,2.59148,2.60246,1618.0
2026-06-13 23:09:00+00:00,2.60246,2.60786,2.60051,2.60595,1287.0
2026-06-13 23:24:00+00:00,2.60595,2.60945,2.60493,2.60872,816.0
2026-06-13 23:39:00+00:00,2.60872,2.61361,2.6079,2.61297,2047.0
2026-06-13 23:54:00+00:00,2.61297,2.61536,2.60507,2.60901,1913.0
2026-06-14 00:09:00+00:00,2.60901,2.60957,2.60281,2.60477,1164.0
2026-06-14 00:24:00+00:00,2.60477,2.60928,2.60363,2.60891,829.0
2026-06-14 00:39:00+00:00,2.60891,2.61317,2.60864,2.61302,1944.0
2026-06-14 00:54:00+00:00,2.61302,2.61391,2.60483,2.60553,844.0
2026-06-14 01:09:00+00:00,2.60553,2.60724,2.59715,2.60151,1642.0
2026-06-14 01:24:00+00:00,2.60151,2.60412,2.59553,2.59906,2066.0
2026-06-14 01:39:00+00:00,2.59906,2.60493,2.59293,2.59545,833.0
2026-06-14 01:54:00+00:00,2.59545,2.59662,2.57974,2.5804,1302.0
2026-06-14 02:09:00+00:00,2.5804,2.58573,2.57395,2.5815,2076.0
2026-06-14 02:24:00+00:00,2.5815,2.58633,2.57992,2.58556,1822.0
2026-06-14 02:39:00+00:00,2.58556,2.59678,2.58034,2.59146,1156.0
2026-06-14 02:54:00+00:00,2.59146,2.60656,2.58195,2.60062,1531.0
2026-06-14 03:09:00+00:00,2.60062,2.6052,2.59169,2.59536,1871.0
2026-06-14 03:24:00+00:00,2.59536,2.59968,2.58052,2.58516,1301.0
2026-06-14 03:39:00+00:00,2.58516,2.60066,2.57923,2.58738,1038.0
2026-06-14 03:54:00+00:00,2.58738,2.58816,2.58089,2.58209,1704.0
2026-06-14 04:09:00+00:00,2.58209,2.58617,2.57747,2.58099,1583.0
2026-06-14 04:24:00+00:00,2.58099,2.59192,2.57406,2.58575,1755.0
2026-06-14 04:39:00+00:00,2.58575,2.58916,2.5791,2.58402,1874.0
2026-06-14 04:54:00+00:00,2.58402,2.58458,2.57893,2.57921,1518.0
2026-06-14 05:09:00+00:00,2.57921,2.58436,2.56382,2.56912,2091.0
2026-06-14 05:24:00+00:00,2.56912,2.5694,2.56473,2.56508,1807.0
2026-06-14 05:39:00+00:00,2.56508,2.58777,2.54772,2.57098,2114.0
2026-06-14 05:54:00+00:00,2.57098,2.58385,2.56813,2.58085,932.0
2026-06-14 06:09:00+00:00,2.58085,2.58821,2.57124,2.57477,1753.0
2026-06-14 06:24:00+00:00,2.57477,2.58432,2.57466,2.58423,751.0
2026-06-14 06:39:00+00:00,2.58423,2.58442,2.57495,2.57536,1002.0
2026-06-14 06:54:00+00:00,2.57536,2.60192,2.5733,2.60053,1797.0
2026-06-14 07:09:00+00:00,2.60053,2.60164,2.5976,2.59939,3700.0
2026-06-14 07:24:00+00:00,2.59939,2.60022,2.59212,2.59322,1793.0
2026-06-14 07:39:00+00:00,2.59322,2.60836,2.59196,2.60783,3424.0
2026-06-14 07:54:00+00:00,2.60783,2.61394,2.60767,2.61367,2848.0
2026-06-14 08:09:00+00:00,2.61367,2.61937,2.61031,2.61776,2183.0
2026-06-14 08:24:00+00:00,2.61776,2.62455,2.60929,2.61483,2034.0
2026-06-14 08:39:00+00:00,2.61483,2.616,2.6075,2.60892,1578.0
2026-06-14 08:54:00+00:00,2.60892,2.61704,2.60072,2.60775,1837.0
2026-06-14 09:09:00+00:00,2.60775,2.61096,2.60608,2.60906,3248.0
2026-06-14 09:24:00+00:00,2.60906,2.62569,2.60305,2.61598,2293.0
2026-06-14 09:39:00+00:00,2.61598,2.6187,2.60776,2.60999,2957.0
2026-06-14 09:54:00+00:00,2.60999,2.61231,2.59489,2.6013,2561.0
2026-06-14 10:09:00+00:00,2.6013,2.60827,2.58893,2.60021,2645.0
2026-06-14 10:24:00+00:00,2.60021,2.60933,2.59112,2.59704,3623.0
2026-06-14 10:39:00+00:00,2.59704,2.60743,2.59031,2.60114,1630.0
2026-06-14 10:54:00+00:00,2.60114,2.60502,2.58412,2.59201,2057.0
2026-06-14 11:09:00+00:00,2.59201,2.59983,2.58984,2.59675,1508.0
2026-06-14 11:24:00+00:00,2.59675,2.59842,2.5813,2.58381,2286.0
2026-06-14 11:39:00+00:00,2.58381,2.59499,2.5818,2.59341,2955.0
2026-06-14 11:54:00+00:00,2.59341,2.59945,2.58213,2.59136,2454.0
2026-06-14 12:09:00+00:00,2.59136,2.59231,2.58614,2.58757,2874.0
2026-06-14 12:24:00+00:00,2.58757,2.60192,2.57766,2.58438,1645.0
2026-06-14 12:39:00+00:00,2.58438,2.58457,2.5672,2.56764,3751.0
2026-06-14 12:54:00+00:00,2.56764,2.57731,2.56685,2.57507,1999.0
2026-06-14 13:09:00+00:00,2.57507,2.57889,2.56932,2.57441,2884.0
2026-06-14 13:24:00+00:00,2.57441,2.58315,2.5742,2.58279,1756.0
2026-06-14 13:39:00+00:00,2.58279,2.59275,2.58018,2.58725,2177.0
2026-06-14 13:54:00+00:00,2.58725,2.59433,2.58199,2.58868,2778.0
2026-06-14 14:09:00+00:00,2.58868,2.59227,2.58793,2.59101,1758.0
2026-06-14 14:24:00+00:00,2.59101,2.59459,2.57196,2.57951,1453.0
2026-06-14 14:39:00+00:00,2.57951,2.58087,2.56522,2.56657,3213.0
2026-06-14 14:54:00+00:00,2.56657,2.56713,2.56254,2.56367,3209.0
2026-06-14 15:09:00+00:00,2.56367,2.56949,2.56324,2.56937,2089.0
2026-06-14 15:24:00+00:00,2.56937,2.58783,2.56658,2.58365,1537.0
2026-06-14 15:39:00+00:00,2.58365,2.58506,2.58034,2.58173,1992.0
2026-06-14 15:54:00+00:00,2.58173,2.58507,2.5766,2.57815,2915.0
2026-06-14 16:09:00+00:00,2.57815,2.57988,2.56802,2.57351,2995.0
2026-06-14 16:24:00+00:00,2.57351,2.58469,2.57199,2.58323,2491.0
2026-06-14 16:39:00+00:00,2.58323,2.59343,2.58098,2.58922,2303.0
2026-06-14 16:54:00+00:00,2.58922,2.59403,2.57451,2.57846,2185.0
2026-06-14 17:09:00+00:00,2.57846,2.58464,2.56296,2.56915,2064.0
2026-06-14 17:24:00+00:00,2.56915,2.57489,2.569,2.57469,2041.0
2026-06-14 17:39:00+00:00,2.57469,2.58268,2.5639,2.56817,1692.0
2026-06-14 17:54:00+00:00,2.56817,2.57196,2.5579,2.56154,1997.0
2026-06-14 18:09:00+00:00,2.56154,2.56843,2.53634,2.53982,785.0
2026-06-14 18:24:00+00:00,2.53982,2.54586,2.53749,2.5443,1317.0
2026-06-14 18:39:00+00:00,2.5443,2.54539,2.53932,2.54302,1105.0
2026-06-14 18:54:00+00:00,2.54302,2.54473,2.53482,2.53817,2081.0
2026-06-14 19:09:00+00:00,2.53817,2.54442,2.53271,2.53621,1625.0
2026-06-14 19:24:00+00:00,2.53621,2.5411,2.53137,2.5334,1642.0
2026-06-14 19:39:00+00:00,2.5334,2.54129,2.52819,2.53726,1218.0
2026-06-14 19:54:00+00:00,2.53726,2.53988,2.53112,2.53389,1921.0
2026-06-14 20:09:00+00:00,2.53389,2.53581,2.53242,2.53411,2063.0
2026-06-14 20:24:00+00:00,2.53411,2.54118,2.53328,2.54067,2018.0
2026-06-14 20:39:00+00:00,2.54067,2.55221,2.53759,2.54984,1833.0
2026-06-14 20:54:00+00:00,2.54984,2.5546,2.53444,2.53944,1685.0
2026-06-14 21:09:00+00:00,2.53944,2.54317,2.53438,2.53545,1483.0
2026-06-14 21:24:00+00:00,2.53545,2.54649,2.53395,2.54588,1615.0
2026-06-14 21:39:00+00:00,2.54588,2.54681,2.53796,2.53851,873.0
2026-06-14 21:54:00+00:00,2.53851,2.5405,2.52084,2.52671,1168.0
2026-06-14 22:09:00+00:00,2.52671,2.529,2.52657,2.52866,1817.0
2026-06-14 22:24:00+00:00,2.52866,2.5337,2.52488,2.52789,1504.0
2026-06-14 22:39:00+00:00,2.52789,2.53011,2.52338,2.52709,2078.0
2026-06-14 22:54:00+00:00,2.52709,2.53596,2.5229,2.5301,722.0
2026-06-14 23:09:00+00:00,2.5301,2.53646,2.52901,2.53481,1989.0
2026-06-14 23:24:00+00:00,2.53481,2.53597,2.52352,2.52499,1889.0
2026-06-14 23:39:00+00:00,2.52499,2.53135,2.52495,2.53132,1190.0
2026-06-14 23:54:00+00:00,2.53132,2.53868,2.52759,2.53614,1952.0
2026-06-15 00:09:00+00:00,2.53614,2.5415,2.5329,2.53475,744.0
2026-06-15 00:24:00+00:00,2.53475,2.54569,2.51925,2.52847,990.0
2026-06-15 00:39:00+00:00,2.52847,2.52989,2.52707,2.52905,799.0
2026-06-15 00:54:00+00:00,2.52905,2.53061,2.51437,2.51557,2118.0
2026-06-15 01:09:00+00:00,2.51557,2.51771,2.50872,2.51199,921.0
2026-06-15 01:24:00+00:00,2.51199,2.51974,2.50393,2.51336,2054.0
2026-06-15 01:39:00+00:00,2.51336,2.51411,2.51054,2.51075,1961.0
2026-06-15 01:54:00+00:00,2.51075,2.51502,2.50209,2.50394,719.0
2026-06-15 02:09:00+00:00,2.50394,2.50434,2.4985,2.49946,1245.0
2026-06-15 02:24:00+00:00,2.49946,2.50311,2.47425,2.47698,1413.0
2026-06-15 02:39:00+00:00,2.47698,2.49135,2.4744,2.48327,1678.0
2026-06-15 02:54:00+00:00,2.48327,2.48477,2.46996,2.47117,1187.0
2026-06-15 03:09:00+00:00,2.47117,2.47423,2.45941,2.46489,1390.0
2026-06-15 03:24:00+00:00,2.46489,2.46793,2.44754,2.4546,1801.0
2026-06-15 03:39:00+00:00,2.4546,2.45772,2.45128,2.4536,1510.0
2026-06-15 03:54:00+00:00,2.4536,2.4598,2.45237,2.45888,1899.0
2026-06-15 04:09:00+00:00,2.45888,2.46531,2.45637,2.46217,2139.0
2026-06-15 04:24:00+00:00,2.46217,2.46321,2.44902,2.45163,1181.0
2026-06-15 04:39:00+00:00,2.45163,2.45922,2.43509,2.43951,1842.0
2026-06-15 04:54:00+00:00,2.43951,2.43966,2.43468,2.43492,1864.0
2026-06-15 05:09:00+00:00,2.43492,2.44013,2.43418,2.43982,986.0
2026-06-15 05:24:00+00:00,2.43982,2.44283,2.42366,2.42642,1907.0
2026-06-15 05:39:00+00:00,2.42642,2.43482,2.42355,2.42992,970.0
2026-06-15 05:54:00+00:00,2.42992,2.43149,2.42975,2.43134,866.0
2026-06-15 06:09:00+00:00,2.43134,2.43638,2.42185,2.42677,2122.0
2026-06-15 06:24:00+00:00,2.42677,2.42844,2.41713,2.41764,1298.0
2026-06-15 06:39:00+00:00,2.41764,2.41947,2.40427,2.40925,1850.0
2026-06-15 06:54:00+00:00,2.40925,2.40942,2.40691,2.40695,2074.0
2026-06-15 07:09:00+00:00,2.40695,2.40983,2.40056,2.40299,1263.0
2026-06-15 07:24:00+00:00,2.40299,2.40409,2.40092,2.40313,3609.0
2026-06-15 07:39:00+00:00,2.40313,2.41617,2.39923,2.40665,2863.0
2026-06-15 07:54:00+00:00,2.40665,2.41562,2.40489,2.41166,2073.0
2026-06-15 08:09:00+00:00,2.41166,2.41618,2.39066,2.39902,2215.0
2026-06-15 08:24:00+00:00,2.39902,2.40346,2.38781,2.39403,3623.0
2026-06-15 08:39:00+00:00,2.39403,2.40064,2.39143,2.39895,2131.0
2026-06-15 08:54:00+00:00,2.39895,2.39936,2.3944,2.3961,2573.0
2026-06-15 09:09:00+00:00,2.3961,2.40106,2.37436,2.38648,2573.0
2026-06-15 09:24:00+00:00,2.38648,2.39625,2.3831,2.39236,2531.0
2026-06-15 09:39:00+00:00,2.39236,2.39245,2.39175,2.39193,2493.0
2026-06-15 09:54:00+00:00,2.39193,2.39866,2.38896,2.39649,1764.0
2026-06-15 10:09:00+00:00,2.39649,2.40081,2.39309,2.3997,3682.0
2026-06-15 10:24:00+00:00,2.3997,2.40427,2.39888,2.40303,2106.0
2026-06-15 10:39:00+00:00,2.40303,2.41077,2.39418,2.3974,2660.0
2026-06-15 10:54:00+00:00,2.3974,2.39933,2.37989,2.38222,1264.0
2026-06-15 11:09:00+00:00,2.38222,2.38606,2.37797,2.38428,2078.0
2026-06-15 11:24:00+00:00,2.38428,2.38898,2.38249,2.3858,1862.0
2026-06-15 11:39:00+00:00,2.3858,2.38622,2.38542,2.38586,1674.0
2026-06-15 11:54:00+00:00,2.38586,2.38719,2.37674,2.37868,1501.0
2026-06-15 12:09:00+00:00,2.37868,2.383,2.37864,2.38287,1184.0
2026-06-15 12:24:00+00:00,2.38287,2.3897,2.37875,2.38669,1842.0
2026-06-15 12:39:00+00:00,2.38669,2.39038,2.38268,2.38589,687.0
2026-06-15 12:54:00+00:00,2.38589,2.38992,2.38564,2.38976,1302.0
2026-06-15 13:09:00+00:00,2.38976,2.3908,2.38962,2.39069,742.0
2026-06-15 13:24:00+00:00,2.39069,2.39094,2.38872,2.38923,1133.0
2026-06-15 13:39:00+00:00,2.38923,2.39154,2.38897,2.39128,1708.0
2026-06-15 13:54:00+00:00,2.39128,2.3948,2.38817,2.38996,1309.0
2026-06-15 14:09:00+00:00,2.38996,2.39024,2.38652,2.38689,1569.0
2026-06-15 14:24:00+00:00,2.38689,2.39351,2.38199,2.3909,1028.0
2026-06-15 14:39:00+00:00,2.3909,2.39232,2.3847,2.3895,1306.0
2026-06-15 14:54:00+00:00,2.3895,2.3952,2.38787,2.39411,1736.0
2026-06-15 15:09:00+00:00,2.39411,2.39493,2.3892,2.38983,1152.0
2026-06-15 15:24:00+00:00,2.38983,2.39062,2.38798,2.38846,1449.0
2026-06-15 15:39:00+00:00,2.38846,2.38953,2.38446,2.38485,955.0
2026-06-15 15:54:00+00:00,2.38485,2.3877,2.38178,2.38433,1369.0
2026-06-15 16:09:00+00:00,2.38433,2.39221,2.37853,2.38687,1618.0
2026-06-15 16:24:00+00:00,2.38687,2.38796,2.38295,2.38605,1471.0
2026-06-15 16:39:00+00:00,2.38605,2.38637,2.38358,2.38386,1260.0
2026-06-15 16:54:00+00:00,2.38386,2.38715,2.37561,2.37723,721.0
2026-06-15 17:09:00+00:00,2.37723,2.38392,2.37666,2.38225,909.0
2026-06-15 17:24:00+00:00,2.38225,2.3855,2.38057,2.38477,849.0
2026-06-15 17:39:00+00:00,2.38477,2.38664,2.38072,2.38214,576.0
2026-06-15 17:54:00+00:00,2.38214,2.38987,2.37925,2.3876,726.0
2026-06-15 18:09:00+00:00,2.3876,2.3902,2.38357,2.38488,657.0
2026-06-15 18:24:00+00:00,2.38488,2.38676,2.3845,2.38571,952.0
2026-06-15 18:39:00+00:00,2.38571,2.38815,2.38181,2.38601,557.0
2026-06-15 18:54:00+00:00,2.38601,2.38653,2.38173,2.38213,987.0
2026-06-15 19:09:00+00:00,2.38213,2.38298,2.37837,2.38018,1049.0
2026-06-15 19:24:00+00:00,2.38018,2.38497,2.37481,2.37897,543.0
2026-06-15 19:39:00+00:00,2.37897,2.38385,2.37833,2.38325,454.0
2026-06-15 19:54:00+00:00,2.38325,2.38487,2.38103,2.3819,646.0
2026-06-15 20:09:00+00:00,2.3819,2.3883,2.37487,2.38429,690.0
2026-06-15 20:24:00+00:00,2.38429,2.38509,2.37677,2.37759,839.0
2026-06-15 20:39:00+00:00,2.37759,2.37991,2.37562,2.37923,794.0
2026-06-15 20:54:00+00:00,2.37923,2.37971,2.37548,2.37626,569.0
2026-06-15 21:09:00+00:00,2.37626,2.38471,2.37207,2.37956,766.0
2026-06-15 21:24:00+00:00,2.37956,2.38113,2.3771,2.37786,544.0
2026-06-15 21:39:00+00:00,2.37786,2.38591,2.37524,2.38377,594.0
2026-06-15 21:54:00+00:00,2.38377,2.39115,2.37973,2.3888,654.0
2026-06-15 22:09:00+00:00,2.3888,2.39365,2.38832,2.39294,898.0
2026-06-15 22:24:00+00:00,2.39294,2.39312,2.38419,2.38447,779.0
2026-06-15 22:39:00+00:00,2.38447,2.38676,2.37968,2.38288,766.0
2026-06-15 22:54:00+00:00,2.38288,2.39366,2.38074,2.38929,674.0
2026-06-15 23:09:00+00:00,2.38929,2.39014,2.38524,2.38561,610.0
2026-06-15 23:24:00+00:00,2.38561,2.38579,2.38341,2.38384,468.0
2026-06-15 23:39:00+00:00,2.38384,2.38578,2.3772,2.37937,1030.0
2026-06-15 23:54:00+00:00,2.37937,2.37975,2.37292,2.37362,583.0
2026-06-16 00:09:00+00:00,2.37362,2.3737,2.37249,2.37258,374.0
2026-06-16 00:24:00+00:00,2.37258,2.37899,2.36926,2.37452,564.0
2026-06-16 00:39:00+00:00,2.37452,2.37581,2.37333,2.37409,400.0
2026-06-16 00:54:00+00:00,2.37409,2.37534,2.37199,2.37339,751.0
2026-06-16 01:09:00+00:00,2.37339,2.3744,2.37295,2.37323,761.0
2026-06-16 01:24:00+00:00,2.37323,2.37396,2.37057,2.37287,925.0
2026-06-16 01:39:00+00:00,2.37287,2.37323,2.36871,2.36985,698.0
2026-06-16 01:54:00+00:00,2.36985,2.37012,2.36949,2.36978,687.0
2026-06-16 02:09:00+00:00,2.36978,2.37081,2.36918,2.37028,935.0
2026-06-16 02:24:00+00:00,2.37028,2.37503,2.36861,2.37281,998.0
2026-06-16 02:39:00+00:00,2.37281,2.37566,2.37199,2.37411,677.0
2026-06-16 02:54:00+00:00,2.37411,2.37544,2.3717,2.37301,816.0
2026-06-16 03:09:00+00:00,2.37301,2.37745,2.3729,2.37733,738.0
2026-06-16 03:24:00+00:00,2.37733,2.37836,2.37392,2.37578,572.0
2026-06-16 03:39:00+00:00,2.37578,2.37986,2.37436,2.37845,650.0
2026-06-16 03:54:00+00:00,2.37845,2.38203,2.37769,2.38095,402.0
2026-06-16 04:09:00+00:00,2.38095,2.39001,2.37777,2.38771,450.0
2026-06-16 04:24:00+00:00,2.38771,2.39396,2.38612,2.39247,404.0
2026-06-16 04:39:00+00:00,2.39247,2.3968,2.39151,2.39617,566.0
2026-06-16 04:54:00+00:00,2.39617,2.40326,2.39319,2.39709,833.0
2026-06-16 05:09:00+00:00,2.39709,2.39773,2.39681,2.39761,491.0
2026-06-16 05:24:00+00:00,2.39761,2.39867,2.39392,2.39486,689.0
2026-06-16 05:39:00+00:00,2.39486,2.39643,2.39452,2.39624,728.0
2026-06-16 05:54:00+00:00,2.39624,2.39814,2.39398,2.39491,649.0
2026-06-16 06:09:00+00:00,2.39491,2.39603,2.39257,2.39322,538.0
2026-06-16 06:24:00+00:00,2.39322,2.39501,2.38855,2.39108,846.0
2026-06-16 06:39:00+00:00,2.39108,2.3994,2.38964,2.39747,1062.0
2026-06-16 06:54:00+00:00,2.39747,2.4033,2.39426,2.4016,363.0
2026-06-16 07:09:00+00:00,2.4016,2.40162,2.39882,2.39885,1861.0
2026-06-16 07:24:00+00:00,2.39885,2.39986,2.39712,2.39787,1442.0
2026-06-16 07:39:00+00:00,2.39787,2.39878,2.39573,2.3968,1207.0
2026-06-16 07:54:00+00:00,2.3968,2.39693,2.39341,2.39379,1392.0
2026-06-16 08:09:00+00:00,2.39379,2.39617,2.39342,2.39566,1445.0
2026-06-16 08:24:00+00:00,2.39566,2.39823,2.3914,2.39327,906.0
2026-06-16 08:39:00+00:00,2.39327,2.39598,2.38577,2.38714,1323.0
2026-06-16 08:54:00+00:00,2.38714,2.39296,2.38712,2.3929,1263.0
2026-06-16 09:09:00+00:00,2.3929,2.39607,2.3924,2.39552,1830.0
2026-06-16 09:24:00+00:00,2.39552,2.39779,2.38886,2.39073,805.0
2026-06-16 09:39:00+00:00,2.39073,2.39664,2.38109,2.38643,1722.0
2026-06-16 09:54:00+00:00,2.38643,2.38989,2.38441,2.3877,1429.0
2026-06-16 10:09:00+00:00,2.3877,2.38846,2.38326,2.38585,822.0
2026-06-16 10:24:00+00:00,2.38585,2.38812,2.38547,2.38763,735.0
2026-06-16 10:39:00+00:00,2.38763,2.39636,2.38705,2.39506,1358.0
2026-06-16 10:54:00+00:00,2.39506,2.39583,2.39407,2.39438,1429.0
2026-06-16 11:09:00+00:00,2.39438,2.39485,2.39382,2.39441,822.0
2026-06-16 11:24:00+00:00,2.39441,2.39652,2.38804,2.38939,1280.0
2026-06-16 11:39:00+00:00,2.38939,2.38992,2.38415,2.3849,1576.0
2026-06-16 11:54:00+00:00,2.3849,2.38829,2.37704,2.37995,1750.0
2026-06-16 12:09:00+00:00,2.37995,2.384,2.37914,2.38314,1082.0
2026-06-16 12:24:00+00:00,2.38314,2.38489,2.38186,2.38274,1765.0
2026-06-16 12:39:00+00:00,2.38274,2.38755,2.381,2.38684,903.0
2026-06-16 12:54:00+00:00,2.38684,2.39516,2.3849,2.3903,1795.0
2026-06-16 13:09:00+00:00,2.3903,2.40195,2.38726,2.39774,1595.0
2026-06-16 13:24:00+00:00,2.39774,2.40149,2.39678,2.39988,1795.0
2026-06-16 13:39:00+00:00,2.39988,2.39996,2.39984,2.39994,1281.0
2026-06-16 13:54:00+00:00,2.39994,2.4024,2.39864,2.40199,1638.0
2026-06-16 14:09:00+00:00,2.40199,2.40608,2.39979,2.403,1212.0
2026-06-16 14:24:00+00:00,2.403,2.40641,2.40119,2.40431,1046.0
2026-06-16 14:39:00+00:00,2.40431,2.40725,2.40165,2.4049,1746.0
2026-06-16 14:54:00+00:00,2.4049,2.40805,2.40128,2.4053,1775.0
2026-06-16 15:09:00+00:00,2.4053,2.41111,2.40129,2.40724,1707.0
2026-06-16 15:24:00+00:00,2.40724,2.40749,2.40398,2.40426,1833.0
2026-06-16 15:39:00+00:00,2.40426,2.41037,2.40016,2.40338,1098.0
2026-06-16 15:54:00+00:00,2.40338,2.40359,2.40048,2.40076,1828.0
2026-06-16 16:09:00+00:00,2.40076,2.40083,2.39743,2.39747,1620.0
2026-06-16 16:24:00+00:00,2.39747,2.39865,2.39274,2.39373,647.0
2026-06-16 16:39:00+00:00,2.39373,2.39539,2.39352,2.39526,706.0
2026-06-16 16:54:00+00:00,2.39526,2.39773,2.39297,2.39532,1315.0
2026-06-16 17:09:00+00:00,2.39532,2.39766,2.3936,2.39689,948.0
2026-06-16 17:24:00+00:00,2.39689,2.39785,2.39166,2.39238,800.0
2026-06-16 17:39:00+00:00,2.39238,2.39514,2.38743,2.39051,971.0
2026-06-16 17:54:00+00:00,2.39051,2.39346,2.39027,2.39318,750.0
2026-06-16 18:09:00+00:00,2.39318,2.39558,2.39218,2.39284,388.0
2026-06-16 18:24:00+00:00,2.39284,2.39434,2.39058,2.39252,358.0
2026-06-16 18:39:00+00:00,2.39252,2.3992,2.39138,2.39657,607.0
2026-06-16 18:54:00+00:00,2.39657,2.40071,2.39537,2.3992,926.0
2026-06-16 19:09:00+00:00,2.3992,2.39921,2.39794,2.39799,813.0
2026-06-16 19:24:00+00:00,2.39799,2.40681,2.39545,2.40338,545.0
2026-06-16 19:39:00+00:00,2.40338,2.41123,2.40144,2.40693,447.0
2026-06-16 19:54:00+00:00,2.40693,2.41142,2.40642,2.41113,1002.0
2026-06-16 20:09:00+00:00,2.41113,2.41202,2.40935,2.41022,1058.0
2026-06-16 20:24:00+00:00,2.41022,2.41087,2.40819,2.40914,922.0
2026-06-16 20:39:00+00:00,2.40914,2.4119,2.40484,2.40764,694.0
2026-06-16 20:54:00+00:00,2.40764,2.41367,2.40252,2.41117,1069.0
2026-06-16 21:09:00+00:00,2.41117,2.41357,2.40548,2.40751,558.0
2026-06-16 21:24:00+00:00,2.40751,2.4093,2.40376,2.40509,738.0
2026-06-16 21:39:00+00:00,2.40509,2.40653,2.40078,2.40344,638.0
2026-06-16 21:54:00+00:00,2.40344,2.405,2.40314,2.40416,660.0
2026-06-16 22:09:00+00:00,2.40416,2.40581,2.39889,2.40003,974.0
2026-06-16 22:24:00+00:00,2.40003,2.4065,2.39977,2.40603,678.0
2026-06-16 22:39:00+00:00,2.40603,2.41048,2.4045,2.40791,555.0
2026-06-16 22:54:00+00:00,2.40791,2.40816,2.40615,2.40705,748.0
2026-06-16 23:09:00+00:00,2.40705,2.41653,2.40365,2.41051,916.0
2026-06-16 23:24:00+00:00,2.41051,2.41058,2.40572,2.40577,402.0
2026-06-16 23:39:00+00:00,2.40577,2.41159,2.40207,2.40968,963.0
2026-06-16 23:54:00+00:00,2.40968,2.41304,2.40588,2.40923,458.0
2026-06-17 00:09:00+00:00,2.40923,2.41532,2.40764,2.41287,578.0
2026-06-17 00:24:00+00:00,2.41287,2.41488,2.41286,2.41486,982.0
2026-06-17 00:39:00+00:00,2.41486,2.41492,2.41162,2.41169,981.0
2026-06-17 00:54:00+00:00,2.41169,2.41458,2.41037,2.41255,678.0
2026-06-17 01:09:00+00:00,2.41255,2.41329,2.40874,2.40966,407.0
2026-06-17 01:24:00+00:00,2.40966,2.41316,2.40862,2.41252,606.0
2026-06-17 01:39:00+00:00,2.41252,2.41445,2.41147,2.41249,597.0
2026-06-17 01:54:00+00:00,2.41249,2.41328,2.41144,2.41189,694.0
2026-06-17 02:09:00+00:00,2.41189,2.41378,2.40444,2.40756,1006.0
2026-06-17 02:24:00+00:00,2.40756,2.40935,2.40696,2.40879,504.0
2026-06-17 02:39:00+00:00,2.40879,2.4113,2.40753,2.40913,490.0
2026-06-17 02:54:00+00:00,2.40913,2.41229,2.405,2.40838,854.0
2026-06-17 03:09:00+00:00,2.40838,2.40983,2.40596,2.40863,737.0
2026-06-17 03:24:00+00:00,2.40863,2.41306,2.40563,2.41042,606.0
2026-06-17 03:39:00+00:00,2.41042,2.41075,2.40903,2.40971,436.0
2026-06-17 03:54:00+00:00,2.40971,2.41265,2.40937,2.41208,702.0
2026-06-17 04:09:00+00:00,2.41208,2.41763,2.40908,2.41658,403.0
2026-06-17 04:24:00+00:00,2.41658,2.41891,2.40977,2.41324,815.0
2026-06-17 04:39:00+00:00,2.41324,2.41411,2.41171,2.41332,374.0
2026-06-17 04:54:00+00:00,2.41332,2.41396,2.41005,2.4107,578.0
2026-06-17 05:09:00+00:00,2.4107,2.41901,2.40959,2.41738,359.0
2026-06-17 05:24:00+00:00,2.41738,2.42123,2.41095,2.41813,961.0
2026-06-17 05:39:00+00:00,2.41813,2.41814,2.41569,2.4157,713.0
2026-06-17 05:54:00+00:00,2.4157,2.41943,2.4146,2.41846,959.0
2026-06-17 06:09:00+00:00,2.41846,2.42348,2.41676,2.42096,1017.0
2026-06-17 06:24:00+00:00,2.42096,2.42327,2.41627,2.42173,458.0
2026-06-17 06:39:00+00:00,2.42173,2.4233,2.41516,2.41959,558.0
2026-06-17 06:54:00+00:00,2.41959,2.42233,2.41578,2.41965,690.0
2026-06-17 07:09:00+00:00,2.41965,2.42385,2.41858,2.42206,1869.0
2026-06-17 07:24:00+00:00,2.42206,2.4272,2.42033,2.42642,944.0
2026-06-17 07:39:00+00:00,2.42642,2.43132,2.42104,2.4231,1014.0
2026-06-17 07:54:00+00:00,2.4231,2.42543,2.42302,2.42537,1187.0
2026-06-17 08:09:00+00:00,2.42537,2.42777,2.42501,2.42693,1074.0
2026-06-17 08:24:00+00:00,2.42693,2.43331,2.42436,2.4299,1704.0
2026-06-17 08:39:00+00:00,2.4299,2.43447,2.42605,2.43063,1025.0
2026-06-17 08:54:00+00:00,2.43063,2.43565,2.42939,2.43206,1086.0
2026-06-17 09:09:00+00:00,2.43206,2.43486,2.43122,2.43396,1866.0
2026-06-17 09:24:00+00:00,2.43396,2.43449,2.43274,2.43355,1809.0
2026-06-17 09:39:00+00:00,2.43355,2.43607,2.43177,2.43311,1232.0
2026-06-17 09:54:00+00:00,2.43311,2.43774,2.43219,2.43723,995.0
2026-06-17 10:09:00+00:00,2.43723,2.43886,2.43126,2.4328,1351.0
2026-06-17 10:24:00+00:00,2.4328,2.43359,2.43215,2.43337,1380.0
2026-06-17 10:39:00+00:00,2.43337,2.43587,2.43305,2.43572,2120.0
2026-06-17 10:54:00+00:00,2.43572,2.43855,2.43483,2.43726,867.0
2026-06-17 11:09:00+00:00,2.43726,2.44008,2.4366,2.43883,1672.0
2026-06-17 11:24:00+00:00,2.43883,2.43885,2.4376,2.43765,1162.0
2026-06-17 11:39:00+00:00,2.43765,2.44355,2.43743,2.44345,994.0
2026-06-17 11:54:00+00:00,2.44345,2.4442,2.44211,2.44234,1828.0
2026-06-17 12:09:00+00:00,2.44234,2.44672,2.44233,2.44671,1550.0
2026-06-17 12:24:00+00:00,2.44671,2.44987,2.44482,2.44617,1851.0
2026-06-17 12:39:00+00:00,2.44617,2.4464,2.44148,2.44243,967.0
2026-06-17 12:54:00+00:00,2.44243,2.44368,2.44158,2.44274,2124.0
2026-06-17 13:09:00+00:00,2.44274,2.44476,2.44154,2.44309,2134.0
2026-06-17 13:24:00+00:00,2.44309,2.44488,2.43887,2.44096,1473.0
2026-06-17 13:39:00+00:00,2.44096,2.44613,2.43646,2.44318,1876.0
2026-06-17 13:54:00+00:00,2.44318,2.44369,2.443,2.44325,941.0
2026-06-17 14:09:00+00:00,2.44325,2.44497,2.44278,2.44437,1597.0
2026-06-17 14:24:00+00:00,2.44437,2.44553,2.44123,2.44221,777.0
2026-06-17 14:39:00+00:00,2.44221,2.44743,2.4395,2.44154,837.0
2026-06-17 14:54:00+00:00,2.44154,2.44229,2.44147,2.44217,1407.0
2026-06-17 15:09:00+00:00,2.44217,2.44395,2.4403,2.44168,1191.0
2026-06-17 15:24:00+00:00,2.44168,2.44809,2.44115,2.44725,1089.0
2026-06-17 15:39:00+00:00,2.44725,2.44958,2.44573,2.44654,1936.0
2026-06-17 15:54:00+00:00,2.44654,2.45327,2.44535,2.45216,2058.0
2026-06-17 16:09:00+00:00,2.45216,2.4528,2.44918,2.44948,1845.0
2026-06-17 16:24:00+00:00,2.44948,2.45313,2.44791,2.45166,2076.0
2026-06-17 16:39:00+00:00,2.45166,2.45368,2.44783,2.44983,2090.0
2026-06-17 16:54:00+00:00,2.44983,2.45159,2.44906,2.45051,928.0
2026-06-17 17:09:00+00:00,2.45051,2.4511,2.44846,2.44914,1096.0
2026-06-17 17:24:00+00:00,2.44914,2.45396,2.44618,2.44984,478.0
2026-06-17 17:39:00+00:00,2.44984,2.45703,2.44916,2.45571,690.0
2026-06-17 17:54:00+00:00,2.45571,2.45643,2.44695,2.44807,1028.0
2026-06-17 18:09:00+00:00,2.44807,2.44928,2.44328,2.44615,958.0
2026-06-17 18:24:00+00:00,2.44615,2.44711,2.44377,2.44626,680.0
2026-06-17 18:39:00+00:00,2.44626,2.44945,2.44417,2.44584,899.0
2026-06-17 18:54:00+00:00,2.44584,2.45387,2.44214,2.4509,742.0
2026-06-17 19:09:00+00:00,2.4509,2.45442,2.44546,2.4482,768.0
2026-06-17 19:24:00+00:00,2.4482,2.44953,2.44313,2.44391,732.0
2026-06-17 19:39:00+00:00,2.44391,2.44713,2.43752,2.44329,850.0
2026-06-17 19:54:00+00:00,2.44329,2.44423,2.43859,2.4389,505.0
2026-06-17 20:09:00+00:00,2.4389,2.44561,2.43377,2.44022,624.0
2026-06-17 20:24:00+00:00,2.44022,2.44041,2.43856,2.43865,763.0
2026-06-17 20:39:00+00:00,2.43865,2.44226,2.43288,2.43601,637.0
2026-06-17 20:54:00+00:00,2.43601,2.43748,2.43192,2.43494,413.0
2026-06-17 21:09:00+00:00,2.43494,2.43792,2.42434,2.43062,417.0
2026-06-17 21:24:00+00:00,2.43062,2.43269,2.42525,2.42752,1124.0
2026-06-17 21:39:00+00:00,2.42752,2.4277,2.42517,2.4255,924.0
2026-06-17 21:54:00+00:00,2.4255,2.42673,2.42452,2.42556,989.0
2026-06-17 22:09:00+00:00,2.42556,2.43473,2.42342,2.4334,468.0
2026-06-17 22:24:00+00:00,2.4334,2.44012,2.43063,2.43733,1190.0
2026-06-17 22:39:00+00:00,2.43733,2.44347,2.43646,2.44198,463.0
2026-06-17 22:54:00+00:00,2.44198,2.4449,2.44113,2.44355,960.0
2026-06-17 23:09:00+00:00,2.44355,2.44628,2.44353,2.44623,1130.0
2026-06-17 23:24:00+00:00,2.44623,2.45528,2.44444,2.45033,1226.0
2026-06-17 23:39:00+00:00,2.45033,2.45066,2.44981,2.44999,527.0
2026-06-17 23:54:00+00:00,2.44999,2.45815,2.44985,2.45804,607.0
2026-06-18 00:09:00+00:00,2.45804,2.46315,2.45131,2.45734,595.0
2026-06-18 00:24:00+00:00,2.45734,2.46655,2.45597,2.46348,905.0
2026-06-18 00:39:00+00:00,2.46348,2.47091,2.46267,2.47004,810.0
2026-06-18 00:54:00+00:00,2.47004,2.47004,2.46606,2.46606,795.0
2026-06-18 01:09:00+00:00,2.46606,2.46957,2.4624,2.46554,1155.0
2026-06-18 01:24:00+00:00,2.46554,2.46827,2.45636,2.45795,662.0
2026-06-18 01:39:00+00:00,2.45795,2.46577,2.45672,2.46477,892.0
2026-06-18 01:54:00+00:00,2.46477,2.47316,2.46475,2.47312,973.0
2026-06-18 02:09:00+00:00,2.47312,2.47499,2.47264,2.47433,877.0
2026-06-18 02:24:00+00:00,2.47433,2.48346,2.47123,2.47961,427.0
2026-06-18 02:39:00+00:00,2.47961,2.48118,2.47934,2.48092,1178.0
2026-06-18 02:54:00+00:00,2.48092,2.4891,2.476,2.48355,1093.0
2026-06-18 03:09:00+00:00,2.48355,2.48457,2.47856,2.48123,676.0
2026-06-18 03:24:00+00:00,2.48123,2.49065,2.47938,2.48664,1194.0
2026-06-18 03:39:00+00:00,2.48664,2.48848,2.48179,2.4859,798.0
2026-06-18 03:54:00+00:00,2.4859,2.48615,2.48351,2.48434,904.0
2026-06-18 04:09:00+00:00,2.48434,2.4901,2.48307,2.4855,690.0
2026-06-18 04:24:00+00:00,2.4855,2.49097,2.48443,2.48934,991.0
2026-06-18 04:39:00+00:00,2.48934,2.49249,2.48692,2.4882,997.0
2026-06-18 04:54:00+00:00,2.4882,2.49085,2.47914,2.48122,901.0
2026-06-18 05:09:00+00:00,2.48122,2.48622,2.48031,2.48579,1153.0
2026-06-18 05:24:00+00:00,2.48579,2.49027,2.48417,2.48827,1136.0
2026-06-18 05:39:00+00:00,2.48827,2.48927,2.48814,2.48897,427.0
2026-06-18 05:54:00+00:00,2.48897,2.49287,2.48599,2.49012,896.0
2026-06-18 06:09:00+00:00,2.49012,2.49477,2.48944,2.4932,929.0
2026-06-18 06:24:00+00:00,2.4932,2.49707,2.49225,2.4946,904.0
2026-06-18 06:39:00+00:00,2.4946,2.49565,2.48814,2.4901,1111.0
2026-06-18 06:54:00+00:00,2.4901,2.50129,2.47847,2.49647,815.0
2026-06-18 07:09:00+00:00,2.49647,2.50146,2.49562,2.50082,2019.0
2026-06-18 07:24:00+00:00,2.50082,2.50421,2.49647,2.50037,927.0
2026-06-18 07:39:00+00:00,2.50037,2.504,2.49915,2.50318,1522.0
2026-06-18 07:54:00+00:00,2.50318,2.5107,2.50128,2.50912,1921.0
2026-06-18 08:09:00+00:00,2.50912,2.51068,2.50852,2.51037,1862.0
2026-06-18 08:24:00+00:00,2.51037,2.51352,2.50922,2.51192,1641.0
2026-06-18 08:39:00+00:00,2.51192,2.51405,2.51101,2.51266,1518.0
2026-06-18 08:54:00+00:00,2.51266,2.51475,2.50727,2.50992,2092.0
2026-06-18 09:09:00+00:00,2.50992,2.51157,2.50477,2.50565,1971.0
2026-06-18 09:24:00+00:00,2.50565,2.50577,2.50532,2.50546,1456.0
2026-06-18 09:39:00+00:00,2.50546,2.50667,2.50284,2.50522,1480.0
2026-06-18 09:54:00+00:00,2.50522,2.50808,2.50095,2.50335,1883.0
2026-06-18 10:09:00+00:00,2.50335,2.50883,2.49714,2.50005,1779.0
2026-06-18 10:24:00+00:00,2.50005,2.50063,2.49452,2.49601,1701.0
2026-06-18 10:39:00+00:00,2.49601,2.49732,2.48753,2.49066,1249.0
2026-06-18 10:54:00+00:00,2.49066,2.49224,2.48619,2.48814,846.0
2026-06-18 11:09:00+00:00,2.48814,2.49409,2.48644,2.4899,833.0
2026-06-18 11:24:00+00:00,2.4899,2.49374,2.48074,2.48482,923.0
2026-06-18 11:39:00+00:00,2.48482,2.49046,2.48397,2.48773,1382.0
2026-06-18 11:54:00+00:00,2.48773,2.49267,2.48447,2.49123,1473.0
2026-06-18 12:09:00+00:00,2.49123,2.49213,2.49113,2.492,1910.0
2026-06-18 12:24:00+00:00,2.492,2.49293,2.48507,2.48752,970.0
2026-06-18 12:39:00+00:00,2.48752,2.4928,2.48734,2.49224,966.0
2026-06-18 12:54:00+00:00,2.49224,2.49607,2.49214,2.49597,1522.0
2026-06-18 13:09:00+00:00,2.49597,2.49945,2.48773,2.49189,1208.0
2026-06-18 13:24:00+00:00,2.49189,2.49634,2.48939,2.49522,951.0
2026-06-18 13:39:00+00:00,2.49522,2.50242,2.49226,2.4985,1628.0
2026-06-18 13:54:00+00:00,2.4985,2.50027,2.49299,2.49538,1018.0
2026-06-18 14:09:00+00:00,2.49538,2.4976,2.4884,2.49072,876.0
2026-06-18 14:24:00+00:00,2.49072,2.49439,2.49072,2.49439,1502.0
2026-06-18 14:39:00+00:00,2.49439,2.49586,2.49254,2.49429,1002.0
2026-06-18 14:54:00+00:00,2.49429,2.49917,2.4882,2.4946,1821.0
2026-06-18 15:09:00+00:00,2.4946,2.49772,2.49368,2.49638,1960.0
2026-06-18 15:24:00+00:00,2.49638,2.50175,2.49472,2.49719,1462.0
2026-06-18 15:39:00+00:00,2.49719,2.50551,2.49492,2.49925,1466.0
2026-06-18 15:54:00+00:00,2.49925,2.5014,2.49427,2.49577,1193.0
2026-06-18 16:09:00+00:00,2.49577,2.49931,2.49508,2.49793,1135.0
2026-06-18 16:24:00+00:00,2.49793,2.50262,2.49701,2.49971,2134.0
2026-06-18 16:39:00+00:00,2.49971,2.50506,2.49953,2.50479,1081.0
2026-06-18 16:54:00+00:00,2.50479,2.50821,2.49481,2.49717,1553.0
2026-06-18 17:09:00+00:00,2.49717,2.49902,2.49383,2.49541,927.0
2026-06-18 17:24:00+00:00,2.49541,2.4974,2.48899,2.49118,629.0
2026-06-18 17:39:00+00:00,2.49118,2.49397,2.49083,2.49339,506.0
2026-06-18 17:54:00+00:00,2.49339,2.4986,2.49228,2.49695,845.0
2026-06-18 18:09:00+00:00,2.49695,2.49746,2.48872,2.48912,419.0
2026-06-18 18:24:00+00:00,2.48912,2.49054,2.48836,2.48887,1228.0
2026-06-18 18:39:00+00:00,2.48887,2.49605,2.48415,2.48665,466.0
2026-06-18 18:54:00+00:00,2.48665,2.49553,2.48367,2.49351,1125.0
2026-06-18 19:09:00+00:00,2.49351,2.49368,2.48998,2.49026,979.0
2026-06-18 19:24:00+00:00,2.49026,2.49661,2.48929,2.49596,1201.0
2026-06-18 19:39:00+00:00,2.49596,2.49773,2.4923,2.49413,763.0
2026-06-18 19:54:00+00:00,2.49413,2.49596,2.49352,2.4951,555.0
2026-06-18 20:09:00+00:00,2.4951,2.50279,2.49184,2.50083,950.0
2026-06-18 20:24:00+00:00,2.50083,2.50332,2.49059,2.49507,1061.0
2026-06-18 20:39:00+00:00,2.49507,2.49857,2.49493,2.49848,466.0
2026-06-18 20:54:00+00:00,2.49848,2.50301,2.49548,2.49713,601.0
2026-06-18 21:09:00+00:00,2.49713,2.49793,2.49539,2.49612,715.0
2026-06-18 21:24:00+00:00,2.49612,2.50341,2.49125,2.50036,498.0
2026-06-18 21:39:00+00:00,2.50036,2.50566,2.49807,2.50076,1066.0
2026-06-18 21:54:00+00:00,2.50076,2.50419,2.49792,2.50261,418.0
2026-06-18 22:09:00+00:00,2.50261,2.5081,2.49906,2.50548,676.0
2026-06-18 22:24:00+00:00,2.50548,2.51196,2.50309,2.50904,767.0
2026-06-18 22:39:00+00:00,2.50904,2.5116,2.50356,2.50493,886.0
2026-06-18 22:54:00+00:00,2.50493,2.50987,2.50461,2.50965,766.0
2026-06-18 23:09:00+00:00,2.50965,2.50986,2.507,2.50771,471.0
2026-06-18 23:24:00+00:00,2.50771,2.50792,2.50482,2.50514,716.0
2026-06-18 23:39:00+00:00,2.50514,2.51168,2.49839,2.5043,1186.0
2026-06-18 23:54:00+00:00,2.5043,2.51085,2.50288,2.5071,524.0
2026-06-19 00:09:00+00:00,2.5071,2.50814,2.4971,2.49963,1070.0
2026-06-19 00:24:00+00:00,2.49963,2.50565,2.49765,2.50403,435.0
2026-06-19 00:39:00+00:00,2.50403,2.50527,2.50025,2.50228,1139.0
2026-06-19 00:54:00+00:00,2.50228,2.51117,2.50041,2.50894,1177.0
2026-06-19 01:09:00+00:00,2.50894,2.51407,2.50869,2.51356,968.0
2026-06-19 01:24:00+00:00,2.51356,2.52149,2.51047,2.51778,1076.0
2026-06-19 01:39:00+00:00,2.51778,2.51851,2.51562,2.51641,530.0
2026-06-19 01:54:00+00:00,2.51641,2.51678,2.51622,2.51657,871.0
2026-06-19 02:09:00+00:00,2.51657,2.51724,2.5068,2.50712,494.0
2026-06-19 02:24:00+00:00,2.50712,2.51409,2.50498,2.51228,913.0
2026-06-19 02:39:00+00:00,2.51228,2.52218,2.50837,2.51772,1084.0
2026-06-19 02:54:00+00:00,2.51772,2.51854,2.51029,2.51333,666.0
2026-06-19 03:09:00+00:00,2.51333,2.51539,2.50089,2.50345,714.0
2026-06-19 03:24:00+00:00,2.50345,2.51837,2.50145,2.51628,700.0
2026-06-19 03:39:00+00:00,2.51628,2.51805,2.51393,2.51709,1001.0
2026-06-19 03:54:00+00:00,2.51709,2.51996,2.51574,2.51707,872.0
2026-06-19 04:09:00+00:00,2.51707,2.52097,2.5152,2.51947,786.0
2026-06-19 04:24:00+00:00,2.51947,2.52213,2.51349,2.51671,1058.0
2026-06-19 04:39:00+00:00,2.51671,2.5196,2.51358,2.51521,612.0
2026-06-19 04:54:00+00:00,2.51521,2.51787,2.51232,2.51364,1122.0
2026-06-19 05:09:00+00:00,2.51364,2.51573,2.50962,2.51096,848.0
2026-06-19 05:24:00+00:00,2.51096,2.52448,2.5079,2.51686,527.0
2026-06-19 05:39:00+00:00,2.51686,2.52548,2.51584,2.52449,826.0
2026-06-19 05:54:00+00:00,2.52449,2.5246,2.52151,2.52163,675.0
2026-06-19 06:09:00+00:00,2.52163,2.52616,2.52095,2.52565,544.0
2026-06-19 06:24:00+00:00,2.52565,2.52962,2.52303,2.52518,458.0
2026-06-19 06:39:00+00:00,2.52518,2.52931,2.52325,2.52444,818.0
2026-06-19 06:54:00+00:00,2.52444,2.52869,2.52438,2.52867,606.0
2026-06-19 07:09:00+00:00,2.52867,2.53348,2.52835,2.53323,876.0
2026-06-19 07:24:00+00:00,2.53323,2.53846,2.52882,2.53534,864.0
2026-06-19 07:39:00+00:00,2.53534,2.53606,2.52816,2.52881,1917.0
2026-06-19 07:54:00+00:00,2.52881,2.53416,2.52871,2.53401,757.0
2026-06-19 08:09:00+00:00,2.53401,2.53646,2.52886,2.53208,1165.0
2026-06-19 08:24:00+00:00,2.53208,2.53279,2.52905,2.53023,1278.0
2026-06-19 08:39:00+00:00,2.53023,2.53152,2.52045,2.52178,1606.0
2026-06-19 08:54:00+00:00,2.52178,2.52792,2.5212,2.52729,1222.0
2026-06-19 09:09:00+00:00,2.52729,2.53116,2.52656,2.53049,1275.0
2026-06-19 09:24:00+00:00,2.53049,2.53353,2.52522,2.52632,1600.0
2026-06-19 09:39:00+00:00,2.52632,2.53186,2.52482,2.53112,1226.0
2026-06-19 09:54:00+00:00,2.53112,2.53217,2.52932,2.53154,872.0
2026-06-19 10:09:00+00:00,2.53154,2.53719,2.53039,2.53538,794.0
2026-06-19 10:24:00+00:00,2.53538,2.53842,2.52511,2.53077,1303.0
2026-06-19 10:39:00+00:00,2.53077,2.53692,2.51899,2.52407,1546.0
2026-06-19 10:54:00+00:00,2.52407,2.54173,2.52046,2.53797,1611.0
2026-06-19 11:09:00+00:00,2.53797,2.53854,2.53794,2.53852,1327.0
2026-06-19 11:24:00+00:00,2.53852,2.5393,2.537,2.53769,1715.0
2026-06-19 11:39:00+00:00,2.53769,2.54259,2.53753,2.54232,2150.0
2026-06-19 11:54:00+00:00,2.54232,2.54504,2.53622,2.53781,1098.0
2026-06-19 12:09:00+00:00,2.53781,2.53969,2.53523,2.53589,2052.0
2026-06-19 12:24:00+00:00,2.53589,2.54421,2.5345,2.54204,1378.0
2026-06-19 12:39:00+00:00,2.54204,2.54484,2.53875,2.54049,946.0
2026-06-19 12:54:00+00:00,2.54049,2.54582,2.53898,2.5434,1018.0
2026-06-19 13:09:00+00:00,2.5434,2.54493,2.5379,2.54288,1550.0
2026-06-19 13:24:00+00:00,2.54288,2.54643,2.54165,2.54546,1287.0
2026-06-19 13:39:00+00:00,2.54546,2.54824,2.54292,2.54623,1071.0
2026-06-19 13:54:00+00:00,2.54623,2.5467,2.54014,2.54057,1498.0
2026-06-19 14:09:00+00:00,2.54057,2.5459,2.53825,2.54318,1788.0
2026-06-19 14:24:00+00:00,2.54318,2.54715,2.54054,2.54623,1887.0
2026-06-19 14:39:00+00:00,2.54623,2.55455,2.54483,2.5525,1109.0
2026-06-19 14:54:00+00:00,2.5525,2.55594,2.55213,2.55563,2005.0
2026-06-19 15:09:00+00:00,2.55563,2.55751,2.55383,2.55629,1847.0
2026-06-19 15:24:00+00:00,2.55629,2.5603,2.54809,2.55325,1739.0
2026-06-19 15:39:00+00:00,2.55325,2.55828,2.55132,2.55385,939.0
2026-06-19 15:54:00+00:00,2.55385,2.5619,2.55331,2.56115,1767.0
2026-06-19 16:09:00+00:00,2.56115,2.5624,2.55914,2.56145,1971.0
2026-06-19 16:24:00+00:00,2.56145,2.56195,2.55647,2.55701,1837.0
2026-06-19 16:39:00+00:00,2.55701,2.55968,2.55535,2.55763,815.0
2026-06-19 16:54:00+00:00,2.55763,2.55846,2.5499,2.55123,2036.0
2026-06-19 17:09:00+00:00,2.55123,2.55221,2.5455,2.5462,658.0
2026-06-19 17:24:00+00:00,2.5462,2.55335,2.54408,2.55087,874.0
2026-06-19 17:39:00+00:00,2.55087,2.55403,2.54627,2.55244,607.0
2026-06-19 17:54:00+00:00,2.55244,2.55341,2.54994,2.55117,1039.0
2026-06-19 18:09:00+00:00,2.55117,2.55222,2.54972,2.55035,606.0
2026-06-19 18:24:00+00:00,2.55035,2.56948,2.5475,2.56475,479.0
2026-06-19 18:39:00+00:00,2.56475,2.57689,2.55755,2.56143,822.0
2026-06-19 18:54:00+00:00,2.56143,2.56311,2.56129,2.56297,706.0
2026-06-19 19:09:00+00:00,2.56297,2.57199,2.55812,2.568,646.0
2026-06-19 19:24:00+00:00,2.568,2.57295,2.55845,2.56698,704.0
2026-06-19 19:39:00+00:00,2.56698,2.56825,2.55925,2.55984,1061.0
2026-06-19 19:54:00+00:00,2.55984,2.56197,2.55449,2.55625,913.0
2026-06-19 20:09:00+00:00,2.55625,2.55703,2.5521,2.55384,900.0
2026-06-19 20:24:00+00:00,2.55384,2.5649,2.55216,2.56219,1154.0
2026-06-19 20:39:00+00:00,2.56219,2.5634,2.55779,2.55916,794.0
2026-06-19 20:54:00+00:00,2.55916,2.55949,2.55835,2.55879,816.0
2026-06-19 21:09:00+00:00,2.55879,2.56428,2.55859,2.56404,1033.0
2026-06-19 21:24:00+00:00,2.56404,2.56522,2.55562,2.55713,964.0
2026-06-19 21:39:00+00:00,2.55713,2.56427,2.55568,2.56028,716.0
2026-06-19 21:54:00+00:00,2.56028,2.56387,2.55839,2.56106,477.0
2026-06-19 22:09:00+00:00,2.56106,2.56147,2.55519,2.55714,497.0
2026-06-19 22:24:00+00:00,2.55714,2.55715,2.5526,2.55264,1054.0
2026-06-19 22:39:00+00:00,2.55264,2.55945,2.55013,2.55687,1089.0
2026-06-19 22:54:00+00:00,2.55687,2.55886,2.55659,2.55858,898.0
2026-06-19 23:09:00+00:00,2.55858,2.56176,2.55728,2.56062,927.0
2026-06-19 23:24:00+00:00,2.56062,2.56303,2.55177,2.55825,882.0
2026-06-19 23:39:00+00:00,2.55825,2.5639,2.55605,2.56293,878.0
2026-06-19 23:54:00+00:00,2.56293,2.56464,2.55319,2.55422,1018.0
2026-06-20 00:09:00+00:00,2.55422,2.55991,2.54918,2.55417,622.0
2026-06-20 00:24:00+00:00,2.55417,2.55642,2.55304,2.55516,954.0
2026-06-20 00:39:00+00:00,2.55516,2.56411,2.5517,2.56196,876.0
2026-06-20 00:54:00+00:00,2.56196,2.57453,2.55641,2.56769,931.0
2026-06-20 01:09:00+00:00,2.56769,2.573,2.56759,2.5729,1140.0
2026-06-20 01:24:00+00:00,2.5729,2.5814,2.5712,2.5745,1124.0
2026-06-20 01:39:00+00:00,2.5745,2.58212,2.57351,2.58009,1151.0
2026-06-20 01:54:00+00:00,2.58009,2.58175,2.57735,2.57922,418.0
2026-06-20 02:09:00+00:00,2.57922,2.58928,2.57731,2.58651,482.0
2026-06-20 02:24:00+00:00,2.58651,2.5902,2.58644,2.59007,911.0
2026-06-20 02:39:00+00:00,2.59007,2.59054,2.58615,2.58681,1229.0
2026-06-20 02:54:00+00:00,2.58681,2.59,2.5868,2.58998,591.0
2026-06-20 03:09:00+00:00,2.58998,2.59404,2.57807,2.5852,1131.0
2026-06-20 03:24:00+00:00,2.5852,2.59551,2.57913,2.5894,790.0
2026-06-20 03:39:00+00:00,2.5894,2.58978,2.58834,2.58858,1093.0
2026-06-20 03:54:00+00:00,2.58858,2.59879,2.58673,2.59753,985.0
2026-06-20 04:09:00+00:00,2.59753,2.60001,2.59658,2.59888,611.0
2026-06-20 04:24:00+00:00,2.59888,2.60192,2.59531,2.59666,937.0
2026-06-20 04:39:00+00:00,2.59666,2.60054,2.58517,2.58726,1061.0
2026-06-20 04:54:00+00:00,2.58726,2.58952,2.58321,2.58462,974.0
2026-06-20 05:09:00+00:00,2.58462,2.59224,2.58213,2.59096,502.0
2026-06-20 05:24:00+00:00,2.59096,2.60005,2.58741,2.59645,1035.0
2026-06-20 05:39:00+00:00,2.59645,2.59708,2.59272,2.59488,1145.0
2026-06-20 05:54:00+00:00,2.59488,2.59705,2.59345,2.59609,809.0
2026-06-20 06:09:00+00:00,2.59609,2.5978,2.58462,2.58915,945.0
2026-06-20 06:24:00+00:00,2.58915,2.58979,2.58466,2.58507,1076.0
2026-06-20 06:39:00+00:00,2.58507,2.58545,2.58419,2.58449,978.0
2026-06-20 06:54:00+00:00,2.58449,2.59354,2.58356,2.58929,610.0
2026-06-20 07:09:00+00:00,2.58929,2.59056,2.58163,2.58349,1382.0
2026-06-20 07:24:00+00:00,2.58349,2.58781,2.58266,2.58612,941.0
2026-06-20 07:39:00+00:00,2.58612,2.58702,2.58611,2.58699,1782.0
2026-06-20 07:54:00+00:00,2.58699,2.58887,2.58195,2.58333,1541.0
2026-06-20 08:09:00+00:00,2.58333,2.58484,2.58132,2.58331,1014.0
2026-06-20 08:24:00+00:00,2.58331,2.58923,2.58162,2.58822,2019.0
2026-06-20 08:39:00+00:00,2.58822,2.59473,2.58593,2.59189,1148.0
2026-06-20 08:54:00+00:00,2.59189,2.59794,2.58972,2.59319,1637.0
2026-06-20 09:09:00+00:00,2.59319,2.59873,2.59289,2.59824,892.0
2026-06-20 09:24:00+00:00,2.59824,2.60973,2.59686,2.60621,1275.0
2026-06-20 09:39:00+00:00,2.60621,2.60729,2.60484,2.60537,2090.0
2026-06-20 09:54:00+00:00,2.60537,2.60601,2.59301,2.59402,1133.0
2026-06-20 10:09:00+00:00,2.59402,2.59517,2.59362,2.59477,1462.0
2026-06-20 10:24:00+00:00,2.59477,2.59612,2.58857,2.59017,2097.0
2026-06-20 10:39:00+00:00,2.59017,2.59756,2.58932,2.59456,1277.0
2026-06-20 10:54:00+00:00,2.59456,2.60314,2.59373,2.60164,1396.0
2026-06-20 11:09:00+00:00,2.60164,2.60804,2.59408,2.60271,1547.0
2026-06-20 11:24:00+00:00,2.60271,2.60559,2.60238,2.60545,1075.0
2026-06-20 11:39:00+00:00,2.60545,2.60805,2.59513,2.59806,1259.0
2026-06-20 11:54:00+00:00,2.59806,2.60721,2.59458,2.60322,904.0
2026-06-20 12:09:00+00:00,2.60322,2.60462,2.60117,2.60245,1361.0
2026-06-20 12:24:00+00:00,2.60245,2.60623,2.59975,2.60402,2124.0
2026-06-20 12:39:00+00:00,2.60402,2.60636,2.59346,2.59678,2068.0
2026-06-20 12:54:00+00:00,2.59678,2.59766,2.59583,2.59618,1820.0
2026-06-20 13:09:00+00:00,2.59618,2.60337,2.59257,2.59916,809.0
2026-06-20 13:24:00+00:00,2.59916,2.60564,2.59504,2.60409,1434.0
2026-06-20 13:39:00+00:00,2.60409,2.60815,2.60336,2.60731,1035.0
2026-06-20 13:54:00+00:00,2.60731,2.61174,2.60142,2.60377,1200.0
2026-06-20 14:09:00+00:00,2.60377,2.60665,2.59737,2.59994,1351.0
2026-06-20 14:24:00+00:00,2.59994,2.60135,2.59754,2.59814,2110.0
2026-06-20 14:39:00+00:00,2.59814,2.59906,2.59303,2.59488,869.0
2026-06-20 14:54:00+00:00,2.59488,2.60108,2.59326,2.60018,2031.0
2026-06-20 15:09:00+00:00,2.60018,2.6024,2.59956,2.60201,1134.0
2026-06-20 15:24:00+00:00,2.60201,2.60362,2.5981,2.60137,1567.0
2026-06-20 15:39:00+00:00,2.60137,2.60438,2.59962,2.60141,1476.0
2026-06-20 15:54:00+00:00,2.60141,2.60614,2.60045,2.60536,872.0
2026-06-20 16:09:00+00:00,2.60536,2.60603,2.60138,2.60153,1259.0
2026-06-20 16:24:00+00:00,2.60153,2.60258,2.59347,2.59484,1586.0
2026-06-20 16:39:00+00:00,2.59484,2.59932,2.59293,2.59676,861.0
2026-06-20 16:54:00+00:00,2.59676,2.59833,2.59236,2.59437,2117.0
2026-06-20 17:09:00+00:00,2.59437,2.60086,2.59101,2.59906,862.0
2026-06-20 17:24:00+00:00,2.59906,2.60392,2.59802,2.60318,990.0
2026-06-20 17:39:00+00:00,2.60318,2.60748,2.60239,2.60655,550.0
2026-06-20 17:54:00+00:00,2.60655,2.6082,2.6011,2.60483,494.0
2026-06-20 18:09:00+00:00,2.60483,2.60517,2.60093,2.60131,1066.0
2026-06-20 18:24:00+00:00,2.60131,2.60555,2.60066,2.60532,960.0
2026-06-20 18:39:00+00:00,2.60532,2.60691,2.6038,2.60487,742.0
2026-06-20 18:54:00+00:00,2.60487,2.60615,2.60184,2.60541,531.0
2026-06-20 19:09:00+00:00,2.60541,2.60974,2.60427,2.60728,854.0
2026-06-20 19:24:00+00:00,2.60728,2.60732,2.60417,2.60422,1623.0
2026-06-20 19:39:00+00:00,2.60422,2.61112,2.60399,2.61083,1798.0
2026-06-20 19:54:00+00:00,2.61083,2.61225,2.60557,2.60636,2050.0
2026-06-20 20:09:00+00:00,2.60636,2.60751,2.59846,2.60029,1275.0
2026-06-20 20:24:00+00:00,2.60029,2.6179,2.59919,2.61555,2038.0
2026-06-20 20:39:00+00:00,2.61555,2.61616,2.61442,2.61504,2003.0
2026-06-20 20:54:00+00:00,2.61504,2.619,2.61068,2.61252,925.0
2026-06-20 21:09:00+00:00,2.61252,2.62522,2.60966,2.62416,973.0
2026-06-20 21:24:00+00:00,2.62416,2.63693,2.6179,2.62971,1298.0
2026-06-20 21:39:00+00:00,2.62971,2.63456,2.61979,2.62595,1813.0
2026-06-20 21:54:00+00:00,2.62595,2.62665,2.61924,2.62009,803.0
2026-06-20 22:09:00+00:00,2.62009,2.6254,2.60479,2.6143,1210.0
2026-06-20 22:24:00+00:00,2.6143,2.61817,2.61383,2.61774,1928.0
2026-06-20 22:39:00+00:00,2.61774,2.62285,2.61423,2.61923,898.0
2026-06-20 22:54:00+00:00,2.61923,2.62548,2.61358,2.62165,1674.0
2026-06-20 23:09:00+00:00,2.62165,2.62241,2.61516,2.61572,1101.0
2026-06-20 23:24:00+00:00,2.61572,2.62791,2.61071,2.62333,1889.0
2026-06-20 23:39:00+00:00,2.62333,2.62919,2.62047,2.62663,1318.0
2026-06-20 23:54:00+00:00,2.62663,2.63327,2.62468,2.63101,819.0
2026-06-21 00:09:00+00:00,2.63101,2.63597,2.63045,2.63385,1918.0
2026-06-21 00:24:00+00:00,2.63385,2.64671,2.63276,2.64365,1950.0
2026-06-21 00:39:00+00:00,2.64365,2.64643,2.64099,2.64516,1021.0
2026-06-21 00:54:00+00:00,2.64516,2.64685,2.6404,2.64497,1430.0
2026-06-21 01:09:00+00:00,2.64497,2.6493,2.63675,2.63923,2170.0
2026-06-21 01:24:00+00:00,2.63923,2.64556,2.63197,2.63776,906.0
2026-06-21 01:39:00+00:00,2.63776,2.65274,2.63417,2.64684,2029.0
2026-06-21 01:54:00+00:00,2.64684,2.64731,2.64416,2.64505,2122.0
2026-06-21 02:09:00+00:00,2.64505,2.64868,2.63677,2.64408,1064.0
2026-06-21 02:24:00+00:00,2.64408,2.64476,2.63532,2.63692,1213.0
2026-06-21 02:39:00+00:00,2.63692,2.63866,2.61957,2.62656,1036.0
2026-06-21 02:54:00+00:00,2.62656,2.6333,2.62464,2.63189,1210.0
2026-06-21 03:09:00+00:00,2.63189,2.6321,2.62841,2.62855,868.0
2026-06-21 03:24:00+00:00,2.62855,2.631,2.61651,2.61912,1526.0
2026-06-21 03:39:00+00:00,2.61912,2.6227,2.61242,2.61699,949.0
2026-06-21 03:54:00+00:00,2.61699,2.63115,2.6155,2.62611,2052.0
2026-06-21 04:09:00+00:00,2.62611,2.63737,2.61933,2.63061,1728.0
2026-06-21 04:24:00+00:00,2.63061,2.63069,2.62461,2.6247,1711.0
2026-06-21 04:39:00+00:00,2.6247,2.62516,2.61685,2.6181,1038.0
2026-06-21 04:54:00+00:00,2.6181,2.62621,2.61564,2.62468,1902.0
2026-06-21 05:09:00+00:00,2.62468,2.62815,2.61535,2.62163,1708.0
2026-06-21 05:24:00+00:00,2.62163,2.62755,2.60872,2.6148,1080.0
2026-06-21 05:39:00+00:00,2.6148,2.62065,2.61234,2.61773,1164.0
2026-06-21 05:54:00+00:00,2.61773,2.62433,2.61476,2.62099,732.0
2026-06-21 06:09:00+00:00,2.62099,2.62854,2.61083,2.61716,1593.0
2026-06-21 06:24:00+00:00,2.61716,2.62706,2.59037,2.60036,1420.0
2026-06-21 06:39:00+00:00,2.60036,2.60552,2.58952,2.59333,1730.0
2026-06-21 06:54:00+00:00,2.59333,2.60287,2.5907,2.60028,1833.0
2026-06-21 07:09:00+00:00,2.60028,2.61078,2.58914,2.59429,3244.0
2026-06-21 07:24:00+00:00,2.59429,2.60144,2.57018,2.57949,1284.0
2026-06-21 07:39:00+00:00,2.57949,2.58262,2.57181,2.57466,3800.0
2026-06-21 07:54:00+00:00,2.57466,2.59096,2.56515,2.57959,2094.0
2026-06-21 08:09:00+00:00,2.57959,2.58929,2.57224,2.58375,2589.0
2026-06-21 08:24:00+00:00,2.58375,2.58849,2.5735,2.57982,1401.0
2026-06-21 08:39:00+00:00,2.57982,2.58734,2.57841,2.58195,3457.0
2026-06-21 08:54:00+00:00,2.58195,2.58967,2.57993,2.58878,1785.0
2026-06-21 09:09:00+00:00,2.58878,2.60037,2.57506,2.58214,1287.0
2026-06-21 09:24:00+00:00,2.58214,2.58558,2.57911,2.58262,2482.0
2026-06-21 09:39:00+00:00,2.58262,2.59116,2.57748,2.58815,2758.0
2026-06-21 09:54:00+00:00,2.58815,2.59033,2.57682,2.58429,3039.0
2026-06-21 10:09:00+00:00,2.58429,2.58634,2.57129,2.57325,3326.0
2026-06-21 10:24:00+00:00,2.57325,2.57408,2.56448,2.56656,3801.0
2026-06-21 10:39:00+00:00,2.56656,2.57225,2.56469,2.56993,1593.0
2026-06-21 10:54:00+00:00,2.56993,2.58326,2.56424,2.57876,1730.0
2026-06-21 11:09:00+00:00,2.57876,2.58109,2.57346,2.57631,1621.0
2026-06-21 11:24:00+00:00,2.57631,2.58658,2.56908,2.58276,3014.0
2026-06-21 11:39:00+00:00,2.58276,2.59161,2.5793,2.5879,2779.0
2026-06-21 11:54:00+00:00,2.5879,2.59618,2.58745,2.59571,2239.0
2026-06-21 12:09:00+00:00,2.59571,2.60661,2.59249,2.60527,2275.0
2026-06-21 12:24:00+00:00,2.60527,2.60615,2.60241,2.60363,3161.0
2026-06-21 12:39:00+00:00,2.60363,2.60563,2.60033,2.60092,2566.0
2026-06-21 12:54:00+00:00,2.60092,2.60751,2.59507,2.60172,3448.0
2026-06-21 13:09:00+00:00,2.60172,2.60202,2.59612,2.5964,3375.0
2026-06-21 13:24:00+00:00,2.5964,2.60655,2.58483,2.58994,3585.0
2026-06-21 13:39:00+00:00,2.58994,2.59468,2.57564,2.57852,1834.0
2026-06-21 13:54:00+00:00,2.57852,2.58869,2.57402,2.57976,1324.0
2026-06-21 14:09:00+00:00,2.57976,2.61114,2.56211,2.59728,3027.0
2026-06-21 14:24:00+00:00,2.59728,2.59998,2.58985,2.59122,1277.0
2026-06-21 14:39:00+00:00,2.59122,2.59204,2.58622,2.58727,3338.0
2026-06-21 14:54:00+00:00,2.58727,2.59836,2.58678,2.59783,1826.0
2026-06-21 15:09:00+00:00,2.59783,2.59865,2.58601,2.5871,2666.0
2026-06-21 15:24:00+00:00,2.5871,2.59274,2.58291,2.58803,2905.0
2026-06-21 15:39:00+00:00,2.58803,2.59383,2.58332,2.59213,3511.0
2026-06-21 15:54:00+00:00,2.59213,2.60293,2.59175,2.60212,2169.0
2026-06-21 16:09:00+00:00,2.60212,2.60228,2.5995,2.59978,1784.0
2026-06-21 16:24:00+00:00,2.59978,2.60098,2.59145,2.59316,1826.0
2026-06-21 16:39:00+00:00,2.59316,2.5949,2.59315,2.59487,1852.0
2026-06-21 16:54:00+00:00,2.59487,2.59741,2.58439,2.58707,1554.0
2026-06-21 17:09:00+00:00,2.58707,2.58859,2.58483,2.58568,1646.0
2026-06-21 17:24:00+00:00,2.58568,2.59095,2.57589,2.57975,1210.0
2026-06-21 17:39:00+00:00,2.57975,2.58637,2.56193,2.56802,842.0
2026-06-21 17:54:00+00:00,2.56802,2.57835,2.55691,2.5597,1949.0
2026-06-21 18:09:00+00:00,2.5597,2.56487,2.54664,2.5548,785.0
2026-06-21 18:24:00+00:00,2.5548,2.56245,2.55084,2.56018,791.0
2026-06-21 18:39:00+00:00,2.56018,2.57092,2.55483,2.5657,1803.0
2026-06-21 18:54:00+00:00,2.5657,2.57384,2.55969,2.57159,1133.0
2026-06-21 19:09:00+00:00,2.57159,2.58401,2.55953,2.56391,934.0
2026-06-21 19:24:00+00:00,2.56391,2.56738,2.55826,2.56241,1636.0
2026-06-21 19:39:00+00:00,2.56241,2.56372,2.55446,2.55531,763.0
2026-06-21 19:54:00+00:00,2.55531,2.55699,2.54566,2.54738,758.0
2026-06-21 20:09:00+00:00,2.54738,2.55471,2.52809,2.54049,2086.0
2026-06-21 20:24:00+00:00,2.54049,2.55238,2.53263,2.54806,979.0
2026-06-21 20:39:00+00:00,2.54806,2.55056,2.54522,2.54588,1386.0
2026-06-21 20:54:00+00:00,2.54588,2.54703,2.53614,2.53782,1600.0
2026-06-21 21:09:00+00:00,2.53782,2.53797,2.53466,2.53491,1101.0
2026-06-21 21:24:00+00:00,2.53491,2.5387,2.53287,2.53682,1609.0
2026-06-21 21:39:00+00:00,2.53682,2.54618,2.53542,2.54301,731.0
2026-06-21 21:54:00+00:00,2.54301,2.54714,2.52642,2.53106,938.0
2026-06-21 22:09:00+00:00,2.53106,2.54325,2.52721,2.53944,1542.0
2026-06-21 22:24:00+00:00,2.53944,2.54008,2.53757,2.53787,2103.0
2026-06-21 22:39:00+00:00,2.53787,2.54421,2.53759,2.54393,2169.0
2026-06-21 22:54:00+00:00,2.54393,2.54511,2.53347,2.53501,893.0
2026-06-21 23:09:00+00:00,2.53501,2.53944,2.52661,2.53069,1721.0
2026-06-21 23:24:00+00:00,2.53069,2.53658,2.52951,2.53576,1701.0
2026-06-21 23:39:00+00:00,2.53576,2.53776,2.52684,2.52804,1942.0
2026-06-21 23:54:00+00:00,2.52804,2.54018,2.50733,2.5229,1606.0
2026-06-22 00:09:00+00:00,2.5229,2.53132,2.51368,2.52774,1541.0
2026-06-22 00:24:00+00:00,2.52774,2.53109,2.50783,2.51111,1156.0
2026-06-22 00:39:00+00:00,2.51111,2.52488,2.50786,2.51599,1052.0
2026-06-22 00:54:00+00:00,2.51599,2.52677,2.51403,2.52486,1797.0
2026-06-22 01:09:00+00:00,2.52486,2.52854,2.51593,2.51976,1746.0
2026-06-22 01:24:00+00:00,2.51976,2.52394,2.51673,2.52098,929.0
2026-06-22 01:39:00+00:00,2.52098,2.53175,2.52018,2.53145,1887.0
2026-06-22 01:54:00+00:00,2.53145,2.53221,2.5311,2.53175,1318.0
2026-06-22 02:09:00+00:00,2.53175,2.53926,2.52325,2.53452,1449.0
2026-06-22 02:24:00+00:00,2.53452,2.54021,2.53,2.53537,2053.0
2026-06-22 02:39:00+00:00,2.53537,2.53905,2.52934,2.53566,987.0
2026-06-22 02:54:00+00:00,2.53566,2.53891,2.52727,2.53582,802.0
2026-06-22 03:09:00+00:00,2.53582,2.54684,2.51356,2.5244,898.0
2026-06-22 03:24:00+00:00,2.5244,2.54004,2.51307,2.52773,1998.0
2026-06-22 03:39:00+00:00,2.52773,2.53783,2.52534,2.53237,1262.0
2026-06-22 03:54:00+00:00,2.53237,2.53713,2.53118,2.53475,1113.0
2026-06-22 04:09:00+00:00,2.53475,2.55073,2.52926,2.54521,2087.0
2026-06-22 04:24:00+00:00,2.54521,2.54653,2.53243,2.53445,1890.0
2026-06-22 04:39:00+00:00,2.53445,2.53692,2.52541,2.52721,2121.0
2026-06-22 04:54:00+00:00,2.52721,2.53152,2.50709,2.51138,2126.0
2026-06-22 05:09:00+00:00,2.51138,2.51571,2.49576,2.50679,1701.0
2026-06-22 05:24:00+00:00,2.50679,2.52345,2.5031,2.51767,1548.0
2026-06-22 05:39:00+00:00,2.51767,2.52615,2.5167,2.52337,1042.0
2026-06-22 05:54:00+00:00,2.52337,2.52343,2.51952,2.51955,772.0
2026-06-22 06:09:00+00:00,2.51955,2.52229,2.51764,2.51876,1145.0
2026-06-22 06:24:00+00:00,2.51876,2.51962,2.51601,2.51768,849.0
2026-06-22 06:39:00+00:00,2.51768,2.51817,2.51539,2.51604,1222.0
2026-06-22 06:54:00+00:00,2.51604,2.51759,2.50705,2.50829,1678.0
2026-06-22 07:09:00+00:00,2.50829,2.51564,2.49955,2.50164,1284.0
2026-06-22 07:24:00+00:00,2.50164,2.50716,2.50158,2.50703,3632.0
2026-06-22 07:39:00+00:00,2.50703,2.51389,2.50091,2.50777,1302.0
2026-06-22 07:54:00+00:00,2.50777,2.51585,2.49724,2.5028,3167.0
2026-06-22 08:09:00+00:00,2.5028,2.51267,2.50112,2.51205,3618.0
2026-06-22 08:24:00+00:00,2.51205,2.5183,2.50863,2.51119,2526.0
2026-06-22 08:39:00+00:00,2.51119,2.51966,2.51099,2.51947,2335.0
2026-06-22 08:54:00+00:00,2.51947,2.53831,2.5065,2.5278,3772.0
2026-06-22 09:09:00+00:00,2.5278,2.52984,2.51071,2.51777,3766.0
2026-06-22 09:24:00+00:00,2.51777,2.51784,2.51555,2.51561,2978.0
2026-06-22 09:39:00+00:00,2.51561,2.51681,2.49931,2.50232,2491.0
2026-06-22 09:54:00+00:00,2.50232,2.50235,2.49812,2.4982,2645.0
2026-06-22 10:09:00+00:00,2.4982,2.5054,2.49676,2.50331,2390.0
2026-06-22 10:24:00+00:00,2.50331,2.50349,2.50014,2.5005,1805.0
2026-06-22 10:39:00+00:00,2.5005,2.51098,2.49242,2.50557,2160.0
2026-06-22 10:54:00+00:00,2.50557,2.50802,2.5051,2.50728,3769.0
2026-06-22 11:09:00+00:00,2.50728,2.52233,2.50347,2.51528,1555.0
2026-06-22 11:24:00+00:00,2.51528,2.5215,2.50181,2.5087,1450.0
2026-06-22 11:39:00+00:00,2.5087,2.52135,2.5036,2.51463,1777.0
2026-06-22 11:54:00+00:00,2.51463,2.51811,2.50834,2.51204,1568.0
2026-06-22 12:09:00+00:00,2.51204,2.51529,2.5089,2.5108,3048.0
2026-06-22 12:24:00+00:00,2.5108,2.51464,2.4944,2.49911,2202.0
2026-06-22 12:39:00+00:00,2.49911,2.50449,2.49285,2.49489,2033.0
2026-06-22 12:54:00+00:00,2.49489,2.49762,2.49151,2.49274,2653.0
2026-06-22 13:09:00+00:00,2.49274,2.49365,2.48025,2.48206,2904.0
2026-06-22 13:24:00+00:00,2.48206,2.48606,2.47045,2.47246,2380.0
2026-06-22 13:39:00+00:00,2.47246,2.49011,2.4689,2.48517,1765.0
2026-06-22 13:54:00+00:00,2.48517,2.48825,2.48279,2.48696,2274.0
2026-06-22 14:09:00+00:00,2.48696,2.48965,2.48055,2.48697,3655.0
2026-06-22 14:24:00+00:00,2.48697,2.50398,2.48667,2.5036,2565.0
2026-06-22 14:39:00+00:00,2.5036,2.50801,2.49375,2.50191,2215.0
2026-06-22 14:54:00+00:00,2.50191,2.50638,2.4877,2.49358,1361.0
2026-06-22 15:09:00+00:00,2.49358,2.49382,2.48016,2.4803,3361.0
2026-06-22 15:24:00+00:00,2.4803,2.48449,2.47684,2.47862,1995.0
2026-06-22 15:39:00+00:00,2.47862,2.49059,2.47313,2.48284,1295.0
2026-06-22 15:54:00+00:00,2.48284,2.48618,2.47652,2.47979,3786.0
2026-06-22 16:09:00+00:00,2.47979,2.48849,2.47208,2.48272,1677.0
2026-06-22 16:24:00+00:00,2.48272,2.50082,2.48166,2.49854,1546.0
2026-06-22 16:39:00+00:00,2.49854,2.50469,2.48009,2.4884,3104.0
2026-06-22 16:54:00+00:00,2.4884,2.50439,2.48823,2.50377,3387.0
2026-06-22 17:09:00+00:00,2.50377,2.51109,2.49633,2.50731,2013.0
2026-06-22 17:24:00+00:00,2.50731,2.50917,2.50434,2.50669,2006.0
2026-06-22 17:39:00+00:00,2.50669,2.50865,2.50635,2.50832,1254.0
2026-06-22 17:54:00+00:00,2.50832,2.52071,2.50476,2.51615,1629.0
2026-06-22 18:09:00+00:00,2.51615,2.52699,2.51025,2.51897,1857.0
2026-06-22 18:24:00+00:00,2.51897,2.51983,2.50996,2.51075,1802.0
2026-06-22 18:39:00+00:00,2.51075,2.51858,2.50351,2.50832,734.0
2026-06-22 18:54:00+00:00,2.50832,2.51002,2.49615,2.49703,1356.0
2026-06-22 19:09:00+00:00,2.49703,2.50796,2.48953,2.4974,864.0
2026-06-22 19:24:00+00:00,2.4974,2.50457,2.49493,2.5017,1855.0
2026-06-22 19:39:00+00:00,2.5017,2.50629,2.50084,2.50508,2168.0
2026-06-22 19:54:00+00:00,2.50508,2.52007,2.49179,2.50424,952.0
2026-06-22 20:09:00+00:00,2.50424,2.50776,2.50288,2.50636,1931.0
2026-06-22 20:24:00+00:00,2.50636,2.52175,2.5037,2.51116,2131.0
2026-06-22 20:39:00+00:00,2.51116,2.51252,2.50415,2.50519,2020.0
2026-06-22 20:54:00+00:00,2.50519,2.50714,2.50122,2.50328,782.0
2026-06-22 21:09:00+00:00,2.50328,2.512,2.49232,2.50061,1695.0
2026-06-22 21:24:00+00:00,2.50061,2.51061,2.49479,2.50267,986.0
2026-06-22 21:39:00+00:00,2.50267,2.51095,2.50229,2.51058,1168.0
2026-06-22 21:54:00+00:00,2.51058,2.5155,2.50994,2.51489,2158.0
2026-06-22 22:09:00+00:00,2.51489,2.51595,2.50082,2.50287,1585.0
2026-06-22 22:24:00+00:00,2.50287,2.51991,2.494,2.51106,2017.0
2026-06-22 22:39:00+00:00,2.51106,2.51364,2.4997,2.50077,1321.0
2026-06-22 22:54:00+00:00,2.50077,2.50153,2.49475,2.49647,2106.0
2026-06-22 23:09:00+00:00,2.49647,2.51226,2.49075,2.50466,1521.0
2026-06-22 23:24:00+00:00,2.50466,2.50857,2.49803,2.49975,1882.0
2026-06-22 23:39:00+00:00,2.49975,2.50072,2.49505,2.49683,782.0
2026-06-22 23:54:00+00:00,2.49683,2.50353,2.49616,2.5026,1810.0
2026-06-23 00:09:00+00:00,2.5026,2.51196,2.49919,2.50473,1424.0
2026-06-23 00:24:00+00:00,2.50473,2.50848,2.49519,2.49867,899.0
2026-06-23 00:39:00+00:00,2.49867,2.50032,2.49436,2.4952,1042.0
2026-06-23 00:54:00+00:00,2.4952,2.50308,2.49441,2.5025,1926.0
2026-06-23 01:09:00+00:00,2.5025,2.50767,2.50222,2.50731,1116.0
2026-06-23 01:24:00+00:00,2.50731,2.50846,2.49974,2.50043,1925.0
2026-06-23 01:39:00+00:00,2.50043,2.50069,2.49132,2.49157,1618.0
2026-06-23 01:54:00+00:00,2.49157,2.49402,2.4827,2.48497,786.0
2026-06-23 02:09:00+00:00,2.48497,2.49131,2.48298,2.48886,1452.0
2026-06-23 02:24:00+00:00,2.48886,2.49941,2.48711,2.49869,1246.0
2026-06-23 02:39:00+00:00,2.49869,2.50134,2.48908,2.49196,1134.0
2026-06-23 02:54:00+00:00,2.49196,2.50479,2.49166,2.50368,2168.0
2026-06-23 03:09:00+00:00,2.50368,2.51578,2.50323,2.51519,1055.0
2026-06-23 03:24:00+00:00,2.51519,2.51561,2.51348,2.51391,972.0
2026-06-23 03:39:00+00:00,2.51391,2.51588,2.5016,2.50575,1533.0
2026-06-23 03:54:00+00:00,2.50575,2.50707,2.49618,2.49688,1677.0
2026-06-23 04:09:00+00:00,2.49688,2.50509,2.49307,2.50009,2039.0
2026-06-23 04:24:00+00:00,2.50009,2.50099,2.49963,2.50049,1826.0
2026-06-23 04:39:00+00:00,2.50049,2.50293,2.48707,2.4916,777.0
2026-06-23 04:54:00+00:00,2.4916,2.49353,2.48334,2.48618,1936.0
2026-06-23 05:09:00+00:00,2.48618,2.51441,2.47681,2.50543,1041.0
2026-06-23 05:24:00+00:00,2.50543,2.50559,2.49959,2.5001,1291.0
2026-06-23 05:39:00+00:00,2.5001,2.50363,2.49707,2.49956,1038.0
2026-06-23 05:54:00+00:00,2.49956,2.50072,2.49458,2.49533,1518.0
2026-06-23 06:09:00+00:00,2.49533,2.50136,2.49176,2.49471,836.0
2026-06-23 06:24:00+00:00,2.49471,2.50087,2.48387,2.48601,1633.0
2026-06-23 06:39:00+00:00,2.48601,2.49657,2.48433,2.49314,1167.0
2026-06-23 06:54:00+00:00,2.49314,2.49555,2.49309,2.4955,2119.0
2026-06-23 07:09:00+00:00,2.4955,2.49785,2.49064,2.49571,3076.0
2026-06-23 07:24:00+00:00,2.49571,2.50124,2.48938,2.49076,2002.0
2026-06-23 07:39:00+00:00,2.49076,2.49252,2.47499,2.47947,1814.0
2026-06-23 07:54:00+00:00,2.47947,2.47968,2.47698,2.47732,2401.0
2026-06-23 08:09:00+00:00,2.47732,2.48002,2.47549,2.47769,3692.0
2026-06-23 08:24:00+00:00,2.47769,2.47925,2.46806,2.4731,2345.0
2026-06-23 08:39:00+00:00,2.4731,2.48151,2.47222,2.48058,3331.0
2026-06-23 08:54:00+00:00,2.48058,2.48522,2.47871,2.48355,2939.0
2026-06-23 09:09:00+00:00,2.48355,2.49258,2.48046,2.48798,2157.0
2026-06-23 09:24:00+00:00,2.48798,2.49114,2.48784,2.4908,1753.0
2026-06-23 09:39:00+00:00,2.4908,2.49887,2.48933,2.49723,1973.0
2026-06-23 09:54:00+00:00,2.49723,2.50793,2.49046,2.50271,1877.0
2026-06-23 10:09:00+00:00,2.50271,2.5059,2.50189,2.50486,3518.0
2026-06-23 10:24:00+00:00,2.50486,2.50906,2.50244,2.50826,3298.0
2026-06-23 10:39:00+00:00,2.50826,2.51273,2.50782,2.51241,1352.0
2026-06-23 10:54:00+00:00,2.51241,2.52145,2.50988,2.51802,3493.0
2026-06-23 11:09:00+00:00,2.51802,2.52576,2.51299,2.52221,2661.0
2026-06-23 11:24:00+00:00,2.52221,2.52761,2.52126,2.5253,2656.0
2026-06-23 11:39:00+00:00,2.5253,2.52548,2.52187,2.52229,2437.0
2026-06-23 11:54:00+00:00,2.52229,2.52734,2.52088,2.52615,1453.0
2026-06-23 12:09:00+00:00,2.52615,2.53735,2.52064,2.53307,2689.0
2026-06-23 12:24:00+00:00,2.53307,2.542,2.5285,2.5357,3398.0
2026-06-23 12:39:00+00:00,2.5357,2.54205,2.53337,2.53854,2352.0
2026-06-23 12:54:00+00:00,2.53854,2.54988,2.53297,2.54279,2583.0
2026-06-23 13:09:00+00:00,2.54279,2.55788,2.52374,2.54001,3231.0
2026-06-23 13:24:00+00:00,2.54001,2.54369,2.53113,2.53545,3562.0
2026-06-23 13:39:00+00:00,2.53545,2.54283,2.5354,2.54279,2643.0
2026-06-23 13:54:00+00:00,2.54279,2.54845,2.53551,2.54091,1397.0
2026-06-23 14:09:00+00:00,2.54091,2.55078,2.53089,2.53985,2856.0
2026-06-23 14:24:00+00:00,2.53985,2.54991,2.53737,2.54867,3063.0
2026-06-23 14:39:00+00:00,2.54867,2.54874,2.5474,2.54742,2982.0
2026-06-23 14:54:00+00:00,2.54742,2.56234,2.52553,2.54342,2292.0
2026-06-23 15:09:00+00:00,2.54342,2.55207,2.53348,2.53556,1378.0
2026-06-23 15:24:00+00:00,2.53556,2.55002,2.52184,2.53719,3773.0
2026-06-23 15:39:00+00:00,2.53719,2.54858,2.53402,2.54543,3167.0
2026-06-23 15:54:00+00:00,2.54543,2.54728,2.53894,2.544,3791.0
2026-06-23 16:09:00+00:00,2.544,2.54495,2.54297,2.54404,1418.0
2026-06-23 16:24:00+00:00,2.54404,2.54522,2.54009,2.54197,2307.0
2026-06-23 16:39:00+00:00,2.54197,2.54243,2.52845,2.52951,3255.0
2026-06-23 16:54:00+00:00,2.52951,2.537,2.52123,2.53193,3773.0
2026-06-23 17:09:00+00:00,2.53193,2.53596,2.52515,2.52739,1478.0
2026-06-23 17:24:00+00:00,2.52739,2.53232,2.51902,2.52798,944.0
2026-06-23 17:39:00+00:00,2.52798,2.53208,2.51224,2.51755,766.0
2026-06-23 17:54:00+00:00,2.51755,2.51757,2.51736,2.51738,1643.0
2026-06-23 18:09:00+00:00,2.51738,2.51945,2.51709,2.51885,1264.0
2026-06-23 18:24:00+00:00,2.51885,2.53133,2.50194,2.51648,1487.0
2026-06-23 18:39:00+00:00,2.51648,2.52139,2.51626,2.52122,939.0
2026-06-23 18:54:00+00:00,2.52122,2.52154,2.51738,2.51853,2039.0
2026-06-23 19:09:00+00:00,2.51853,2.52634,2.51336,2.52039,1787.0
2026-06-23 19:24:00+00:00,2.52039,2.52697,2.51833,2.5235,1764.0
2026-06-23 19:39:00+00:00,2.5235,2.52392,2.51839,2.5188,1630.0
2026-06-23 19:54:00+00:00,2.5188,2.53251,2.51695,2.52845,1550.0
2026-06-23 20:09:00+00:00,2.52845,2.53012,2.52752,2.52896,1314.0
2026-06-23 20:24:00+00:00,2.52896,2.53059,2.52876,2.52998,1743.0
2026-06-23 20:39:00+00:00,2.52998,2.53261,2.52324,2.52718,928.0
2026-06-23 20:54:00+00:00,2.52718,2.53826,2.51939,2.52494,1184.0
2026-06-23 21:09:00+00:00,2.52494,2.52541,2.52025,2.52081,1547.0
2026-06-23 21:24:00+00:00,2.52081,2.53082,2.51601,2.5232,1482.0
2026-06-23 21:39:00+00:00,2.5232,2.52554,2.51468,2.51655,1893.0
2026-06-23 21:54:00+00:00,2.51655,2.52153,2.51033,2.52007,858.0
2026-06-23 22:09:00+00:00,2.52007,2.53539,2.51184,2.53205,1750.0
2026-06-23 22:24:00+00:00,2.53205,2.5337,2.52498,2.52666,1669.0
2026-06-23 22:39:00+00:00,2.52666,2.52966,2.52256,2.52426,1147.0
2026-06-23 22:54:00+00:00,2.52426,2.52709,2.51889,2.52205,1661.0
2026-06-23 23:09:00+00:00,2.52205,2.52566,2.5156,2.51855,870.0
2026-06-23 23:24:00+00:00,2.51855,2.52481,2.51691,2.5237,825.0
2026-06-23 23:39:00+00:00,2.5237,2.53009,2.52249,2.52719,1298.0
2026-06-23 23:54:00+00:00,2.52719,2.53059,2.51787,2.52766,1444.0
2026-06-24 00:09:00+00:00,2.52766,2.52875,2.51622,2.5169,1817.0
2026-06-24 00:24:00+00:00,2.5169,2.52234,2.51615,2.52122,970.0
2026-06-24 00:39:00+00:00,2.52122,2.53382,2.52092,2.53315,865.0
2026-06-24 00:54:00+00:00,2.53315,2.53505,2.51801,2.52147,2134.0
2026-06-24 01:09:00+00:00,2.52147,2.52563,2.50755,2.51461,1710.0
2026-06-24 01:24:00+00:00,2.51461,2.52534,2.51287,2.52369,827.0
2026-06-24 01:39:00+00:00,2.52369,2.52373,2.51977,2.51982,1940.0
2026-06-24 01:54:00+00:00,2.51982,2.52059,2.50848,2.51137,1814.0
2026-06-24 02:09:00+00:00,2.51137,2.51259,2.50645,2.50849,1248.0
2026-06-24 02:24:00+00:00,2.50849,2.51823,2.50612,2.51556,1412.0
2026-06-24 02:39:00+00:00,2.51556,2.52181,2.51064,2.5134,1529.0
2026-06-24 02:54:00+00:00,2.5134,2.51473,2.51242,2.51418,1520.0
2026-06-24 03:09:00+00:00,2.51418,2.51719,2.50641,2.50775,1726.0
2026-06-24 03:24:00+00:00,2.50775,2.50863,2.50185,2.50228,1358.0
2026-06-24 03:39:00+00:00,2.50228,2.50373,2.49327,2.49405,1982.0
2026-06-24 03:54:00+00:00,2.49405,2.49565,2.48008,2.4822,1267.0
2026-06-24 04:09:00+00:00,2.4822,2.49677,2.47342,2.48898,1958.0
2026-06-24 04:24:00+00:00,2.48898,2.50013,2.47573,2.49113,1076.0
2026-06-24 04:39:00+00:00,2.49113,2.49348,2.48643,2.48862,1155.0
2026-06-24 04:54:00+00:00,2.48862,2.48906,2.47688,2.47739,1599.0
2026-06-24 05:09:00+00:00,2.47739,2.48617,2.47593,2.48524,1893.0
2026-06-24 05:24:00+00:00,2.48524,2.48756,2.48092,2.48386,1694.0
2026-06-24 05:39:00+00:00,2.48386,2.49527,2.48382,2.49519,1490.0
2026-06-24 05:54:00+00:00,2.49519,2.50413,2.48994,2.49876,1125.0
2026-06-24 06:09:00+00:00,2.49876,2.5063,2.49678,2.50487,1906.0
2026-06-24 06:24:00+00:00,2.50487,2.50557,2.50021,2.50088,1469.0
2026-06-24 06:39:00+00:00,2.50088,2.50998,2.49714,2.50374,1798.0
2026-06-24 06:54:00+00:00,2.50374,2.51566,2.49865,2.51039,824.0
2026-06-24 07:09:00+00:00,2.51039,2.51792,2.50523,2.51408,1582.0
2026-06-24 07:24:00+00:00,2.51408,2.51781,2.51177,2.51273,1980.0
2026-06-24 07:39:00+00:00,2.51273,2.51522,2.49879,2.50169,1518.0
2026-06-24 07:54:00+00:00,2.50169,2.50712,2.49753,2.50348,1845.0
2026-06-24 08:09:00+00:00,2.50348,2.51936,2.49354,2.5124,2068.0
2026-06-24 08:24:00+00:00,2.5124,2.53227,2.51074,2.5286,1712.0
2026-06-24 08:39:00+00:00,2.5286,2.53702,2.52289,2.52942,2467.0
2026-06-24 08:54:00+00:00,2.52942,2.53176,2.52321,2.52648,2348.0
2026-06-24 09:09:00+00:00,2.52648,2.53009,2.5091,2.5112,3126.0
2026-06-24 09:24:00+00:00,2.5112,2.52543,2.50772,2.52266,3790.0
2026-06-24 09:39:00+00:00,2.52266,2.5258,2.51803,2.52311,3784.0
2026-06-24 09:54:00+00:00,2.52311,2.53651,2.52023,2.53176,1319.0
2026-06-24 10:09:00+00:00,2.53176,2.53761,2.52222,2.52809,2226.0
2026-06-24 10:24:00+00:00,2.52809,2.53255,2.50779,2.51235,3156.0
2026-06-24 10:39:00+00:00,2.51235,2.51307,2.5034,2.50445,2002.0
2026-06-24 10:54:00+00:00,2.50445,2.51221,2.4967,2.50205,1373.0
2026-06-24 11:09:00+00:00,2.50205,2.51417,2.49357,2.5068,1607.0
2026-06-24 11:24:00+00:00,2.5068,2.51515,2.50659,2.51495,2346.0
2026-06-24 11:39:00+00:00,2.51495,2.51644,2.51403,2.51577,3403.0
2026-06-24 11:54:00+00:00,2.51577,2.5269,2.5117,2.51581,2338.0
2026-06-24 12:09:00+00:00,2.51581,2.51681,2.51499,2.51567,2976.0
2026-06-24 12:24:00+00:00,2.51567,2.52764,2.51448,2.52633,1401.0
2026-06-24 12:39:00+00:00,2.52633,2.5329,2.52102,2.53096,2278.0
2026-06-24 12:54:00+00:00,2.53096,2.54643,2.51764,2.53008,1406.0
2026-06-24 13:09:00+00:00,2.53008,2.55314,2.52309,2.54483,2867.0
2026-06-24 13:24:00+00:00,2.54483,2.55317,2.53267,2.5375,1644.0
2026-06-24 13:39:00+00:00,2.5375,2.54605,2.53472,2.54217,3710.0
2026-06-24 13:54:00+00:00,2.54217,2.54801,2.5405,2.5452,2841.0
2026-06-24 14:09:00+00:00,2.5452,2.5529,2.54501,2.55242,2008.0
2026-06-24 14:24:00+00:00,2.55242,2.55423,2.5474,2.55208,2901.0
2026-06-24 14:39:00+00:00,2.55208,2.55506,2.53927,2.54484,1585.0
2026-06-24 14:54:00+00:00,2.54484,2.55315,2.54277,2.55126,1285.0
2026-06-24 15:09:00+00:00,2.55126,2.56952,2.54891,2.5675,3279.0
2026-06-24 15:24:00+00:00,2.5675,2.56811,2.56605,2.56714,3623.0
2026-06-24 15:39:00+00:00,2.56714,2.56727,2.56029,2.56048,3534.0
2026-06-24 15:54:00+00:00,2.56048,2.56819,2.55932,2.56611,2808.0
2026-06-24 16:09:00+00:00,2.56611,2.5681,2.55822,2.55971,2022.0
2026-06-24 16:24:00+00:00,2.55971,2.56846,2.55235,2.56113,2408.0
2026-06-24 16:39:00+00:00,2.56113,2.56353,2.55668,2.55788,1438.0
2026-06-24 16:54:00+00:00,2.55788,2.57032,2.54962,2.55403,2513.0
2026-06-24 17:09:00+00:00,2.55403,2.56122,2.54957,2.55646,750.0
2026-06-24 17:24:00+00:00,2.55646,2.5658,2.55249,2.55994,1566.0
2026-06-24 17:39:00+00:00,2.55994,2.5646,2.55533,2.55826,1645.0
2026-06-24 17:54:00+00:00,2.55826,2.56304,2.54911,2.55333,1671.0
2026-06-24 18:09:00+00:00,2.55333,2.55416,2.54628,2.54746,1110.0
2026-06-24 18:24:00+00:00,2.54746,2.54877,2.53981,2.54033,789.0
2026-06-24 18:39:00+00:00,2.54033,2.55057,2.52844,2.5453,1945.0
2026-06-24 18:54:00+00:00,2.5453,2.54666,2.53111,2.53438,1876.0
2026-06-24 19:09:00+00:00,2.53438,2.53878,2.52529,2.52818,922.0
2026-06-24 19:24:00+00:00,2.52818,2.53187,2.51976,2.52426,1742.0
2026-06-24 19:39:00+00:00,2.52426,2.52603,2.51641,2.51911,1741.0
2026-06-24 19:54:00+00:00,2.51911,2.52563,2.51318,2.52145,1897.0
2026-06-24 20:09:00+00:00,2.52145,2.52501,2.51943,2.52159,1627.0
2026-06-24 20:24:00+00:00,2.52159,2.52524,2.50652,2.51218,734.0
2026-06-24 20:39:00+00:00,2.51218,2.52523,2.50756,2.52121,818.0
2026-06-24 20:54:00+00:00,2.52121,2.52982,2.5204,2.52928,1826.0
2026-06-24 21:09:00+00:00,2.52928,2.5299,2.52586,2.52603,1127.0
2026-06-24 21:24:00+00:00,2.52603,2.52849,2.52006,2.52088,1796.0
2026-06-24 21:39:00+00:00,2.52088,2.52095,2.50139,2.50158,1448.0
2026-06-24 21:54:00+00:00,2.50158,2.50658,2.48264,2.48924,1892.0
2026-06-24 22:09:00+00:00,2.48924,2.50045,2.48706,2.49186,1718.0
2026-06-24 22:24:00+00:00,2.49186,2.49616,2.48997,2.49434,1076.0
2026-06-24 22:39:00+00:00,2.49434,2.49482,2.49119,2.49175,1507.0
2026-06-24 22:54:00+00:00,2.49175,2.51179,2.48277,2.50657,1044.0
2026-06-24 23:09:00+00:00,2.50657,2.52104,2.49212,2.50696,1435.0
2026-06-24 23:24:00+00:00,2.50696,2.52177,2.50218,2.51641,1641.0
2026-06-24 23:39:00+00:00,2.51641,2.5368,2.50879,2.52313,1678.0
2026-06-24 23:54:00+00:00,2.52313,2.53029,2.51611,2.52421,1722.0
2026-06-25 00:09:00+00:00,2.52421,2.53136,2.52341,2.53093,894.0
2026-06-25 00:24:00+00:00,2.53093,2.53849,2.52834,2.53707,1392.0
2026-06-25 00:39:00+00:00,2.53707,2.54933,2.53579,2.54716,1942.0
2026-06-25 00:54:00+00:00,2.54716,2.54917,2.54529,2.54619,1748.0
2026-06-25 01:09:00+00:00,2.54619,2.54677,2.5423,2.54286,1808.0
2026-06-25 01:24:00+00:00,2.54286,2.56226,2.53775,2.55795,1990.0
2026-06-25 01:39:00+00:00,2.55795,2.56089,2.55739,2.5585,2158.0
2026-06-25 01:54:00+00:00,2.5585,2.56503,2.54896,2.5589,2055.0
2026-06-25 02:09:00+00:00,2.5589,2.57595,2.55704,2.56899,1386.0
2026-06-25 02:24:00+00:00,2.56899,2.58,2.56841,2.57922,1013.0
2026-06-25 02:39:00+00:00,2.57922,2.58348,2.56825,2.5709,1236.0
2026-06-25 02:54:00+00:00,2.5709,2.58121,2.56859,2.57908,1592.0
2026-06-25 03:09:00+00:00,2.57908,2.58915,2.57544,2.58823,763.0
2026-06-25 03:24:00+00:00,2.58823,2.59939,2.57379,2.58303,1714.0
2026-06-25 03:39:00+00:00,2.58303,2.58763,2.57913,2.58074,1280.0
2026-06-25 03:54:00+00:00,2.58074,2.58815,2.57596,2.58565,1986.0
2026-06-25 04:09:00+00:00,2.58565,2.58879,2.57919,2.58107,2090.0
2026-06-25 04:24:00+00:00,2.58107,2.59228,2.57538,2.586,1592.0
2026-06-25 04:39:00+00:00,2.586,2.5943,2.58431,2.59336,1290.0
2026-06-25 04:54:00+00:00,2.59336,2.59594,2.59237,2.59447,918.0
2026-06-25 05:09:00+00:00,2.59447,2.59975,2.5926,2.59731,1091.0
2026-06-25 05:24:00+00:00,2.59731,2.60074,2.59651,2.59937,686.0
2026-06-25 05:39:00+00:00,2.59937,2.59986,2.58989,2.59163,1054.0
2026-06-25 05:54:00+00:00,2.59163,2.60163,2.59122,2.60145,1166.0
2026-06-25 06:09:00+00:00,2.60145,2.6108,2.60004,2.61019,840.0
2026-06-25 06:24:00+00:00,2.61019,2.6103,2.60707,2.60731,633.0
2026-06-25 06:39:00+00:00,2.60731,2.61211,2.60674,2.61096,882.0
2026-06-25 06:54:00+00:00,2.61096,2.61824,2.60871,2.61604,660.0
2026-06-25 07:09:00+00:00,2.61604,2.61738,2.61354,2.61525,1513.0
2026-06-25 07:24:00+00:00,2.61525,2.6228,2.61403,2.62149,1320.0
2026-06-25 07:39:00+00:00,2.62149,2.62874,2.61679,2.62615,991.0
2026-06-25 07:54:00+00:00,2.62615,2.62653,2.6231,2.62387,801.0
2026-06-25 08:09:00+00:00,2.62387,2.62753,2.62308,2.62478,1729.0
2026-06-25 08:24:00+00:00,2.62478,2.62604,2.62315,2.62482,1579.0
2026-06-25 08:39:00+00:00,2.62482,2.62588,2.62376,2.625,1221.0
2026-06-25 08:54:00+00:00,2.625,2.62619,2.62237,2.62287,1572.0
2026-06-25 09:09:00+00:00,2.62287,2.62361,2.62285,2.62359,1968.0
2026-06-25 09:24:00+00:00,2.62359,2.62715,2.61506,2.61798,1172.0
2026-06-25 09:39:00+00:00,2.61798,2.61891,2.61015,2.61229,980.0
2026-06-25 09:54:00+00:00,2.61229,2.6208,2.61111,2.62004,2050.0
2026-06-25 10:09:00+00:00,2.62004,2.62767,2.61783,2.62545,1274.0
2026-06-25 10:24:00+00:00,2.62545,2.62671,2.62317,2.62463,865.0
2026-06-25 10:39:00+00:00,2.62463,2.62835,2.62459,2.62828,1429.0
2026-06-25 10:54:00+00:00,2.62828,2.62901,2.6244,2.6262,1679.0
2026-06-25 11:09:00+00:00,2.6262,2.62842,2.62386,2.62583,1775.0
2026-06-25 11:24:00+00:00,2.62583,2.62666,2.61844,2.62,1501.0
2026-06-25 11:39:00+00:00,2.62,2.62043,2.61772,2.61881,1025.0
2026-06-25 11:54:00+00:00,2.61881,2.61969,2.61489,2.61587,979.0
2026-06-25 12:09:00+00:00,2.61587,2.61611,2.61122,2.61137,932.0
2026-06-25 12:24:00+00:00,2.61137,2.6128,2.60761,2.60908,1827.0
2026-06-25 12:39:00+00:00,2.60908,2.61592,2.60876,2.6156,1977.0
2026-06-25 12:54:00+00:00,2.6156,2.61633,2.6133,2.61539,1245.0
2026-06-25 13:09:00+00:00,2.61539,2.62395,2.60906,2.61609,1253.0
2026-06-25 13:24:00+00:00,2.61609,2.62069,2.60767,2.60961,1116.0
2026-06-25 13:39:00+00:00,2.60961,2.61392,2.60491,2.60689,1173.0
2026-06-25 13:54:00+00:00,2.60689,2.6106,2.60534,2.6072,847.0
2026-06-25 14:09:00+00:00,2.6072,2.60832,2.60519,2.60575,1690.0
2026-06-25 14:24:00+00:00,2.60575,2.60674,2.60293,2.60416,895.0
2026-06-25 14:39:00+00:00,2.60416,2.60558,2.59961,2.60283,1992.0
2026-06-25 14:54:00+00:00,2.60283,2.60429,2.59966,2.6019,1224.0
2026-06-25 15:09:00+00:00,2.6019,2.60674,2.60107,2.60609,2064.0
2026-06-25 15:24:00+00:00,2.60609,2.60876,2.60599,2.60841,1865.0
2026-06-25 15:39:00+00:00,2.60841,2.611,2.60303,2.6079,861.0
2026-06-25 15:54:00+00:00,2.6079,2.60799,2.60392,2.60397,1637.0
2026-06-25 16:09:00+00:00,2.60397,2.61578,2.59918,2.61083,1170.0
2026-06-25 16:24:00+00:00,2.61083,2.6118,2.61047,2.61072,1875.0
2026-06-25 16:39:00+00:00,2.61072,2.61284,2.60071,2.60531,1771.0
2026-06-25 16:54:00+00:00,2.60531,2.60722,2.59838,2.60064,1373.0
2026-06-25 17:09:00+00:00,2.60064,2.60379,2.59992,2.60114,490.0
2026-06-25 17:24:00+00:00,2.60114,2.60418,2.59884,2.60326,706.0
2026-06-25 17:39:00+00:00,2.60326,2.60703,2.59692,2.60038,893.0
2026-06-25 17:54:00+00:00,2.60038,2.60826,2.59901,2.60549,1150.0
2026-06-25 18:09:00+00:00,2.60549,2.60695,2.60342,2.60444,506.0
2026-06-25 18:24:00+00:00,2.60444,2.60448,2.6036,2.60363,406.0
2026-06-25 18:39:00+00:00,2.60363,2.60466,2.59908,2.60069,1158.0
2026-06-25 18:54:00+00:00,2.60069,2.60564,2.59701,2.59887,544.0
2026-06-25 19:09:00+00:00,2.59887,2.60269,2.59807,2.60191,944.0
2026-06-25 19:24:00+00:00,2.60191,2.60474,2.59522,2.5982,485.0
2026-06-25 19:39:00+00:00,2.5982,2.59909,2.59253,2.59323,406.0
2026-06-25 19:54:00+00:00,2.59323,2.60169,2.59116,2.6005,458.0
2026-06-25 20:09:00+00:00,2.6005,2.6028,2.59473,2.59583,1171.0
2026-06-25 20:24:00+00:00,2.59583,2.59747,2.59007,2.59157,901.0
2026-06-25 20:39:00+00:00,2.59157,2.59981,2.59038,2.59911,841.0
2026-06-25 20:54:00+00:00,2.59911,2.60062,2.59804,2.59841,514.0
2026-06-25 21:09:00+00:00,2.59841,2.60843,2.59603,2.6053,747.0
2026-06-25 21:24:00+00:00,2.6053,2.60647,2.60259,2.60309,520.0
2026-06-25 21:39:00+00:00,2.60309,2.61083,2.59918,2.60836,1110.0
2026-06-25 21:54:00+00:00,2.60836,2.61393,2.60799,2.61359,922.0
2026-06-25 22:09:00+00:00,2.61359,2.61628,2.61327,2.616,515.0
2026-06-25 22:24:00+00:00,2.616,2.62027,2.61019,2.61324,660.0
2026-06-25 22:39:00+00:00,2.61324,2.6171,2.60894,2.61296,743.0
2026-06-25 22:54:00+00:00,2.61296,2.61613,2.60601,2.60946,675.0
2026-06-25 23:09:00+00:00,2.60946,2.61002,2.60599,2.6069,602.0
2026-06-25 23:24:00+00:00,2.6069,2.61003,2.60535,2.60683,716.0
2026-06-25 23:39:00+00:00,2.60683,2.60898,2.60387,2.60541,424.0
2026-06-25 23:54:00+00:00,2.60541,2.60633,2.60373,2.60575,1117.0
2026-06-26 00:09:00+00:00,2.60575,2.60669,2.59444,2.59624,622.0
2026-06-26 00:24:00+00:00,2.59624,2.5988,2.59611,2.59856,1155.0
2026-06-26 00:39:00+00:00,2.59856,2.60511,2.59731,2.60232,542.0
2026-06-26 00:54:00+00:00,2.60232,2.60684,2.60159,2.6048,1057.0
2026-06-26 01:09:00+00:00,2.6048,2.60531,2.5987,2.59926,843.0
2026-06-26 01:24:00+00:00,2.59926,2.60904,2.59742,2.60716,709.0
2026-06-26 01:39:00+00:00,2.60716,2.61504,2.60085,2.60764,1125.0
2026-06-26 01:54:00+00:00,2.60764,2.608,2.60723,2.60741,861.0
2026-06-26 02:09:00+00:00,2.60741,2.61304,2.60514,2.60882,541.0
2026-06-26 02:24:00+00:00,2.60882,2.61142,2.60437,2.60984,536.0
2026-06-26 02:39:00+00:00,2.60984,2.61047,2.60582,2.60678,506.0
2026-06-26 02:54:00+00:00,2.60678,2.61227,2.60496,2.60839,919.0
2026-06-26 03:09:00+00:00,2.60839,2.61121,2.60238,2.60619,862.0
2026-06-26 03:24:00+00:00,2.60619,2.60964,2.59911,2.60198,585.0
2026-06-26 03:39:00+00:00,2.60198,2.60543,2.60113,2.60363,1126.0
2026-06-26 03:54:00+00:00,2.60363,2.60434,2.59579,2.59744,978.0
2026-06-26 04:09:00+00:00,2.59744,2.59756,2.59453,2.59465,448.0
2026-06-26 04:24:00+00:00,2.59465,2.5952,2.58961,2.59004,467.0
2026-06-26 04:39:00+00:00,2.59004,2.59081,2.58809,2.58869,946.0
2026-06-26 04:54:00+00:00,2.58869,2.59076,2.58489,2.58699,1123.0
2026-06-26 05:09:00+00:00,2.58699,2.58784,2.58684,2.58771,436.0
2026-06-26 05:24:00+00:00,2.58771,2.58939,2.58502,2.58683,765.0
2026-06-26 05:39:00+00:00,2.58683,2.59139,2.58666,2.59088,501.0
2026-06-26 05:54:00+00:00,2.59088,2.59705,2.58877,2.59124,986.0
2026-06-26 06:09:00+00:00,2.59124,2.59956,2.58877,2.59765,982.0
2026-06-26 06:24:00+00:00,2.59765,2.60308,2.59493,2.60007,1102.0
2026-06-26 06:39:00+00:00,2.60007,2.60166,2.59921,2.6011,518.0
2026-06-26 06:54:00+00:00,2.6011,2.60516,2.60008,2.6048,832.0
2026-06-26 07:09:00+00:00,2.6048,2.60774,2.60381,2.60702,1800.0
2026-06-26 07:24:00+00:00,2.60702,2.60985,2.60119,2.60308,764.0
2026-06-26 07:39:00+00:00,2.60308,2.60377,2.59817,2.59897,885.0
2026-06-26 07:54:00+00:00,2.59897,2.60327,2.59509,2.59794,1205.0
2026-06-26 08:09:00+00:00,2.59794,2.59982,2.59342,2.59563,787.0
2026-06-26 08:24:00+00:00,2.59563,2.59587,2.59387,2.59451,1574.0
2026-06-26 08:39:00+00:00,2.59451,2.59876,2.5879,2.59076,858.0
2026-06-26 08:54:00+00:00,2.59076,2.59883,2.58227,2.59058,1547.0
2026-06-26 09:09:00+00:00,2.59058,2.59583,2.59029,2.59565,1415.0
2026-06-26 09:24:00+00:00,2.59565,2.60366,2.59144,2.60109,1421.0
2026-06-26 09:39:00+00:00,2.60109,2.60277,2.59774,2.59845,1322.0
2026-06-26 09:54:00+00:00,2.59845,2.60158,2.59557,2.60031,2002.0
2026-06-26 10:09:00+00:00,2.60031,2.60549,2.59631,2.59767,1721.0
2026-06-26 10:24:00+00:00,2.59767,2.59901,2.59591,2.5975,1631.0
2026-06-26 10:39:00+00:00,2.5975,2.60758,2.59043,2.60081,944.0
2026-06-26 10:54:00+00:00,2.60081,2.60268,2.5987,2.60009,2002.0
2026-06-26 11:09:00+00:00,2.60009,2.60506,2.59314,2.5954,1210.0
2026-06-26 11:24:00+00:00,2.5954,2.59559,2.5881,2.58828,735.0
2026-06-26 11:39:00+00:00,2.58828,2.59142,2.57851,2.58404,965.0
2026-06-26 11:54:00+00:00,2.58404,2.58426,2.57691,2.57712,1627.0
2026-06-26 12:09:00+00:00,2.57712,2.58194,2.57688,2.58171,910.0
2026-06-26 12:24:00+00:00,2.58171,2.58351,2.57684,2.57787,1529.0
2026-06-26 12:39:00+00:00,2.57787,2.58831,2.57034,2.58415,1231.0
2026-06-26 12:54:00+00:00,2.58415,2.58569,2.5802,2.58262,774.0
2026-06-26 13:09:00+00:00,2.58262,2.59102,2.57532,2.58693,1380.0
2026-06-26 13:24:00+00:00,2.58693,2.58768,2.57427,2.5747,1253.0
2026-06-26 13:39:00+00:00,2.5747,2.57749,2.57468,2.57748,1991.0
2026-06-26 13:54:00+00:00,2.57748,2.57863,2.57565,2.5761,977.0
2026-06-26 14:09:00+00:00,2.5761,2.57704,2.5731,2.57357,1221.0
2026-06-26 14:24:00+00:00,2.57357,2.57533,2.56874,2.56968,823.0
2026-06-26 14:39:00+00:00,2.56968,2.5717,2.56506,2.56919,1858.0
2026-06-26 14:54:00+00:00,2.56919,2.56928,2.56781,2.56789,1753.0
2026-06-26 15:09:00+00:00,2.56789,2.57051,2.56036,2.5656,1240.0
2026-06-26 15:24:00+00:00,2.5656,2.56794,2.56397,2.5652,2033.0
2026-06-26 15:39:00+00:00,2.5652,2.57128,2.56378,2.56798,970.0
2026-06-26 15:54:00+00:00,2.56798,2.57125,2.56484,2.56665,1233.0
2026-06-26 16:09:00+00:00,2.56665,2.56885,2.56401,2.56506,1119.0
2026-06-26 16:24:00+00:00,2.56506,2.56754,2.5592,2.56339,1726.0
2026-06-26 16:39:00+00:00,2.56339,2.56842,2.55794,2.56469,812.0
2026-06-26 16:54:00+00:00,2.56469,2.56728,2.56303,2.56512,1341.0
2026-06-26 17:09:00+00:00,2.56512,2.56695,2.5648,2.5666,1106.0
2026-06-26 17:24:00+00:00,2.5666,2.56771,2.56086,2.56148,474.0
2026-06-26 17:39:00+00:00,2.56148,2.56305,2.55985,2.56222,684.0
2026-06-26 17:54:00+00:00,2.56222,2.56252,2.56084,2.56195,1079.0
2026-06-26 18:09:00+00:00,2.56195,2.56207,2.55858,2.55872,732.0
2026-06-26 18:24:00+00:00,2.55872,2.56128,2.55309,2.55479,1112.0
2026-06-26 18:39:00+00:00,2.55479,2.55482,2.55107,2.55108,564.0
2026-06-26 18:54:00+00:00,2.55108,2.55451,2.54202,2.54688,489.0
2026-06-26 19:09:00+00:00,2.54688,2.54989,2.54206,2.54526,965.0
2026-06-26 19:24:00+00:00,2.54526,2.54641,2.54524,2.54638,1177.0
2026-06-26 19:39:00+00:00,2.54638,2.54819,2.54204,2.54504,833.0
2026-06-26 19:54:00+00:00,2.54504,2.54987,2.54255,2.54857,804.0
2026-06-26 20:09:00+00:00,2.54857,2.55181,2.54783,2.54994,861.0
2026-06-26 20:24:00+00:00,2.54994,2.55363,2.54068,2.54416,1077.0
2026-06-26 20:39:00+00:00,2.54416,2.54892,2.5419,2.54766,986.0
2026-06-26 20:54:00+00:00,2.54766,2.55011,2.54528,2.5481,899.0
2026-06-26 21:09:00+00:00,2.5481,2.54858,2.54217,2.54293,898.0
2026-06-26 21:24:00+00:00,2.54293,2.54513,2.53726,2.54214,632.0
2026-06-26 21:39:00+00:00,2.54214,2.54324,2.53967,2.54115,591.0
2026-06-26 21:54:00+00:00,2.54115,2.5464,2.53854,2.54064,472.0
2026-06-26 22:09:00+00:00,2.54064,2.54085,2.53795,2.53834,530.0
2026-06-26 22:24:00+00:00,2.53834,2.54068,2.53322,2.53413,1135.0
2026-06-26 22:39:00+00:00,2.53413,2.53576,2.52801,2.53138,1051.0
2026-06-26 22:54:00+00:00,2.53138,2.53174,2.52717,2.5283,762.0
2026-06-26 23:09:00+00:00,2.5283,2.53251,2.52442,2.5296,526.0
2026-06-26 23:24:00+00:00,2.5296,2.53143,2.52436,2.52644,632.0
2026-06-26 23:39:00+00:00,2.52644,2.53455,2.52473,2.53327,933.0
2026-06-26 23:54:00+00:00,2.53327,2.53349,2.5311,2.53119,537.0
2026-06-27 00:09:00+00:00,2.53119,2.53538,2.53116,2.53535,1022.0
2026-06-27 00:24:00+00:00,2.53535,2.53654,2.52458,2.52695,949.0
2026-06-27 00:39:00+00:00,2.52695,2.54241,2.5205,2.53417,758.0
2026-06-27 00:54:00+00:00,2.53417,2.53553,2.53397,2.53521,697.0
2026-06-27 01:09:00+00:00,2.53521,2.54224,2.52833,2.53408,903.0
2026-06-27 01:24:00+00:00,2.53408,2.53604,2.52253,2.52391,547.0
2026-06-27 01:39:00+00:00,2.52391,2.53093,2.52044,2.52771,846.0
2026-06-27 01:54:00+00:00,2.52771,2.53246,2.52324,2.52855,578.0
2026-06-27 02:09:00+00:00,2.52855,2.52994,2.52632,2.52757,1121.0
2026-06-27 02:24:00+00:00,2.52757,2.52962,2.52403,2.52798,983.0
2026-06-27 02:39:00+00:00,2.52798,2.53068,2.52656,2.52904,1182.0
2026-06-27 02:54:00+00:00,2.52904,2.5304,2.52246,2.52363,482.0
2026-06-27 03:09:00+00:00,2.52363,2.52419,2.51747,2.51822,564.0
2026-06-27 03:24:00+00:00,2.51822,2.52148,2.51411,2.51831,606.0
2026-06-27 03:39:00+00:00,2.51831,2.51928,2.51741,2.51784,958.0
2026-06-27 03:54:00+00:00,2.51784,2.51807,2.51063,2.51088,506.0
2026-06-27 04:09:00+00:00,2.51088,2.51212,2.50142,2.50262,699.0
2026-06-27 04:24:00+00:00,2.50262,2.50414,2.49509,2.49572,590.0
2026-06-27 04:39:00+00:00,2.49572,2.49651,2.49312,2.49353,958.0
2026-06-27 04:54:00+00:00,2.49353,2.49941,2.48745,2.49463,1069.0
2026-06-27 05:09:00+00:00,2.49463,2.49874,2.49333,2.49775,768.0
2026-06-27 05:24:00+00:00,2.49775,2.49934,2.48952,2.49033,1165.0
2026-06-27 05:39:00+00:00,2.49033,2.49355,2.48803,2.49175,1040.0
2026-06-27 05:54:00+00:00,2.49175,2.49789,2.48872,2.49442,947.0
2026-06-27 06:09:00+00:00,2.49442,2.50051,2.4934,2.49853,780.0
2026-06-27 06:24:00+00:00,2.49853,2.50252,2.49118,2.49759,1030.0
2026-06-27 06:39:00+00:00,2.49759,2.4989,2.49284,2.49582,718.0
2026-06-27 06:54:00+00:00,2.49582,2.49865,2.49266,2.49575,1023.0
2026-06-27 07:09:00+00:00,2.49575,2.50041,2.49377,2.49828,1856.0
2026-06-27 07:24:00+00:00,2.49828,2.49924,2.49528,2.49613,853.0
2026-06-27 07:39:00+00:00,2.49613,2.50756,2.49523,2.50654,900.0
2026-06-27 07:54:00+00:00,2.50654,2.50684,2.50138,2.50216,1441.0
2026-06-27 08:09:00+00:00,2.50216,2.50436,2.49608,2.49818,1313.0
2026-06-27 08:24:00+00:00,2.49818,2.50463,2.48985,2.50187,1677.0
2026-06-27 08:39:00+00:00,2.50187,2.50258,2.49684,2.49731,1938.0
2026-06-27 08:54:00+00:00,2.49731,2.50183,2.49598,2.49994,1632.0
2026-06-27 09:09:00+00:00,2.49994,2.50862,2.49695,2.50599,1551.0
2026-06-27 09:24:00+00:00,2.50599,2.50748,2.50424,2.50659,1558.0
2026-06-27 09:39:00+00:00,2.50659,2.51333,2.50112,2.51149,836.0
2026-06-27 09:54:00+00:00,2.51149,2.51182,2.50937,2.50956,1050.0
2026-06-27 10:09:00+00:00,2.50956,2.51585,2.50924,2.51559,1530.0
2026-06-27 10:24:00+00:00,2.51559,2.51593,2.50946,2.51072,1984.0
2026-06-27 10:39:00+00:00,2.51072,2.51251,2.5028,2.50382,1756.0
2026-06-27 10:54:00+00:00,2.50382,2.50774,2.50185,2.50631,767.0
2026-06-27 11:09:00+00:00,2.50631,2.51131,2.50303,2.50836,1389.0
2026-06-27 11:24:00+00:00,2.50836,2.51199,2.49401,2.49667,890.0
2026-06-27 11:39:00+00:00,2.49667,2.50025,2.49356,2.49599,707.0
2026-06-27 11:54:00+00:00,2.49599,2.50022,2.48453,2.4873,1656.0
2026-06-27 12:09:00+00:00,2.4873,2.48831,2.4829,2.48363,1422.0
2026-06-27 12:24:00+00:00,2.48363,2.48582,2.48083,2.48255,1593.0
2026-06-27 12:39:00+00:00,2.48255,2.48443,2.48189,2.48392,1698.0
2026-06-27 12:54:00+00:00,2.48392,2.48726,2.47914,2.48277,741.0
2026-06-27 13:09:00+00:00,2.48277,2.48682,2.47975,2.48578,1386.0
2026-06-27 13:24:00+00:00,2.48578,2.48861,2.48239,2.48426,1326.0
2026-06-27 13:39:00+00:00,2.48426,2.4868,2.4799,2.48285,1448.0
2026-06-27 13:54:00+00:00,2.48285,2.48444,2.4729,2.47504,1177.0
2026-06-27 14:09:00+00:00,2.47504,2.47732,2.47148,2.47338,1912.0
2026-06-27 14:24:00+00:00,2.47338,2.47837,2.45735,2.46501,1646.0
2026-06-27 14:39:00+00:00,2.46501,2.46581,2.45957,2.46115,1961.0
2026-06-27 14:54:00+00:00,2.46115,2.46976,2.45789,2.46773,1350.0
2026-06-27 15:09:00+00:00,2.46773,2.46956,2.46251,2.46478,1757.0
2026-06-27 15:24:00+00:00,2.46478,2.46536,2.45715,2.45815,1308.0
2026-06-27 15:39:00+00:00,2.45815,2.45873,2.456,2.45656,2030.0
2026-06-27 15:54:00+00:00,2.45656,2.46051,2.45643,2.46002,1939.0
2026-06-27 16:09:00+00:00,2.46002,2.46293,2.45958,2.46176,1331.0
2026-06-27 16:24:00+00:00,2.46176,2.4644,2.45968,2.461,1701.0
2026-06-27 16:39:00+00:00,2.461,2.46248,2.45371,2.45522,907.0
2026-06-27 16:54:00+00:00,2.45522,2.46052,2.45445,2.4572,1890.0
2026-06-27 17:09:00+00:00,2.4572,2.45765,2.45183,2.45219,921.0
2026-06-27 17:24:00+00:00,2.45219,2.45369,2.44793,2.44879,472.0
2026-06-27 17:39:00+00:00,2.44879,2.45838,2.44812,2.45744,558.0
2026-06-27 17:54:00+00:00,2.45744,2.45775,2.45402,2.45429,707.0
2026-06-27 18:09:00+00:00,2.45429,2.46161,2.45288,2.4575,710.0
2026-06-27 18:24:00+00:00,2.4575,2.45788,2.4554,2.45589,938.0
2026-06-27 18:39:00+00:00,2.45589,2.45687,2.45087,2.45255,602.0
2026-06-27 18:54:00+00:00,2.45255,2.45312,2.45001,2.45193,942.0
2026-06-27 19:09:00+00:00,2.45193,2.45591,2.44291,2.44485,997.0
2026-06-27 19:24:00+00:00,2.44485,2.44562,2.44028,2.44079,1016.0
2026-06-27 19:39:00+00:00,2.44079,2.44181,2.43904,2.4408,1010.0
2026-06-27 19:54:00+00:00,2.4408,2.44355,2.43907,2.44229,1158.0
2026-06-27 20:09:00+00:00,2.44229,2.44272,2.44214,2.44227,1124.0
2026-06-27 20:24:00+00:00,2.44227,2.4429,2.44098,2.4418,618.0
2026-06-27 20:39:00+00:00,2.4418,2.44198,2.4383,2.4388,810.0
2026-06-27 20:54:00+00:00,2.4388,2.43942,2.43853,2.43899,724.0
2026-06-27 21:09:00+00:00,2.43899,2.44046,2.43208,2.43489,1011.0
2026-06-27 21:24:00+00:00,2.43489,2.43793,2.43187,2.4331,686.0
2026-06-27 21:39:00+00:00,2.4331,2.43564,2.43115,2.43337,442.0
2026-06-27 21:54:00+00:00,2.43337,2.43421,2.43265,2.43395,436.0
2026-06-27 22:09:00+00:00,2.43395,2.43451,2.42945,2.42991,563.0
2026-06-27 22:24:00+00:00,2.42991,2.43346,2.4273,2.42836,438.0
2026-06-27 22:39:00+00:00,2.42836,2.4305,2.42797,2.43035,1082.0
2026-06-27 22:54:00+00:00,2.43035,2.43139,2.42672,2.42982,1082.0
2026-06-27 23:09:00+00:00,2.42982,2.43459,2.4291,2.43332,986.0
2026-06-27 23:24:00+00:00,2.43332,2.43348,2.42927,2.42948,848.0
2026-06-27 23:39:00+00:00,2.42948,2.43919,2.42561,2.43472,410.0
2026-06-27 23:54:00+00:00,2.43472,2.43585,2.42988,2.43193,685.0
2026-06-28 00:09:00+00:00,2.43193,2.4375,2.43129,2.43571,815.0
2026-06-28 00:24:00+00:00,2.43571,2.44066,2.43224,2.43755,480.0
2026-06-28 00:39:00+00:00,2.43755,2.43821,2.43464,2.43545,1045.0
2026-06-28 00:54:00+00:00,2.43545,2.4408,2.43477,2.43946,450.0
2026-06-28 01:09:00+00:00,2.43946,2.44152,2.43659,2.43812,672.0
2026-06-28 01:24:00+00:00,2.43812,2.44188,2.43755,2.44061,743.0
2026-06-28 01:39:00+00:00,2.44061,2.44326,2.43905,2.4404,637.0
2026-06-28 01:54:00+00:00,2.4404,2.44082,2.43937,2.4398,1018.0
2026-06-28 02:09:00+00:00,2.4398,2.44676,2.43953,2.44654,916.0
2026-06-28 02:24:00+00:00,2.44654,2.4476,2.44599,2.44683,455.0
2026-06-28 02:39:00+00:00,2.44683,2.44923,2.43776,2.44049,914.0
2026-06-28 02:54:00+00:00,2.44049,2.44381,2.44042,2.44376,581.0
2026-06-28 03:09:00+00:00,2.44376,2.44812,2.44252,2.44719,801.0
2026-06-28 03:24:00+00:00,2.44719,2.44989,2.44635,2.44756,550.0
2026-06-28 03:39:00+00:00,2.44756,2.44897,2.44733,2.44868,626.0
2026-06-28 03:54:00+00:00,2.44868,2.44933,2.44331,2.44417,542.0
2026-06-28 04:09:00+00:00,2.44417,2.4479,2.43444,2.43725,836.0
2026-06-28 04:24:00+00:00,2.43725,2.44073,2.43186,2.43523,419.0
2026-06-28 04:39:00+00:00,2.43523,2.44052,2.4351,2.44045,921.0
2026-06-28 04:54:00+00:00,2.44045,2.4411,2.43677,2.43701,1087.0
2026-06-28 05:09:00+00:00,2.43701,2.44245,2.42615,2.4298,1173.0
2026-06-28 05:24:00+00:00,2.4298,2.43094,2.42308,2.42424,975.0
2026-06-28 05:39:00+00:00,2.42424,2.42471,2.41817,2.41895,803.0
2026-06-28 05:54:00+00:00,2.41895,2.4214,2.41613,2.41785,1017.0
2026-06-28 06:09:00+00:00,2.41785,2.42104,2.41731,2.41964,1050.0
2026-06-28 06:24:00+00:00,2.41964,2.42102,2.41949,2.42091,1148.0
2026-06-28 06:39:00+00:00,2.42091,2.42144,2.4151,2.4165,906.0
2026-06-28 06:54:00+00:00,2.4165,2.42042,2.41543,2.41999,806.0
2026-06-28 07:09:00+00:00,2.41999,2.42608,2.41991,2.42598,1581.0
2026-06-28 07:24:00+00:00,2.42598,2.4292,2.42432,2.42824,1660.0
2026-06-28 07:39:00+00:00,2.42824,2.42926,2.42193,2.4229,1553.0
2026-06-28 07:54:00+00:00,2.4229,2.42405,2.42223,2.42309,1938.0
2026-06-28 08:09:00+00:00,2.42309,2.4243,2.42253,2.42379,2106.0
2026-06-28 08:24:00+00:00,2.42379,2.42427,2.41793,2.41874,1509.0
2026-06-28 08:39:00+00:00,2.41874,2.41942,2.41727,2.41781,1336.0
2026-06-28 08:54:00+00:00,2.41781,2.42235,2.41687,2.42053,1589.0
2026-06-28 09:09:00+00:00,2.42053,2.42112,2.41824,2.41845,1025.0
2026-06-28 09:24:00+00:00,2.41845,2.42182,2.41791,2.42016,1427.0
2026-06-28 09:39:00+00:00,2.42016,2.42187,2.41853,2.41984,2083.0
2026-06-28 09:54:00+00:00,2.41984,2.42479,2.41904,2.42398,1404.0
2026-06-28 10:09:00+00:00,2.42398,2.42487,2.41749,2.41956,981.0
2026-06-28 10:24:00+00:00,2.41956,2.42011,2.41795,2.41853,1674.0
2026-06-28 10:39:00+00:00,2.41853,2.42104,2.4163,2.41989,1508.0
2026-06-28 10:54:00+00:00,2.41989,2.4201,2.41875,2.41896,874.0
2026-06-28 11:09:00+00:00,2.41896,2.42059,2.41777,2.41928,1837.0
2026-06-28 11:24:00+00:00,2.41928,2.42037,2.41721,2.4178,948.0
2026-06-28 11:39:00+00:00,2.4178,2.4189,2.41384,2.41588,1231.0
2026-06-28 11:54:00+00:00,2.41588,2.41977,2.41183,2.41586,1516.0
2026-06-28 12:09:00+00:00,2.41586,2.417,2.41583,2.41697,1813.0
2026-06-28 12:24:00+00:00,2.41697,2.41755,2.40935,2.41049,1239.0
2026-06-28 12:39:00+00:00,2.41049,2.41132,2.40633,2.40707,1494.0
2026-06-28 12:54:00+00:00,2.40707,2.41469,2.40458,2.41312,1784.0
2026-06-28 13:09:00+00:00,2.41312,2.41588,2.41265,2.41433,993.0
2026-06-28 13:24:00+00:00,2.41433,2.4148,2.40927,2.40954,2115.0
