timestamp,bid,ask,volume
2026-06-28 12:34:41.135737+00:00,2345.46,2345.71,5
2026-06-28 12:34:41.635737+00:00,2345.46,2345.78,2
2026-06-28 12:34:42.135737+00:00,2345.41,2345.65,2
2026-06-28 12:34:42.635737+00:00,2345.45,2345.71,3
2026-06-28 12:34:43.135737+00:00,2345.26,2345.62,7
2026-06-28 12:34:43.635737+00:00,2345.5,2345.73,7
2026-06-28 12:34:44.135737+00:00,2345.4,2345.66,1
2026-06-28 12:34:44.635737+00:00,2345.36,2345.66,2
2026-06-28 12:34:45.135737+00:00,2345.46,2345.71,7
2026-06-28 12:34:45.635737+00:00,2345.52,2345.77,4
2026-06-28 12:34:46.135737+00:00,2345.62,2345.9,7
2026-06-28 12:34:46.635737+00:00,2345.58,2345.81,6
2026-06-28 12:34:47.135737+00:00,2345.63,2345.84,2
2026-06-28 12:34:47.635737+00:00,2345.59,2345.97,7
2026-06-28 12:34:48.135737+00:00,2345.77,2346.02,3
2026-06-28 12:34:48.635737+00:00,2345.84,2346.07,5
2026-06-28 12:34:49.135737+00:00,2345.91,2346.14,4
2026-06-28 12:34:49.635737+00:00,2345.99,2346.27,7
2026-06-28 12:34:50.135737+00:00,2346.11,2346.35,6
2026-06-28 12:34:50.635737+00:00,2346.18,2346.42,3
2026-06-28 12:34:51.135737+00:00,2346.16,2346.45,2
2026-06-28 12:34:51.635737+00:00,2346.17,2346.42,7
2026-06-28 12:34:52.135737+00:00,2346.02,2346.24,2
2026-06-28 12:34:52.635737+00:00,2345.9,2346.11,5
2026-06-28 12:34:53.135737+00:00,2345.89,2346.14,5
2026-06-28 12:34:53.635737+00:00,2345.92,2346.22,1
2026-06-28 12:34:54.135737+00:00,2345.95,2346.17,4
2026-06-28 12:34:54.635737+00:00,2345.97,2346.28,7
2026-06-28 12:34:55.135737+00:00,2345.97,2346.17,2
2026-06-28 12:34:55.635737+00:00,2346.08,2346.32,3
2026-06-28 12:34:56.135737+00:00,2346.06,2346.32,6
2026-06-28 12:34:56.635737+00:00,2345.98,2346.2,5
2026-06-28 12:34:57.135737+00:00,2345.87,2346.21,5
2026-06-28 12:34:57.635737+00:00,2345.86,2346.18,5
2026-06-28 12:34:58.135737+00:00,2345.82,2346.03,7
2026-06-28 12:34:58.635737+00:00,2345.8,2346.08,5
2026-06-28 12:34:59.135737+00:00,2345.83,2346.11,3
2026-06-28 12:34:59.635737+00:00,2345.87,2346.12,5
2026-06-28 12:35:00.135737+00:00,2345.95,2346.16,4
2026-06-28 12:35:00.635737+00:00,2345.96,2346.27,5
2026-06-28 12:35:01.135737+00:00,2346.0,2346.25,3
2026-06-28 12:35:01.635737+00:00,2345.97,2346.18,3
2026-06-28 12:35:02.135737+00:00,2345.94,2346.15,6
2026-06-28 12:35:02.635737+00:00,2345.88,2346.11,4
2026-06-28 12:35:03.135737+00:00,2345.87,2346.2,1
2026-06-28 12:35:03.635737+00:00,2345.86,2346.12,5
2026-06-28 12:35:04.135737+00:00,2345.87,2346.16,3
2026-06-28 12:35:04.635737+00:00,2345.99,2346.2,6
2026-06-28 12:35:05.135737+00:00,2346.02,2346.29,1
2026-06-28 12:35:05.635737+00:00,2346.07,2346.35,3
2026-06-28 12:35:06.135737+00:00,2346.18,2346.49,7
2026-06-28 12:35:06.635737+00:00,2346.17,2346.42,7
2026-06-28 12:35:07.135737+00:00,2346.09,2346.36,2
2026-06-28 12:35:07.635737+00:00,2346.04,2346.36,5
2026-06-28 12:35:08.135737+00:00,2345.9,2346.22,1
2026-06-28 12:35:08.635737+00:00,2345.99,2346.28,4
2026-06-28 12:35:09.135737+00:00,2345.92,2346.13,1
2026-06-28 12:35:09.635737+00:00,2345.85,2346.11,6
2026-06-28 12:35:10.135737+00:00,2345.8,2346.02,7
2026-06-28 12:35:10.635737+00:00,2345.81,2346.02,1
2026-06-28 12:35:11.135737+00:00,2345.82,2346.06,5
2026-06-28 12:35:11.635737+00:00,2345.82,2346.08,4
2026-06-28 12:35:12.135737+00:00,2345.66,2345.94,3
2026-06-28 12:35:12.635737+00:00,2345.6,2345.85,5
2026-06-28 12:35:13.135737+00:00,2345.54,2345.9,3
2026-06-28 12:35:13.635737+00:00,2345.55,2345.83,2
2026-06-28 12:35:14.135737+00:00,2345.76,2346.01,4
2026-06-28 12:35:14.635737+00:00,2345.71,2346.01,6
2026-06-28 12:35:15.135737+00:00,2345.68,2345.97,4
2026-06-28 12:35:15.635737+00:00,2345.6,2345.91,5
2026-06-28 12:35:16.135737+00:00,2345.64,2345.98,5
2026-06-28 12:35:16.635737+00:00,2345.52,2345.82,6
2026-06-28 12:35:17.135737+00:00,2345.56,2345.86,3
2026-06-28 12:35:17.635737+00:00,2345.59,2345.86,2
2026-06-28 12:35:18.135737+00:00,2345.7,2345.94,7
2026-06-28 12:35:18.635737+00:00,2345.69,2345.99,1
2026-06-28 12:35:19.135737+00:00,2345.68,2345.98,1
2026-06-28 12:35:19.635737+00:00,2345.67,2345.9,7
2026-06-28 12:35:20.135737+00:00,2345.75,2346.02,7
2026-06-28 12:35:20.635737+00:00,2345.76,2345.98,7
2026-06-28 12:35:21.135737+00:00,2345.76,2346.05,5
2026-06-28 12:35:21.635737+00:00,2345.77,2346.0,4
2026-06-28 12:35:22.135737+00:00,2345.71,2345.93,6
2026-06-28 12:35:22.635737+00:00,2345.64,2345.91,3
2026-06-28 12:35:23.135737+00:00,2345.66,2345.96,5
2026-06-28 12:35:23.635737+00:00,2345.63,2345.95,5
2026-06-28 12:35:24.135737+00:00,2345.61,2345.81,5
2026-06-28 12:35:24.635737+00:00,2345.71,2345.91,2
2026-06-28 12:35:25.135737+00:00,2345.77,2345.99,2
2026-06-28 12:35:25.635737+00:00,2345.72,2345.98,6
2026-06-28 12:35:26.135737+00:00,2345.57,2345.87,5
2026-06-28 12:35:26.635737+00:00,2345.52,2345.73,6
2026-06-28 12:35:27.135737+00:00,2345.53,2345.74,4
2026-06-28 12:35:27.635737+00:00,2345.5,2345.75,6
2026-06-28 12:35:28.135737+00:00,2345.53,2345.79,5
2026-06-28 12:35:28.635737+00:00,2345.48,2345.74,6
2026-06-28 12:35:29.135737+00:00,2345.44,2345.73,1
2026-06-28 12:35:29.635737+00:00,2345.52,2345.86,7
2026-06-28 12:35:30.135737+00:00,2345.47,2345.68,4
2026-06-28 12:35:30.635737+00:00,2345.53,2345.73,1
2026-06-28 12:35:31.135737+00:00,2345.51,2345.83,4
2026-06-28 12:35:31.635737+00:00,2345.52,2345.81,2
2026-06-28 12:35:32.135737+00:00,2345.5,2345.81,7
2026-06-28 12:35:32.635737+00:00,2345.44,2345.8,7
2026-06-28 12:35:33.135737+00:00,2345.57,2345.86,1
2026-06-28 12:35:33.635737+00:00,2345.43,2345.76,6
2026-06-28 12:35:34.135737+00:00,2345.49,2345.79,4
2026-06-28 12:35:34.635737+00:00,2345.48,2345.79,6
2026-06-28 12:35:35.135737+00:00,2345.46,2345.7,6
2026-06-28 12:35:35.635737+00:00,2345.47,2345.78,5
2026-06-28 12:35:36.135737+00:00,2345.63,2345.87,1
2026-06-28 12:35:36.635737+00:00,2345.62,2345.83,6
2026-06-28 12:35:37.135737+00:00,2345.69,2345.9,3
2026-06-28 12:35:37.635737+00:00,2345.69,2345.96,3
2026-06-28 12:35:38.135737+00:00,2345.9,2346.1,1
2026-06-28 12:35:38.635737+00:00,2345.99,2346.29,7
2026-06-28 12:35:39.135737+00:00,2346.17,2346.41,6
2026-06-28 12:35:39.635737+00:00,2346.24,2346.55,4
2026-06-28 12:35:40.135737+00:00,2346.38,2346.6,1
2026-06-28 12:35:40.635737+00:00,2346.4,2346.76,2
2026-06-28 12:35:41.135737+00:00,2346.5,2346.7,4
2026-06-28 12:35:41.635737+00:00,2346.57,2346.82,4
2026-06-28 12:35:42.135737+00:00,2346.62,2346.85,5
2026-06-28 12:35:42.635737+00:00,2346.55,2346.81,4
2026-06-28 12:35:43.135737+00:00,2346.67,2346.91,7
2026-06-28 12:35:43.635737+00:00,2346.63,2346.85,2
2026-06-28 12:35:44.135737+00:00,2346.57,2346.84,6
2026-06-28 12:35:44.635737+00:00,2346.55,2346.84,4
2026-06-28 12:35:45.135737+00:00,2346.67,2346.92,6
2026-06-28 12:35:45.635737+00:00,2346.72,2346.94,1
2026-06-28 12:35:46.135737+00:00,2346.77,2346.98,4
2026-06-28 12:35:46.635737+00:00,2346.71,2346.98,3
2026-06-28 12:35:47.135737+00:00,2346.78,2347.04,1
2026-06-28 12:35:47.635737+00:00,2346.74,2346.95,4
2026-06-28 12:35:48.135737+00:00,2346.73,2347.0,6
2026-06-28 12:35:48.635737+00:00,2346.68,2346.98,7
2026-06-28 12:35:49.135737+00:00,2346.6,2347.08,7
2026-06-28 12:35:49.635737+00:00,2346.71,2347.08,1
2026-06-28 12:35:50.135737+00:00,2346.84,2347.16,1
2026-06-28 12:35:50.635737+00:00,2346.85,2347.07,5
2026-06-28 12:35:51.135737+00:00,2346.75,2347.06,5
2026-06-28 12:35:51.635737+00:00,2346.73,2347.05,2
2026-06-28 12:35:52.135737+00:00,2346.88,2347.16,7
2026-06-28 12:35:52.635737+00:00,2346.9,2347.17,4
2026-06-28 12:35:53.135737+00:00,2346.84,2347.15,6
2026-06-28 12:35:53.635737+00:00,2346.76,2347.08,4
2026-06-28 12:35:54.135737+00:00,2346.76,2347.0,2
2026-06-28 12:35:54.635737+00:00,2346.82,2347.07,4
2026-06-28 12:35:55.135737+00:00,2346.82,2347.02,5
2026-06-28 12:35:55.635737+00:00,2346.82,2347.1,3
2026-06-28 12:35:56.135737+00:00,2346.76,2347.03,2
2026-06-28 12:35:56.635737+00:00,2346.7,2346.98,7
2026-06-28 12:35:57.135737+00:00,2346.73,2346.94,5
2026-06-28 12:35:57.635737+00:00,2346.79,2347.01,2
2026-06-28 12:35:58.135737+00:00,2346.71,2347.1,5
2026-06-28 12:35:58.635737+00:00,2346.84,2347.05,3
2026-06-28 12:35:59.135737+00:00,2346.86,2347.12,5
2026-06-28 12:35:59.635737+00:00,2346.92,2347.12,3
2026-06-28 12:36:00.135737+00:00,2346.86,2347.13,6
2026-06-28 12:36:00.635737+00:00,2346.96,2347.21,3
2026-06-28 12:36:01.135737+00:00,2346.89,2347.17,2
2026-06-28 12:36:01.635737+00:00,2346.91,2347.2,1
2026-06-28 12:36:02.135737+00:00,2346.95,2347.27,1
2026-06-28 12:36:02.635737+00:00,2346.93,2347.14,3
2026-06-28 12:36:03.135737+00:00,2347.06,2347.3,6
2026-06-28 12:36:03.635737+00:00,2347.07,2347.27,6
2026-06-28 12:36:04.135737+00:00,2347.13,2347.34,3
2026-06-28 12:36:04.635737+00:00,2347.05,2347.32,5
2026-06-28 12:36:05.135737+00:00,2347.13,2347.39,4
2026-06-28 12:36:05.635737+00:00,2347.16,2347.43,7
2026-06-28 12:36:06.135737+00:00,2347.16,2347.4,2
2026-06-28 12:36:06.635737+00:00,2347.12,2347.35,5
2026-06-28 12:36:07.135737+00:00,2347.03,2347.31,3
2026-06-28 12:36:07.635737+00:00,2347.1,2347.39,5
2026-06-28 12:36:08.135737+00:00,2347.2,2347.51,6
2026-06-28 12:36:08.635737+00:00,2347.2,2347.43,7
2026-06-28 12:36:09.135737+00:00,2347.26,2347.64,4
2026-06-28 12:36:09.635737+00:00,2347.25,2347.56,6
2026-06-28 12:36:10.135737+00:00,2347.33,2347.59,5
2026-06-28 12:36:10.635737+00:00,2347.31,2347.57,2
2026-06-28 12:36:11.135737+00:00,2347.26,2347.53,2
2026-06-28 12:36:11.635737+00:00,2347.41,2347.62,6
2026-06-28 12:36:12.135737+00:00,2347.45,2347.67,7
2026-06-28 12:36:12.635737+00:00,2347.35,2347.6,6
2026-06-28 12:36:13.135737+00:00,2347.59,2347.88,4
2026-06-28 12:36:13.635737+00:00,2347.64,2347.88,1
2026-06-28 12:36:14.135737+00:00,2347.67,2347.88,4
2026-06-28 12:36:14.635737+00:00,2347.73,2347.96,5
2026-06-28 12:36:15.135737+00:00,2347.63,2347.85,3
2026-06-28 12:36:15.635737+00:00,2347.73,2347.96,4
2026-06-28 12:36:16.135737+00:00,2347.77,2348.01,6
2026-06-28 12:36:16.635737+00:00,2347.73,2348.07,4
2026-06-28 12:36:17.135737+00:00,2347.87,2348.08,5
2026-06-28 12:36:17.635737+00:00,2347.76,2348.09,7
2026-06-28 12:36:18.135737+00:00,2347.87,2348.07,4
2026-06-28 12:36:18.635737+00:00,2347.87,2348.1,6
2026-06-28 12:36:19.135737+00:00,2347.79,2348.13,5
2026-06-28 12:36:19.635737+00:00,2347.75,2348.05,1
2026-06-28 12:36:20.135737+00:00,2347.72,2347.98,7
2026-06-28 12:36:20.635737+00:00,2347.71,2347.99,3
2026-06-28 12:36:21.135737+00:00,2347.78,2347.98,1
2026-06-28 12:36:21.635737+00:00,2347.76,2348.01,3
2026-06-28 12:36:22.135737+00:00,2347.71,2347.93,3
2026-06-28 12:36:22.635737+00:00,2347.57,2347.86,3
2026-06-28 12:36:23.135737+00:00,2347.67,2348.0,1
2026-06-28 12:36:23.635737+00:00,2347.76,2348.11,6
2026-06-28 12:36:24.135737+00:00,2347.83,2348.11,2
2026-06-28 12:36:24.635737+00:00,2347.91,2348.14,7
2026-06-28 12:36:25.135737+00:00,2347.75,2347.98,2
2026-06-28 12:36:25.635737+00:00,2347.75,2348.04,3
2026-06-28 12:36:26.135737+00:00,2347.8,2348.01,1
2026-06-28 12:36:26.635737+00:00,2347.65,2347.99,5
2026-06-28 12:36:27.135737+00:00,2347.65,2347.85,1
2026-06-28 12:36:27.635737+00:00,2347.57,2347.79,4
2026-06-28 12:36:28.135737+00:00,2347.58,2347.8,3
2026-06-28 12:36:28.635737+00:00,2347.57,2347.8,2
2026-06-28 12:36:29.135737+00:00,2347.63,2347.83,3
2026-06-28 12:36:29.635737+00:00,2347.68,2347.93,6
2026-06-28 12:36:30.135737+00:00,2347.56,2347.87,1
2026-06-28 12:36:30.635737+00:00,2347.61,2347.82,3
2026-06-28 12:36:31.135737+00:00,2347.47,2347.76,4
2026-06-28 12:36:31.635737+00:00,2347.52,2347.81,5
2026-06-28 12:36:32.135737+00:00,2347.61,2347.85,6
2026-06-28 12:36:32.635737+00:00,2347.55,2347.79,5
2026-06-28 12:36:33.135737+00:00,2347.43,2347.78,5
2026-06-28 12:36:33.635737+00:00,2347.46,2347.75,5
2026-06-28 12:36:34.135737+00:00,2347.46,2347.75,1
2026-06-28 12:36:34.635737+00:00,2347.54,2347.77,4
2026-06-28 12:36:35.135737+00:00,2347.47,2347.85,6
2026-06-28 12:36:35.635737+00:00,2347.74,2347.97,1
2026-06-28 12:36:36.135737+00:00,2347.64,2347.86,7
2026-06-28 12:36:36.635737+00:00,2347.65,2347.86,3
2026-06-28 12:36:37.135737+00:00,2347.68,2347.95,1
2026-06-28 12:36:37.635737+00:00,2347.62,2347.9,4
2026-06-28 12:36:38.135737+00:00,2347.73,2347.94,1
2026-06-28 12:36:38.635737+00:00,2347.7,2347.91,3
2026-06-28 12:36:39.135737+00:00,2347.59,2347.83,2
2026-06-28 12:36:39.635737+00:00,2347.61,2347.93,4
2026-06-28 12:36:40.135737+00:00,2347.72,2347.95,3
2026-06-28 12:36:40.635737+00:00,2347.7,2347.99,6
2026-06-28 12:36:41.135737+00:00,2347.64,2347.9,7
2026-06-28 12:36:41.635737+00:00,2347.66,2347.99,6
2026-06-28 12:36:42.135737+00:00,2347.8,2348.04,3
2026-06-28 12:36:42.635737+00:00,2347.69,2348.01,4
2026-06-28 12:36:43.135737+00:00,2347.71,2347.93,7
2026-06-28 12:36:43.635737+00:00,2347.64,2347.85,3
2026-06-28 12:36:44.135737+00:00,2347.56,2347.81,3
2026-06-28 12:36:44.635737+00:00,2347.56,2347.8,5
2026-06-28 12:36:45.135737+00:00,2347.49,2347.77,5
2026-06-28 12:36:45.635737+00:00,2347.55,2347.77,4
2026-06-28 12:36:46.135737+00:00,2347.68,2347.88,3
2026-06-28 12:36:46.635737+00:00,2347.71,2347.94,2
2026-06-28 12:36:47.135737+00:00,2347.81,2348.03,1
2026-06-28 12:36:47.635737+00:00,2347.91,2348.12,3
2026-06-28 12:36:48.135737+00:00,2347.93,2348.16,1
2026-06-28 12:36:48.635737+00:00,2347.77,2348.05,6
2026-06-28 12:36:49.135737+00:00,2347.87,2348.13,3
2026-06-28 12:36:49.635737+00:00,2347.76,2348.04,2
2026-06-28 12:36:50.135737+00:00,2347.72,2347.99,6
2026-06-28 12:36:50.635737+00:00,2347.82,2348.17,1
2026-06-28 12:36:51.135737+00:00,2347.92,2348.15,4
2026-06-28 12:36:51.635737+00:00,2347.72,2348.01,1
2026-06-28 12:36:52.135737+00:00,2347.59,2348.01,6
2026-06-28 12:36:52.635737+00:00,2347.62,2347.88,3
2026-06-28 12:36:53.135737+00:00,2347.74,2347.97,3
2026-06-28 12:36:53.635737+00:00,2347.88,2348.22,3
2026-06-28 12:36:54.135737+00:00,2347.85,2348.07,4
2026-06-28 12:36:54.635737+00:00,2347.68,2347.98,6
2026-06-28 12:36:55.135737+00:00,2347.57,2347.84,5
2026-06-28 12:36:55.635737+00:00,2347.58,2347.87,1
2026-06-28 12:36:56.135737+00:00,2347.56,2347.8,5
2026-06-28 12:36:56.635737+00:00,2347.53,2347.74,5
2026-06-28 12:36:57.135737+00:00,2347.61,2347.91,3
2026-06-28 12:36:57.635737+00:00,2347.62,2347.93,7
2026-06-28 12:36:58.135737+00:00,2347.69,2347.98,6
2026-06-28 12:36:58.635737+00:00,2347.81,2348.07,2
2026-06-28 12:36:59.135737+00:00,2347.72,2348.02,1
2026-06-28 12:36:59.635737+00:00,2347.72,2348.01,5
2026-06-28 12:37:00.135737+00:00,2347.85,2348.19,5
2026-06-28 12:37:00.635737+00:00,2347.99,2348.23,7
2026-06-28 12:37:01.135737+00:00,2348.03,2348.28,3
2026-06-28 12:37:01.635737+00:00,2348.04,2348.3,3
2026-06-28 12:37:02.135737+00:00,2348.0,2348.38,7
2026-06-28 12:37:02.635737+00:00,2348.04,2348.38,7
2026-06-28 12:37:03.135737+00:00,2347.94,2348.22,1
2026-06-28 12:37:03.635737+00:00,2347.77,2348.12,4
2026-06-28 12:37:04.135737+00:00,2347.85,2348.16,4
2026-06-28 12:37:04.635737+00:00,2347.78,2348.02,6
2026-06-28 12:37:05.135737+00:00,2347.68,2347.99,6
2026-06-28 12:37:05.635737+00:00,2347.62,2347.96,4
2026-06-28 12:37:06.135737+00:00,2347.54,2347.83,2
2026-06-28 12:37:06.635737+00:00,2347.63,2347.87,7
2026-06-28 12:37:07.135737+00:00,2347.41,2347.75,6
2026-06-28 12:37:07.635737+00:00,2347.41,2347.65,5
2026-06-28 12:37:08.135737+00:00,2347.52,2347.77,4
2026-06-28 12:37:08.635737+00:00,2347.65,2347.9,1
2026-06-28 12:37:09.135737+00:00,2347.57,2347.91,5
2026-06-28 12:37:09.635737+00:00,2347.6,2347.88,4
2026-06-28 12:37:10.135737+00:00,2347.61,2347.91,5
2026-06-28 12:37:10.635737+00:00,2347.63,2347.97,6
2026-06-28 12:37:11.135737+00:00,2347.62,2347.96,4
2026-06-28 12:37:11.635737+00:00,2347.61,2347.91,1
2026-06-28 12:37:12.135737+00:00,2347.79,2348.1,4
2026-06-28 12:37:12.635737+00:00,2347.91,2348.11,2
2026-06-28 12:37:13.135737+00:00,2347.9,2348.17,6
2026-06-28 12:37:13.635737+00:00,2347.76,2347.99,2
2026-06-28 12:37:14.135737+00:00,2347.78,2348.02,7
2026-06-28 12:37:14.635737+00:00,2347.65,2347.93,2
2026-06-28 12:37:15.135737+00:00,2347.65,2347.86,7
2026-06-28 12:37:15.635737+00:00,2347.61,2347.85,1
2026-06-28 12:37:16.135737+00:00,2347.58,2347.82,5
2026-06-28 12:37:16.635737+00:00,2347.41,2347.68,3
2026-06-28 12:37:17.135737+00:00,2347.45,2347.67,7
2026-06-28 12:37:17.635737+00:00,2347.22,2347.55,1
2026-06-28 12:37:18.135737+00:00,2347.27,2347.57,1
2026-06-28 12:37:18.635737+00:00,2347.31,2347.56,1
2026-06-28 12:37:19.135737+00:00,2347.3,2347.55,1
2026-06-28 12:37:19.635737+00:00,2347.34,2347.55,5
2026-06-28 12:37:20.135737+00:00,2347.37,2347.58,5
2026-06-28 12:37:20.635737+00:00,2347.35,2347.74,5
2026-06-28 12:37:21.135737+00:00,2347.25,2347.55,6
2026-06-28 12:37:21.635737+00:00,2347.35,2347.58,7
2026-06-28 12:37:22.135737+00:00,2347.36,2347.6,6
2026-06-28 12:37:22.635737+00:00,2347.43,2347.69,7
2026-06-28 12:37:23.135737+00:00,2347.29,2347.58,2
2026-06-28 12:37:23.635737+00:00,2347.27,2347.62,1
2026-06-28 12:37:24.135737+00:00,2347.24,2347.51,5
2026-06-28 12:37:24.635737+00:00,2347.36,2347.6,6
2026-06-28 12:37:25.135737+00:00,2347.44,2347.68,4
2026-06-28 12:37:25.635737+00:00,2347.4,2347.63,2
2026-06-28 12:37:26.135737+00:00,2347.48,2347.73,6
2026-06-28 12:37:26.635737+00:00,2347.61,2347.85,4
2026-06-28 12:37:27.135737+00:00,2347.59,2347.91,1
2026-06-28 12:37:27.635737+00:00,2347.66,2347.88,7
2026-06-28 12:37:28.135737+00:00,2347.68,2347.91,6
2026-06-28 12:37:28.635737+00:00,2347.69,2347.95,1
2026-06-28 12:37:29.135737+00:00,2347.7,2347.94,7
2026-06-28 12:37:29.635737+00:00,2347.74,2347.97,1
2026-06-28 12:37:30.135737+00:00,2347.54,2347.81,4
2026-06-28 12:37:30.635737+00:00,2347.54,2347.74,2
2026-06-28 12:37:31.135737+00:00,2347.48,2347.77,7
2026-06-28 12:37:31.635737+00:00,2347.53,2347.78,5
2026-06-28 12:37:32.135737+00:00,2347.54,2347.78,2
2026-06-28 12:37:32.635737+00:00,2347.45,2347.65,7
2026-06-28 12:37:33.135737+00:00,2347.45,2347.66,1
2026-06-28 12:37:33.635737+00:00,2347.31,2347.56,3
2026-06-28 12:37:34.135737+00:00,2347.23,2347.62,7
2026-06-28 12:37:34.635737+00:00,2347.18,2347.48,6
2026-06-28 12:37:35.135737+00:00,2347.49,2347.7,3
2026-06-28 12:37:35.635737+00:00,2347.38,2347.73,7
2026-06-28 12:37:36.135737+00:00,2347.52,2347.85,4
2026-06-28 12:37:36.635737+00:00,2347.63,2347.84,7
2026-06-28 12:37:37.135737+00:00,2347.73,2347.96,5
2026-06-28 12:37:37.635737+00:00,2347.83,2348.13,5
2026-06-28 12:37:38.135737+00:00,2347.85,2348.06,5
2026-06-28 12:37:38.635737+00:00,2347.78,2348.07,2
2026-06-28 12:37:39.135737+00:00,2347.73,2348.04,6
2026-06-28 12:37:39.635737+00:00,2347.76,2348.05,1
2026-06-28 12:37:40.135737+00:00,2347.72,2347.94,1
2026-06-28 12:37:40.635737+00:00,2347.76,2348.02,7
2026-06-28 12:37:41.135737+00:00,2347.69,2347.92,6
2026-06-28 12:37:41.635737+00:00,2347.5,2347.83,1
2026-06-28 12:37:42.135737+00:00,2347.52,2347.74,1
2026-06-28 12:37:42.635737+00:00,2347.56,2347.78,7
2026-06-28 12:37:43.135737+00:00,2347.53,2347.8,1
2026-06-28 12:37:43.635737+00:00,2347.43,2347.69,7
2026-06-28 12:37:44.135737+00:00,2347.44,2347.66,4
2026-06-28 12:37:44.635737+00:00,2347.46,2347.71,4
2026-06-28 12:37:45.135737+00:00,2347.49,2347.77,4
2026-06-28 12:37:45.635737+00:00,2347.5,2347.74,6
2026-06-28 12:37:46.135737+00:00,2347.52,2347.82,2
2026-06-28 12:37:46.635737+00:00,2347.59,2347.8,5
2026-06-28 12:37:47.135737+00:00,2347.62,2347.89,6
2026-06-28 12:37:47.635737+00:00,2347.55,2347.9,2
2026-06-28 12:37:48.135737+00:00,2347.87,2348.09,6
2026-06-28 12:37:48.635737+00:00,2347.85,2348.09,1
2026-06-28 12:37:49.135737+00:00,2347.88,2348.22,3
2026-06-28 12:37:49.635737+00:00,2347.95,2348.16,7
2026-06-28 12:37:50.135737+00:00,2347.85,2348.14,5
2026-06-28 12:37:50.635737+00:00,2347.81,2348.1,7
2026-06-28 12:37:51.135737+00:00,2347.85,2348.17,5
2026-06-28 12:37:51.635737+00:00,2347.81,2348.02,5
2026-06-28 12:37:52.135737+00:00,2347.84,2348.08,5
2026-06-28 12:37:52.635737+00:00,2347.86,2348.18,3
2026-06-28 12:37:53.135737+00:00,2347.9,2348.11,1
2026-06-28 12:37:53.635737+00:00,2347.84,2348.06,1
2026-06-28 12:37:54.135737+00:00,2347.81,2348.08,7
2026-06-28 12:37:54.635737+00:00,2347.9,2348.19,7
2026-06-28 12:37:55.135737+00:00,2347.88,2348.12,5
2026-06-28 12:37:55.635737+00:00,2347.93,2348.27,2
2026-06-28 12:37:56.135737+00:00,2347.98,2348.25,5
2026-06-28 12:37:56.635737+00:00,2348.05,2348.36,1
2026-06-28 12:37:57.135737+00:00,2348.04,2348.32,4
2026-06-28 12:37:57.635737+00:00,2347.88,2348.32,5
2026-06-28 12:37:58.135737+00:00,2348.16,2348.38,2
2026-06-28 12:37:58.635737+00:00,2348.07,2348.27,6
2026-06-28 12:37:59.135737+00:00,2348.25,2348.46,4
2026-06-28 12:37:59.635737+00:00,2348.36,2348.57,6
2026-06-28 12:38:00.135737+00:00,2348.36,2348.6,7
2026-06-28 12:38:00.635737+00:00,2348.42,2348.64,3
2026-06-28 12:38:01.135737+00:00,2348.35,2348.57,2
2026-06-28 12:38:01.635737+00:00,2348.33,2348.57,5
2026-06-28 12:38:02.135737+00:00,2348.4,2348.61,7
2026-06-28 12:38:02.635737+00:00,2348.34,2348.66,1
2026-06-28 12:38:03.135737+00:00,2348.29,2348.64,2
2026-06-28 12:38:03.635737+00:00,2348.32,2348.55,4
2026-06-28 12:38:04.135737+00:00,2348.3,2348.58,6
2026-06-28 12:38:04.635737+00:00,2348.29,2348.56,3
2026-06-28 12:38:05.135737+00:00,2348.23,2348.58,2
2026-06-28 12:38:05.635737+00:00,2348.14,2348.5,5
2026-06-28 12:38:06.135737+00:00,2348.15,2348.39,1
2026-06-28 12:38:06.635737+00:00,2348.14,2348.38,2
2026-06-28 12:38:07.135737+00:00,2348.0,2348.24,6
2026-06-28 12:38:07.635737+00:00,2348.02,2348.31,4
2026-06-28 12:38:08.135737+00:00,2347.99,2348.29,1
2026-06-28 12:38:08.635737+00:00,2347.93,2348.2,5
2026-06-28 12:38:09.135737+00:00,2348.04,2348.27,3
2026-06-28 12:38:09.635737+00:00,2347.82,2348.17,6
2026-06-28 12:38:10.135737+00:00,2347.8,2348.02,1
2026-06-28 12:38:10.635737+00:00,2347.7,2347.91,2
2026-06-28 12:38:11.135737+00:00,2347.66,2347.98,7
2026-06-28 12:38:11.635737+00:00,2347.8,2348.12,7
2026-06-28 12:38:12.135737+00:00,2347.88,2348.14,3
2026-06-28 12:38:12.635737+00:00,2347.82,2348.07,7
2026-06-28 12:38:13.135737+00:00,2347.83,2348.03,1
2026-06-28 12:38:13.635737+00:00,2347.77,2347.99,1
2026-06-28 12:38:14.135737+00:00,2347.79,2348.01,3
2026-06-28 12:38:14.635737+00:00,2347.77,2348.09,1
2026-06-28 12:38:15.135737+00:00,2347.81,2348.02,4
2026-06-28 12:38:15.635737+00:00,2347.7,2348.04,1
2026-06-28 12:38:16.135737+00:00,2347.69,2347.93,2
2026-06-28 12:38:16.635737+00:00,2347.57,2347.84,2
2026-06-28 12:38:17.135737+00:00,2347.52,2347.84,5
2026-06-28 12:38:17.635737+00:00,2347.54,2347.77,6
2026-06-28 12:38:18.135737+00:00,2347.3,2347.6,5
2026-06-28 12:38:18.635737+00:00,2347.36,2347.63,1
2026-06-28 12:38:19.135737+00:00,2347.31,2347.59,4
2026-06-28 12:38:19.635737+00:00,2347.42,2347.79,1
2026-06-28 12:38:20.135737+00:00,2347.51,2347.73,1
2026-06-28 12:38:20.635737+00:00,2347.48,2347.72,1
2026-06-28 12:38:21.135737+00:00,2347.48,2347.75,2
2026-06-28 12:38:21.635737+00:00,2347.55,2347.85,3
2026-06-28 12:38:22.135737+00:00,2347.5,2347.75,2
2026-06-28 12:38:22.635737+00:00,2347.48,2347.76,6
2026-06-28 12:38:23.135737+00:00,2347.46,2347.68,6
2026-06-28 12:38:23.635737+00:00,2347.38,2347.61,2
2026-06-28 12:38:24.135737+00:00,2347.53,2347.77,5
2026-06-28 12:38:24.635737+00:00,2347.5,2347.72,7
2026-06-28 12:38:25.135737+00:00,2347.5,2347.74,7
2026-06-28 12:38:25.635737+00:00,2347.53,2347.82,3
2026-06-28 12:38:26.135737+00:00,2347.46,2347.76,1
2026-06-28 12:38:26.635737+00:00,2347.59,2347.81,7
2026-06-28 12:38:27.135737+00:00,2347.55,2347.88,5
2026-06-28 12:38:27.635737+00:00,2347.59,2347.87,3
2026-06-28 12:38:28.135737+00:00,2347.48,2347.7,1
2026-06-28 12:38:28.635737+00:00,2347.42,2347.67,4
2026-06-28 12:38:29.135737+00:00,2347.38,2347.59,2
2026-06-28 12:38:29.635737+00:00,2347.47,2347.67,3
2026-06-28 12:38:30.135737+00:00,2347.57,2347.8,1
2026-06-28 12:38:30.635737+00:00,2347.45,2347.75,6
2026-06-28 12:38:31.135737+00:00,2347.48,2347.71,5
2026-06-28 12:38:31.635737+00:00,2347.56,2347.85,6
2026-06-28 12:38:32.135737+00:00,2347.65,2348.01,3
2026-06-28 12:38:32.635737+00:00,2347.88,2348.1,4
2026-06-28 12:38:33.135737+00:00,2348.04,2348.31,1
2026-06-28 12:38:33.635737+00:00,2348.03,2348.31,7
2026-06-28 12:38:34.135737+00:00,2347.75,2348.05,5
2026-06-28 12:38:34.635737+00:00,2347.89,2348.14,6
2026-06-28 12:38:35.135737+00:00,2347.76,2348.11,2
2026-06-28 12:38:35.635737+00:00,2347.84,2348.14,5
2026-06-28 12:38:36.135737+00:00,2347.99,2348.27,1
2026-06-28 12:38:36.635737+00:00,2347.99,2348.21,2
2026-06-28 12:38:37.135737+00:00,2348.04,2348.32,4
2026-06-28 12:38:37.635737+00:00,2347.97,2348.3,6
2026-06-28 12:38:38.135737+00:00,2347.98,2348.28,3
2026-06-28 12:38:38.635737+00:00,2348.03,2348.24,5
2026-06-28 12:38:39.135737+00:00,2348.17,2348.44,6
2026-06-28 12:38:39.635737+00:00,2348.14,2348.51,6
2026-06-28 12:38:40.135737+00:00,2348.21,2348.47,3
2026-06-28 12:38:40.635737+00:00,2348.23,2348.47,3
2026-06-28 12:38:41.135737+00:00,2348.19,2348.47,6
2026-06-28 12:38:41.635737+00:00,2348.07,2348.36,1
2026-06-28 12:38:42.135737+00:00,2348.05,2348.26,6
2026-06-28 12:38:42.635737+00:00,2348.08,2348.33,1
2026-06-28 12:38:43.135737+00:00,2348.12,2348.34,2
2026-06-28 12:38:43.635737+00:00,2348.09,2348.36,4
2026-06-28 12:38:44.135737+00:00,2347.81,2348.17,7
2026-06-28 12:38:44.635737+00:00,2347.92,2348.16,2
2026-06-28 12:38:45.135737+00:00,2347.84,2348.22,5
2026-06-28 12:38:45.635737+00:00,2347.9,2348.12,3
2026-06-28 12:38:46.135737+00:00,2347.98,2348.2,7
2026-06-28 12:38:46.635737+00:00,2347.98,2348.22,1
2026-06-28 12:38:47.135737+00:00,2347.96,2348.16,3
2026-06-28 12:38:47.635737+00:00,2347.93,2348.22,7
2026-06-28 12:38:48.135737+00:00,2347.81,2348.05,1
2026-06-28 12:38:48.635737+00:00,2347.84,2348.15,2
2026-06-28 12:38:49.135737+00:00,2348.02,2348.29,7
2026-06-28 12:38:49.635737+00:00,2348.07,2348.37,2
2026-06-28 12:38:50.135737+00:00,2348.1,2348.34,2
2026-06-28 12:38:50.635737+00:00,2348.23,2348.51,4
2026-06-28 12:38:51.135737+00:00,2348.27,2348.48,2
2026-06-28 12:38:51.635737+00:00,2348.17,2348.51,6
2026-06-28 12:38:52.135737+00:00,2348.17,2348.42,5
2026-06-28 12:38:52.635737+00:00,2348.1,2348.47,6
2026-06-28 12:38:53.135737+00:00,2348.2,2348.43,1
2026-06-28 12:38:53.635737+00:00,2347.97,2348.25,1
2026-06-28 12:38:54.135737+00:00,2348.0,2348.27,1
2026-06-28 12:38:54.635737+00:00,2348.14,2348.44,2
2026-06-28 12:38:55.135737+00:00,2348.07,2348.32,3
2026-06-28 12:38:55.635737+00:00,2348.01,2348.25,1
2026-06-28 12:38:56.135737+00:00,2348.12,2348.36,6
2026-06-28 12:38:56.635737+00:00,2348.02,2348.28,5
2026-06-28 12:38:57.135737+00:00,2348.08,2348.29,2
2026-06-28 12:38:57.635737+00:00,2348.01,2348.25,1
2026-06-28 12:38:58.135737+00:00,2347.82,2348.04,7
2026-06-28 12:38:58.635737+00:00,2347.78,2348.05,4
2026-06-28 12:38:59.135737+00:00,2347.8,2348.09,6
2026-06-28 12:38:59.635737+00:00,2347.82,2348.08,6
2026-06-28 12:39:00.135737+00:00,2347.83,2348.16,2
2026-06-28 12:39:00.635737+00:00,2347.91,2348.15,1
2026-06-28 12:39:01.135737+00:00,2348.04,2348.31,5
2026-06-28 12:39:01.635737+00:00,2347.87,2348.22,6
2026-06-28 12:39:02.135737+00:00,2347.92,2348.2,4
2026-06-28 12:39:02.635737+00:00,2347.91,2348.21,3
2026-06-28 12:39:03.135737+00:00,2347.75,2348.13,7
2026-06-28 12:39:03.635737+00:00,2347.82,2348.08,5
2026-06-28 12:39:04.135737+00:00,2347.86,2348.16,3
2026-06-28 12:39:04.635737+00:00,2347.79,2348.03,1
2026-06-28 12:39:05.135737+00:00,2347.74,2347.98,6
2026-06-28 12:39:05.635737+00:00,2347.88,2348.12,6
2026-06-28 12:39:06.135737+00:00,2347.98,2348.22,3
2026-06-28 12:39:06.635737+00:00,2347.87,2348.16,2
2026-06-28 12:39:07.135737+00:00,2347.9,2348.13,7
2026-06-28 12:39:07.635737+00:00,2347.71,2348.17,3
2026-06-28 12:39:08.135737+00:00,2347.86,2348.07,3
2026-06-28 12:39:08.635737+00:00,2347.76,2347.97,3
2026-06-28 12:39:09.135737+00:00,2347.83,2348.1,1
2026-06-28 12:39:09.635737+00:00,2347.82,2348.06,4
2026-06-28 12:39:10.135737+00:00,2347.84,2348.12,7
2026-06-28 12:39:10.635737+00:00,2347.88,2348.15,7
2026-06-28 12:39:11.135737+00:00,2347.85,2348.1,1
2026-06-28 12:39:11.635737+00:00,2347.86,2348.16,4
2026-06-28 12:39:12.135737+00:00,2347.81,2348.05,5
2026-06-28 12:39:12.635737+00:00,2347.75,2347.96,3
2026-06-28 12:39:13.135737+00:00,2347.99,2348.27,7
2026-06-28 12:39:13.635737+00:00,2347.88,2348.15,5
2026-06-28 12:39:14.135737+00:00,2347.8,2348.11,7
2026-06-28 12:39:14.635737+00:00,2347.88,2348.08,2
2026-06-28 12:39:15.135737+00:00,2347.92,2348.12,7
2026-06-28 12:39:15.635737+00:00,2347.79,2348.08,2
2026-06-28 12:39:16.135737+00:00,2347.63,2347.89,1
2026-06-28 12:39:16.635737+00:00,2347.78,2348.0,7
2026-06-28 12:39:17.135737+00:00,2347.83,2348.05,3
2026-06-28 12:39:17.635737+00:00,2347.7,2347.92,2
2026-06-28 12:39:18.135737+00:00,2347.8,2348.04,3
2026-06-28 12:39:18.635737+00:00,2347.66,2347.93,5
2026-06-28 12:39:19.135737+00:00,2347.6,2347.95,6
2026-06-28 12:39:19.635737+00:00,2347.62,2347.85,7
2026-06-28 12:39:20.135737+00:00,2347.56,2347.79,2
2026-06-28 12:39:20.635737+00:00,2347.4,2347.72,1
2026-06-28 12:39:21.135737+00:00,2347.44,2347.66,4
2026-06-28 12:39:21.635737+00:00,2347.49,2347.71,5
2026-06-28 12:39:22.135737+00:00,2347.31,2347.55,3
2026-06-28 12:39:22.635737+00:00,2347.46,2347.77,3
2026-06-28 12:39:23.135737+00:00,2347.53,2347.78,1
2026-06-28 12:39:23.635737+00:00,2347.63,2347.86,5
2026-06-28 12:39:24.135737+00:00,2347.65,2347.92,4
2026-06-28 12:39:24.635737+00:00,2347.67,2347.88,7
2026-06-28 12:39:25.135737+00:00,2347.59,2347.82,6
2026-06-28 12:39:25.635737+00:00,2347.58,2347.97,1
2026-06-28 12:39:26.135737+00:00,2347.6,2348.0,7
2026-06-28 12:39:26.635737+00:00,2347.81,2348.05,7
2026-06-28 12:39:27.135737+00:00,2347.66,2348.05,3
2026-06-28 12:39:27.635737+00:00,2347.67,2347.93,1
2026-06-28 12:39:28.135737+00:00,2347.77,2348.02,3
2026-06-28 12:39:28.635737+00:00,2347.75,2347.96,3
2026-06-28 12:39:29.135737+00:00,2347.56,2347.81,7
2026-06-28 12:39:29.635737+00:00,2347.46,2347.69,1
2026-06-28 12:39:30.135737+00:00,2347.53,2347.76,1
2026-06-28 12:39:30.635737+00:00,2347.4,2347.73,1
2026-06-28 12:39:31.135737+00:00,2347.48,2347.7,1
2026-06-28 12:39:31.635737+00:00,2347.48,2347.73,5
2026-06-28 12:39:32.135737+00:00,2347.47,2347.68,3
2026-06-28 12:39:32.635737+00:00,2347.57,2347.8,7
2026-06-28 12:39:33.135737+00:00,2347.54,2347.75,3
2026-06-28 12:39:33.635737+00:00,2347.6,2347.87,3
2026-06-28 12:39:34.135737+00:00,2347.55,2347.87,5
2026-06-28 12:39:34.635737+00:00,2347.46,2347.82,4
2026-06-28 12:39:35.135737+00:00,2347.58,2347.82,4
2026-06-28 12:39:35.635737+00:00,2347.55,2347.91,5
2026-06-28 12:39:36.135737+00:00,2347.57,2347.85,5
2026-06-28 12:39:36.635737+00:00,2347.78,2347.99,2
2026-06-28 12:39:37.135737+00:00,2347.73,2347.99,6
2026-06-28 12:39:37.635737+00:00,2347.82,2348.06,1
2026-06-28 12:39:38.135737+00:00,2347.85,2348.11,1
2026-06-28 12:39:38.635737+00:00,2347.73,2347.98,4
2026-06-28 12:39:39.135737+00:00,2347.67,2348.06,1
2026-06-28 12:39:39.635737+00:00,2347.54,2347.9,7
2026-06-28 12:39:40.135737+00:00,2347.65,2347.91,2
2026-06-28 12:39:40.635737+00:00,2347.72,2348.0,5
2026-06-28 12:39:41.135737+00:00,2347.8,2348.01,2
2026-06-28 12:39:41.635737+00:00,2347.85,2348.09,5
2026-06-28 12:39:42.135737+00:00,2347.86,2348.12,3
2026-06-28 12:39:42.635737+00:00,2347.96,2348.19,1
2026-06-28 12:39:43.135737+00:00,2347.99,2348.19,1
2026-06-28 12:39:43.635737+00:00,2348.04,2348.27,4
2026-06-28 12:39:44.135737+00:00,2348.03,2348.3,6
2026-06-28 12:39:44.635737+00:00,2347.98,2348.2,2
2026-06-28 12:39:45.135737+00:00,2348.21,2348.41,7
2026-06-28 12:39:45.635737+00:00,2348.11,2348.44,7
2026-06-28 12:39:46.135737+00:00,2348.0,2348.22,7
2026-06-28 12:39:46.635737+00:00,2348.0,2348.23,3
2026-06-28 12:39:47.135737+00:00,2348.09,2348.29,1
2026-06-28 12:39:47.635737+00:00,2348.06,2348.3,2
2026-06-28 12:39:48.135737+00:00,2348.14,2348.37,1
2026-06-28 12:39:48.635737+00:00,2348.14,2348.37,6
2026-06-28 12:39:49.135737+00:00,2348.04,2348.32,3
2026-06-28 12:39:49.635737+00:00,2348.04,2348.28,1
2026-06-28 12:39:50.135737+00:00,2347.92,2348.13,1
2026-06-28 12:39:50.635737+00:00,2347.88,2348.16,5
2026-06-28 12:39:51.135737+00:00,2348.02,2348.23,3
2026-06-28 12:39:51.635737+00:00,2348.06,2348.33,4
2026-06-28 12:39:52.135737+00:00,2348.01,2348.33,7
2026-06-28 12:39:52.635737+00:00,2347.95,2348.24,7
2026-06-28 12:39:53.135737+00:00,2348.09,2348.32,6
2026-06-28 12:39:53.635737+00:00,2348.07,2348.34,7
2026-06-28 12:39:54.135737+00:00,2348.16,2348.46,1
2026-06-28 12:39:54.635737+00:00,2348.25,2348.48,1
2026-06-28 12:39:55.135737+00:00,2348.21,2348.51,3
2026-06-28 12:39:55.635737+00:00,2348.17,2348.37,2
2026-06-28 12:39:56.135737+00:00,2348.13,2348.43,6
2026-06-28 12:39:56.635737+00:00,2348.17,2348.52,5
2026-06-28 12:39:57.135737+00:00,2348.33,2348.57,6
2026-06-28 12:39:57.635737+00:00,2348.14,2348.47,2
2026-06-28 12:39:58.135737+00:00,2348.25,2348.5,1
2026-06-28 12:39:58.635737+00:00,2348.42,2348.68,5
2026-06-28 12:39:59.135737+00:00,2348.32,2348.65,5
2026-06-28 12:39:59.635737+00:00,2348.42,2348.69,6
2026-06-28 12:40:00.135737+00:00,2348.5,2348.78,2
2026-06-28 12:40:00.635737+00:00,2348.54,2348.79,1
2026-06-28 12:40:01.135737+00:00,2348.66,2348.91,2
2026-06-28 12:40:01.635737+00:00,2348.57,2348.88,2
2026-06-28 12:40:02.135737+00:00,2348.49,2348.74,4
2026-06-28 12:40:02.635737+00:00,2348.44,2348.73,7
2026-06-28 12:40:03.135737+00:00,2348.59,2348.82,1
2026-06-28 12:40:03.635737+00:00,2348.69,2348.94,4
2026-06-28 12:40:04.135737+00:00,2348.74,2348.99,3
2026-06-28 12:40:04.635737+00:00,2348.68,2348.99,3
2026-06-28 12:40:05.135737+00:00,2348.72,2349.01,2
2026-06-28 12:40:05.635737+00:00,2348.7,2348.99,2
2026-06-28 12:40:06.135737+00:00,2348.83,2349.06,2
2026-06-28 12:40:06.635737+00:00,2348.99,2349.25,6
2026-06-28 12:40:07.135737+00:00,2349.11,2349.42,4
2026-06-28 12:40:07.635737+00:00,2349.0,2349.24,2
2026-06-28 12:40:08.135737+00:00,2348.99,2349.23,4
2026-06-28 12:40:08.635737+00:00,2348.99,2349.28,7
2026-06-28 12:40:09.135737+00:00,2348.87,2349.09,2
2026-06-28 12:40:09.635737+00:00,2348.71,2348.98,6
2026-06-28 12:40:10.135737+00:00,2348.75,2349.09,3
2026-06-28 12:40:10.635737+00:00,2348.8,2349.05,4
2026-06-28 12:40:11.135737+00:00,2348.66,2348.89,4
2026-06-28 12:40:11.635737+00:00,2348.68,2348.98,2
2026-06-28 12:40:12.135737+00:00,2348.75,2349.02,6
2026-06-28 12:40:12.635737+00:00,2348.84,2349.16,2
2026-06-28 12:40:13.135737+00:00,2348.82,2349.16,4
2026-06-28 12:40:13.635737+00:00,2348.83,2349.16,6
2026-06-28 12:40:14.135737+00:00,2348.97,2349.28,6
2026-06-28 12:40:14.635737+00:00,2349.11,2349.34,3
2026-06-28 12:40:15.135737+00:00,2349.15,2349.43,2
2026-06-28 12:40:15.635737+00:00,2349.11,2349.4,6
2026-06-28 12:40:16.135737+00:00,2349.17,2349.48,7
2026-06-28 12:40:16.635737+00:00,2349.01,2349.45,3
2026-06-28 12:40:17.135737+00:00,2349.13,2349.43,4
2026-06-28 12:40:17.635737+00:00,2349.09,2349.34,3
2026-06-28 12:40:18.135737+00:00,2349.04,2349.32,5
2026-06-28 12:40:18.635737+00:00,2348.93,2349.19,5
2026-06-28 12:40:19.135737+00:00,2349.1,2349.31,4
2026-06-28 12:40:19.635737+00:00,2349.19,2349.44,3
2026-06-28 12:40:20.135737+00:00,2349.17,2349.37,6
2026-06-28 12:40:20.635737+00:00,2348.98,2349.31,6
2026-06-28 12:40:21.135737+00:00,2348.95,2349.19,7
2026-06-28 12:40:21.635737+00:00,2348.91,2349.11,6
2026-06-28 12:40:22.135737+00:00,2348.87,2349.14,2
2026-06-28 12:40:22.635737+00:00,2348.8,2349.07,6
2026-06-28 12:40:23.135737+00:00,2348.8,2349.05,7
2026-06-28 12:40:23.635737+00:00,2348.78,2348.98,4
2026-06-28 12:40:24.135737+00:00,2348.77,2349.05,7
2026-06-28 12:40:24.635737+00:00,2348.63,2348.95,2
2026-06-28 12:40:25.135737+00:00,2348.56,2348.81,2
2026-06-28 12:40:25.635737+00:00,2348.63,2348.85,7
2026-06-28 12:40:26.135737+00:00,2348.82,2349.02,1
2026-06-28 12:40:26.635737+00:00,2348.77,2349.04,1
2026-06-28 12:40:27.135737+00:00,2348.77,2349.01,7
2026-06-28 12:40:27.635737+00:00,2348.73,2349.01,3
2026-06-28 12:40:28.135737+00:00,2348.77,2348.99,2
2026-06-28 12:40:28.635737+00:00,2348.86,2349.12,3
2026-06-28 12:40:29.135737+00:00,2348.73,2349.14,3
2026-06-28 12:40:29.635737+00:00,2348.79,2349.05,3
2026-06-28 12:40:30.135737+00:00,2348.79,2349.01,2
2026-06-28 12:40:30.635737+00:00,2348.73,2348.93,2
2026-06-28 12:40:31.135737+00:00,2348.77,2349.01,2
2026-06-28 12:40:31.635737+00:00,2348.89,2349.13,1
2026-06-28 12:40:32.135737+00:00,2348.92,2349.14,2
2026-06-28 12:40:32.635737+00:00,2349.06,2349.27,2
2026-06-28 12:40:33.135737+00:00,2349.06,2349.26,1
2026-06-28 12:40:33.635737+00:00,2349.05,2349.47,3
2026-06-28 12:40:34.135737+00:00,2348.91,2349.24,1
2026-06-28 12:40:34.635737+00:00,2348.86,2349.24,3
2026-06-28 12:40:35.135737+00:00,2348.87,2349.12,4
2026-06-28 12:40:35.635737+00:00,2348.82,2349.07,4
2026-06-28 12:40:36.135737+00:00,2348.61,2348.96,3
2026-06-28 12:40:36.635737+00:00,2348.52,2348.75,1
2026-06-28 12:40:37.135737+00:00,2348.49,2348.73,5
2026-06-28 12:40:37.635737+00:00,2348.6,2348.81,7
2026-06-28 12:40:38.135737+00:00,2348.64,2348.84,5
2026-06-28 12:40:38.635737+00:00,2348.67,2348.98,3
2026-06-28 12:40:39.135737+00:00,2348.68,2349.02,4
2026-06-28 12:40:39.635737+00:00,2348.56,2348.89,1
2026-06-28 12:40:40.135737+00:00,2348.9,2349.14,1
2026-06-28 12:40:40.635737+00:00,2348.91,2349.16,3
2026-06-28 12:40:41.135737+00:00,2348.93,2349.2,5
2026-06-28 12:40:41.635737+00:00,2349.07,2349.34,5
2026-06-28 12:40:42.135737+00:00,2349.11,2349.31,4
2026-06-28 12:40:42.635737+00:00,2349.04,2349.24,5
2026-06-28 12:40:43.135737+00:00,2349.09,2349.34,7
2026-06-28 12:40:43.635737+00:00,2349.12,2349.43,2
2026-06-28 12:40:44.135737+00:00,2349.16,2349.42,5
2026-06-28 12:40:44.635737+00:00,2349.14,2349.38,1
2026-06-28 12:40:45.135737+00:00,2349.11,2349.35,2
2026-06-28 12:40:45.635737+00:00,2349.2,2349.4,5
2026-06-28 12:40:46.135737+00:00,2349.27,2349.5,1
2026-06-28 12:40:46.635737+00:00,2349.37,2349.61,4
2026-06-28 12:40:47.135737+00:00,2349.34,2349.6,7
2026-06-28 12:40:47.635737+00:00,2349.28,2349.55,7
2026-06-28 12:40:48.135737+00:00,2349.37,2349.59,5
2026-06-28 12:40:48.635737+00:00,2349.42,2349.62,7
2026-06-28 12:40:49.135737+00:00,2349.41,2349.67,1
2026-06-28 12:40:49.635737+00:00,2349.37,2349.63,3
2026-06-28 12:40:50.135737+00:00,2349.58,2349.87,5
2026-06-28 12:40:50.635737+00:00,2349.63,2349.84,2
2026-06-28 12:40:51.135737+00:00,2349.49,2349.8,5
2026-06-28 12:40:51.635737+00:00,2349.47,2349.76,1
2026-06-28 12:40:52.135737+00:00,2349.32,2349.53,2
2026-06-28 12:40:52.635737+00:00,2349.21,2349.45,6
2026-06-28 12:40:53.135737+00:00,2349.29,2349.56,6
2026-06-28 12:40:53.635737+00:00,2349.38,2349.69,3
2026-06-28 12:40:54.135737+00:00,2349.5,2349.81,6
2026-06-28 12:40:54.635737+00:00,2349.45,2349.72,5
2026-06-28 12:40:55.135737+00:00,2349.52,2349.81,7
2026-06-28 12:40:55.635737+00:00,2349.6,2349.83,6
2026-06-28 12:40:56.135737+00:00,2349.51,2349.84,5
2026-06-28 12:40:56.635737+00:00,2349.58,2349.96,6
2026-06-28 12:40:57.135737+00:00,2349.66,2349.95,2
2026-06-28 12:40:57.635737+00:00,2349.71,2349.96,6
2026-06-28 12:40:58.135737+00:00,2349.8,2350.07,3
2026-06-28 12:40:58.635737+00:00,2349.88,2350.15,5
2026-06-28 12:40:59.135737+00:00,2349.92,2350.17,2
2026-06-28 12:40:59.635737+00:00,2349.9,2350.26,3
2026-06-28 12:41:00.135737+00:00,2350.05,2350.29,5
2026-06-28 12:41:00.635737+00:00,2350.06,2350.29,4
2026-06-28 12:41:01.135737+00:00,2350.02,2350.24,4
2026-06-28 12:41:01.635737+00:00,2349.95,2350.25,3
2026-06-28 12:41:02.135737+00:00,2350.14,2350.36,3
2026-06-28 12:41:02.635737+00:00,2350.11,2350.42,5
2026-06-28 12:41:03.135737+00:00,2350.04,2350.33,5
2026-06-28 12:41:03.635737+00:00,2350.06,2350.34,1
2026-06-28 12:41:04.135737+00:00,2350.02,2350.26,2
2026-06-28 12:41:04.635737+00:00,2350.04,2350.35,2
2026-06-28 12:41:05.135737+00:00,2350.15,2350.41,5
2026-06-28 12:41:05.635737+00:00,2350.23,2350.45,2
2026-06-28 12:41:06.135737+00:00,2350.23,2350.48,3
2026-06-28 12:41:06.635737+00:00,2350.25,2350.47,6
2026-06-28 12:41:07.135737+00:00,2350.15,2350.44,4
2026-06-28 12:41:07.635737+00:00,2350.24,2350.44,3
2026-06-28 12:41:08.135737+00:00,2350.34,2350.74,3
2026-06-28 12:41:08.635737+00:00,2350.75,2351.0,7
2026-06-28 12:41:09.135737+00:00,2350.62,2350.87,4
2026-06-28 12:41:09.635737+00:00,2350.67,2350.89,3
2026-06-28 12:41:10.135737+00:00,2350.68,2350.93,6
2026-06-28 12:41:10.635737+00:00,2350.63,2350.86,4
2026-06-28 12:41:11.135737+00:00,2350.72,2350.95,5
2026-06-28 12:41:11.635737+00:00,2350.76,2350.98,3
2026-06-28 12:41:12.135737+00:00,2350.92,2351.2,1
2026-06-28 12:41:12.635737+00:00,2350.95,2351.16,5
2026-06-28 12:41:13.135737+00:00,2350.9,2351.13,3
2026-06-28 12:41:13.635737+00:00,2350.94,2351.2,2
2026-06-28 12:41:14.135737+00:00,2350.97,2351.24,4
2026-06-28 12:41:14.635737+00:00,2350.93,2351.36,4
2026-06-28 12:41:15.135737+00:00,2350.98,2351.19,7
2026-06-28 12:41:15.635737+00:00,2350.83,2351.04,7
2026-06-28 12:41:16.135737+00:00,2350.75,2350.99,4
2026-06-28 12:41:16.635737+00:00,2350.66,2351.03,7
2026-06-28 12:41:17.135737+00:00,2350.81,2351.05,5
2026-06-28 12:41:17.635737+00:00,2350.69,2350.93,4
2026-06-28 12:41:18.135737+00:00,2350.9,2351.16,3
2026-06-28 12:41:18.635737+00:00,2351.0,2351.23,6
2026-06-28 12:41:19.135737+00:00,2350.88,2351.09,4
2026-06-28 12:41:19.635737+00:00,2350.91,2351.14,6
2026-06-28 12:41:20.135737+00:00,2350.97,2351.2,4
2026-06-28 12:41:20.635737+00:00,2350.91,2351.17,4
2026-06-28 12:41:21.135737+00:00,2350.86,2351.14,1
2026-06-28 12:41:21.635737+00:00,2351.04,2351.32,7
2026-06-28 12:41:22.135737+00:00,2351.04,2351.36,4
2026-06-28 12:41:22.635737+00:00,2351.22,2351.54,2
2026-06-28 12:41:23.135737+00:00,2351.33,2351.54,1
2026-06-28 12:41:23.635737+00:00,2351.26,2351.52,1
2026-06-28 12:41:24.135737+00:00,2351.32,2351.62,2
2026-06-28 12:41:24.635737+00:00,2351.47,2351.69,1
2026-06-28 12:41:25.135737+00:00,2351.6,2351.87,3
2026-06-28 12:41:25.635737+00:00,2351.65,2351.92,3
2026-06-28 12:41:26.135737+00:00,2351.66,2351.92,2
2026-06-28 12:41:26.635737+00:00,2351.78,2352.04,5
2026-06-28 12:41:27.135737+00:00,2351.76,2351.99,6
2026-06-28 12:41:27.635737+00:00,2351.8,2352.05,6
2026-06-28 12:41:28.135737+00:00,2351.77,2352.03,2
2026-06-28 12:41:28.635737+00:00,2351.98,2352.22,6
2026-06-28 12:41:29.135737+00:00,2352.02,2352.23,5
2026-06-28 12:41:29.635737+00:00,2351.93,2352.18,6
2026-06-28 12:41:30.135737+00:00,2352.09,2352.31,5
2026-06-28 12:41:30.635737+00:00,2352.04,2352.25,6
2026-06-28 12:41:31.135737+00:00,2352.15,2352.37,3
2026-06-28 12:41:31.635737+00:00,2352.06,2352.33,1
2026-06-28 12:41:32.135737+00:00,2351.96,2352.19,3
2026-06-28 12:41:32.635737+00:00,2351.99,2352.26,2
2026-06-28 12:41:33.135737+00:00,2352.06,2352.33,6
2026-06-28 12:41:33.635737+00:00,2351.97,2352.25,3
2026-06-28 12:41:34.135737+00:00,2352.07,2352.3,4
2026-06-28 12:41:34.635737+00:00,2352.03,2352.24,7
2026-06-28 12:41:35.135737+00:00,2352.15,2352.44,1
2026-06-28 12:41:35.635737+00:00,2352.25,2352.51,2
2026-06-28 12:41:36.135737+00:00,2352.22,2352.44,6
2026-06-28 12:41:36.635737+00:00,2352.17,2352.57,2
2026-06-28 12:41:37.135737+00:00,2351.99,2352.35,3
2026-06-28 12:41:37.635737+00:00,2352.06,2352.31,6
2026-06-28 12:41:38.135737+00:00,2352.01,2352.25,3
2026-06-28 12:41:38.635737+00:00,2351.95,2352.24,1
2026-06-28 12:41:39.135737+00:00,2351.95,2352.22,2
2026-06-28 12:41:39.635737+00:00,2351.96,2352.23,5
2026-06-28 12:41:40.135737+00:00,2352.15,2352.37,1
2026-06-28 12:41:40.635737+00:00,2352.19,2352.53,7
2026-06-28 12:41:41.135737+00:00,2352.29,2352.54,5
2026-06-28 12:41:41.635737+00:00,2352.39,2352.61,5
2026-06-28 12:41:42.135737+00:00,2352.37,2352.6,7
2026-06-28 12:41:42.635737+00:00,2352.32,2352.55,5
2026-06-28 12:41:43.135737+00:00,2352.25,2352.55,3
2026-06-28 12:41:43.635737+00:00,2352.28,2352.48,7
2026-06-28 12:41:44.135737+00:00,2352.3,2352.55,4
2026-06-28 12:41:44.635737+00:00,2352.39,2352.6,7
2026-06-28 12:41:45.135737+00:00,2352.5,2352.75,2
2026-06-28 12:41:45.635737+00:00,2352.53,2352.86,4
2026-06-28 12:41:46.135737+00:00,2352.54,2352.78,6
2026-06-28 12:41:46.635737+00:00,2352.73,2352.98,4
2026-06-28 12:41:47.135737+00:00,2352.66,2352.91,4
2026-06-28 12:41:47.635737+00:00,2352.74,2353.04,6
2026-06-28 12:41:48.135737+00:00,2352.65,2353.07,3
2026-06-28 12:41:48.635737+00:00,2352.85,2353.11,2
2026-06-28 12:41:49.135737+00:00,2352.94,2353.18,1
2026-06-28 12:41:49.635737+00:00,2353.0,2353.2,3
2026-06-28 12:41:50.135737+00:00,2352.9,2353.11,7
2026-06-28 12:41:50.635737+00:00,2352.97,2353.27,5
2026-06-28 12:41:51.135737+00:00,2352.92,2353.15,4
2026-06-28 12:41:51.635737+00:00,2353.0,2353.24,2
2026-06-28 12:41:52.135737+00:00,2352.98,2353.32,6
2026-06-28 12:41:52.635737+00:00,2352.91,2353.16,3
2026-06-28 12:41:53.135737+00:00,2352.93,2353.14,5
2026-06-28 12:41:53.635737+00:00,2352.83,2353.07,6
2026-06-28 12:41:54.135737+00:00,2352.89,2353.11,2
2026-06-28 12:41:54.635737+00:00,2352.97,2353.22,6
2026-06-28 12:41:55.135737+00:00,2352.95,2353.2,7
2026-06-28 12:41:55.635737+00:00,2353.0,2353.3,7
2026-06-28 12:41:56.135737+00:00,2352.99,2353.22,4
2026-06-28 12:41:56.635737+00:00,2352.97,2353.18,1
2026-06-28 12:41:57.135737+00:00,2352.81,2353.06,4
2026-06-28 12:41:57.635737+00:00,2352.69,2352.99,7
2026-06-28 12:41:58.135737+00:00,2352.69,2353.01,2
2026-06-28 12:41:58.635737+00:00,2352.71,2352.94,4
2026-06-28 12:41:59.135737+00:00,2352.61,2352.82,5
2026-06-28 12:41:59.635737+00:00,2352.58,2352.84,2
2026-06-28 12:42:00.135737+00:00,2352.51,2352.73,1
2026-06-28 12:42:00.635737+00:00,2352.53,2352.86,7
2026-06-28 12:42:01.135737+00:00,2352.77,2353.02,6
2026-06-28 12:42:01.635737+00:00,2352.97,2353.17,4
2026-06-28 12:42:02.135737+00:00,2352.86,2353.21,2
2026-06-28 12:42:02.635737+00:00,2352.84,2353.14,3
2026-06-28 12:42:03.135737+00:00,2352.75,2353.1,2
2026-06-28 12:42:03.635737+00:00,2352.66,2352.97,1
2026-06-28 12:42:04.135737+00:00,2352.7,2352.9,2
2026-06-28 12:42:04.635737+00:00,2352.7,2352.93,1
2026-06-28 12:42:05.135737+00:00,2352.68,2352.95,4
2026-06-28 12:42:05.635737+00:00,2352.74,2353.02,6
2026-06-28 12:42:06.135737+00:00,2352.65,2353.01,2
2026-06-28 12:42:06.635737+00:00,2352.7,2352.96,3
2026-06-28 12:42:07.135737+00:00,2352.71,2352.93,5
2026-06-28 12:42:07.635737+00:00,2352.64,2352.92,6
2026-06-28 12:42:08.135737+00:00,2352.65,2353.02,3
2026-06-28 12:42:08.635737+00:00,2352.77,2352.99,5
2026-06-28 12:42:09.135737+00:00,2352.73,2353.01,1
2026-06-28 12:42:09.635737+00:00,2352.78,2353.02,1
2026-06-28 12:42:10.135737+00:00,2352.77,2353.05,4
2026-06-28 12:42:10.635737+00:00,2352.76,2353.02,7
2026-06-28 12:42:11.135737+00:00,2352.91,2353.17,6
2026-06-28 12:42:11.635737+00:00,2352.91,2353.21,5
2026-06-28 12:42:12.135737+00:00,2353.03,2353.27,1
2026-06-28 12:42:12.635737+00:00,2353.07,2353.31,5
2026-06-28 12:42:13.135737+00:00,2353.06,2353.28,7
2026-06-28 12:42:13.635737+00:00,2353.01,2353.22,5
2026-06-28 12:42:14.135737+00:00,2352.89,2353.14,2
2026-06-28 12:42:14.635737+00:00,2353.1,2353.35,3
2026-06-28 12:42:15.135737+00:00,2352.95,2353.27,6
2026-06-28 12:42:15.635737+00:00,2353.03,2353.31,1
2026-06-28 12:42:16.135737+00:00,2353.1,2353.33,7
2026-06-28 12:42:16.635737+00:00,2353.28,2353.52,1
2026-06-28 12:42:17.135737+00:00,2353.36,2353.66,1
2026-06-28 12:42:17.635737+00:00,2353.31,2353.59,1
2026-06-28 12:42:18.135737+00:00,2353.44,2353.64,6
2026-06-28 12:42:18.635737+00:00,2353.26,2353.6,5
2026-06-28 12:42:19.135737+00:00,2353.33,2353.58,6
2026-06-28 12:42:19.635737+00:00,2353.31,2353.59,3
2026-06-28 12:42:20.135737+00:00,2353.29,2353.67,1
2026-06-28 12:42:20.635737+00:00,2353.38,2353.61,1
2026-06-28 12:42:21.135737+00:00,2353.22,2353.44,1
2026-06-28 12:42:21.635737+00:00,2353.23,2353.44,4
2026-06-28 12:42:22.135737+00:00,2353.28,2353.52,5
2026-06-28 12:42:22.635737+00:00,2353.23,2353.51,2
2026-06-28 12:42:23.135737+00:00,2353.28,2353.54,4
2026-06-28 12:42:23.635737+00:00,2353.4,2353.61,7
2026-06-28 12:42:24.135737+00:00,2353.27,2353.53,2
2026-06-28 12:42:24.635737+00:00,2353.22,2353.52,1
2026-06-28 12:42:25.135737+00:00,2353.24,2353.47,5
2026-06-28 12:42:25.635737+00:00,2353.18,2353.4,2
2026-06-28 12:42:26.135737+00:00,2353.09,2353.41,4
2026-06-28 12:42:26.635737+00:00,2353.21,2353.56,5
2026-06-28 12:42:27.135737+00:00,2353.36,2353.66,6
2026-06-28 12:42:27.635737+00:00,2353.41,2353.63,4
2026-06-28 12:42:28.135737+00:00,2353.38,2353.63,1
2026-06-28 12:42:28.635737+00:00,2353.2,2353.51,4
2026-06-28 12:42:29.135737+00:00,2353.3,2353.56,7
2026-06-28 12:42:29.635737+00:00,2353.29,2353.66,4
2026-06-28 12:42:30.135737+00:00,2353.58,2353.78,5
2026-06-28 12:42:30.635737+00:00,2353.45,2353.77,7
2026-06-28 12:42:31.135737+00:00,2353.52,2353.79,2
2026-06-28 12:42:31.635737+00:00,2353.71,2353.92,2
2026-06-28 12:42:32.135737+00:00,2353.62,2353.89,1
2026-06-28 12:42:32.635737+00:00,2353.61,2353.82,3
2026-06-28 12:42:33.135737+00:00,2353.6,2353.88,2
2026-06-28 12:42:33.635737+00:00,2353.62,2353.85,6
2026-06-28 12:42:34.135737+00:00,2353.68,2353.89,5
2026-06-28 12:42:34.635737+00:00,2353.62,2353.85,3
2026-06-28 12:42:35.135737+00:00,2353.66,2353.92,4
2026-06-28 12:42:35.635737+00:00,2353.87,2354.14,4
2026-06-28 12:42:36.135737+00:00,2353.96,2354.26,1
2026-06-28 12:42:36.635737+00:00,2353.98,2354.21,1
2026-06-28 12:42:37.135737+00:00,2353.99,2354.27,5
2026-06-28 12:42:37.635737+00:00,2354.08,2354.28,5
2026-06-28 12:42:38.135737+00:00,2353.96,2354.25,6
2026-06-28 12:42:38.635737+00:00,2354.15,2354.44,5
2026-06-28 12:42:39.135737+00:00,2354.14,2354.35,1
2026-06-28 12:42:39.635737+00:00,2354.08,2354.28,6
2026-06-28 12:42:40.135737+00:00,2353.98,2354.29,7
2026-06-28 12:42:40.635737+00:00,2353.93,2354.19,2
2026-06-28 12:42:41.135737+00:00,2353.95,2354.19,1
2026-06-28 12:42:41.635737+00:00,2353.64,2353.98,6
2026-06-28 12:42:42.135737+00:00,2353.78,2354.02,1
2026-06-28 12:42:42.635737+00:00,2353.66,2353.99,3
2026-06-28 12:42:43.135737+00:00,2353.7,2353.96,4
2026-06-28 12:42:43.635737+00:00,2353.71,2353.92,4
2026-06-28 12:42:44.135737+00:00,2353.79,2354.04,2
2026-06-28 12:42:44.635737+00:00,2353.73,2353.95,1
2026-06-28 12:42:45.135737+00:00,2353.68,2354.01,1
2026-06-28 12:42:45.635737+00:00,2353.74,2354.04,5
2026-06-28 12:42:46.135737+00:00,2353.88,2354.09,3
2026-06-28 12:42:46.635737+00:00,2353.78,2354.01,2
2026-06-28 12:42:47.135737+00:00,2353.76,2353.97,1
2026-06-28 12:42:47.635737+00:00,2353.74,2354.11,4
2026-06-28 12:42:48.135737+00:00,2353.82,2354.12,2
2026-06-28 12:42:48.635737+00:00,2353.78,2354.08,5
2026-06-28 12:42:49.135737+00:00,2353.76,2353.98,4
2026-06-28 12:42:49.635737+00:00,2353.75,2353.97,5
2026-06-28 12:42:50.135737+00:00,2353.61,2353.88,7
2026-06-28 12:42:50.635737+00:00,2353.59,2353.83,6
2026-06-28 12:42:51.135737+00:00,2353.43,2353.83,6
2026-06-28 12:42:51.635737+00:00,2353.57,2353.78,7
2026-06-28 12:42:52.135737+00:00,2353.51,2353.73,4
2026-06-28 12:42:52.635737+00:00,2353.43,2353.65,5
2026-06-28 12:42:53.135737+00:00,2353.48,2353.69,6
2026-06-28 12:42:53.635737+00:00,2353.48,2353.7,3
2026-06-28 12:42:54.135737+00:00,2353.46,2353.72,5
2026-06-28 12:42:54.635737+00:00,2353.31,2353.64,6
2026-06-28 12:42:55.135737+00:00,2353.42,2353.62,3
2026-06-28 12:42:55.635737+00:00,2353.21,2353.44,5
2026-06-28 12:42:56.135737+00:00,2353.27,2353.48,6
2026-06-28 12:42:56.635737+00:00,2353.36,2353.58,6
2026-06-28 12:42:57.135737+00:00,2353.3,2353.54,7
2026-06-28 12:42:57.635737+00:00,2353.36,2353.62,2
2026-06-28 12:42:58.135737+00:00,2353.37,2353.59,3
2026-06-28 12:42:58.635737+00:00,2353.46,2353.74,1
2026-06-28 12:42:59.135737+00:00,2353.42,2353.72,4
2026-06-28 12:42:59.635737+00:00,2353.6,2353.82,1
2026-06-28 12:43:00.135737+00:00,2353.74,2353.94,4
2026-06-28 12:43:00.635737+00:00,2353.73,2353.98,1
2026-06-28 12:43:01.135737+00:00,2353.63,2353.85,7
2026-06-28 12:43:01.635737+00:00,2353.47,2353.74,1
2026-06-28 12:43:02.135737+00:00,2353.41,2353.67,5
2026-06-28 12:43:02.635737+00:00,2353.38,2353.68,4
2026-06-28 12:43:03.135737+00:00,2353.3,2353.5,5
2026-06-28 12:43:03.635737+00:00,2353.23,2353.48,7
2026-06-28 12:43:04.135737+00:00,2353.2,2353.4,5
2026-06-28 12:43:04.635737+00:00,2353.17,2353.39,7
2026-06-28 12:43:05.135737+00:00,2353.31,2353.51,7
2026-06-28 12:43:05.635737+00:00,2353.27,2353.63,5
2026-06-28 12:43:06.135737+00:00,2353.23,2353.54,6
2026-06-28 12:43:06.635737+00:00,2353.47,2353.71,4
2026-06-28 12:43:07.135737+00:00,2353.36,2353.71,4
2026-06-28 12:43:07.635737+00:00,2353.49,2353.75,3
2026-06-28 12:43:08.135737+00:00,2353.46,2353.76,4
2026-06-28 12:43:08.635737+00:00,2353.57,2353.85,6
2026-06-28 12:43:09.135737+00:00,2353.68,2353.92,2
2026-06-28 12:43:09.635737+00:00,2353.63,2353.87,6
2026-06-28 12:43:10.135737+00:00,2353.71,2353.97,5
2026-06-28 12:43:10.635737+00:00,2353.57,2353.99,5
2026-06-28 12:43:11.135737+00:00,2353.56,2353.79,4
2026-06-28 12:43:11.635737+00:00,2353.64,2353.88,2
2026-06-28 12:43:12.135737+00:00,2353.58,2353.81,7
2026-06-28 12:43:12.635737+00:00,2353.61,2353.81,5
2026-06-28 12:43:13.135737+00:00,2353.57,2353.77,7
2026-06-28 12:43:13.635737+00:00,2353.7,2353.91,7
2026-06-28 12:43:14.135737+00:00,2353.55,2353.76,1
2026-06-28 12:43:14.635737+00:00,2353.52,2353.74,4
2026-06-28 12:43:15.135737+00:00,2353.39,2353.63,3
2026-06-28 12:43:15.635737+00:00,2353.52,2353.78,5
2026-06-28 12:43:16.135737+00:00,2353.65,2353.85,2
2026-06-28 12:43:16.635737+00:00,2353.58,2353.85,7
2026-06-28 12:43:17.135737+00:00,2353.7,2353.94,1
2026-06-28 12:43:17.635737+00:00,2353.72,2353.93,1
2026-06-28 12:43:18.135737+00:00,2353.54,2353.82,6
2026-06-28 12:43:18.635737+00:00,2353.49,2353.77,2
2026-06-28 12:43:19.135737+00:00,2353.4,2353.63,2
2026-06-28 12:43:19.635737+00:00,2353.4,2353.64,6
2026-06-28 12:43:20.135737+00:00,2353.34,2353.59,7
2026-06-28 12:43:20.635737+00:00,2353.28,2353.52,1
2026-06-28 12:43:21.135737+00:00,2353.33,2353.62,5
2026-06-28 12:43:21.635737+00:00,2353.45,2353.73,1
2026-06-28 12:43:22.135737+00:00,2353.5,2353.88,6
2026-06-28 12:43:22.635737+00:00,2353.55,2353.82,7
2026-06-28 12:43:23.135737+00:00,2353.58,2353.81,1
2026-06-28 12:43:23.635737+00:00,2353.47,2353.69,1
2026-06-28 12:43:24.135737+00:00,2353.45,2353.71,2
2026-06-28 12:43:24.635737+00:00,2353.29,2353.51,2
2026-06-28 12:43:25.135737+00:00,2353.31,2353.52,4
2026-06-28 12:43:25.635737+00:00,2353.35,2353.57,3
2026-06-28 12:43:26.135737+00:00,2353.38,2353.59,1
2026-06-28 12:43:26.635737+00:00,2353.3,2353.58,4
2026-06-28 12:43:27.135737+00:00,2353.15,2353.45,3
2026-06-28 12:43:27.635737+00:00,2353.27,2353.5,5
2026-06-28 12:43:28.135737+00:00,2353.29,2353.5,5
2026-06-28 12:43:28.635737+00:00,2353.23,2353.43,7
2026-06-28 12:43:29.135737+00:00,2353.09,2353.37,7
2026-06-28 12:43:29.635737+00:00,2353.22,2353.48,6
2026-06-28 12:43:30.135737+00:00,2353.41,2353.69,1
2026-06-28 12:43:30.635737+00:00,2353.5,2353.82,2
2026-06-28 12:43:31.135737+00:00,2353.45,2353.7,2
2026-06-28 12:43:31.635737+00:00,2353.42,2353.7,7
2026-06-28 12:43:32.135737+00:00,2353.21,2353.63,2
2026-06-28 12:43:32.635737+00:00,2353.14,2353.41,7
2026-06-28 12:43:33.135737+00:00,2353.15,2353.38,2
2026-06-28 12:43:33.635737+00:00,2353.08,2353.31,5
2026-06-28 12:43:34.135737+00:00,2353.17,2353.37,6
2026-06-28 12:43:34.635737+00:00,2353.02,2353.3,7
2026-06-28 12:43:35.135737+00:00,2353.02,2353.36,2
2026-06-28 12:43:35.635737+00:00,2353.12,2353.32,3
2026-06-28 12:43:36.135737+00:00,2353.07,2353.3,6
2026-06-28 12:43:36.635737+00:00,2352.9,2353.17,2
2026-06-28 12:43:37.135737+00:00,2352.94,2353.16,1
2026-06-28 12:43:37.635737+00:00,2352.91,2353.27,1
2026-06-28 12:43:38.135737+00:00,2352.95,2353.19,3
2026-06-28 12:43:38.635737+00:00,2353.09,2353.37,2
2026-06-28 12:43:39.135737+00:00,2353.13,2353.48,1
2026-06-28 12:43:39.635737+00:00,2353.19,2353.54,7
2026-06-28 12:43:40.135737+00:00,2353.12,2353.39,5
2026-06-28 12:43:40.635737+00:00,2353.21,2353.43,1
2026-06-28 12:43:41.135737+00:00,2353.07,2353.37,5
2026-06-28 12:43:41.635737+00:00,2353.13,2353.39,5
2026-06-28 12:43:42.135737+00:00,2353.14,2353.4,1
2026-06-28 12:43:42.635737+00:00,2353.03,2353.35,7
2026-06-28 12:43:43.135737+00:00,2353.12,2353.43,2
2026-06-28 12:43:43.635737+00:00,2353.16,2353.4,5
2026-06-28 12:43:44.135737+00:00,2353.09,2353.37,1
2026-06-28 12:43:44.635737+00:00,2353.22,2353.47,3
2026-06-28 12:43:45.135737+00:00,2353.0,2353.4,6
2026-06-28 12:43:45.635737+00:00,2353.15,2353.35,4
2026-06-28 12:43:46.135737+00:00,2353.12,2353.35,3
2026-06-28 12:43:46.635737+00:00,2353.11,2353.35,4
2026-06-28 12:43:47.135737+00:00,2353.13,2353.43,2
2026-06-28 12:43:47.635737+00:00,2353.16,2353.36,6
2026-06-28 12:43:48.135737+00:00,2353.27,2353.53,6
2026-06-28 12:43:48.635737+00:00,2353.27,2353.47,2
2026-06-28 12:43:49.135737+00:00,2353.11,2353.37,2
2026-06-28 12:43:49.635737+00:00,2353.14,2353.42,1
2026-06-28 12:43:50.135737+00:00,2353.09,2353.34,6
2026-06-28 12:43:50.635737+00:00,2353.06,2353.26,6
2026-06-28 12:43:51.135737+00:00,2353.08,2353.28,6
2026-06-28 12:43:51.635737+00:00,2353.05,2353.28,3
2026-06-28 12:43:52.135737+00:00,2353.08,2353.29,2
2026-06-28 12:43:52.635737+00:00,2353.06,2353.29,3
2026-06-28 12:43:53.135737+00:00,2353.07,2353.28,2
2026-06-28 12:43:53.635737+00:00,2353.0,2353.35,7
2026-06-28 12:43:54.135737+00:00,2353.09,2353.32,4
2026-06-28 12:43:54.635737+00:00,2353.09,2353.36,7
2026-06-28 12:43:55.135737+00:00,2352.93,2353.13,3
2026-06-28 12:43:55.635737+00:00,2353.01,2353.27,2
2026-06-28 12:43:56.135737+00:00,2352.89,2353.18,7
2026-06-28 12:43:56.635737+00:00,2352.91,2353.13,3
2026-06-28 12:43:57.135737+00:00,2352.79,2353.11,6
2026-06-28 12:43:57.635737+00:00,2352.9,2353.2,5
2026-06-28 12:43:58.135737+00:00,2352.99,2353.3,7
2026-06-28 12:43:58.635737+00:00,2352.95,2353.24,6
2026-06-28 12:43:59.135737+00:00,2352.96,2353.17,5
2026-06-28 12:43:59.635737+00:00,2352.97,2353.22,6
2026-06-28 12:44:00.135737+00:00,2352.98,2353.19,5
2026-06-28 12:44:00.635737+00:00,2353.11,2353.34,1
2026-06-28 12:44:01.135737+00:00,2353.11,2353.33,1
2026-06-28 12:44:01.635737+00:00,2353.03,2353.25,3
2026-06-28 12:44:02.135737+00:00,2352.87,2353.15,2
2026-06-28 12:44:02.635737+00:00,2352.89,2353.19,7
2026-06-28 12:44:03.135737+00:00,2352.94,2353.17,6
2026-06-28 12:44:03.635737+00:00,2352.77,2353.16,1
2026-06-28 12:44:04.135737+00:00,2352.61,2353.03,1
2026-06-28 12:44:04.635737+00:00,2352.56,2352.95,5
2026-06-28 12:44:05.135737+00:00,2352.57,2352.86,6
2026-06-28 12:44:05.635737+00:00,2352.56,2352.82,7
2026-06-28 12:44:06.135737+00:00,2352.6,2352.82,5
2026-06-28 12:44:06.635737+00:00,2352.73,2352.94,4
2026-06-28 12:44:07.135737+00:00,2352.81,2353.12,5
2026-06-28 12:44:07.635737+00:00,2352.85,2353.06,5
2026-06-28 12:44:08.135737+00:00,2352.6,2353.0,6
2026-06-28 12:44:08.635737+00:00,2352.57,2352.87,1
2026-06-28 12:44:09.135737+00:00,2352.69,2353.01,4
2026-06-28 12:44:09.635737+00:00,2352.72,2352.99,3
2026-06-28 12:44:10.135737+00:00,2352.63,2352.93,7
2026-06-28 12:44:10.635737+00:00,2352.48,2352.75,1
2026-06-28 12:44:11.135737+00:00,2352.49,2352.69,2
2026-06-28 12:44:11.635737+00:00,2352.53,2352.74,7
2026-06-28 12:44:12.135737+00:00,2352.58,2352.8,5
2026-06-28 12:44:12.635737+00:00,2352.45,2352.88,2
2026-06-28 12:44:13.135737+00:00,2352.27,2352.59,6
2026-06-28 12:44:13.635737+00:00,2352.45,2352.66,4
2026-06-28 12:44:14.135737+00:00,2352.51,2352.72,3
2026-06-28 12:44:14.635737+00:00,2352.46,2352.69,4
2026-06-28 12:44:15.135737+00:00,2352.44,2352.71,2
2026-06-28 12:44:15.635737+00:00,2352.62,2352.83,3
2026-06-28 12:44:16.135737+00:00,2352.54,2352.77,2
2026-06-28 12:44:16.635737+00:00,2352.59,2352.83,1
2026-06-28 12:44:17.135737+00:00,2352.48,2352.72,7
2026-06-28 12:44:17.635737+00:00,2352.37,2352.63,7
2026-06-28 12:44:18.135737+00:00,2352.48,2352.85,4
2026-06-28 12:44:18.635737+00:00,2352.62,2352.83,1
2026-06-28 12:44:19.135737+00:00,2352.46,2352.69,2
2026-06-28 12:44:19.635737+00:00,2352.64,2352.86,4
2026-06-28 12:44:20.135737+00:00,2352.6,2352.8,5
2026-06-28 12:44:20.635737+00:00,2352.57,2352.94,3
2026-06-28 12:44:21.135737+00:00,2352.79,2353.0,3
2026-06-28 12:44:21.635737+00:00,2352.86,2353.07,6
2026-06-28 12:44:22.135737+00:00,2352.8,2353.07,3
2026-06-28 12:44:22.635737+00:00,2352.83,2353.14,2
2026-06-28 12:44:23.135737+00:00,2352.76,2353.01,4
2026-06-28 12:44:23.635737+00:00,2352.79,2353.03,6
2026-06-28 12:44:24.135737+00:00,2352.62,2352.9,6
2026-06-28 12:44:24.635737+00:00,2352.5,2352.74,7
2026-06-28 12:44:25.135737+00:00,2352.36,2352.66,4
2026-06-28 12:44:25.635737+00:00,2352.41,2352.65,5
2026-06-28 12:44:26.135737+00:00,2352.44,2352.68,2
2026-06-28 12:44:26.635737+00:00,2352.44,2352.77,4
2026-06-28 12:44:27.135737+00:00,2352.58,2352.82,2
2026-06-28 12:44:27.635737+00:00,2352.71,2352.98,3
2026-06-28 12:44:28.135737+00:00,2352.8,2353.01,4
2026-06-28 12:44:28.635737+00:00,2352.68,2352.94,1
2026-06-28 12:44:29.135737+00:00,2352.58,2352.81,7
2026-06-28 12:44:29.635737+00:00,2352.67,2352.91,4
2026-06-28 12:44:30.135737+00:00,2352.69,2352.97,1
2026-06-28 12:44:30.635737+00:00,2352.67,2352.93,2
2026-06-28 12:44:31.135737+00:00,2352.72,2352.98,3
2026-06-28 12:44:31.635737+00:00,2352.55,2352.97,3
2026-06-28 12:44:32.135737+00:00,2352.68,2352.89,3
2026-06-28 12:44:32.635737+00:00,2352.59,2352.86,3
2026-06-28 12:44:33.135737+00:00,2352.7,2352.93,2
2026-06-28 12:44:33.635737+00:00,2352.57,2352.81,5
2026-06-28 12:44:34.135737+00:00,2352.57,2352.81,4
2026-06-28 12:44:34.635737+00:00,2352.63,2352.83,4
2026-06-28 12:44:35.135737+00:00,2352.61,2352.85,2
2026-06-28 12:44:35.635737+00:00,2352.65,2353.02,6
2026-06-28 12:44:36.135737+00:00,2352.68,2352.9,1
2026-06-28 12:44:36.635737+00:00,2352.69,2352.9,4
2026-06-28 12:44:37.135737+00:00,2352.52,2352.78,3
2026-06-28 12:44:37.635737+00:00,2352.55,2352.75,1
2026-06-28 12:44:38.135737+00:00,2352.27,2352.55,6
2026-06-28 12:44:38.635737+00:00,2352.13,2352.44,3
2026-06-28 12:44:39.135737+00:00,2352.18,2352.4,7
2026-06-28 12:44:39.635737+00:00,2352.1,2352.31,4
2026-06-28 12:44:40.135737+00:00,2352.08,2352.41,1
2026-06-28 12:44:40.635737+00:00,2352.19,2352.39,7
2026-06-28 12:44:41.135737+00:00,2352.1,2352.39,2
2026-06-28 12:44:41.635737+00:00,2352.03,2352.23,4
2026-06-28 12:44:42.135737+00:00,2351.96,2352.21,2
2026-06-28 12:44:42.635737+00:00,2351.85,2352.11,4
2026-06-28 12:44:43.135737+00:00,2351.76,2352.0,1
2026-06-28 12:44:43.635737+00:00,2351.89,2352.1,2
2026-06-28 12:44:44.135737+00:00,2351.93,2352.14,7
2026-06-28 12:44:44.635737+00:00,2351.76,2352.09,6
2026-06-28 12:44:45.135737+00:00,2351.84,2352.19,2
2026-06-28 12:44:45.635737+00:00,2351.87,2352.14,2
2026-06-28 12:44:46.135737+00:00,2351.95,2352.21,1
2026-06-28 12:44:46.635737+00:00,2351.88,2352.17,2
2026-06-28 12:44:47.135737+00:00,2351.93,2352.23,5
2026-06-28 12:44:47.635737+00:00,2351.9,2352.17,1
2026-06-28 12:44:48.135737+00:00,2351.84,2352.24,4
2026-06-28 12:44:48.635737+00:00,2352.02,2352.27,3
2026-06-28 12:44:49.135737+00:00,2352.02,2352.24,4
2026-06-28 12:44:49.635737+00:00,2351.98,2352.29,3
2026-06-28 12:44:50.135737+00:00,2352.0,2352.28,6
2026-06-28 12:44:50.635737+00:00,2351.97,2352.2,7
2026-06-28 12:44:51.135737+00:00,2352.06,2352.27,3
2026-06-28 12:44:51.635737+00:00,2351.89,2352.09,5
2026-06-28 12:44:52.135737+00:00,2352.01,2352.27,1
2026-06-28 12:44:52.635737+00:00,2352.02,2352.26,2
2026-06-28 12:44:53.135737+00:00,2351.98,2352.23,6
2026-06-28 12:44:53.635737+00:00,2352.04,2352.28,6
2026-06-28 12:44:54.135737+00:00,2352.1,2352.39,3
2026-06-28 12:44:54.635737+00:00,2352.0,2352.23,6
2026-06-28 12:44:55.135737+00:00,2352.08,2352.34,7
2026-06-28 12:44:55.635737+00:00,2352.02,2352.31,4
2026-06-28 12:44:56.135737+00:00,2352.04,2352.25,7
2026-06-28 12:44:56.635737+00:00,2352.11,2352.33,7
2026-06-28 12:44:57.135737+00:00,2351.94,2352.19,3
2026-06-28 12:44:57.635737+00:00,2351.81,2352.07,4
2026-06-28 12:44:58.135737+00:00,2351.78,2352.08,5
2026-06-28 12:44:58.635737+00:00,2351.82,2352.03,3
2026-06-28 12:44:59.135737+00:00,2351.94,2352.17,2
2026-06-28 12:44:59.635737+00:00,2352.02,2352.26,1
2026-06-28 12:45:00.135737+00:00,2352.07,2352.29,2
2026-06-28 12:45:00.635737+00:00,2352.08,2352.29,6
2026-06-28 12:45:01.135737+00:00,2352.17,2352.45,1
2026-06-28 12:45:01.635737+00:00,2352.29,2352.49,5
2026-06-28 12:45:02.135737+00:00,2352.23,2352.43,3
2026-06-28 12:45:02.635737+00:00,2352.24,2352.45,3
2026-06-28 12:45:03.135737+00:00,2352.12,2352.42,4
2026-06-28 12:45:03.635737+00:00,2352.16,2352.4,6
2026-06-28 12:45:04.135737+00:00,2352.18,2352.41,1
2026-06-28 12:45:04.635737+00:00,2352.28,2352.51,3
2026-06-28 12:45:05.135737+00:00,2352.3,2352.55,7
2026-06-28 12:45:05.635737+00:00,2352.3,2352.57,6
2026-06-28 12:45:06.135737+00:00,2352.27,2352.54,1
2026-06-28 12:45:06.635737+00:00,2352.17,2352.38,5
2026-06-28 12:45:07.135737+00:00,2352.14,2352.36,6
2026-06-28 12:45:07.635737+00:00,2352.14,2352.39,3
2026-06-28 12:45:08.135737+00:00,2352.13,2352.41,1
2026-06-28 12:45:08.635737+00:00,2352.12,2352.37,5
2026-06-28 12:45:09.135737+00:00,2352.15,2352.44,2
2026-06-28 12:45:09.635737+00:00,2352.19,2352.55,7
2026-06-28 12:45:10.135737+00:00,2352.27,2352.49,1
2026-06-28 12:45:10.635737+00:00,2352.2,2352.53,3
2026-06-28 12:45:11.135737+00:00,2352.19,2352.61,2
2026-06-28 12:45:11.635737+00:00,2352.26,2352.53,7
2026-06-28 12:45:12.135737+00:00,2352.26,2352.53,6
2026-06-28 12:45:12.635737+00:00,2352.13,2352.52,1
2026-06-28 12:45:13.135737+00:00,2352.37,2352.61,7
2026-06-28 12:45:13.635737+00:00,2352.25,2352.56,6
2026-06-28 12:45:14.135737+00:00,2352.37,2352.63,7
2026-06-28 12:45:14.635737+00:00,2352.31,2352.57,2
2026-06-28 12:45:15.135737+00:00,2352.29,2352.5,4
2026-06-28 12:45:15.635737+00:00,2352.32,2352.53,3
2026-06-28 12:45:16.135737+00:00,2352.32,2352.53,3
2026-06-28 12:45:16.635737+00:00,2352.24,2352.47,1
2026-06-28 12:45:17.135737+00:00,2352.19,2352.49,1
2026-06-28 12:45:17.635737+00:00,2352.25,2352.48,3
2026-06-28 12:45:18.135737+00:00,2352.28,2352.48,4
2026-06-28 12:45:18.635737+00:00,2352.19,2352.42,1
2026-06-28 12:45:19.135737+00:00,2352.25,2352.47,4
2026-06-28 12:45:19.635737+00:00,2352.35,2352.6,1
2026-06-28 12:45:20.135737+00:00,2352.24,2352.49,1
2026-06-28 12:45:20.635737+00:00,2352.25,2352.62,3
2026-06-28 12:45:21.135737+00:00,2352.34,2352.56,6
2026-06-28 12:45:21.635737+00:00,2352.35,2352.61,4
2026-06-28 12:45:22.135737+00:00,2352.32,2352.58,3
2026-06-28 12:45:22.635737+00:00,2352.35,2352.55,6
2026-06-28 12:45:23.135737+00:00,2352.25,2352.47,2
2026-06-28 12:45:23.635737+00:00,2352.11,2352.42,7
2026-06-28 12:45:24.135737+00:00,2352.16,2352.41,6
2026-06-28 12:45:24.635737+00:00,2351.95,2352.19,6
2026-06-28 12:45:25.135737+00:00,2351.8,2352.09,6
2026-06-28 12:45:25.635737+00:00,2351.85,2352.08,4
2026-06-28 12:45:26.135737+00:00,2351.96,2352.22,6
2026-06-28 12:45:26.635737+00:00,2351.94,2352.16,5
2026-06-28 12:45:27.135737+00:00,2351.88,2352.24,4
2026-06-28 12:45:27.635737+00:00,2352.08,2352.32,7
2026-06-28 12:45:28.135737+00:00,2352.05,2352.28,3
2026-06-28 12:45:28.635737+00:00,2352.25,2352.49,1
2026-06-28 12:45:29.135737+00:00,2352.22,2352.45,6
2026-06-28 12:45:29.635737+00:00,2352.17,2352.45,7
2026-06-28 12:45:30.135737+00:00,2352.25,2352.5,1
2026-06-28 12:45:30.635737+00:00,2352.16,2352.51,5
2026-06-28 12:45:31.135737+00:00,2352.27,2352.51,3
2026-06-28 12:45:31.635737+00:00,2352.23,2352.49,3
2026-06-28 12:45:32.135737+00:00,2352.32,2352.57,1
2026-06-28 12:45:32.635737+00:00,2352.37,2352.58,7
2026-06-28 12:45:33.135737+00:00,2352.34,2352.59,7
2026-06-28 12:45:33.635737+00:00,2352.33,2352.54,1
2026-06-28 12:45:34.135737+00:00,2352.21,2352.41,6
2026-06-28 12:45:34.635737+00:00,2352.17,2352.4,7
2026-06-28 12:45:35.135737+00:00,2352.13,2352.44,6
2026-06-28 12:45:35.635737+00:00,2352.17,2352.4,6
2026-06-28 12:45:36.135737+00:00,2352.13,2352.38,6
2026-06-28 12:45:36.635737+00:00,2352.05,2352.26,2
2026-06-28 12:45:37.135737+00:00,2352.02,2352.3,7
2026-06-28 12:45:37.635737+00:00,2352.07,2352.28,2
2026-06-28 12:45:38.135737+00:00,2351.98,2352.36,3
2026-06-28 12:45:38.635737+00:00,2352.05,2352.25,2
2026-06-28 12:45:39.135737+00:00,2352.08,2352.33,3
2026-06-28 12:45:39.635737+00:00,2352.25,2352.48,4
2026-06-28 12:45:40.135737+00:00,2352.09,2352.38,6
2026-06-28 12:45:40.635737+00:00,2352.1,2352.38,6
2026-06-28 12:45:41.135737+00:00,2352.2,2352.43,6
2026-06-28 12:45:41.635737+00:00,2352.19,2352.39,6
2026-06-28 12:45:42.135737+00:00,2352.08,2352.37,2
2026-06-28 12:45:42.635737+00:00,2352.31,2352.54,4
2026-06-28 12:45:43.135737+00:00,2352.41,2352.66,4
2026-06-28 12:45:43.635737+00:00,2352.3,2352.61,1
2026-06-28 12:45:44.135737+00:00,2352.37,2352.64,4
2026-06-28 12:45:44.635737+00:00,2352.44,2352.72,2
2026-06-28 12:45:45.135737+00:00,2352.35,2352.55,5
2026-06-28 12:45:45.635737+00:00,2352.18,2352.46,2
2026-06-28 12:45:46.135737+00:00,2352.31,2352.52,6
2026-06-28 12:45:46.635737+00:00,2352.33,2352.6,1
2026-06-28 12:45:47.135737+00:00,2352.19,2352.39,6
2026-06-28 12:45:47.635737+00:00,2351.99,2352.21,3
2026-06-28 12:45:48.135737+00:00,2351.96,2352.16,4
2026-06-28 12:45:48.635737+00:00,2352.08,2352.33,7
2026-06-28 12:45:49.135737+00:00,2351.99,2352.2,1
2026-06-28 12:45:49.635737+00:00,2352.02,2352.29,1
2026-06-28 12:45:50.135737+00:00,2351.96,2352.22,2
2026-06-28 12:45:50.635737+00:00,2351.96,2352.24,1
2026-06-28 12:45:51.135737+00:00,2352.03,2352.29,7
2026-06-28 12:45:51.635737+00:00,2352.01,2352.24,6
2026-06-28 12:45:52.135737+00:00,2351.94,2352.17,3
2026-06-28 12:45:52.635737+00:00,2351.88,2352.11,4
2026-06-28 12:45:53.135737+00:00,2352.02,2352.32,1
2026-06-28 12:45:53.635737+00:00,2351.98,2352.21,4
2026-06-28 12:45:54.135737+00:00,2351.85,2352.17,1
2026-06-28 12:45:54.635737+00:00,2351.85,2352.08,1
2026-06-28 12:45:55.135737+00:00,2351.88,2352.09,2
2026-06-28 12:45:55.635737+00:00,2351.9,2352.18,1
2026-06-28 12:45:56.135737+00:00,2351.75,2352.07,6
2026-06-28 12:45:56.635737+00:00,2351.86,2352.12,1
2026-06-28 12:45:57.135737+00:00,2351.77,2352.05,7
2026-06-28 12:45:57.635737+00:00,2351.82,2352.08,7
2026-06-28 12:45:58.135737+00:00,2351.77,2352.19,7
2026-06-28 12:45:58.635737+00:00,2351.83,2352.05,6
2026-06-28 12:45:59.135737+00:00,2351.9,2352.17,4
2026-06-28 12:45:59.635737+00:00,2351.78,2352.02,2
2026-06-28 12:46:00.135737+00:00,2351.7,2352.02,5
2026-06-28 12:46:00.635737+00:00,2351.76,2352.07,4
2026-06-28 12:46:01.135737+00:00,2351.71,2351.94,6
2026-06-28 12:46:01.635737+00:00,2351.48,2351.76,2
2026-06-28 12:46:02.135737+00:00,2351.52,2351.74,4
2026-06-28 12:46:02.635737+00:00,2351.52,2351.81,7
2026-06-28 12:46:03.135737+00:00,2351.44,2351.73,3
2026-06-28 12:46:03.635737+00:00,2351.5,2351.78,1
2026-06-28 12:46:04.135737+00:00,2351.4,2351.69,2
2026-06-28 12:46:04.635737+00:00,2351.51,2351.75,6
2026-06-28 12:46:05.135737+00:00,2351.41,2351.71,1
2026-06-28 12:46:05.635737+00:00,2351.4,2351.71,4
2026-06-28 12:46:06.135737+00:00,2351.45,2351.66,4
2026-06-28 12:46:06.635737+00:00,2351.44,2351.7,4
2026-06-28 12:46:07.135737+00:00,2351.46,2351.76,1
2026-06-28 12:46:07.635737+00:00,2351.45,2351.73,2
2026-06-28 12:46:08.135737+00:00,2351.33,2351.57,2
2026-06-28 12:46:08.635737+00:00,2351.34,2351.58,5
2026-06-28 12:46:09.135737+00:00,2351.33,2351.58,7
2026-06-28 12:46:09.635737+00:00,2351.39,2351.62,1
2026-06-28 12:46:10.135737+00:00,2351.44,2351.71,3
2026-06-28 12:46:10.635737+00:00,2351.45,2351.69,2
2026-06-28 12:46:11.135737+00:00,2351.47,2351.77,7
2026-06-28 12:46:11.635737+00:00,2351.37,2351.62,7
2026-06-28 12:46:12.135737+00:00,2351.38,2351.74,6
2026-06-28 12:46:12.635737+00:00,2351.38,2351.76,5
2026-06-28 12:46:13.135737+00:00,2351.39,2351.6,4
2026-06-28 12:46:13.635737+00:00,2351.35,2351.66,2
2026-06-28 12:46:14.135737+00:00,2351.42,2351.7,7
2026-06-28 12:46:14.635737+00:00,2351.47,2351.82,4
2026-06-28 12:46:15.135737+00:00,2351.28,2351.59,2
2026-06-28 12:46:15.635737+00:00,2351.3,2351.61,1
2026-06-28 12:46:16.135737+00:00,2351.26,2351.48,2
2026-06-28 12:46:16.635737+00:00,2351.17,2351.5,7
2026-06-28 12:46:17.135737+00:00,2351.29,2351.55,7
2026-06-28 12:46:17.635737+00:00,2351.29,2351.54,6
2026-06-28 12:46:18.135737+00:00,2351.24,2351.53,6
2026-06-28 12:46:18.635737+00:00,2351.12,2351.4,4
2026-06-28 12:46:19.135737+00:00,2351.22,2351.43,5
2026-06-28 12:46:19.635737+00:00,2351.03,2351.28,6
2026-06-28 12:46:20.135737+00:00,2351.03,2351.26,1
2026-06-28 12:46:20.635737+00:00,2351.1,2351.36,6
2026-06-28 12:46:21.135737+00:00,2351.02,2351.27,6
2026-06-28 12:46:21.635737+00:00,2351.14,2351.37,2
2026-06-28 12:46:22.135737+00:00,2351.26,2351.47,6
2026-06-28 12:46:22.635737+00:00,2351.13,2351.39,7
2026-06-28 12:46:23.135737+00:00,2351.24,2351.51,5
2026-06-28 12:46:23.635737+00:00,2351.21,2351.58,7
2026-06-28 12:46:24.135737+00:00,2351.23,2351.52,3
2026-06-28 12:46:24.635737+00:00,2351.07,2351.29,6
2026-06-28 12:46:25.135737+00:00,2350.92,2351.15,2
2026-06-28 12:46:25.635737+00:00,2350.93,2351.24,7
2026-06-28 12:46:26.135737+00:00,2350.95,2351.31,2
2026-06-28 12:46:26.635737+00:00,2351.07,2351.28,3
2026-06-28 12:46:27.135737+00:00,2351.1,2351.37,5
2026-06-28 12:46:27.635737+00:00,2351.16,2351.42,1
2026-06-28 12:46:28.135737+00:00,2351.22,2351.44,1
2026-06-28 12:46:28.635737+00:00,2351.19,2351.48,5
2026-06-28 12:46:29.135737+00:00,2351.27,2351.48,3
2026-06-28 12:46:29.635737+00:00,2351.27,2351.52,4
2026-06-28 12:46:30.135737+00:00,2351.06,2351.32,6
2026-06-28 12:46:30.635737+00:00,2351.01,2351.27,5
2026-06-28 12:46:31.135737+00:00,2351.01,2351.3,1
2026-06-28 12:46:31.635737+00:00,2351.03,2351.35,2
2026-06-28 12:46:32.135737+00:00,2351.02,2351.33,5
2026-06-28 12:46:32.635737+00:00,2351.17,2351.4,5
2026-06-28 12:46:33.135737+00:00,2351.09,2351.36,6
2026-06-28 12:46:33.635737+00:00,2351.02,2351.23,3
2026-06-28 12:46:34.135737+00:00,2351.02,2351.24,5
2026-06-28 12:46:34.635737+00:00,2351.14,2351.41,3
2026-06-28 12:46:35.135737+00:00,2351.19,2351.42,4
2026-06-28 12:46:35.635737+00:00,2351.08,2351.39,1
2026-06-28 12:46:36.135737+00:00,2351.09,2351.41,6
2026-06-28 12:46:36.635737+00:00,2351.02,2351.35,5
2026-06-28 12:46:37.135737+00:00,2350.83,2351.12,2
2026-06-28 12:46:37.635737+00:00,2350.83,2351.08,1
2026-06-28 12:46:38.135737+00:00,2350.93,2351.15,2
2026-06-28 12:46:38.635737+00:00,2351.01,2351.29,6
2026-06-28 12:46:39.135737+00:00,2350.99,2351.26,4
2026-06-28 12:46:39.635737+00:00,2350.98,2351.24,4
2026-06-28 12:46:40.135737+00:00,2351.04,2351.28,1
2026-06-28 12:46:40.635737+00:00,2350.99,2351.27,4
2026-06-28 12:46:41.135737+00:00,2350.99,2351.34,4
2026-06-28 12:46:41.635737+00:00,2350.95,2351.35,7
2026-06-28 12:46:42.135737+00:00,2351.03,2351.25,1
2026-06-28 12:46:42.635737+00:00,2351.15,2351.35,4
2026-06-28 12:46:43.135737+00:00,2350.99,2351.25,6
2026-06-28 12:46:43.635737+00:00,2350.98,2351.23,3
2026-06-28 12:46:44.135737+00:00,2351.14,2351.34,5
2026-06-28 12:46:44.635737+00:00,2351.1,2351.35,1
2026-06-28 12:46:45.135737+00:00,2350.95,2351.24,3
2026-06-28 12:46:45.635737+00:00,2350.98,2351.3,2
2026-06-28 12:46:46.135737+00:00,2350.87,2351.26,7
2026-06-28 12:46:46.635737+00:00,2350.91,2351.14,4
2026-06-28 12:46:47.135737+00:00,2350.8,2351.0,4
2026-06-28 12:46:47.635737+00:00,2350.84,2351.07,1
2026-06-28 12:46:48.135737+00:00,2350.87,2351.13,7
2026-06-28 12:46:48.635737+00:00,2350.77,2351.09,2
2026-06-28 12:46:49.135737+00:00,2350.82,2351.02,2
2026-06-28 12:46:49.635737+00:00,2350.73,2350.98,2
2026-06-28 12:46:50.135737+00:00,2350.78,2351.13,3
2026-06-28 12:46:50.635737+00:00,2350.89,2351.17,1
2026-06-28 12:46:51.135737+00:00,2350.83,2351.12,2
2026-06-28 12:46:51.635737+00:00,2350.83,2351.03,4
2026-06-28 12:46:52.135737+00:00,2350.64,2350.84,4
2026-06-28 12:46:52.635737+00:00,2350.74,2350.98,3
2026-06-28 12:46:53.135737+00:00,2350.82,2351.05,7
2026-06-28 12:46:53.635737+00:00,2350.91,2351.19,7
2026-06-28 12:46:54.135737+00:00,2350.96,2351.2,2
2026-06-28 12:46:54.635737+00:00,2350.81,2351.02,5
2026-06-28 12:46:55.135737+00:00,2350.79,2351.04,3
2026-06-28 12:46:55.635737+00:00,2350.79,2351.11,3
2026-06-28 12:46:56.135737+00:00,2351.07,2351.29,5
2026-06-28 12:46:56.635737+00:00,2350.95,2351.3,2
2026-06-28 12:46:57.135737+00:00,2350.97,2351.17,7
2026-06-28 12:46:57.635737+00:00,2350.99,2351.2,2
2026-06-28 12:46:58.135737+00:00,2351.14,2351.4,2
2026-06-28 12:46:58.635737+00:00,2351.13,2351.35,6
2026-06-28 12:46:59.135737+00:00,2351.11,2351.36,3
2026-06-28 12:46:59.635737+00:00,2351.02,2351.32,6
2026-06-28 12:47:00.135737+00:00,2351.21,2351.44,7
2026-06-28 12:47:00.635737+00:00,2351.22,2351.47,2
2026-06-28 12:47:01.135737+00:00,2351.21,2351.41,1
2026-06-28 12:47:01.635737+00:00,2351.01,2351.32,1
2026-06-28 12:47:02.135737+00:00,2351.02,2351.28,6
2026-06-28 12:47:02.635737+00:00,2350.95,2351.16,3
2026-06-28 12:47:03.135737+00:00,2350.78,2351.04,6
2026-06-28 12:47:03.635737+00:00,2350.95,2351.17,4
2026-06-28 12:47:04.135737+00:00,2350.84,2351.04,4
2026-06-28 12:47:04.635737+00:00,2350.79,2351.03,6
2026-06-28 12:47:05.135737+00:00,2350.67,2350.89,6
2026-06-28 12:47:05.635737+00:00,2350.65,2350.94,5
2026-06-28 12:47:06.135737+00:00,2350.56,2350.85,2
2026-06-28 12:47:06.635737+00:00,2350.41,2350.79,7
2026-06-28 12:47:07.135737+00:00,2350.5,2350.7,5
2026-06-28 12:47:07.635737+00:00,2350.52,2350.87,5
2026-06-28 12:47:08.135737+00:00,2350.49,2350.76,2
2026-06-28 12:47:08.635737+00:00,2350.43,2350.67,5
2026-06-28 12:47:09.135737+00:00,2350.41,2350.65,1
2026-06-28 12:47:09.635737+00:00,2350.33,2350.56,1
2026-06-28 12:47:10.135737+00:00,2350.31,2350.53,7
2026-06-28 12:47:10.635737+00:00,2350.32,2350.61,7
2026-06-28 12:47:11.135737+00:00,2350.24,2350.53,5
2026-06-28 12:47:11.635737+00:00,2350.37,2350.59,4
2026-06-28 12:47:12.135737+00:00,2350.32,2350.6,4
2026-06-28 12:47:12.635737+00:00,2350.4,2350.67,4
2026-06-28 12:47:13.135737+00:00,2350.45,2350.68,6
2026-06-28 12:47:13.635737+00:00,2350.39,2350.6,4
2026-06-28 12:47:14.135737+00:00,2350.29,2350.56,1
2026-06-28 12:47:14.635737+00:00,2350.22,2350.46,3
2026-06-28 12:47:15.135737+00:00,2350.31,2350.56,1
2026-06-28 12:47:15.635737+00:00,2350.3,2350.56,2
2026-06-28 12:47:16.135737+00:00,2350.37,2350.68,4
2026-06-28 12:47:16.635737+00:00,2350.49,2350.76,5
2026-06-28 12:47:17.135737+00:00,2350.52,2350.81,7
2026-06-28 12:47:17.635737+00:00,2350.69,2351.02,7
2026-06-28 12:47:18.135737+00:00,2350.69,2350.9,6
2026-06-28 12:47:18.635737+00:00,2350.86,2351.14,1
2026-06-28 12:47:19.135737+00:00,2350.81,2351.04,3
2026-06-28 12:47:19.635737+00:00,2350.73,2350.99,2
2026-06-28 12:47:20.135737+00:00,2350.67,2350.91,7
2026-06-28 12:47:20.635737+00:00,2350.67,2350.94,3
2026-06-28 12:47:21.135737+00:00,2350.55,2350.85,6
2026-06-28 12:47:21.635737+00:00,2350.55,2350.81,5
2026-06-28 12:47:22.135737+00:00,2350.52,2350.75,2
2026-06-28 12:47:22.635737+00:00,2350.51,2350.74,7
2026-06-28 12:47:23.135737+00:00,2350.4,2350.67,7
2026-06-28 12:47:23.635737+00:00,2350.4,2350.64,3
2026-06-28 12:47:24.135737+00:00,2350.47,2350.71,5
2026-06-28 12:47:24.635737+00:00,2350.5,2350.73,7
2026-06-28 12:47:25.135737+00:00,2350.46,2350.66,1
2026-06-28 12:47:25.635737+00:00,2350.5,2350.74,6
2026-06-28 12:47:26.135737+00:00,2350.43,2350.63,5
2026-06-28 12:47:26.635737+00:00,2350.3,2350.74,7
2026-06-28 12:47:27.135737+00:00,2350.37,2350.62,1
2026-06-28 12:47:27.635737+00:00,2350.28,2350.48,1
2026-06-28 12:47:28.135737+00:00,2350.23,2350.46,3
2026-06-28 12:47:28.635737+00:00,2350.23,2350.5,6
2026-06-28 12:47:29.135737+00:00,2350.32,2350.61,2
2026-06-28 12:47:29.635737+00:00,2350.36,2350.57,3
2026-06-28 12:47:30.135737+00:00,2350.39,2350.67,1
2026-06-28 12:47:30.635737+00:00,2350.22,2350.45,2
2026-06-28 12:47:31.135737+00:00,2350.08,2350.4,6
2026-06-28 12:47:31.635737+00:00,2350.13,2350.41,5
2026-06-28 12:47:32.135737+00:00,2350.25,2350.46,2
2026-06-28 12:47:32.635737+00:00,2350.34,2350.54,2
2026-06-28 12:47:33.135737+00:00,2350.08,2350.41,2
2026-06-28 12:47:33.635737+00:00,2350.03,2350.31,4
2026-06-28 12:47:34.135737+00:00,2350.01,2350.25,5
2026-06-28 12:47:34.635737+00:00,2350.04,2350.28,1
2026-06-28 12:47:35.135737+00:00,2350.01,2350.23,4
2026-06-28 12:47:35.635737+00:00,2350.06,2350.39,5
2026-06-28 12:47:36.135737+00:00,2349.9,2350.24,5
2026-06-28 12:47:36.635737+00:00,2349.99,2350.2,1
2026-06-28 12:47:37.135737+00:00,2349.9,2350.13,6
2026-06-28 12:47:37.635737+00:00,2349.92,2350.29,1
2026-06-28 12:47:38.135737+00:00,2349.92,2350.16,2
2026-06-28 12:47:38.635737+00:00,2349.8,2350.05,7
2026-06-28 12:47:39.135737+00:00,2349.82,2350.08,2
2026-06-28 12:47:39.635737+00:00,2349.77,2350.03,3
2026-06-28 12:47:40.135737+00:00,2349.88,2350.15,5
2026-06-28 12:47:40.635737+00:00,2349.93,2350.15,4
2026-06-28 12:47:41.135737+00:00,2349.84,2350.06,6
2026-06-28 12:47:41.635737+00:00,2349.82,2350.13,2
2026-06-28 12:47:42.135737+00:00,2349.84,2350.11,7
2026-06-28 12:47:42.635737+00:00,2349.83,2350.06,5
2026-06-28 12:47:43.135737+00:00,2349.88,2350.1,6
2026-06-28 12:47:43.635737+00:00,2349.98,2350.23,2
2026-06-28 12:47:44.135737+00:00,2350.05,2350.26,3
2026-06-28 12:47:44.635737+00:00,2349.91,2350.22,4
2026-06-28 12:47:45.135737+00:00,2349.85,2350.06,7
2026-06-28 12:47:45.635737+00:00,2349.78,2350.1,3
2026-06-28 12:47:46.135737+00:00,2349.75,2349.95,5
2026-06-28 12:47:46.635737+00:00,2349.67,2349.99,2
2026-06-28 12:47:47.135737+00:00,2349.6,2349.83,5
2026-06-28 12:47:47.635737+00:00,2349.67,2349.88,1
2026-06-28 12:47:48.135737+00:00,2349.61,2350.0,4
2026-06-28 12:47:48.635737+00:00,2349.82,2350.04,4
2026-06-28 12:47:49.135737+00:00,2349.93,2350.15,4
2026-06-28 12:47:49.635737+00:00,2350.02,2350.23,4
2026-06-28 12:47:50.135737+00:00,2350.03,2350.29,7
2026-06-28 12:47:50.635737+00:00,2349.94,2350.22,5
2026-06-28 12:47:51.135737+00:00,2349.96,2350.16,3
2026-06-28 12:47:51.635737+00:00,2349.91,2350.2,4
2026-06-28 12:47:52.135737+00:00,2349.98,2350.27,1
2026-06-28 12:47:52.635737+00:00,2350.13,2350.39,5
2026-06-28 12:47:53.135737+00:00,2349.95,2350.27,5
2026-06-28 12:47:53.635737+00:00,2349.92,2350.21,2
2026-06-28 12:47:54.135737+00:00,2349.96,2350.2,2
2026-06-28 12:47:54.635737+00:00,2349.97,2350.29,6
2026-06-28 12:47:55.135737+00:00,2350.1,2350.36,3
2026-06-28 12:47:55.635737+00:00,2350.03,2350.29,6
2026-06-28 12:47:56.135737+00:00,2349.92,2350.15,4
2026-06-28 12:47:56.635737+00:00,2349.95,2350.24,5
2026-06-28 12:47:57.135737+00:00,2349.93,2350.21,1
2026-06-28 12:47:57.635737+00:00,2350.0,2350.24,2
2026-06-28 12:47:58.135737+00:00,2349.93,2350.18,3
2026-06-28 12:47:58.635737+00:00,2349.88,2350.18,2
2026-06-28 12:47:59.135737+00:00,2349.82,2350.09,6
2026-06-28 12:47:59.635737+00:00,2349.81,2350.09,4
2026-06-28 12:48:00.135737+00:00,2350.01,2350.22,7
2026-06-28 12:48:00.635737+00:00,2349.82,2350.11,4
2026-06-28 12:48:01.135737+00:00,2350.01,2350.27,3
2026-06-28 12:48:01.635737+00:00,2349.88,2350.24,6
2026-06-28 12:48:02.135737+00:00,2349.86,2350.08,5
2026-06-28 12:48:02.635737+00:00,2349.81,2350.09,4
2026-06-28 12:48:03.135737+00:00,2349.85,2350.12,7
2026-06-28 12:48:03.635737+00:00,2349.91,2350.23,6
2026-06-28 12:48:04.135737+00:00,2349.95,2350.15,5
2026-06-28 12:48:04.635737+00:00,2349.99,2350.26,3
2026-06-28 12:48:05.135737+00:00,2350.14,2350.35,4
2026-06-28 12:48:05.635737+00:00,2350.07,2350.42,3
2026-06-28 12:48:06.135737+00:00,2350.11,2350.44,3
2026-06-28 12:48:06.635737+00:00,2350.08,2350.37,3
2026-06-28 12:48:07.135737+00:00,2350.01,2350.26,2
2026-06-28 12:48:07.635737+00:00,2350.02,2350.3,4
2026-06-28 12:48:08.135737+00:00,2349.96,2350.22,7
2026-06-28 12:48:08.635737+00:00,2350.0,2350.25,2
2026-06-28 12:48:09.135737+00:00,2349.88,2350.15,6
2026-06-28 12:48:09.635737+00:00,2349.89,2350.13,3
2026-06-28 12:48:10.135737+00:00,2349.84,2350.06,6
2026-06-28 12:48:10.635737+00:00,2349.9,2350.15,5
2026-06-28 12:48:11.135737+00:00,2349.93,2350.17,4
2026-06-28 12:48:11.635737+00:00,2350.01,2350.23,6
2026-06-28 12:48:12.135737+00:00,2349.86,2350.09,4
2026-06-28 12:48:12.635737+00:00,2349.94,2350.21,7
2026-06-28 12:48:13.135737+00:00,2350.01,2350.25,4
2026-06-28 12:48:13.635737+00:00,2349.9,2350.18,7
2026-06-28 12:48:14.135737+00:00,2349.95,2350.2,5
2026-06-28 12:48:14.635737+00:00,2349.93,2350.14,3
2026-06-28 12:48:15.135737+00:00,2349.95,2350.16,3
2026-06-28 12:48:15.635737+00:00,2349.71,2350.02,1
2026-06-28 12:48:16.135737+00:00,2349.7,2350.01,3
2026-06-28 12:48:16.635737+00:00,2349.69,2349.96,4
2026-06-28 12:48:17.135737+00:00,2349.8,2350.08,6
2026-06-28 12:48:17.635737+00:00,2349.68,2350.01,1
2026-06-28 12:48:18.135737+00:00,2349.72,2349.99,6
2026-06-28 12:48:18.635737+00:00,2349.82,2350.11,5
2026-06-28 12:48:19.135737+00:00,2349.89,2350.14,5
2026-06-28 12:48:19.635737+00:00,2350.04,2350.26,4
2026-06-28 12:48:20.135737+00:00,2350.08,2350.29,4
2026-06-28 12:48:20.635737+00:00,2350.08,2350.31,1
2026-06-28 12:48:21.135737+00:00,2350.11,2350.45,7
2026-06-28 12:48:21.635737+00:00,2350.12,2350.4,5
2026-06-28 12:48:22.135737+00:00,2349.98,2350.28,6
2026-06-28 12:48:22.635737+00:00,2350.08,2350.34,5
2026-06-28 12:48:23.135737+00:00,2350.05,2350.27,4
2026-06-28 12:48:23.635737+00:00,2349.82,2350.3,3
2026-06-28 12:48:24.135737+00:00,2349.89,2350.11,3
2026-06-28 12:48:24.635737+00:00,2349.87,2350.12,4
2026-06-28 12:48:25.135737+00:00,2349.76,2350.07,4
2026-06-28 12:48:25.635737+00:00,2349.69,2349.92,5
2026-06-28 12:48:26.135737+00:00,2349.81,2350.1,5
2026-06-28 12:48:26.635737+00:00,2349.89,2350.23,2
2026-06-28 12:48:27.135737+00:00,2349.98,2350.21,1
2026-06-28 12:48:27.635737+00:00,2349.94,2350.15,7
2026-06-28 12:48:28.135737+00:00,2350.02,2350.23,2
2026-06-28 12:48:28.635737+00:00,2350.14,2350.37,7
2026-06-28 12:48:29.135737+00:00,2350.14,2350.42,1
2026-06-28 12:48:29.635737+00:00,2350.07,2350.3,1
2026-06-28 12:48:30.135737+00:00,2350.2,2350.5,7
2026-06-28 12:48:30.635737+00:00,2350.08,2350.32,6
2026-06-28 12:48:31.135737+00:00,2350.02,2350.25,2
2026-06-28 12:48:31.635737+00:00,2350.01,2350.3,4
2026-06-28 12:48:32.135737+00:00,2350.01,2350.23,6
2026-06-28 12:48:32.635737+00:00,2350.12,2350.35,6
2026-06-28 12:48:33.135737+00:00,2350.2,2350.46,1
2026-06-28 12:48:33.635737+00:00,2350.2,2350.51,3
2026-06-28 12:48:34.135737+00:00,2350.09,2350.36,1
2026-06-28 12:48:34.635737+00:00,2350.08,2350.41,7
2026-06-28 12:48:35.135737+00:00,2350.14,2350.34,1
2026-06-28 12:48:35.635737+00:00,2350.1,2350.37,3
2026-06-28 12:48:36.135737+00:00,2349.97,2350.26,7
2026-06-28 12:48:36.635737+00:00,2349.91,2350.21,1
2026-06-28 12:48:37.135737+00:00,2349.95,2350.21,7
2026-06-28 12:48:37.635737+00:00,2349.98,2350.2,4
2026-06-28 12:48:38.135737+00:00,2350.04,2350.26,3
2026-06-28 12:48:38.635737+00:00,2350.18,2350.44,6
2026-06-28 12:48:39.135737+00:00,2350.34,2350.55,7
2026-06-28 12:48:39.635737+00:00,2350.2,2350.41,6
2026-06-28 12:48:40.135737+00:00,2350.17,2350.4,1
2026-06-28 12:48:40.635737+00:00,2350.19,2350.46,7
2026-06-28 12:48:41.135737+00:00,2350.14,2350.37,4
2026-06-28 12:48:41.635737+00:00,2349.92,2350.18,6
2026-06-28 12:48:42.135737+00:00,2349.81,2350.05,6
2026-06-28 12:48:42.635737+00:00,2349.88,2350.09,3
2026-06-28 12:48:43.135737+00:00,2349.88,2350.11,2
2026-06-28 12:48:43.635737+00:00,2349.79,2350.02,1
2026-06-28 12:48:44.135737+00:00,2349.73,2349.99,2
2026-06-28 12:48:44.635737+00:00,2349.8,2350.02,6
2026-06-28 12:48:45.135737+00:00,2349.79,2350.08,2
2026-06-28 12:48:45.635737+00:00,2349.78,2349.99,6
2026-06-28 12:48:46.135737+00:00,2349.73,2350.01,5
2026-06-28 12:48:46.635737+00:00,2349.68,2349.89,1
2026-06-28 12:48:47.135737+00:00,2349.59,2349.8,1
2026-06-28 12:48:47.635737+00:00,2349.55,2349.88,7
2026-06-28 12:48:48.135737+00:00,2349.5,2349.89,3
2026-06-28 12:48:48.635737+00:00,2349.5,2349.83,7
2026-06-28 12:48:49.135737+00:00,2349.57,2349.77,2
2026-06-28 12:48:49.635737+00:00,2349.43,2349.74,5
2026-06-28 12:48:50.135737+00:00,2349.48,2349.72,5
2026-06-28 12:48:50.635737+00:00,2349.57,2349.8,1
2026-06-28 12:48:51.135737+00:00,2349.6,2349.82,4
2026-06-28 12:48:51.635737+00:00,2349.45,2349.67,1
2026-06-28 12:48:52.135737+00:00,2349.33,2349.64,1
2026-06-28 12:48:52.635737+00:00,2349.34,2349.7,5
2026-06-28 12:48:53.135737+00:00,2349.44,2349.65,4
2026-06-28 12:48:53.635737+00:00,2349.38,2349.64,2
2026-06-28 12:48:54.135737+00:00,2349.4,2349.76,6
2026-06-28 12:48:54.635737+00:00,2349.41,2349.72,5
2026-06-28 12:48:55.135737+00:00,2349.43,2349.65,1
2026-06-28 12:48:55.635737+00:00,2349.33,2349.69,4
2026-06-28 12:48:56.135737+00:00,2349.37,2349.62,1
2026-06-28 12:48:56.635737+00:00,2349.29,2349.56,2
2026-06-28 12:48:57.135737+00:00,2349.23,2349.44,7
2026-06-28 12:48:57.635737+00:00,2349.22,2349.55,1
2026-06-28 12:48:58.135737+00:00,2349.55,2349.78,7
2026-06-28 12:48:58.635737+00:00,2349.53,2349.81,3
2026-06-28 12:48:59.135737+00:00,2349.55,2349.8,1
2026-06-28 12:48:59.635737+00:00,2349.42,2349.75,5
2026-06-28 12:49:00.135737+00:00,2349.48,2349.71,4
2026-06-28 12:49:00.635737+00:00,2349.6,2349.91,4
2026-06-28 12:49:01.135737+00:00,2349.65,2349.99,7
2026-06-28 12:49:01.635737+00:00,2349.77,2349.97,1
2026-06-28 12:49:02.135737+00:00,2349.74,2349.97,4
2026-06-28 12:49:02.635737+00:00,2349.61,2349.85,7
2026-06-28 12:49:03.135737+00:00,2349.55,2349.78,1
2026-06-28 12:49:03.635737+00:00,2349.5,2349.75,3
2026-06-28 12:49:04.135737+00:00,2349.49,2349.7,7
2026-06-28 12:49:04.635737+00:00,2349.35,2349.59,1
2026-06-28 12:49:05.135737+00:00,2349.29,2349.51,2
2026-06-28 12:49:05.635737+00:00,2349.24,2349.46,6
2026-06-28 12:49:06.135737+00:00,2349.26,2349.52,7
2026-06-28 12:49:06.635737+00:00,2349.31,2349.54,4
2026-06-28 12:49:07.135737+00:00,2349.32,2349.56,1
2026-06-28 12:49:07.635737+00:00,2349.36,2349.56,3
2026-06-28 12:49:08.135737+00:00,2349.46,2349.67,4
2026-06-28 12:49:08.635737+00:00,2349.43,2349.78,3
2026-06-28 12:49:09.135737+00:00,2349.6,2349.86,4
2026-06-28 12:49:09.635737+00:00,2349.69,2349.96,3
2026-06-28 12:49:10.135737+00:00,2349.69,2349.93,2
2026-06-28 12:49:10.635737+00:00,2349.72,2349.93,6
2026-06-28 12:49:11.135737+00:00,2349.6,2349.84,4
2026-06-28 12:49:11.635737+00:00,2349.54,2349.85,2
2026-06-28 12:49:12.135737+00:00,2349.44,2349.73,7
2026-06-28 12:49:12.635737+00:00,2349.4,2349.6,6
2026-06-28 12:49:13.135737+00:00,2349.38,2349.59,1
2026-06-28 12:49:13.635737+00:00,2349.28,2349.51,7
2026-06-28 12:49:14.135737+00:00,2349.38,2349.62,5
2026-06-28 12:49:14.635737+00:00,2349.42,2349.74,3
2026-06-28 12:49:15.135737+00:00,2349.4,2349.6,4
2026-06-28 12:49:15.635737+00:00,2349.42,2349.69,4
2026-06-28 12:49:16.135737+00:00,2349.49,2349.75,3
2026-06-28 12:49:16.635737+00:00,2349.59,2349.8,5
2026-06-28 12:49:17.135737+00:00,2349.45,2349.81,6
2026-06-28 12:49:17.635737+00:00,2349.4,2349.67,4
2026-06-28 12:49:18.135737+00:00,2349.42,2349.67,6
2026-06-28 12:49:18.635737+00:00,2349.43,2349.72,4
2026-06-28 12:49:19.135737+00:00,2349.44,2349.66,2
2026-06-28 12:49:19.635737+00:00,2349.52,2349.74,7
2026-06-28 12:49:20.135737+00:00,2349.56,2349.78,4
2026-06-28 12:49:20.635737+00:00,2349.58,2349.8,6
2026-06-28 12:49:21.135737+00:00,2349.68,2349.95,5
2026-06-28 12:49:21.635737+00:00,2349.81,2350.07,2
2026-06-28 12:49:22.135737+00:00,2349.87,2350.08,7
2026-06-28 12:49:22.635737+00:00,2349.72,2349.95,4
2026-06-28 12:49:23.135737+00:00,2349.8,2350.04,5
2026-06-28 12:49:23.635737+00:00,2349.9,2350.17,3
2026-06-28 12:49:24.135737+00:00,2349.89,2350.19,1
2026-06-28 12:49:24.635737+00:00,2350.03,2350.31,4
2026-06-28 12:49:25.135737+00:00,2350.07,2350.29,5
2026-06-28 12:49:25.635737+00:00,2350.12,2350.34,3
2026-06-28 12:49:26.135737+00:00,2350.21,2350.5,6
2026-06-28 12:49:26.635737+00:00,2350.23,2350.54,4
2026-06-28 12:49:27.135737+00:00,2350.17,2350.4,2
2026-06-28 12:49:27.635737+00:00,2350.17,2350.41,1
2026-06-28 12:49:28.135737+00:00,2350.31,2350.66,4
2026-06-28 12:49:28.635737+00:00,2350.32,2350.56,7
2026-06-28 12:49:29.135737+00:00,2350.2,2350.54,3
2026-06-28 12:49:29.635737+00:00,2350.08,2350.34,4
2026-06-28 12:49:30.135737+00:00,2350.07,2350.28,2
2026-06-28 12:49:30.635737+00:00,2349.99,2350.31,1
2026-06-28 12:49:31.135737+00:00,2350.06,2350.33,3
2026-06-28 12:49:31.635737+00:00,2350.2,2350.57,2
2026-06-28 12:49:32.135737+00:00,2350.18,2350.45,1
2026-06-28 12:49:32.635737+00:00,2350.35,2350.58,2
2026-06-28 12:49:33.135737+00:00,2350.3,2350.56,1
2026-06-28 12:49:33.635737+00:00,2350.23,2350.43,7
2026-06-28 12:49:34.135737+00:00,2350.34,2350.58,4
2026-06-28 12:49:34.635737+00:00,2350.27,2350.51,5
2026-06-28 12:49:35.135737+00:00,2350.25,2350.56,5
2026-06-28 12:49:35.635737+00:00,2350.44,2350.65,6
2026-06-28 12:49:36.135737+00:00,2350.39,2350.63,6
2026-06-28 12:49:36.635737+00:00,2350.34,2350.65,5
2026-06-28 12:49:37.135737+00:00,2350.51,2350.86,3
2026-06-28 12:49:37.635737+00:00,2350.43,2350.74,4
2026-06-28 12:49:38.135737+00:00,2350.52,2350.75,5
2026-06-28 12:49:38.635737+00:00,2350.73,2350.99,4
2026-06-28 12:49:39.135737+00:00,2350.98,2351.21,3
2026-06-28 12:49:39.635737+00:00,2350.97,2351.2,7
2026-06-28 12:49:40.135737+00:00,2351.08,2351.3,1
2026-06-28 12:49:40.635737+00:00,2350.92,2351.27,1
2026-06-28 12:49:41.135737+00:00,2351.02,2351.26,2
2026-06-28 12:49:41.635737+00:00,2351.05,2351.29,1
2026-06-28 12:49:42.135737+00:00,2351.11,2351.36,1
2026-06-28 12:49:42.635737+00:00,2351.12,2351.36,2
2026-06-28 12:49:43.135737+00:00,2351.19,2351.42,1
2026-06-28 12:49:43.635737+00:00,2351.14,2351.39,2
2026-06-28 12:49:44.135737+00:00,2351.22,2351.45,2
2026-06-28 12:49:44.635737+00:00,2351.22,2351.43,4
2026-06-28 12:49:45.135737+00:00,2351.23,2351.49,4
2026-06-28 12:49:45.635737+00:00,2351.23,2351.55,5
2026-06-28 12:49:46.135737+00:00,2351.33,2351.59,7
2026-06-28 12:49:46.635737+00:00,2351.34,2351.64,4
2026-06-28 12:49:47.135737+00:00,2351.38,2351.7,7
2026-06-28 12:49:47.635737+00:00,2351.35,2351.74,7
2026-06-28 12:49:48.135737+00:00,2351.5,2351.82,7
2026-06-28 12:49:48.635737+00:00,2351.54,2351.8,2
2026-06-28 12:49:49.135737+00:00,2351.63,2351.84,5
2026-06-28 12:49:49.635737+00:00,2351.51,2351.86,4
2026-06-28 12:49:50.135737+00:00,2351.55,2351.79,5
2026-06-28 12:49:50.635737+00:00,2351.42,2351.69,5
2026-06-28 12:49:51.135737+00:00,2351.46,2351.8,1
2026-06-28 12:49:51.635737+00:00,2351.49,2351.77,6
2026-06-28 12:49:52.135737+00:00,2351.67,2351.9,3
2026-06-28 12:49:52.635737+00:00,2351.65,2351.92,7
2026-06-28 12:49:53.135737+00:00,2351.72,2352.03,3
2026-06-28 12:49:53.635737+00:00,2351.71,2352.05,2
2026-06-28 12:49:54.135737+00:00,2351.78,2352.01,3
2026-06-28 12:49:54.635737+00:00,2351.79,2351.99,7
2026-06-28 12:49:55.135737+00:00,2351.8,2352.05,5
2026-06-28 12:49:55.635737+00:00,2351.96,2352.17,3
2026-06-28 12:49:56.135737+00:00,2351.79,2352.1,6
2026-06-28 12:49:56.635737+00:00,2351.7,2352.01,6
2026-06-28 12:49:57.135737+00:00,2351.62,2351.84,1
2026-06-28 12:49:57.635737+00:00,2351.55,2351.9,5
2026-06-28 12:49:58.135737+00:00,2351.59,2351.88,3
2026-06-28 12:49:58.635737+00:00,2351.72,2352.08,7
2026-06-28 12:49:59.135737+00:00,2351.7,2352.02,3
2026-06-28 12:49:59.635737+00:00,2351.85,2352.1,3
2026-06-28 12:50:00.135737+00:00,2351.84,2352.11,5
2026-06-28 12:50:00.635737+00:00,2351.83,2352.03,6
2026-06-28 12:50:01.135737+00:00,2351.61,2352.04,4
2026-06-28 12:50:01.635737+00:00,2351.7,2351.94,3
2026-06-28 12:50:02.135737+00:00,2351.6,2351.81,3
2026-06-28 12:50:02.635737+00:00,2351.62,2351.91,6
2026-06-28 12:50:03.135737+00:00,2351.51,2351.76,4
2026-06-28 12:50:03.635737+00:00,2351.52,2351.79,1
2026-06-28 12:50:04.135737+00:00,2351.48,2351.77,3
2026-06-28 12:50:04.635737+00:00,2351.56,2351.94,3
2026-06-28 12:50:05.135737+00:00,2351.45,2351.72,2
2026-06-28 12:50:05.635737+00:00,2351.58,2351.86,3
2026-06-28 12:50:06.135737+00:00,2351.61,2351.88,3
2026-06-28 12:50:06.635737+00:00,2351.53,2351.74,3
2026-06-28 12:50:07.135737+00:00,2351.45,2351.67,3
2026-06-28 12:50:07.635737+00:00,2351.48,2351.74,4
2026-06-28 12:50:08.135737+00:00,2351.36,2351.65,7
2026-06-28 12:50:08.635737+00:00,2351.51,2351.72,5
2026-06-28 12:50:09.135737+00:00,2351.51,2351.77,4
2026-06-28 12:50:09.635737+00:00,2351.32,2351.6,3
2026-06-28 12:50:10.135737+00:00,2351.53,2351.73,1
2026-06-28 12:50:10.635737+00:00,2351.49,2351.85,6
2026-06-28 12:50:11.135737+00:00,2351.73,2351.94,1
2026-06-28 12:50:11.635737+00:00,2351.82,2352.08,4
2026-06-28 12:50:12.135737+00:00,2351.86,2352.15,4
2026-06-28 12:50:12.635737+00:00,2352.04,2352.24,1
2026-06-28 12:50:13.135737+00:00,2352.05,2352.35,1
2026-06-28 12:50:13.635737+00:00,2352.03,2352.25,2
2026-06-28 12:50:14.135737+00:00,2352.02,2352.27,2
2026-06-28 12:50:14.635737+00:00,2352.02,2352.23,3
2026-06-28 12:50:15.135737+00:00,2351.97,2352.24,4
2026-06-28 12:50:15.635737+00:00,2351.97,2352.19,7
2026-06-28 12:50:16.135737+00:00,2351.87,2352.13,7
2026-06-28 12:50:16.635737+00:00,2351.74,2351.97,2
2026-06-28 12:50:17.135737+00:00,2351.68,2352.03,3
2026-06-28 12:50:17.635737+00:00,2351.76,2351.96,6
2026-06-28 12:50:18.135737+00:00,2351.77,2352.06,6
2026-06-28 12:50:18.635737+00:00,2351.63,2351.9,3
2026-06-28 12:50:19.135737+00:00,2351.7,2351.96,6
2026-06-28 12:50:19.635737+00:00,2351.66,2352.04,1
2026-06-28 12:50:20.135737+00:00,2351.73,2352.01,2
2026-06-28 12:50:20.635737+00:00,2351.7,2351.93,2
2026-06-28 12:50:21.135737+00:00,2351.67,2351.93,5
2026-06-28 12:50:21.635737+00:00,2351.66,2351.86,7
2026-06-28 12:50:22.135737+00:00,2351.63,2351.83,7
2026-06-28 12:50:22.635737+00:00,2351.54,2351.78,6
2026-06-28 12:50:23.135737+00:00,2351.51,2351.74,6
2026-06-28 12:50:23.635737+00:00,2351.36,2351.59,3
2026-06-28 12:50:24.135737+00:00,2351.23,2351.55,6
2026-06-28 12:50:24.635737+00:00,2351.28,2351.49,5
2026-06-28 12:50:25.135737+00:00,2351.2,2351.42,3
2026-06-28 12:50:25.635737+00:00,2351.22,2351.42,7
2026-06-28 12:50:26.135737+00:00,2351.18,2351.42,7
2026-06-28 12:50:26.635737+00:00,2351.2,2351.42,3
2026-06-28 12:50:27.135737+00:00,2351.13,2351.43,2
2026-06-28 12:50:27.635737+00:00,2351.15,2351.4,1
2026-06-28 12:50:28.135737+00:00,2351.2,2351.42,7
2026-06-28 12:50:28.635737+00:00,2351.17,2351.43,7
2026-06-28 12:50:29.135737+00:00,2351.03,2351.36,3
2026-06-28 12:50:29.635737+00:00,2351.03,2351.28,5
2026-06-28 12:50:30.135737+00:00,2351.06,2351.35,7
2026-06-28 12:50:30.635737+00:00,2351.18,2351.42,6
2026-06-28 12:50:31.135737+00:00,2351.15,2351.39,1
2026-06-28 12:50:31.635737+00:00,2351.13,2351.36,5
2026-06-28 12:50:32.135737+00:00,2351.08,2351.31,1
2026-06-28 12:50:32.635737+00:00,2351.0,2351.29,2
2026-06-28 12:50:33.135737+00:00,2351.15,2351.35,5
2026-06-28 12:50:33.635737+00:00,2351.11,2351.34,6
2026-06-28 12:50:34.135737+00:00,2351.0,2351.22,5
2026-06-28 12:50:34.635737+00:00,2351.11,2351.33,1
2026-06-28 12:50:35.135737+00:00,2351.01,2351.24,1
2026-06-28 12:50:35.635737+00:00,2350.94,2351.2,4
2026-06-28 12:50:36.135737+00:00,2351.02,2351.25,7
2026-06-28 12:50:36.635737+00:00,2351.04,2351.28,4
2026-06-28 12:50:37.135737+00:00,2350.97,2351.22,5
2026-06-28 12:50:37.635737+00:00,2350.9,2351.15,1
2026-06-28 12:50:38.135737+00:00,2350.81,2351.06,4
2026-06-28 12:50:38.635737+00:00,2350.77,2351.03,1
2026-06-28 12:50:39.135737+00:00,2350.71,2350.96,1
2026-06-28 12:50:39.635737+00:00,2350.7,2350.97,5
2026-06-28 12:50:40.135737+00:00,2350.63,2350.85,3
2026-06-28 12:50:40.635737+00:00,2350.79,2351.07,7
2026-06-28 12:50:41.135737+00:00,2350.83,2351.07,5
2026-06-28 12:50:41.635737+00:00,2350.92,2351.22,6
2026-06-28 12:50:42.135737+00:00,2350.85,2351.08,3
2026-06-28 12:50:42.635737+00:00,2350.97,2351.18,7
2026-06-28 12:50:43.135737+00:00,2351.18,2351.4,4
2026-06-28 12:50:43.635737+00:00,2351.24,2351.58,3
2026-06-28 12:50:44.135737+00:00,2351.33,2351.68,3
2026-06-28 12:50:44.635737+00:00,2351.33,2351.54,7
2026-06-28 12:50:45.135737+00:00,2351.27,2351.55,3
2026-06-28 12:50:45.635737+00:00,2351.21,2351.41,6
2026-06-28 12:50:46.135737+00:00,2351.07,2351.32,7
2026-06-28 12:50:46.635737+00:00,2351.09,2351.31,5
2026-06-28 12:50:47.135737+00:00,2351.08,2351.32,5
2026-06-28 12:50:47.635737+00:00,2351.15,2351.42,5
2026-06-28 12:50:48.135737+00:00,2351.06,2351.33,6
2026-06-28 12:50:48.635737+00:00,2351.09,2351.38,1
2026-06-28 12:50:49.135737+00:00,2351.2,2351.5,1
2026-06-28 12:50:49.635737+00:00,2351.24,2351.45,6
2026-06-28 12:50:50.135737+00:00,2351.21,2351.46,3
2026-06-28 12:50:50.635737+00:00,2351.27,2351.54,6
2026-06-28 12:50:51.135737+00:00,2351.34,2351.56,1
2026-06-28 12:50:51.635737+00:00,2351.38,2351.68,3
2026-06-28 12:50:52.135737+00:00,2351.47,2351.7,1
2026-06-28 12:50:52.635737+00:00,2351.36,2351.56,1
2026-06-28 12:50:53.135737+00:00,2351.43,2351.71,1
2026-06-28 12:50:53.635737+00:00,2351.49,2351.77,3
2026-06-28 12:50:54.135737+00:00,2351.48,2351.77,6
2026-06-28 12:50:54.635737+00:00,2351.45,2351.7,4
2026-06-28 12:50:55.135737+00:00,2351.49,2351.74,7
2026-06-28 12:50:55.635737+00:00,2351.47,2351.68,3
2026-06-28 12:50:56.135737+00:00,2351.63,2351.84,3
2026-06-28 12:50:56.635737+00:00,2351.69,2351.91,2
2026-06-28 12:50:57.135737+00:00,2351.74,2352.03,7
2026-06-28 12:50:57.635737+00:00,2351.83,2352.09,4
2026-06-28 12:50:58.135737+00:00,2351.8,2352.05,6
2026-06-28 12:50:58.635737+00:00,2351.58,2351.9,1
2026-06-28 12:50:59.135737+00:00,2351.68,2351.89,3
2026-06-28 12:50:59.635737+00:00,2351.67,2351.94,5
2026-06-28 12:51:00.135737+00:00,2351.61,2351.84,7
2026-06-28 12:51:00.635737+00:00,2351.63,2351.91,3
2026-06-28 12:51:01.135737+00:00,2351.65,2351.91,7
2026-06-28 12:51:01.635737+00:00,2351.65,2351.95,7
2026-06-28 12:51:02.135737+00:00,2351.69,2351.96,5
2026-06-28 12:51:02.635737+00:00,2351.83,2352.05,6
2026-06-28 12:51:03.135737+00:00,2351.75,2352.12,6
2026-06-28 12:51:03.635737+00:00,2351.63,2352.0,4
2026-06-28 12:51:04.135737+00:00,2351.57,2351.9,3
2026-06-28 12:51:04.635737+00:00,2351.61,2351.82,3
2026-06-28 12:51:05.135737+00:00,2351.57,2351.86,2
2026-06-28 12:51:05.635737+00:00,2351.67,2351.96,4
2026-06-28 12:51:06.135737+00:00,2351.87,2352.13,3
2026-06-28 12:51:06.635737+00:00,2351.84,2352.06,7
2026-06-28 12:51:07.135737+00:00,2351.78,2352.05,7
2026-06-28 12:51:07.635737+00:00,2351.76,2351.99,5
2026-06-28 12:51:08.135737+00:00,2351.75,2351.95,6
2026-06-28 12:51:08.635737+00:00,2351.76,2351.97,7
2026-06-28 12:51:09.135737+00:00,2351.72,2352.03,7
2026-06-28 12:51:09.635737+00:00,2351.86,2352.1,1
2026-06-28 12:51:10.135737+00:00,2351.99,2352.21,1
2026-06-28 12:51:10.635737+00:00,2352.19,2352.42,6
2026-06-28 12:51:11.135737+00:00,2351.92,2352.31,2
2026-06-28 12:51:11.635737+00:00,2352.02,2352.24,5
2026-06-28 12:51:12.135737+00:00,2351.96,2352.17,1
2026-06-28 12:51:12.635737+00:00,2352.08,2352.35,6
2026-06-28 12:51:13.135737+00:00,2352.13,2352.33,3
2026-06-28 12:51:13.635737+00:00,2352.1,2352.33,2
2026-06-28 12:51:14.135737+00:00,2351.91,2352.11,4
2026-06-28 12:51:14.635737+00:00,2351.97,2352.27,1
2026-06-28 12:51:15.135737+00:00,2352.1,2352.3,7
2026-06-28 12:51:15.635737+00:00,2351.92,2352.18,3
2026-06-28 12:51:16.135737+00:00,2351.99,2352.2,2
2026-06-28 12:51:16.635737+00:00,2351.86,2352.34,6
2026-06-28 12:51:17.135737+00:00,2351.97,2352.21,3
2026-06-28 12:51:17.635737+00:00,2352.01,2352.3,5
2026-06-28 12:51:18.135737+00:00,2352.24,2352.44,4
2026-06-28 12:51:18.635737+00:00,2352.27,2352.49,6
2026-06-28 12:51:19.135737+00:00,2352.27,2352.54,3
2026-06-28 12:51:19.635737+00:00,2352.18,2352.42,4
2026-06-28 12:51:20.135737+00:00,2352.24,2352.46,7
2026-06-28 12:51:20.635737+00:00,2352.12,2352.38,4
2026-06-28 12:51:21.135737+00:00,2352.02,2352.28,7
2026-06-28 12:51:21.635737+00:00,2351.9,2352.29,7
2026-06-28 12:51:22.135737+00:00,2352.02,2352.23,6
2026-06-28 12:51:22.635737+00:00,2352.19,2352.43,4
2026-06-28 12:51:23.135737+00:00,2352.23,2352.54,5
2026-06-28 12:51:23.635737+00:00,2352.27,2352.57,2
2026-06-28 12:51:24.135737+00:00,2352.26,2352.5,7
2026-06-28 12:51:24.635737+00:00,2352.19,2352.45,3
2026-06-28 12:51:25.135737+00:00,2352.28,2352.48,2
2026-06-28 12:51:25.635737+00:00,2352.12,2352.38,5
2026-06-28 12:51:26.135737+00:00,2352.13,2352.36,3
2026-06-28 12:51:26.635737+00:00,2352.06,2352.27,1
2026-06-28 12:51:27.135737+00:00,2352.0,2352.28,6
2026-06-28 12:51:27.635737+00:00,2352.11,2352.47,1
2026-06-28 12:51:28.135737+00:00,2352.11,2352.42,6
2026-06-28 12:51:28.635737+00:00,2352.13,2352.35,2
2026-06-28 12:51:29.135737+00:00,2352.0,2352.31,7
2026-06-28 12:51:29.635737+00:00,2352.02,2352.23,3
2026-06-28 12:51:30.135737+00:00,2351.95,2352.24,1
2026-06-28 12:51:30.635737+00:00,2351.99,2352.19,4
2026-06-28 12:51:31.135737+00:00,2352.12,2352.33,1
2026-06-28 12:51:31.635737+00:00,2351.97,2352.22,3
2026-06-28 12:51:32.135737+00:00,2351.84,2352.13,6
2026-06-28 12:51:32.635737+00:00,2352.07,2352.38,5
2026-06-28 12:51:33.135737+00:00,2352.06,2352.31,4
2026-06-28 12:51:33.635737+00:00,2352.17,2352.45,5
2026-06-28 12:51:34.135737+00:00,2352.15,2352.48,7
2026-06-28 12:51:34.635737+00:00,2352.34,2352.73,5
2026-06-28 12:51:35.135737+00:00,2352.33,2352.56,6
2026-06-28 12:51:35.635737+00:00,2352.24,2352.51,4
2026-06-28 12:51:36.135737+00:00,2352.24,2352.5,2
2026-06-28 12:51:36.635737+00:00,2352.23,2352.49,6
2026-06-28 12:51:37.135737+00:00,2352.14,2352.35,1
2026-06-28 12:51:37.635737+00:00,2352.09,2352.41,3
2026-06-28 12:51:38.135737+00:00,2352.08,2352.33,7
2026-06-28 12:51:38.635737+00:00,2352.04,2352.25,5
2026-06-28 12:51:39.135737+00:00,2352.01,2352.26,1
2026-06-28 12:51:39.635737+00:00,2351.86,2352.13,3
2026-06-28 12:51:40.135737+00:00,2351.67,2351.98,1
2026-06-28 12:51:40.635737+00:00,2351.66,2351.88,5
2026-06-28 12:51:41.135737+00:00,2351.66,2351.87,2
2026-06-28 12:51:41.635737+00:00,2351.66,2351.94,4
2026-06-28 12:51:42.135737+00:00,2351.65,2351.99,1
2026-06-28 12:51:42.635737+00:00,2351.61,2351.91,7
2026-06-28 12:51:43.135737+00:00,2351.69,2352.0,3
2026-06-28 12:51:43.635737+00:00,2351.74,2351.95,3
2026-06-28 12:51:44.135737+00:00,2351.6,2351.86,2
2026-06-28 12:51:44.635737+00:00,2351.61,2351.87,4
2026-06-28 12:51:45.135737+00:00,2351.49,2351.73,7
2026-06-28 12:51:45.635737+00:00,2351.59,2351.8,1
2026-06-28 12:51:46.135737+00:00,2351.36,2351.59,7
2026-06-28 12:51:46.635737+00:00,2351.4,2351.76,4
2026-06-28 12:51:47.135737+00:00,2351.42,2351.7,2
2026-06-28 12:51:47.635737+00:00,2351.37,2351.58,2
2026-06-28 12:51:48.135737+00:00,2351.33,2351.55,5
2026-06-28 12:51:48.635737+00:00,2351.18,2351.44,6
2026-06-28 12:51:49.135737+00:00,2351.27,2351.49,3
2026-06-28 12:51:49.635737+00:00,2351.34,2351.58,3
2026-06-28 12:51:50.135737+00:00,2351.33,2351.61,4
2026-06-28 12:51:50.635737+00:00,2351.45,2351.69,7
2026-06-28 12:51:51.135737+00:00,2351.61,2351.82,7
2026-06-28 12:51:51.635737+00:00,2351.54,2351.78,5
2026-06-28 12:51:52.135737+00:00,2351.53,2351.83,2
2026-06-28 12:51:52.635737+00:00,2351.62,2352.09,7
2026-06-28 12:51:53.135737+00:00,2351.65,2351.94,5
2026-06-28 12:51:53.635737+00:00,2351.62,2351.84,4
2026-06-28 12:51:54.135737+00:00,2351.7,2352.04,2
2026-06-28 12:51:54.635737+00:00,2351.73,2352.07,6
2026-06-28 12:51:55.135737+00:00,2351.81,2352.04,6
2026-06-28 12:51:55.635737+00:00,2351.75,2352.06,7
2026-06-28 12:51:56.135737+00:00,2351.77,2352.11,3
2026-06-28 12:51:56.635737+00:00,2351.87,2352.08,5
2026-06-28 12:51:57.135737+00:00,2351.83,2352.1,7
2026-06-28 12:51:57.635737+00:00,2351.77,2352.0,7
2026-06-28 12:51:58.135737+00:00,2351.73,2352.0,3
2026-06-28 12:51:58.635737+00:00,2351.64,2351.87,6
2026-06-28 12:51:59.135737+00:00,2351.51,2351.72,4
2026-06-28 12:51:59.635737+00:00,2351.51,2351.73,1
2026-06-28 12:52:00.135737+00:00,2351.44,2351.74,3
2026-06-28 12:52:00.635737+00:00,2351.39,2351.71,2
2026-06-28 12:52:01.135737+00:00,2351.37,2351.71,5
2026-06-28 12:52:01.635737+00:00,2351.33,2351.58,5
2026-06-28 12:52:02.135737+00:00,2351.5,2351.71,2
2026-06-28 12:52:02.635737+00:00,2351.49,2351.71,2
2026-06-28 12:52:03.135737+00:00,2351.64,2351.98,1
2026-06-28 12:52:03.635737+00:00,2351.81,2352.02,7
2026-06-28 12:52:04.135737+00:00,2351.72,2352.0,2
2026-06-28 12:52:04.635737+00:00,2351.78,2351.99,6
2026-06-28 12:52:05.135737+00:00,2351.64,2351.86,1
2026-06-28 12:52:05.635737+00:00,2351.59,2351.93,5
2026-06-28 12:52:06.135737+00:00,2351.57,2351.98,2
2026-06-28 12:52:06.635737+00:00,2351.67,2351.88,7
2026-06-28 12:52:07.135737+00:00,2351.6,2351.8,4
2026-06-28 12:52:07.635737+00:00,2351.54,2351.84,7
2026-06-28 12:52:08.135737+00:00,2351.75,2352.0,3
2026-06-28 12:52:08.635737+00:00,2351.69,2351.9,3
2026-06-28 12:52:09.135737+00:00,2351.62,2351.84,2
2026-06-28 12:52:09.635737+00:00,2351.69,2352.05,5
2026-06-28 12:52:10.135737+00:00,2351.74,2352.0,1
2026-06-28 12:52:10.635737+00:00,2351.7,2351.93,3
2026-06-28 12:52:11.135737+00:00,2351.54,2351.77,4
2026-06-28 12:52:11.635737+00:00,2351.61,2351.99,2
2026-06-28 12:52:12.135737+00:00,2351.65,2351.94,7
2026-06-28 12:52:12.635737+00:00,2351.74,2351.95,6
2026-06-28 12:52:13.135737+00:00,2351.77,2352.04,4
2026-06-28 12:52:13.635737+00:00,2351.77,2351.98,4
2026-06-28 12:52:14.135737+00:00,2351.73,2351.95,7
2026-06-28 12:52:14.635737+00:00,2351.8,2352.04,3
2026-06-28 12:52:15.135737+00:00,2351.84,2352.05,5
2026-06-28 12:52:15.635737+00:00,2351.86,2352.13,2
2026-06-28 12:52:16.135737+00:00,2351.84,2352.2,1
2026-06-28 12:52:16.635737+00:00,2351.89,2352.09,4
2026-06-28 12:52:17.135737+00:00,2351.85,2352.13,4
2026-06-28 12:52:17.635737+00:00,2351.91,2352.18,5
2026-06-28 12:52:18.135737+00:00,2351.85,2352.17,6
2026-06-28 12:52:18.635737+00:00,2351.81,2352.12,2
2026-06-28 12:52:19.135737+00:00,2351.66,2352.02,5
2026-06-28 12:52:19.635737+00:00,2351.64,2352.0,7
2026-06-28 12:52:20.135737+00:00,2351.77,2352.04,5
2026-06-28 12:52:20.635737+00:00,2351.82,2352.05,3
2026-06-28 12:52:21.135737+00:00,2351.84,2352.13,7
2026-06-28 12:52:21.635737+00:00,2352.09,2352.32,5
2026-06-28 12:52:22.135737+00:00,2352.09,2352.31,4
2026-06-28 12:52:22.635737+00:00,2352.2,2352.46,7
2026-06-28 12:52:23.135737+00:00,2352.19,2352.45,1
2026-06-28 12:52:23.635737+00:00,2352.09,2352.37,2
2026-06-28 12:52:24.135737+00:00,2352.07,2352.33,6
2026-06-28 12:52:24.635737+00:00,2352.0,2352.29,7
2026-06-28 12:52:25.135737+00:00,2351.85,2352.15,5
2026-06-28 12:52:25.635737+00:00,2351.92,2352.14,4
2026-06-28 12:52:26.135737+00:00,2351.91,2352.21,3
2026-06-28 12:52:26.635737+00:00,2351.9,2352.12,6
2026-06-28 12:52:27.135737+00:00,2351.94,2352.17,4
2026-06-28 12:52:27.635737+00:00,2351.89,2352.13,6
2026-06-28 12:52:28.135737+00:00,2351.81,2352.09,4
2026-06-28 12:52:28.635737+00:00,2351.93,2352.14,4
2026-06-28 12:52:29.135737+00:00,2351.83,2352.08,4
2026-06-28 12:52:29.635737+00:00,2351.8,2352.11,2
2026-06-28 12:52:30.135737+00:00,2351.8,2352.14,2
2026-06-28 12:52:30.635737+00:00,2351.77,2352.09,3
2026-06-28 12:52:31.135737+00:00,2351.75,2352.11,5
2026-06-28 12:52:31.635737+00:00,2351.84,2352.04,7
2026-06-28 12:52:32.135737+00:00,2351.78,2352.0,4
2026-06-28 12:52:32.635737+00:00,2351.74,2352.05,6
2026-06-28 12:52:33.135737+00:00,2351.66,2351.94,4
2026-06-28 12:52:33.635737+00:00,2351.71,2352.0,1
2026-06-28 12:52:34.135737+00:00,2351.79,2352.04,2
2026-06-28 12:52:34.635737+00:00,2351.75,2352.08,3
2026-06-28 12:52:35.135737+00:00,2351.83,2352.05,6
2026-06-28 12:52:35.635737+00:00,2351.81,2352.09,3
2026-06-28 12:52:36.135737+00:00,2351.93,2352.2,7
2026-06-28 12:52:36.635737+00:00,2352.04,2352.27,2
2026-06-28 12:52:37.135737+00:00,2351.89,2352.22,5
2026-06-28 12:52:37.635737+00:00,2351.97,2352.2,6
2026-06-28 12:52:38.135737+00:00,2351.9,2352.16,2
2026-06-28 12:52:38.635737+00:00,2351.85,2352.1,4
2026-06-28 12:52:39.135737+00:00,2351.98,2352.29,3
2026-06-28 12:52:39.635737+00:00,2351.98,2352.27,5
2026-06-28 12:52:40.135737+00:00,2352.08,2352.31,1
2026-06-28 12:52:40.635737+00:00,2352.11,2352.34,5
2026-06-28 12:52:41.135737+00:00,2352.12,2352.36,7
2026-06-28 12:52:41.635737+00:00,2352.14,2352.35,3
2026-06-28 12:52:42.135737+00:00,2351.94,2352.25,5
2026-06-28 12:52:42.635737+00:00,2351.99,2352.36,7
2026-06-28 12:52:43.135737+00:00,2351.95,2352.18,5
2026-06-28 12:52:43.635737+00:00,2351.85,2352.12,5
2026-06-28 12:52:44.135737+00:00,2351.82,2352.05,2
2026-06-28 12:52:44.635737+00:00,2351.61,2351.84,3
2026-06-28 12:52:45.135737+00:00,2351.68,2351.92,1
2026-06-28 12:52:45.635737+00:00,2351.64,2351.9,5
2026-06-28 12:52:46.135737+00:00,2351.59,2351.95,3
2026-06-28 12:52:46.635737+00:00,2351.48,2351.77,3
2026-06-28 12:52:47.135737+00:00,2351.54,2351.88,2
2026-06-28 12:52:47.635737+00:00,2351.63,2351.9,5
2026-06-28 12:52:48.135737+00:00,2351.66,2351.9,2
2026-06-28 12:52:48.635737+00:00,2351.57,2351.83,1
2026-06-28 12:52:49.135737+00:00,2351.48,2351.8,5
2026-06-28 12:52:49.635737+00:00,2351.61,2351.86,6
2026-06-28 12:52:50.135737+00:00,2351.73,2352.02,2
2026-06-28 12:52:50.635737+00:00,2351.7,2352.05,2
2026-06-28 12:52:51.135737+00:00,2351.61,2351.89,2
2026-06-28 12:52:51.635737+00:00,2351.53,2351.75,1
2026-06-28 12:52:52.135737+00:00,2351.47,2351.84,3
2026-06-28 12:52:52.635737+00:00,2351.6,2351.89,7
2026-06-28 12:52:53.135737+00:00,2351.48,2351.74,4
2026-06-28 12:52:53.635737+00:00,2351.57,2351.79,7
2026-06-28 12:52:54.135737+00:00,2351.63,2351.88,5
2026-06-28 12:52:54.635737+00:00,2351.65,2351.9,4
2026-06-28 12:52:55.135737+00:00,2351.74,2351.94,5
2026-06-28 12:52:55.635737+00:00,2351.73,2352.07,1
2026-06-28 12:52:56.135737+00:00,2351.76,2352.02,5
2026-06-28 12:52:56.635737+00:00,2351.84,2352.1,7
2026-06-28 12:52:57.135737+00:00,2351.81,2352.04,7
2026-06-28 12:52:57.635737+00:00,2351.69,2351.97,2
2026-06-28 12:52:58.135737+00:00,2351.68,2351.9,6
2026-06-28 12:52:58.635737+00:00,2351.6,2351.9,1
2026-06-28 12:52:59.135737+00:00,2351.53,2351.9,7
2026-06-28 12:52:59.635737+00:00,2351.54,2351.88,5
2026-06-28 12:53:00.135737+00:00,2351.59,2351.85,7
2026-06-28 12:53:00.635737+00:00,2351.52,2351.78,4
2026-06-28 12:53:01.135737+00:00,2351.55,2351.79,2
2026-06-28 12:53:01.635737+00:00,2351.77,2351.97,6
2026-06-28 12:53:02.135737+00:00,2351.88,2352.2,1
2026-06-28 12:53:02.635737+00:00,2351.99,2352.26,3
2026-06-28 12:53:03.135737+00:00,2351.97,2352.23,7
2026-06-28 12:53:03.635737+00:00,2351.9,2352.19,5
2026-06-28 12:53:04.135737+00:00,2351.89,2352.13,6
2026-06-28 12:53:04.635737+00:00,2351.94,2352.17,4
2026-06-28 12:53:05.135737+00:00,2351.8,2352.18,4
2026-06-28 12:53:05.635737+00:00,2351.86,2352.06,4
2026-06-28 12:53:06.135737+00:00,2351.92,2352.16,1
2026-06-28 12:53:06.635737+00:00,2351.95,2352.32,7
2026-06-28 12:53:07.135737+00:00,2351.94,2352.16,1
2026-06-28 12:53:07.635737+00:00,2351.84,2352.09,3
2026-06-28 12:53:08.135737+00:00,2351.82,2352.1,7
2026-06-28 12:53:08.635737+00:00,2351.8,2352.16,2
2026-06-28 12:53:09.135737+00:00,2351.78,2352.01,7
2026-06-28 12:53:09.635737+00:00,2351.82,2352.08,2
2026-06-28 12:53:10.135737+00:00,2351.91,2352.16,1
2026-06-28 12:53:10.635737+00:00,2351.72,2352.0,7
2026-06-28 12:53:11.135737+00:00,2351.79,2352.09,2
2026-06-28 12:53:11.635737+00:00,2351.84,2352.08,1
2026-06-28 12:53:12.135737+00:00,2351.9,2352.11,2
2026-06-28 12:53:12.635737+00:00,2351.82,2352.03,6
2026-06-28 12:53:13.135737+00:00,2351.83,2352.08,3
2026-06-28 12:53:13.635737+00:00,2351.77,2352.04,5
2026-06-28 12:53:14.135737+00:00,2351.75,2352.1,7
2026-06-28 12:53:14.635737+00:00,2351.84,2352.09,4
2026-06-28 12:53:15.135737+00:00,2351.75,2351.98,2
2026-06-28 12:53:15.635737+00:00,2351.81,2352.02,5
2026-06-28 12:53:16.135737+00:00,2351.76,2351.98,7
2026-06-28 12:53:16.635737+00:00,2351.75,2352.12,2
2026-06-28 12:53:17.135737+00:00,2351.85,2352.17,5
2026-06-28 12:53:17.635737+00:00,2351.84,2352.11,7
2026-06-28 12:53:18.135737+00:00,2351.76,2352.08,5
2026-06-28 12:53:18.635737+00:00,2351.76,2352.02,7
2026-06-28 12:53:19.135737+00:00,2351.65,2351.86,2
2026-06-28 12:53:19.635737+00:00,2351.57,2351.88,7
2026-06-28 12:53:20.135737+00:00,2351.65,2351.85,3
2026-06-28 12:53:20.635737+00:00,2351.8,2352.05,7
2026-06-28 12:53:21.135737+00:00,2351.78,2352.09,3
2026-06-28 12:53:21.635737+00:00,2351.91,2352.11,7
2026-06-28 12:53:22.135737+00:00,2351.85,2352.12,2
2026-06-28 12:53:22.635737+00:00,2351.89,2352.14,6
2026-06-28 12:53:23.135737+00:00,2351.8,2352.03,3
2026-06-28 12:53:23.635737+00:00,2351.85,2352.12,4
2026-06-28 12:53:24.135737+00:00,2352.03,2352.28,6
2026-06-28 12:53:24.635737+00:00,2352.18,2352.5,3
2026-06-28 12:53:25.135737+00:00,2352.19,2352.47,6
2026-06-28 12:53:25.635737+00:00,2352.17,2352.4,3
2026-06-28 12:53:26.135737+00:00,2352.13,2352.34,5
2026-06-28 12:53:26.635737+00:00,2352.1,2352.31,4
2026-06-28 12:53:27.135737+00:00,2352.02,2352.24,6
2026-06-28 12:53:27.635737+00:00,2352.05,2352.29,6
2026-06-28 12:53:28.135737+00:00,2352.07,2352.33,7
2026-06-28 12:53:28.635737+00:00,2351.95,2352.19,1
2026-06-28 12:53:29.135737+00:00,2352.1,2352.3,3
2026-06-28 12:53:29.635737+00:00,2352.1,2352.35,2
2026-06-28 12:53:30.135737+00:00,2351.95,2352.27,1
2026-06-28 12:53:30.635737+00:00,2352.09,2352.38,2
2026-06-28 12:53:31.135737+00:00,2352.15,2352.39,4
2026-06-28 12:53:31.635737+00:00,2352.1,2352.4,4
2026-06-28 12:53:32.135737+00:00,2352.13,2352.41,5
2026-06-28 12:53:32.635737+00:00,2352.05,2352.33,6
2026-06-28 12:53:33.135737+00:00,2352.05,2352.37,2
2026-06-28 12:53:33.635737+00:00,2352.15,2352.41,7
2026-06-28 12:53:34.135737+00:00,2352.18,2352.49,5
2026-06-28 12:53:34.635737+00:00,2352.23,2352.49,2
2026-06-28 12:53:35.135737+00:00,2352.33,2352.58,6
2026-06-28 12:53:35.635737+00:00,2352.24,2352.51,6
2026-06-28 12:53:36.135737+00:00,2352.23,2352.45,5
2026-06-28 12:53:36.635737+00:00,2352.16,2352.42,3
2026-06-28 12:53:37.135737+00:00,2352.19,2352.46,7
2026-06-28 12:53:37.635737+00:00,2352.27,2352.47,3
2026-06-28 12:53:38.135737+00:00,2352.17,2352.38,6
2026-06-28 12:53:38.635737+00:00,2352.22,2352.48,4
2026-06-28 12:53:39.135737+00:00,2352.32,2352.56,7
2026-06-28 12:53:39.635737+00:00,2352.33,2352.59,1
2026-06-28 12:53:40.135737+00:00,2352.26,2352.48,6
2026-06-28 12:53:40.635737+00:00,2352.25,2352.66,1
2026-06-28 12:53:41.135737+00:00,2352.22,2352.43,5
2026-06-28 12:53:41.635737+00:00,2351.95,2352.24,4
2026-06-28 12:53:42.135737+00:00,2352.06,2352.3,3
2026-06-28 12:53:42.635737+00:00,2351.97,2352.25,5
2026-06-28 12:53:43.135737+00:00,2351.99,2352.24,1
2026-06-28 12:53:43.635737+00:00,2351.89,2352.27,7
2026-06-28 12:53:44.135737+00:00,2351.96,2352.21,5
2026-06-28 12:53:44.635737+00:00,2352.04,2352.35,5
2026-06-28 12:53:45.135737+00:00,2351.92,2352.29,4
2026-06-28 12:53:45.635737+00:00,2352.15,2352.37,7
2026-06-28 12:53:46.135737+00:00,2352.1,2352.45,2
2026-06-28 12:53:46.635737+00:00,2352.09,2352.36,3
2026-06-28 12:53:47.135737+00:00,2352.22,2352.49,5
2026-06-28 12:53:47.635737+00:00,2352.09,2352.42,5
2026-06-28 12:53:48.135737+00:00,2352.15,2352.36,1
2026-06-28 12:53:48.635737+00:00,2352.11,2352.47,3
2026-06-28 12:53:49.135737+00:00,2352.03,2352.41,5
2026-06-28 12:53:49.635737+00:00,2352.17,2352.4,4
2026-06-28 12:53:50.135737+00:00,2352.13,2352.44,1
2026-06-28 12:53:50.635737+00:00,2352.12,2352.4,1
2026-06-28 12:53:51.135737+00:00,2351.98,2352.31,3
2026-06-28 12:53:51.635737+00:00,2352.06,2352.27,4
2026-06-28 12:53:52.135737+00:00,2352.18,2352.45,7
2026-06-28 12:53:52.635737+00:00,2352.25,2352.47,2
2026-06-28 12:53:53.135737+00:00,2352.2,2352.48,1
2026-06-28 12:53:53.635737+00:00,2352.44,2352.76,3
2026-06-28 12:53:54.135737+00:00,2352.41,2352.65,3
2026-06-28 12:53:54.635737+00:00,2352.65,2352.86,4
2026-06-28 12:53:55.135737+00:00,2352.42,2352.8,4
2026-06-28 12:53:55.635737+00:00,2352.39,2352.66,6
2026-06-28 12:53:56.135737+00:00,2352.38,2352.69,3
2026-06-28 12:53:56.635737+00:00,2352.53,2352.76,7
2026-06-28 12:53:57.135737+00:00,2352.45,2352.7,5
2026-06-28 12:53:57.635737+00:00,2352.42,2352.73,4
2026-06-28 12:53:58.135737+00:00,2352.48,2352.69,1
2026-06-28 12:53:58.635737+00:00,2352.33,2352.64,6
2026-06-28 12:53:59.135737+00:00,2352.34,2352.65,6
2026-06-28 12:53:59.635737+00:00,2352.48,2352.71,4
2026-06-28 12:54:00.135737+00:00,2352.34,2352.71,3
2026-06-28 12:54:00.635737+00:00,2352.48,2352.7,2
2026-06-28 12:54:01.135737+00:00,2352.42,2352.64,4
2026-06-28 12:54:01.635737+00:00,2352.29,2352.59,7
2026-06-28 12:54:02.135737+00:00,2352.42,2352.66,3
2026-06-28 12:54:02.635737+00:00,2352.41,2352.63,7
2026-06-28 12:54:03.135737+00:00,2352.47,2352.69,7
2026-06-28 12:54:03.635737+00:00,2352.43,2352.73,1
2026-06-28 12:54:04.135737+00:00,2352.42,2352.76,7
2026-06-28 12:54:04.635737+00:00,2352.34,2352.67,4
2026-06-28 12:54:05.135737+00:00,2352.36,2352.59,4
2026-06-28 12:54:05.635737+00:00,2352.38,2352.65,1
2026-06-28 12:54:06.135737+00:00,2352.39,2352.64,7
2026-06-28 12:54:06.635737+00:00,2352.43,2352.63,1
2026-06-28 12:54:07.135737+00:00,2352.38,2352.69,2
2026-06-28 12:54:07.635737+00:00,2352.45,2352.69,6
2026-06-28 12:54:08.135737+00:00,2352.41,2352.67,1
2026-06-28 12:54:08.635737+00:00,2352.51,2352.73,7
2026-06-28 12:54:09.135737+00:00,2352.5,2352.79,2
2026-06-28 12:54:09.635737+00:00,2352.44,2352.77,6
2026-06-28 12:54:10.135737+00:00,2352.62,2352.86,7
2026-06-28 12:54:10.635737+00:00,2352.39,2352.82,3
2026-06-28 12:54:11.135737+00:00,2352.39,2352.6,1
2026-06-28 12:54:11.635737+00:00,2352.45,2352.67,2
2026-06-28 12:54:12.135737+00:00,2352.47,2352.69,4
2026-06-28 12:54:12.635737+00:00,2352.48,2352.77,2
2026-06-28 12:54:13.135737+00:00,2352.67,2352.89,2
2026-06-28 12:54:13.635737+00:00,2352.71,2352.93,3
2026-06-28 12:54:14.135737+00:00,2352.66,2352.88,1
2026-06-28 12:54:14.635737+00:00,2352.67,2352.98,6
2026-06-28 12:54:15.135737+00:00,2352.65,2352.91,5
2026-06-28 12:54:15.635737+00:00,2352.58,2352.87,3
2026-06-28 12:54:16.135737+00:00,2352.61,2352.92,4
2026-06-28 12:54:16.635737+00:00,2352.72,2352.98,4
2026-06-28 12:54:17.135737+00:00,2352.78,2353.03,2
2026-06-28 12:54:17.635737+00:00,2352.83,2353.06,6
2026-06-28 12:54:18.135737+00:00,2352.94,2353.23,2
2026-06-28 12:54:18.635737+00:00,2352.91,2353.11,2
2026-06-28 12:54:19.135737+00:00,2352.76,2352.97,5
2026-06-28 12:54:19.635737+00:00,2352.62,2352.97,6
2026-06-28 12:54:20.135737+00:00,2352.59,2352.9,6
2026-06-28 12:54:20.635737+00:00,2352.62,2352.82,3
2026-06-28 12:54:21.135737+00:00,2352.5,2352.86,1
2026-06-28 12:54:21.635737+00:00,2352.66,2352.96,4
2026-06-28 12:54:22.135737+00:00,2352.6,2352.81,4
2026-06-28 12:54:22.635737+00:00,2352.49,2352.72,3
2026-06-28 12:54:23.135737+00:00,2352.46,2352.75,1
2026-06-28 12:54:23.635737+00:00,2352.44,2352.66,6
2026-06-28 12:54:24.135737+00:00,2352.41,2352.66,1
2026-06-28 12:54:24.635737+00:00,2352.3,2352.56,1
2026-06-28 12:54:25.135737+00:00,2352.23,2352.46,3
2026-06-28 12:54:25.635737+00:00,2352.26,2352.54,5
2026-06-28 12:54:26.135737+00:00,2352.29,2352.6,5
2026-06-28 12:54:26.635737+00:00,2352.49,2352.71,2
2026-06-28 12:54:27.135737+00:00,2352.49,2352.73,7
2026-06-28 12:54:27.635737+00:00,2352.6,2352.81,1
2026-06-28 12:54:28.135737+00:00,2352.6,2352.85,6
2026-06-28 12:54:28.635737+00:00,2352.7,2352.94,7
2026-06-28 12:54:29.135737+00:00,2352.82,2353.05,5
2026-06-28 12:54:29.635737+00:00,2352.89,2353.17,1
2026-06-28 12:54:30.135737+00:00,2352.87,2353.07,1
2026-06-28 12:54:30.635737+00:00,2352.98,2353.19,5
2026-06-28 12:54:31.135737+00:00,2352.92,2353.14,6
2026-06-28 12:54:31.635737+00:00,2352.95,2353.16,5
2026-06-28 12:54:32.135737+00:00,2352.98,2353.2,1
2026-06-28 12:54:32.635737+00:00,2352.99,2353.21,5
2026-06-28 12:54:33.135737+00:00,2353.07,2353.27,1
2026-06-28 12:54:33.635737+00:00,2352.99,2353.21,6
2026-06-28 12:54:34.135737+00:00,2352.76,2353.02,5
2026-06-28 12:54:34.635737+00:00,2352.81,2353.04,6
2026-06-28 12:54:35.135737+00:00,2352.78,2353.05,7
2026-06-28 12:54:35.635737+00:00,2352.93,2353.18,3
2026-06-28 12:54:36.135737+00:00,2352.84,2353.18,4
2026-06-28 12:54:36.635737+00:00,2352.85,2353.05,5
2026-06-28 12:54:37.135737+00:00,2352.82,2353.09,5
2026-06-28 12:54:37.635737+00:00,2352.81,2353.15,5
2026-06-28 12:54:38.135737+00:00,2352.98,2353.19,4
2026-06-28 12:54:38.635737+00:00,2352.95,2353.18,7
2026-06-28 12:54:39.135737+00:00,2352.92,2353.13,5
2026-06-28 12:54:39.635737+00:00,2352.97,2353.25,1
2026-06-28 12:54:40.135737+00:00,2352.96,2353.19,2
2026-06-28 12:54:40.635737+00:00,2352.94,2353.28,3
2026-06-28 12:54:41.135737+00:00,2352.93,2353.22,1
2026-06-28 12:54:41.635737+00:00,2352.95,2353.2,5
2026-06-28 12:54:42.135737+00:00,2352.91,2353.17,1
2026-06-28 12:54:42.635737+00:00,2352.9,2353.21,1
2026-06-28 12:54:43.135737+00:00,2352.91,2353.17,7
2026-06-28 12:54:43.635737+00:00,2352.94,2353.16,5
2026-06-28 12:54:44.135737+00:00,2352.91,2353.16,7
2026-06-28 12:54:44.635737+00:00,2352.91,2353.13,7
2026-06-28 12:54:45.135737+00:00,2353.0,2353.22,6
2026-06-28 12:54:45.635737+00:00,2352.85,2353.23,1
2026-06-28 12:54:46.135737+00:00,2353.1,2353.41,6
2026-06-28 12:54:46.635737+00:00,2353.04,2353.27,3
2026-06-28 12:54:47.135737+00:00,2353.1,2353.35,6
2026-06-28 12:54:47.635737+00:00,2353.16,2353.49,7
2026-06-28 12:54:48.135737+00:00,2353.15,2353.36,5
2026-06-28 12:54:48.635737+00:00,2353.08,2353.3,1
2026-06-28 12:54:49.135737+00:00,2353.05,2353.28,6
2026-06-28 12:54:49.635737+00:00,2353.1,2353.32,1
2026-06-28 12:54:50.135737+00:00,2353.08,2353.31,3
2026-06-28 12:54:50.635737+00:00,2352.98,2353.34,3
2026-06-28 12:54:51.135737+00:00,2353.11,2353.32,3
2026-06-28 12:54:51.635737+00:00,2353.03,2353.24,2
2026-06-28 12:54:52.135737+00:00,2352.98,2353.28,5
2026-06-28 12:54:52.635737+00:00,2352.86,2353.17,2
2026-06-28 12:54:53.135737+00:00,2352.96,2353.21,1
2026-06-28 12:54:53.635737+00:00,2352.86,2353.17,7
2026-06-28 12:54:54.135737+00:00,2352.89,2353.16,6
2026-06-28 12:54:54.635737+00:00,2352.96,2353.2,3
2026-06-28 12:54:55.135737+00:00,2352.99,2353.2,6
2026-06-28 12:54:55.635737+00:00,2353.21,2353.47,2
2026-06-28 12:54:56.135737+00:00,2353.18,2353.51,6
2026-06-28 12:54:56.635737+00:00,2353.51,2353.73,5
2026-06-28 12:54:57.135737+00:00,2353.32,2353.58,3
2026-06-28 12:54:57.635737+00:00,2353.51,2353.81,2
2026-06-28 12:54:58.135737+00:00,2353.61,2353.83,3
2026-06-28 12:54:58.635737+00:00,2353.45,2353.91,3
2026-06-28 12:54:59.135737+00:00,2353.44,2353.75,4
2026-06-28 12:54:59.635737+00:00,2353.41,2353.71,6
2026-06-28 12:55:00.135737+00:00,2353.46,2353.68,6
2026-06-28 12:55:00.635737+00:00,2353.52,2353.75,5
2026-06-28 12:55:01.135737+00:00,2353.2,2353.56,2
2026-06-28 12:55:01.635737+00:00,2353.29,2353.57,1
2026-06-28 12:55:02.135737+00:00,2353.34,2353.55,3
2026-06-28 12:55:02.635737+00:00,2353.48,2353.72,6
2026-06-28 12:55:03.135737+00:00,2353.41,2353.71,1
2026-06-28 12:55:03.635737+00:00,2353.46,2353.81,5
2026-06-28 12:55:04.135737+00:00,2353.6,2353.8,7
2026-06-28 12:55:04.635737+00:00,2353.71,2353.92,2
2026-06-28 12:55:05.135737+00:00,2353.76,2353.99,3
2026-06-28 12:55:05.635737+00:00,2353.73,2353.98,5
2026-06-28 12:55:06.135737+00:00,2353.73,2354.07,6
2026-06-28 12:55:06.635737+00:00,2353.66,2353.93,2
2026-06-28 12:55:07.135737+00:00,2353.54,2353.85,6
2026-06-28 12:55:07.635737+00:00,2353.62,2353.84,1
2026-06-28 12:55:08.135737+00:00,2353.59,2353.87,4
2026-06-28 12:55:08.635737+00:00,2353.5,2353.73,6
2026-06-28 12:55:09.135737+00:00,2353.57,2353.82,6
2026-06-28 12:55:09.635737+00:00,2353.5,2353.77,3
2026-06-28 12:55:10.135737+00:00,2353.52,2353.87,7
2026-06-28 12:55:10.635737+00:00,2353.64,2353.92,5
2026-06-28 12:55:11.135737+00:00,2353.55,2353.81,2
2026-06-28 12:55:11.635737+00:00,2353.61,2353.89,3
2026-06-28 12:55:12.135737+00:00,2353.66,2353.91,7
2026-06-28 12:55:12.635737+00:00,2353.61,2353.83,7
2026-06-28 12:55:13.135737+00:00,2353.51,2353.86,4
2026-06-28 12:55:13.635737+00:00,2353.58,2353.96,4
2026-06-28 12:55:14.135737+00:00,2353.69,2353.9,6
2026-06-28 12:55:14.635737+00:00,2353.65,2353.93,5
2026-06-28 12:55:15.135737+00:00,2353.65,2353.88,7
2026-06-28 12:55:15.635737+00:00,2353.5,2353.79,5
2026-06-28 12:55:16.135737+00:00,2353.54,2353.79,3
2026-06-28 12:55:16.635737+00:00,2353.54,2353.74,2
2026-06-28 12:55:17.135737+00:00,2353.62,2353.9,2
2026-06-28 12:55:17.635737+00:00,2353.67,2353.9,3
2026-06-28 12:55:18.135737+00:00,2353.61,2353.86,2
2026-06-28 12:55:18.635737+00:00,2353.57,2353.8,4
2026-06-28 12:55:19.135737+00:00,2353.5,2353.8,6
2026-06-28 12:55:19.635737+00:00,2353.47,2353.73,1
2026-06-28 12:55:20.135737+00:00,2353.21,2353.54,7
2026-06-28 12:55:20.635737+00:00,2353.28,2353.52,7
2026-06-28 12:55:21.135737+00:00,2353.25,2353.56,6
2026-06-28 12:55:21.635737+00:00,2353.41,2353.63,2
2026-06-28 12:55:22.135737+00:00,2353.42,2353.64,1
2026-06-28 12:55:22.635737+00:00,2353.43,2353.77,3
2026-06-28 12:55:23.135737+00:00,2353.42,2353.73,1
2026-06-28 12:55:23.635737+00:00,2353.27,2353.54,5
2026-06-28 12:55:24.135737+00:00,2353.47,2353.79,5
2026-06-28 12:55:24.635737+00:00,2353.45,2353.7,7
2026-06-28 12:55:25.135737+00:00,2353.38,2353.66,3
2026-06-28 12:55:25.635737+00:00,2353.25,2353.56,3
2026-06-28 12:55:26.135737+00:00,2353.32,2353.56,4
2026-06-28 12:55:26.635737+00:00,2353.23,2353.5,3
2026-06-28 12:55:27.135737+00:00,2353.04,2353.48,3
2026-06-28 12:55:27.635737+00:00,2353.11,2353.35,6
2026-06-28 12:55:28.135737+00:00,2353.1,2353.34,2
2026-06-28 12:55:28.635737+00:00,2352.81,2353.15,2
2026-06-28 12:55:29.135737+00:00,2352.74,2353.03,6
2026-06-28 12:55:29.635737+00:00,2352.86,2353.11,4
2026-06-28 12:55:30.135737+00:00,2352.97,2353.22,1
2026-06-28 12:55:30.635737+00:00,2353.02,2353.23,4
2026-06-28 12:55:31.135737+00:00,2352.8,2353.05,5
2026-06-28 12:55:31.635737+00:00,2352.81,2353.1,2
2026-06-28 12:55:32.135737+00:00,2352.77,2353.01,1
2026-06-28 12:55:32.635737+00:00,2352.75,2353.03,7
2026-06-28 12:55:33.135737+00:00,2352.76,2353.06,1
2026-06-28 12:55:33.635737+00:00,2352.69,2352.93,7
2026-06-28 12:55:34.135737+00:00,2352.6,2352.93,4
2026-06-28 12:55:34.635737+00:00,2352.74,2352.97,2
2026-06-28 12:55:35.135737+00:00,2352.53,2352.84,2
2026-06-28 12:55:35.635737+00:00,2352.54,2352.81,4
2026-06-28 12:55:36.135737+00:00,2352.55,2352.76,3
2026-06-28 12:55:36.635737+00:00,2352.57,2352.78,2
2026-06-28 12:55:37.135737+00:00,2352.51,2352.75,3
2026-06-28 12:55:37.635737+00:00,2352.55,2352.84,6
2026-06-28 12:55:38.135737+00:00,2352.59,2352.84,3
2026-06-28 12:55:38.635737+00:00,2352.72,2352.94,2
2026-06-28 12:55:39.135737+00:00,2352.67,2352.89,2
2026-06-28 12:55:39.635737+00:00,2352.68,2353.01,1
2026-06-28 12:55:40.135737+00:00,2352.82,2353.02,6
2026-06-28 12:55:40.635737+00:00,2352.96,2353.29,4
2026-06-28 12:55:41.135737+00:00,2352.88,2353.2,3
2026-06-28 12:55:41.635737+00:00,2352.89,2353.19,7
2026-06-28 12:55:42.135737+00:00,2353.02,2353.33,6
2026-06-28 12:55:42.635737+00:00,2353.02,2353.25,1
2026-06-28 12:55:43.135737+00:00,2352.89,2353.27,5
2026-06-28 12:55:43.635737+00:00,2352.71,2353.03,5
2026-06-28 12:55:44.135737+00:00,2352.74,2353.01,3
2026-06-28 12:55:44.635737+00:00,2352.7,2352.91,4
2026-06-28 12:55:45.135737+00:00,2352.66,2352.87,1
2026-06-28 12:55:45.635737+00:00,2352.61,2352.89,3
2026-06-28 12:55:46.135737+00:00,2352.61,2352.89,1
2026-06-28 12:55:46.635737+00:00,2352.74,2353.11,4
2026-06-28 12:55:47.135737+00:00,2352.78,2353.0,5
2026-06-28 12:55:47.635737+00:00,2352.77,2353.06,3
2026-06-28 12:55:48.135737+00:00,2352.82,2353.15,6
2026-06-28 12:55:48.635737+00:00,2352.9,2353.13,7
2026-06-28 12:55:49.135737+00:00,2352.92,2353.13,5
2026-06-28 12:55:49.635737+00:00,2353.0,2353.21,1
2026-06-28 12:55:50.135737+00:00,2352.88,2353.14,2
2026-06-28 12:55:50.635737+00:00,2353.06,2353.37,1
2026-06-28 12:55:51.135737+00:00,2352.98,2353.33,4
2026-06-28 12:55:51.635737+00:00,2353.0,2353.28,7
2026-06-28 12:55:52.135737+00:00,2353.02,2353.29,5
2026-06-28 12:55:52.635737+00:00,2353.06,2353.41,4
2026-06-28 12:55:53.135737+00:00,2352.95,2353.39,4
2026-06-28 12:55:53.635737+00:00,2353.08,2353.38,6
2026-06-28 12:55:54.135737+00:00,2353.02,2353.44,1
2026-06-28 12:55:54.635737+00:00,2353.11,2353.38,2
2026-06-28 12:55:55.135737+00:00,2353.22,2353.48,2
2026-06-28 12:55:55.635737+00:00,2353.4,2353.7,5
2026-06-28 12:55:56.135737+00:00,2353.36,2353.65,5
2026-06-28 12:55:56.635737+00:00,2353.38,2353.67,5
2026-06-28 12:55:57.135737+00:00,2353.5,2353.84,5
2026-06-28 12:55:57.635737+00:00,2353.45,2353.79,2
2026-06-28 12:55:58.135737+00:00,2353.49,2353.76,6
2026-06-28 12:55:58.635737+00:00,2353.55,2353.87,6
2026-06-28 12:55:59.135737+00:00,2353.41,2353.68,2
2026-06-28 12:55:59.635737+00:00,2353.39,2353.6,3
2026-06-28 12:56:00.135737+00:00,2353.36,2353.61,1
2026-06-28 12:56:00.635737+00:00,2353.3,2353.54,6
2026-06-28 12:56:01.135737+00:00,2353.28,2353.59,6
2026-06-28 12:56:01.635737+00:00,2353.24,2353.6,1
2026-06-28 12:56:02.135737+00:00,2353.06,2353.39,3
2026-06-28 12:56:02.635737+00:00,2353.0,2353.25,7
2026-06-28 12:56:03.135737+00:00,2352.97,2353.18,6
2026-06-28 12:56:03.635737+00:00,2353.14,2353.34,3
2026-06-28 12:56:04.135737+00:00,2353.07,2353.37,6
2026-06-28 12:56:04.635737+00:00,2353.14,2353.4,5
2026-06-28 12:56:05.135737+00:00,2353.04,2353.29,5
2026-06-28 12:56:05.635737+00:00,2352.97,2353.23,5
2026-06-28 12:56:06.135737+00:00,2352.97,2353.23,6
2026-06-28 12:56:06.635737+00:00,2352.86,2353.11,1
2026-06-28 12:56:07.135737+00:00,2352.92,2353.13,5
2026-06-28 12:56:07.635737+00:00,2352.93,2353.15,1
2026-06-28 12:56:08.135737+00:00,2352.89,2353.17,4
2026-06-28 12:56:08.635737+00:00,2352.97,2353.21,3
2026-06-28 12:56:09.135737+00:00,2352.96,2353.19,7
2026-06-28 12:56:09.635737+00:00,2352.85,2353.24,7
2026-06-28 12:56:10.135737+00:00,2352.95,2353.22,4
2026-06-28 12:56:10.635737+00:00,2352.9,2353.12,4
2026-06-28 12:56:11.135737+00:00,2352.94,2353.2,7
2026-06-28 12:56:11.635737+00:00,2353.12,2353.32,7
2026-06-28 12:56:12.135737+00:00,2353.14,2353.39,2
2026-06-28 12:56:12.635737+00:00,2353.04,2353.27,3
2026-06-28 12:56:13.135737+00:00,2353.12,2353.4,2
2026-06-28 12:56:13.635737+00:00,2353.06,2353.41,1
2026-06-28 12:56:14.135737+00:00,2353.12,2353.38,6
2026-06-28 12:56:14.635737+00:00,2353.05,2353.31,7
2026-06-28 12:56:15.135737+00:00,2353.14,2353.38,2
2026-06-28 12:56:15.635737+00:00,2353.11,2353.34,3
2026-06-28 12:56:16.135737+00:00,2353.12,2353.33,5
2026-06-28 12:56:16.635737+00:00,2353.16,2353.38,5
2026-06-28 12:56:17.135737+00:00,2352.97,2353.24,5
2026-06-28 12:56:17.635737+00:00,2352.69,2353.04,2
2026-06-28 12:56:18.135737+00:00,2352.7,2352.97,6
2026-06-28 12:56:18.635737+00:00,2352.7,2353.03,5
2026-06-28 12:56:19.135737+00:00,2352.78,2353.01,6
2026-06-28 12:56:19.635737+00:00,2352.79,2353.15,1
2026-06-28 12:56:20.135737+00:00,2352.74,2353.07,5
2026-06-28 12:56:20.635737+00:00,2352.92,2353.23,5
2026-06-28 12:56:21.135737+00:00,2352.99,2353.2,2
2026-06-28 12:56:21.635737+00:00,2352.96,2353.17,6
2026-06-28 12:56:22.135737+00:00,2352.97,2353.28,7
2026-06-28 12:56:22.635737+00:00,2352.93,2353.2,4
2026-06-28 12:56:23.135737+00:00,2352.84,2353.17,5
2026-06-28 12:56:23.635737+00:00,2352.91,2353.13,1
2026-06-28 12:56:24.135737+00:00,2352.95,2353.27,7
2026-06-28 12:56:24.635737+00:00,2352.99,2353.2,7
2026-06-28 12:56:25.135737+00:00,2352.83,2353.22,7
2026-06-28 12:56:25.635737+00:00,2353.05,2353.35,1
2026-06-28 12:56:26.135737+00:00,2353.12,2353.34,3
2026-06-28 12:56:26.635737+00:00,2353.0,2353.27,6
2026-06-28 12:56:27.135737+00:00,2352.93,2353.13,1
2026-06-28 12:56:27.635737+00:00,2352.83,2353.05,5
2026-06-28 12:56:28.135737+00:00,2352.87,2353.1,4
2026-06-28 12:56:28.635737+00:00,2352.63,2352.89,4
2026-06-28 12:56:29.135737+00:00,2352.53,2352.81,4
2026-06-28 12:56:29.635737+00:00,2352.4,2352.74,3
2026-06-28 12:56:30.135737+00:00,2352.48,2352.75,4
2026-06-28 12:56:30.635737+00:00,2352.45,2352.7,7
2026-06-28 12:56:31.135737+00:00,2352.41,2352.74,4
2026-06-28 12:56:31.635737+00:00,2352.35,2352.73,5
2026-06-28 12:56:32.135737+00:00,2352.31,2352.55,3
2026-06-28 12:56:32.635737+00:00,2352.14,2352.39,2
2026-06-28 12:56:33.135737+00:00,2352.12,2352.37,7
2026-06-28 12:56:33.635737+00:00,2352.21,2352.44,5
2026-06-28 12:56:34.135737+00:00,2352.02,2352.28,6
2026-06-28 12:56:34.635737+00:00,2352.04,2352.35,4
2026-06-28 12:56:35.135737+00:00,2352.11,2352.39,1
2026-06-28 12:56:35.635737+00:00,2352.12,2352.39,1
2026-06-28 12:56:36.135737+00:00,2351.99,2352.23,6
2026-06-28 12:56:36.635737+00:00,2351.91,2352.23,3
2026-06-28 12:56:37.135737+00:00,2351.88,2352.16,2
2026-06-28 12:56:37.635737+00:00,2351.87,2352.08,4
2026-06-28 12:56:38.135737+00:00,2351.86,2352.11,4
2026-06-28 12:56:38.635737+00:00,2351.89,2352.18,6
2026-06-28 12:56:39.135737+00:00,2351.81,2352.1,2
2026-06-28 12:56:39.635737+00:00,2351.49,2351.75,7
2026-06-28 12:56:40.135737+00:00,2351.45,2351.71,2
2026-06-28 12:56:40.635737+00:00,2351.27,2351.61,7
2026-06-28 12:56:41.135737+00:00,2351.44,2351.65,5
2026-06-28 12:56:41.635737+00:00,2351.38,2351.72,2
2026-06-28 12:56:42.135737+00:00,2351.54,2351.75,1
2026-06-28 12:56:42.635737+00:00,2351.4,2351.67,5
2026-06-28 12:56:43.135737+00:00,2351.52,2351.73,5
2026-06-28 12:56:43.635737+00:00,2351.49,2351.8,5
2026-06-28 12:56:44.135737+00:00,2351.4,2351.65,4
2026-06-28 12:56:44.635737+00:00,2351.29,2351.52,3
2026-06-28 12:56:45.135737+00:00,2351.25,2351.49,7
2026-06-28 12:56:45.635737+00:00,2351.25,2351.59,7
2026-06-28 12:56:46.135737+00:00,2351.33,2351.55,1
2026-06-28 12:56:46.635737+00:00,2351.4,2351.64,3
2026-06-28 12:56:47.135737+00:00,2351.41,2351.66,3
2026-06-28 12:56:47.635737+00:00,2351.32,2351.73,2
2026-06-28 12:56:48.135737+00:00,2351.4,2351.68,5
2026-06-28 12:56:48.635737+00:00,2351.27,2351.48,2
2026-06-28 12:56:49.135737+00:00,2351.29,2351.53,5
2026-06-28 12:56:49.635737+00:00,2351.28,2351.5,6
2026-06-28 12:56:50.135737+00:00,2351.15,2351.39,3
2026-06-28 12:56:50.635737+00:00,2351.07,2351.31,6
2026-06-28 12:56:51.135737+00:00,2350.99,2351.25,1
2026-06-28 12:56:51.635737+00:00,2350.95,2351.19,3
2026-06-28 12:56:52.135737+00:00,2351.0,2351.38,3
2026-06-28 12:56:52.635737+00:00,2351.15,2351.41,3
2026-06-28 12:56:53.135737+00:00,2351.05,2351.27,6
2026-06-28 12:56:53.635737+00:00,2350.94,2351.24,4
2026-06-28 12:56:54.135737+00:00,2351.0,2351.31,7
2026-06-28 12:56:54.635737+00:00,2351.08,2351.31,6
2026-06-28 12:56:55.135737+00:00,2351.0,2351.39,6
2026-06-28 12:56:55.635737+00:00,2351.14,2351.35,4
2026-06-28 12:56:56.135737+00:00,2351.17,2351.43,6
2026-06-28 12:56:56.635737+00:00,2351.01,2351.39,2
2026-06-28 12:56:57.135737+00:00,2351.13,2351.37,6
2026-06-28 12:56:57.635737+00:00,2350.8,2351.13,7
2026-06-28 12:56:58.135737+00:00,2350.9,2351.21,7
2026-06-28 12:56:58.635737+00:00,2350.87,2351.09,4
2026-06-28 12:56:59.135737+00:00,2350.9,2351.11,1
2026-06-28 12:56:59.635737+00:00,2350.88,2351.11,7
2026-06-28 12:57:00.135737+00:00,2350.86,2351.21,6
2026-06-28 12:57:00.635737+00:00,2350.87,2351.2,5
2026-06-28 12:57:01.135737+00:00,2350.97,2351.21,5
2026-06-28 12:57:01.635737+00:00,2350.85,2351.11,7
2026-06-28 12:57:02.135737+00:00,2350.77,2351.07,2
2026-06-28 12:57:02.635737+00:00,2350.84,2351.07,4
2026-06-28 12:57:03.135737+00:00,2350.77,2351.02,1
2026-06-28 12:57:03.635737+00:00,2350.8,2351.02,1
2026-06-28 12:57:04.135737+00:00,2350.84,2351.11,6
2026-06-28 12:57:04.635737+00:00,2350.79,2351.1,3
2026-06-28 12:57:05.135737+00:00,2350.79,2351.09,7
2026-06-28 12:57:05.635737+00:00,2350.93,2351.19,3
2026-06-28 12:57:06.135737+00:00,2350.9,2351.12,5
2026-06-28 12:57:06.635737+00:00,2350.94,2351.2,5
2026-06-28 12:57:07.135737+00:00,2350.95,2351.17,4
2026-06-28 12:57:07.635737+00:00,2350.8,2351.04,6
2026-06-28 12:57:08.135737+00:00,2350.74,2351.09,1
2026-06-28 12:57:08.635737+00:00,2350.83,2351.06,2
2026-06-28 12:57:09.135737+00:00,2350.88,2351.09,4
2026-06-28 12:57:09.635737+00:00,2350.96,2351.24,2
2026-06-28 12:57:10.135737+00:00,2350.95,2351.26,4
2026-06-28 12:57:10.635737+00:00,2350.99,2351.26,3
2026-06-28 12:57:11.135737+00:00,2351.1,2351.46,2
2026-06-28 12:57:11.635737+00:00,2351.15,2351.35,3
2026-06-28 12:57:12.135737+00:00,2351.1,2351.37,1
2026-06-28 12:57:12.635737+00:00,2351.29,2351.54,5
2026-06-28 12:57:13.135737+00:00,2351.3,2351.5,5
2026-06-28 12:57:13.635737+00:00,2351.18,2351.46,7
2026-06-28 12:57:14.135737+00:00,2351.3,2351.5,3
2026-06-28 12:57:14.635737+00:00,2351.23,2351.51,1
2026-06-28 12:57:15.135737+00:00,2351.1,2351.35,6
2026-06-28 12:57:15.635737+00:00,2351.22,2351.44,7
2026-06-28 12:57:16.135737+00:00,2351.22,2351.58,7
2026-06-28 12:57:16.635737+00:00,2351.14,2351.35,5
2026-06-28 12:57:17.135737+00:00,2351.0,2351.26,7
2026-06-28 12:57:17.635737+00:00,2351.09,2351.35,5
2026-06-28 12:57:18.135737+00:00,2351.12,2351.44,1
2026-06-28 12:57:18.635737+00:00,2351.37,2351.65,1
2026-06-28 12:57:19.135737+00:00,2351.32,2351.52,6
2026-06-28 12:57:19.635737+00:00,2351.21,2351.47,7
2026-06-28 12:57:20.135737+00:00,2351.24,2351.46,2
2026-06-28 12:57:20.635737+00:00,2351.14,2351.41,5
2026-06-28 12:57:21.135737+00:00,2351.01,2351.24,7
2026-06-28 12:57:21.635737+00:00,2351.05,2351.32,6
2026-06-28 12:57:22.135737+00:00,2351.04,2351.29,5
2026-06-28 12:57:22.635737+00:00,2350.91,2351.25,2
2026-06-28 12:57:23.135737+00:00,2351.02,2351.23,4
2026-06-28 12:57:23.635737+00:00,2350.94,2351.26,2
2026-06-28 12:57:24.135737+00:00,2350.97,2351.2,5
2026-06-28 12:57:24.635737+00:00,2351.04,2351.29,5
2026-06-28 12:57:25.135737+00:00,2351.02,2351.3,7
2026-06-28 12:57:25.635737+00:00,2351.14,2351.36,6
2026-06-28 12:57:26.135737+00:00,2351.05,2351.27,2
2026-06-28 12:57:26.635737+00:00,2351.07,2351.27,6
2026-06-28 12:57:27.135737+00:00,2350.85,2351.2,6
2026-06-28 12:57:27.635737+00:00,2350.74,2350.97,6
2026-06-28 12:57:28.135737+00:00,2350.71,2351.1,6
2026-06-28 12:57:28.635737+00:00,2350.82,2351.03,1
2026-06-28 12:57:29.135737+00:00,2350.68,2350.94,7
2026-06-28 12:57:29.635737+00:00,2350.66,2350.87,5
2026-06-28 12:57:30.135737+00:00,2350.47,2350.75,1
2026-06-28 12:57:30.635737+00:00,2350.24,2350.46,7
2026-06-28 12:57:31.135737+00:00,2350.22,2350.44,6
2026-06-28 12:57:31.635737+00:00,2350.16,2350.48,2
2026-06-28 12:57:32.135737+00:00,2350.24,2350.48,1
2026-06-28 12:57:32.635737+00:00,2350.19,2350.42,3
2026-06-28 12:57:33.135737+00:00,2350.07,2350.41,7
2026-06-28 12:57:33.635737+00:00,2350.03,2350.34,5
2026-06-28 12:57:34.135737+00:00,2350.06,2350.29,1
2026-06-28 12:57:34.635737+00:00,2349.96,2350.19,6
2026-06-28 12:57:35.135737+00:00,2350.0,2350.22,5
2026-06-28 12:57:35.635737+00:00,2349.91,2350.19,2
2026-06-28 12:57:36.135737+00:00,2350.1,2350.31,1
2026-06-28 12:57:36.635737+00:00,2349.97,2350.25,3
2026-06-28 12:57:37.135737+00:00,2349.98,2350.2,3
2026-06-28 12:57:37.635737+00:00,2349.97,2350.18,3
2026-06-28 12:57:38.135737+00:00,2349.98,2350.22,6
2026-06-28 12:57:38.635737+00:00,2350.03,2350.28,1
2026-06-28 12:57:39.135737+00:00,2350.08,2350.31,1
2026-06-28 12:57:39.635737+00:00,2350.05,2350.31,3
2026-06-28 12:57:40.135737+00:00,2350.06,2350.27,7
2026-06-28 12:57:40.635737+00:00,2349.99,2350.27,1
2026-06-28 12:57:41.135737+00:00,2349.78,2350.07,2
2026-06-28 12:57:41.635737+00:00,2349.68,2349.98,7
2026-06-28 12:57:42.135737+00:00,2349.75,2350.0,3
2026-06-28 12:57:42.635737+00:00,2349.59,2349.9,7
2026-06-28 12:57:43.135737+00:00,2349.61,2349.89,2
2026-06-28 12:57:43.635737+00:00,2349.45,2349.79,6
2026-06-28 12:57:44.135737+00:00,2349.7,2349.91,5
2026-06-28 12:57:44.635737+00:00,2349.73,2350.02,1
2026-06-28 12:57:45.135737+00:00,2349.87,2350.12,3
2026-06-28 12:57:45.635737+00:00,2349.84,2350.11,4
2026-06-28 12:57:46.135737+00:00,2349.62,2349.98,1
2026-06-28 12:57:46.635737+00:00,2349.53,2349.86,7
2026-06-28 12:57:47.135737+00:00,2349.79,2350.01,2
2026-06-28 12:57:47.635737+00:00,2349.63,2349.84,4
2026-06-28 12:57:48.135737+00:00,2349.41,2349.69,2
2026-06-28 12:57:48.635737+00:00,2349.42,2349.73,4
2026-06-28 12:57:49.135737+00:00,2349.38,2349.73,3
2026-06-28 12:57:49.635737+00:00,2349.38,2349.71,4
2026-06-28 12:57:50.135737+00:00,2349.37,2349.66,5
2026-06-28 12:57:50.635737+00:00,2349.31,2349.54,6
2026-06-28 12:57:51.135737+00:00,2349.36,2349.57,4
2026-06-28 12:57:51.635737+00:00,2349.39,2349.59,6
2026-06-28 12:57:52.135737+00:00,2349.4,2349.73,7
2026-06-28 12:57:52.635737+00:00,2349.35,2349.72,2
2026-06-28 12:57:53.135737+00:00,2349.4,2349.6,3
2026-06-28 12:57:53.635737+00:00,2349.17,2349.5,7
2026-06-28 12:57:54.135737+00:00,2349.22,2349.43,7
2026-06-28 12:57:54.635737+00:00,2349.28,2349.58,7
2026-06-28 12:57:55.135737+00:00,2349.3,2349.57,5
2026-06-28 12:57:55.635737+00:00,2349.43,2349.67,1
2026-06-28 12:57:56.135737+00:00,2349.46,2349.72,3
2026-06-28 12:57:56.635737+00:00,2349.35,2349.58,2
2026-06-28 12:57:57.135737+00:00,2349.25,2349.49,6
2026-06-28 12:57:57.635737+00:00,2349.22,2349.49,4
2026-06-28 12:57:58.135737+00:00,2349.24,2349.51,3
2026-06-28 12:57:58.635737+00:00,2349.25,2349.55,1
2026-06-28 12:57:59.135737+00:00,2349.38,2349.58,3
2026-06-28 12:57:59.635737+00:00,2349.38,2349.64,5
2026-06-28 12:58:00.135737+00:00,2349.54,2349.81,2
2026-06-28 12:58:00.635737+00:00,2349.39,2349.67,3
2026-06-28 12:58:01.135737+00:00,2349.35,2349.6,7
2026-06-28 12:58:01.635737+00:00,2349.33,2349.59,3
2026-06-28 12:58:02.135737+00:00,2349.38,2349.65,4
2026-06-28 12:58:02.635737+00:00,2349.38,2349.68,2
2026-06-28 12:58:03.135737+00:00,2349.42,2349.66,4
2026-06-28 12:58:03.635737+00:00,2349.47,2349.77,4
2026-06-28 12:58:04.135737+00:00,2349.46,2349.72,2
2026-06-28 12:58:04.635737+00:00,2349.45,2349.74,7
2026-06-28 12:58:05.135737+00:00,2349.39,2349.73,3
2026-06-28 12:58:05.635737+00:00,2349.44,2349.78,1
2026-06-28 12:58:06.135737+00:00,2349.52,2349.81,2
2026-06-28 12:58:06.635737+00:00,2349.34,2349.56,4
2026-06-28 12:58:07.135737+00:00,2349.42,2349.62,4
2026-06-28 12:58:07.635737+00:00,2349.47,2349.74,4
2026-06-28 12:58:08.135737+00:00,2349.49,2349.73,2
2026-06-28 12:58:08.635737+00:00,2349.61,2349.85,2
2026-06-28 12:58:09.135737+00:00,2349.51,2349.84,4
2026-06-28 12:58:09.635737+00:00,2349.56,2349.84,6
2026-06-28 12:58:10.135737+00:00,2349.71,2349.93,5
2026-06-28 12:58:10.635737+00:00,2349.74,2350.03,1
2026-06-28 12:58:11.135737+00:00,2349.61,2349.84,4
2026-06-28 12:58:11.635737+00:00,2349.64,2349.94,3
2026-06-28 12:58:12.135737+00:00,2349.64,2349.91,5
2026-06-28 12:58:12.635737+00:00,2349.71,2350.02,2
2026-06-28 12:58:13.135737+00:00,2349.49,2349.72,4
2026-06-28 12:58:13.635737+00:00,2349.27,2349.57,7
2026-06-28 12:58:14.135737+00:00,2349.43,2349.82,5
2026-06-28 12:58:14.635737+00:00,2349.45,2349.69,5
2026-06-28 12:58:15.135737+00:00,2349.57,2349.77,1
2026-06-28 12:58:15.635737+00:00,2349.6,2349.81,2
2026-06-28 12:58:16.135737+00:00,2349.56,2349.77,7
2026-06-28 12:58:16.635737+00:00,2349.57,2349.78,5
2026-06-28 12:58:17.135737+00:00,2349.49,2349.74,7
2026-06-28 12:58:17.635737+00:00,2349.38,2349.64,3
2026-06-28 12:58:18.135737+00:00,2349.41,2349.68,3
2026-06-28 12:58:18.635737+00:00,2349.31,2349.63,6
2026-06-28 12:58:19.135737+00:00,2349.37,2349.65,5
2026-06-28 12:58:19.635737+00:00,2349.33,2349.67,6
2026-06-28 12:58:20.135737+00:00,2349.33,2349.65,6
2026-06-28 12:58:20.635737+00:00,2349.39,2349.62,6
2026-06-28 12:58:21.135737+00:00,2349.34,2349.63,6
2026-06-28 12:58:21.635737+00:00,2349.47,2349.77,4
2026-06-28 12:58:22.135737+00:00,2349.58,2349.81,3
2026-06-28 12:58:22.635737+00:00,2349.48,2349.79,2
2026-06-28 12:58:23.135737+00:00,2349.51,2349.79,1
2026-06-28 12:58:23.635737+00:00,2349.41,2349.7,6
2026-06-28 12:58:24.135737+00:00,2349.47,2349.74,1
2026-06-28 12:58:24.635737+00:00,2349.45,2349.68,3
2026-06-28 12:58:25.135737+00:00,2349.54,2349.79,4
2026-06-28 12:58:25.635737+00:00,2349.47,2349.7,4
2026-06-28 12:58:26.135737+00:00,2349.53,2349.82,2
2026-06-28 12:58:26.635737+00:00,2349.54,2349.8,4
2026-06-28 12:58:27.135737+00:00,2349.51,2349.74,7
2026-06-28 12:58:27.635737+00:00,2349.51,2349.77,1
2026-06-28 12:58:28.135737+00:00,2349.36,2349.61,2
2026-06-28 12:58:28.635737+00:00,2349.33,2349.63,1
2026-06-28 12:58:29.135737+00:00,2349.27,2349.51,1
2026-06-28 12:58:29.635737+00:00,2349.3,2349.5,1
2026-06-28 12:58:30.135737+00:00,2349.15,2349.43,3
2026-06-28 12:58:30.635737+00:00,2349.22,2349.57,4
2026-06-28 12:58:31.135737+00:00,2349.33,2349.63,1
2026-06-28 12:58:31.635737+00:00,2349.53,2349.92,7
2026-06-28 12:58:32.135737+00:00,2349.82,2350.05,1
2026-06-28 12:58:32.635737+00:00,2349.94,2350.16,7
2026-06-28 12:58:33.135737+00:00,2349.86,2350.09,3
2026-06-28 12:58:33.635737+00:00,2349.65,2349.95,5
2026-06-28 12:58:34.135737+00:00,2349.65,2349.88,5
2026-06-28 12:58:34.635737+00:00,2349.54,2349.84,4
2026-06-28 12:58:35.135737+00:00,2349.39,2349.7,6
2026-06-28 12:58:35.635737+00:00,2349.34,2349.56,4
2026-06-28 12:58:36.135737+00:00,2349.38,2349.62,4
2026-06-28 12:58:36.635737+00:00,2349.39,2349.66,3
2026-06-28 12:58:37.135737+00:00,2349.42,2349.64,6
2026-06-28 12:58:37.635737+00:00,2349.47,2349.69,1
2026-06-28 12:58:38.135737+00:00,2349.41,2349.69,4
2026-06-28 12:58:38.635737+00:00,2349.41,2349.75,4
2026-06-28 12:58:39.135737+00:00,2349.47,2349.69,3
2026-06-28 12:58:39.635737+00:00,2349.58,2349.84,4
2026-06-28 12:58:40.135737+00:00,2349.49,2349.75,5
2026-06-28 12:58:40.635737+00:00,2349.59,2349.81,6
2026-06-28 12:58:41.135737+00:00,2349.52,2349.78,6
2026-06-28 12:58:41.635737+00:00,2349.66,2349.87,1
2026-06-28 12:58:42.135737+00:00,2349.66,2349.86,3
2026-06-28 12:58:42.635737+00:00,2349.36,2349.62,1
2026-06-28 12:58:43.135737+00:00,2349.3,2349.53,7
2026-06-28 12:58:43.635737+00:00,2349.38,2349.68,2
2026-06-28 12:58:44.135737+00:00,2349.35,2349.61,7
2026-06-28 12:58:44.635737+00:00,2349.4,2349.65,7
2026-06-28 12:58:45.135737+00:00,2349.39,2349.72,2
2026-06-28 12:58:45.635737+00:00,2349.45,2349.7,6
2026-06-28 12:58:46.135737+00:00,2349.38,2349.58,1
2026-06-28 12:58:46.635737+00:00,2349.45,2349.7,2
2026-06-28 12:58:47.135737+00:00,2349.37,2349.65,4
2026-06-28 12:58:47.635737+00:00,2349.06,2349.42,1
2026-06-28 12:58:48.135737+00:00,2349.07,2349.39,3
2026-06-28 12:58:48.635737+00:00,2349.04,2349.28,6
2026-06-28 12:58:49.135737+00:00,2349.03,2349.24,6
2026-06-28 12:58:49.635737+00:00,2349.07,2349.35,7
2026-06-28 12:58:50.135737+00:00,2348.97,2349.33,4
2026-06-28 12:58:50.635737+00:00,2348.94,2349.16,3
2026-06-28 12:58:51.135737+00:00,2348.99,2349.26,2
2026-06-28 12:58:51.635737+00:00,2348.94,2349.16,4
2026-06-28 12:58:52.135737+00:00,2348.9,2349.14,5
2026-06-28 12:58:52.635737+00:00,2348.8,2349.2,5
2026-06-28 12:58:53.135737+00:00,2348.81,2349.05,2
2026-06-28 12:58:53.635737+00:00,2348.82,2349.1,3
2026-06-28 12:58:54.135737+00:00,2348.75,2349.13,3
2026-06-28 12:58:54.635737+00:00,2348.72,2348.96,4
2026-06-28 12:58:55.135737+00:00,2348.72,2348.95,2
2026-06-28 12:58:55.635737+00:00,2348.77,2349.0,7
2026-06-28 12:58:56.135737+00:00,2348.88,2349.08,3
2026-06-28 12:58:56.635737+00:00,2348.97,2349.26,7
2026-06-28 12:58:57.135737+00:00,2348.99,2349.22,4
2026-06-28 12:58:57.635737+00:00,2348.97,2349.29,4
2026-06-28 12:58:58.135737+00:00,2348.85,2349.1,3
2026-06-28 12:58:58.635737+00:00,2348.96,2349.18,4
2026-06-28 12:58:59.135737+00:00,2348.99,2349.24,2
2026-06-28 12:58:59.635737+00:00,2348.8,2349.13,5
2026-06-28 12:59:00.135737+00:00,2348.94,2349.23,2
2026-06-28 12:59:00.635737+00:00,2348.97,2349.27,2
2026-06-28 12:59:01.135737+00:00,2349.05,2349.29,2
2026-06-28 12:59:01.635737+00:00,2349.05,2349.3,4
2026-06-28 12:59:02.135737+00:00,2349.04,2349.32,6
2026-06-28 12:59:02.635737+00:00,2349.07,2349.28,1
2026-06-28 12:59:03.135737+00:00,2349.13,2349.36,5
2026-06-28 12:59:03.635737+00:00,2349.14,2349.35,3
2026-06-28 12:59:04.135737+00:00,2348.94,2349.17,3
2026-06-28 12:59:04.635737+00:00,2349.0,2349.24,1
2026-06-28 12:59:05.135737+00:00,2348.99,2349.22,6
2026-06-28 12:59:05.635737+00:00,2348.85,2349.08,6
2026-06-28 12:59:06.135737+00:00,2348.81,2349.06,6
2026-06-28 12:59:06.635737+00:00,2348.77,2349.0,7
2026-06-28 12:59:07.135737+00:00,2348.69,2348.9,7
2026-06-28 12:59:07.635737+00:00,2348.59,2348.81,6
2026-06-28 12:59:08.135737+00:00,2348.66,2348.89,3
2026-06-28 12:59:08.635737+00:00,2348.76,2349.06,1
2026-06-28 12:59:09.135737+00:00,2348.77,2349.05,2
2026-06-28 12:59:09.635737+00:00,2348.64,2348.96,3
2026-06-28 12:59:10.135737+00:00,2348.63,2348.94,5
2026-06-28 12:59:10.635737+00:00,2348.69,2348.94,7
2026-06-28 12:59:11.135737+00:00,2348.75,2348.99,1
2026-06-28 12:59:11.635737+00:00,2348.85,2349.17,6
2026-06-28 12:59:12.135737+00:00,2349.09,2349.32,5
2026-06-28 12:59:12.635737+00:00,2349.12,2349.41,1
2026-06-28 12:59:13.135737+00:00,2349.11,2349.34,4
2026-06-28 12:59:13.635737+00:00,2349.06,2349.27,4
2026-06-28 12:59:14.135737+00:00,2348.99,2349.27,5
2026-06-28 12:59:14.635737+00:00,2349.06,2349.35,5
2026-06-28 12:59:15.135737+00:00,2349.12,2349.51,6
2026-06-28 12:59:15.635737+00:00,2349.37,2349.58,1
2026-06-28 12:59:16.135737+00:00,2349.49,2349.81,3
2026-06-28 12:59:16.635737+00:00,2349.58,2349.83,2
2026-06-28 12:59:17.135737+00:00,2349.65,2349.94,2
2026-06-28 12:59:17.635737+00:00,2349.49,2349.7,4
2026-06-28 12:59:18.135737+00:00,2349.33,2349.57,1
2026-06-28 12:59:18.635737+00:00,2349.41,2349.63,6
2026-06-28 12:59:19.135737+00:00,2349.18,2349.53,7
2026-06-28 12:59:19.635737+00:00,2349.18,2349.5,3
2026-06-28 12:59:20.135737+00:00,2349.12,2349.49,7
2026-06-28 12:59:20.635737+00:00,2349.07,2349.41,4
2026-06-28 12:59:21.135737+00:00,2349.19,2349.44,3
2026-06-28 12:59:21.635737+00:00,2349.14,2349.42,6
2026-06-28 12:59:22.135737+00:00,2349.35,2349.6,4
2026-06-28 12:59:22.635737+00:00,2349.4,2349.66,1
2026-06-28 12:59:23.135737+00:00,2349.41,2349.63,5
2026-06-28 12:59:23.635737+00:00,2349.37,2349.65,4
2026-06-28 12:59:24.135737+00:00,2349.34,2349.54,3
2026-06-28 12:59:24.635737+00:00,2349.4,2349.62,2
2026-06-28 12:59:25.135737+00:00,2349.42,2349.72,7
2026-06-28 12:59:25.635737+00:00,2349.57,2349.85,7
2026-06-28 12:59:26.135737+00:00,2349.56,2349.9,7
2026-06-28 12:59:26.635737+00:00,2349.71,2349.95,3
2026-06-28 12:59:27.135737+00:00,2349.7,2350.02,7
2026-06-28 12:59:27.635737+00:00,2349.71,2349.92,7
2026-06-28 12:59:28.135737+00:00,2349.54,2349.77,6
2026-06-28 12:59:28.635737+00:00,2349.48,2349.86,5
2026-06-28 12:59:29.135737+00:00,2349.57,2349.85,3
2026-06-28 12:59:29.635737+00:00,2349.54,2349.84,6
2026-06-28 12:59:30.135737+00:00,2349.57,2349.79,1
2026-06-28 12:59:30.635737+00:00,2349.46,2349.69,4
2026-06-28 12:59:31.135737+00:00,2349.44,2349.71,6
2026-06-28 12:59:31.635737+00:00,2349.38,2349.67,5
2026-06-28 12:59:32.135737+00:00,2349.49,2349.78,2
2026-06-28 12:59:32.635737+00:00,2349.51,2349.76,1
2026-06-28 12:59:33.135737+00:00,2349.4,2349.72,2
2026-06-28 12:59:33.635737+00:00,2349.36,2349.64,7
2026-06-28 12:59:34.135737+00:00,2349.58,2349.81,5
2026-06-28 12:59:34.635737+00:00,2349.53,2349.79,3
2026-06-28 12:59:35.135737+00:00,2349.31,2349.66,5
2026-06-28 12:59:35.635737+00:00,2349.4,2349.62,2
2026-06-28 12:59:36.135737+00:00,2349.42,2349.69,2
2026-06-28 12:59:36.635737+00:00,2349.37,2349.6,4
2026-06-28 12:59:37.135737+00:00,2349.15,2349.49,6
2026-06-28 12:59:37.635737+00:00,2349.2,2349.49,3
2026-06-28 12:59:38.135737+00:00,2349.13,2349.49,5
2026-06-28 12:59:38.635737+00:00,2349.26,2349.52,5
2026-06-28 12:59:39.135737+00:00,2349.17,2349.39,3
2026-06-28 12:59:39.635737+00:00,2349.29,2349.6,6
2026-06-28 12:59:40.135737+00:00,2349.34,2349.64,5
2026-06-28 12:59:40.635737+00:00,2349.39,2349.72,7
2026-06-28 12:59:41.135737+00:00,2349.29,2349.64,3
2026-06-28 12:59:41.635737+00:00,2349.24,2349.52,7
2026-06-28 12:59:42.135737+00:00,2349.22,2349.43,6
2026-06-28 12:59:42.635737+00:00,2349.22,2349.53,3
2026-06-28 12:59:43.135737+00:00,2349.14,2349.41,3
2026-06-28 12:59:43.635737+00:00,2349.2,2349.49,5
2026-06-28 12:59:44.135737+00:00,2349.18,2349.51,1
2026-06-28 12:59:44.635737+00:00,2349.25,2349.45,5
2026-06-28 12:59:45.135737+00:00,2349.1,2349.42,3
2026-06-28 12:59:45.635737+00:00,2349.16,2349.45,1
2026-06-28 12:59:46.135737+00:00,2349.16,2349.42,6
2026-06-28 12:59:46.635737+00:00,2349.2,2349.48,5
2026-06-28 12:59:47.135737+00:00,2349.33,2349.58,7
2026-06-28 12:59:47.635737+00:00,2349.25,2349.48,3
2026-06-28 12:59:48.135737+00:00,2349.23,2349.53,6
2026-06-28 12:59:48.635737+00:00,2349.2,2349.51,6
2026-06-28 12:59:49.135737+00:00,2349.15,2349.37,2
2026-06-28 12:59:49.635737+00:00,2349.12,2349.34,5
2026-06-28 12:59:50.135737+00:00,2349.11,2349.36,3
2026-06-28 12:59:50.635737+00:00,2349.13,2349.36,4
2026-06-28 12:59:51.135737+00:00,2349.12,2349.45,4
2026-06-28 12:59:51.635737+00:00,2349.11,2349.33,5
2026-06-28 12:59:52.135737+00:00,2349.15,2349.44,5
2026-06-28 12:59:52.635737+00:00,2349.13,2349.38,2
2026-06-28 12:59:53.135737+00:00,2348.99,2349.29,1
2026-06-28 12:59:53.635737+00:00,2348.98,2349.33,1
2026-06-28 12:59:54.135737+00:00,2348.83,2349.06,6
2026-06-28 12:59:54.635737+00:00,2348.87,2349.1,5
2026-06-28 12:59:55.135737+00:00,2348.85,2349.11,6
2026-06-28 12:59:55.635737+00:00,2348.68,2348.92,3
2026-06-28 12:59:56.135737+00:00,2348.68,2348.95,5
2026-06-28 12:59:56.635737+00:00,2348.5,2348.73,7
2026-06-28 12:59:57.135737+00:00,2348.49,2348.69,2
2026-06-28 12:59:57.635737+00:00,2348.55,2348.85,7
2026-06-28 12:59:58.135737+00:00,2348.63,2348.84,5
2026-06-28 12:59:58.635737+00:00,2348.63,2348.89,4
2026-06-28 12:59:59.135737+00:00,2348.59,2348.83,4
2026-06-28 12:59:59.635737+00:00,2348.68,2348.91,3
2026-06-28 13:00:00.135737+00:00,2348.73,2348.99,5
2026-06-28 13:00:00.635737+00:00,2348.87,2349.11,5
2026-06-28 13:00:01.135737+00:00,2348.94,2349.14,6
2026-06-28 13:00:01.635737+00:00,2348.89,2349.13,2
2026-06-28 13:00:02.135737+00:00,2348.88,2349.13,6
2026-06-28 13:00:02.635737+00:00,2348.89,2349.23,1
2026-06-28 13:00:03.135737+00:00,2348.91,2349.12,7
2026-06-28 13:00:03.635737+00:00,2348.78,2349.08,3
2026-06-28 13:00:04.135737+00:00,2348.84,2349.13,6
2026-06-28 13:00:04.635737+00:00,2348.87,2349.14,4
2026-06-28 13:00:05.135737+00:00,2348.88,2349.12,6
2026-06-28 13:00:05.635737+00:00,2348.91,2349.12,1
2026-06-28 13:00:06.135737+00:00,2348.89,2349.1,3
2026-06-28 13:00:06.635737+00:00,2348.84,2349.08,3
2026-06-28 13:00:07.135737+00:00,2348.8,2349.06,5
2026-06-28 13:00:07.635737+00:00,2348.84,2349.09,7
2026-06-28 13:00:08.135737+00:00,2348.8,2349.01,1
2026-06-28 13:00:08.635737+00:00,2348.79,2349.04,4
2026-06-28 13:00:09.135737+00:00,2348.83,2349.07,2
2026-06-28 13:00:09.635737+00:00,2348.82,2349.05,3
2026-06-28 13:00:10.135737+00:00,2348.69,2349.08,5
2026-06-28 13:00:10.635737+00:00,2348.63,2348.88,4
2026-06-28 13:00:11.135737+00:00,2348.58,2348.81,4
2026-06-28 13:00:11.635737+00:00,2348.48,2348.73,5
2026-06-28 13:00:12.135737+00:00,2348.49,2348.8,3
2026-06-28 13:00:12.635737+00:00,2348.43,2348.71,1
2026-06-28 13:00:13.135737+00:00,2348.44,2348.73,3
2026-06-28 13:00:13.635737+00:00,2348.49,2348.74,6
2026-06-28 13:00:14.135737+00:00,2348.5,2348.72,7
2026-06-28 13:00:14.635737+00:00,2348.48,2348.69,5
2026-06-28 13:00:15.135737+00:00,2348.43,2348.66,4
2026-06-28 13:00:15.635737+00:00,2348.38,2348.63,3
2026-06-28 13:00:16.135737+00:00,2348.22,2348.51,4
2026-06-28 13:00:16.635737+00:00,2348.24,2348.48,7
2026-06-28 13:00:17.135737+00:00,2348.17,2348.42,6
2026-06-28 13:00:17.635737+00:00,2348.18,2348.39,6
2026-06-28 13:00:18.135737+00:00,2348.11,2348.38,5
2026-06-28 13:00:18.635737+00:00,2347.92,2348.15,6
2026-06-28 13:00:19.135737+00:00,2347.96,2348.18,7
2026-06-28 13:00:19.635737+00:00,2348.0,2348.31,5
2026-06-28 13:00:20.135737+00:00,2347.8,2348.02,6
2026-06-28 13:00:20.635737+00:00,2347.83,2348.04,7
2026-06-28 13:00:21.135737+00:00,2347.72,2348.04,4
2026-06-28 13:00:21.635737+00:00,2347.61,2347.86,6
2026-06-28 13:00:22.135737+00:00,2347.5,2347.78,3
2026-06-28 13:00:22.635737+00:00,2347.42,2347.68,3
2026-06-28 13:00:23.135737+00:00,2347.53,2347.79,2
2026-06-28 13:00:23.635737+00:00,2347.65,2347.93,2
2026-06-28 13:00:24.135737+00:00,2347.55,2347.77,5
2026-06-28 13:00:24.635737+00:00,2347.44,2347.72,6
2026-06-28 13:00:25.135737+00:00,2347.46,2347.67,1
2026-06-28 13:00:25.635737+00:00,2347.53,2347.73,4
2026-06-28 13:00:26.135737+00:00,2347.41,2347.64,3
2026-06-28 13:00:26.635737+00:00,2347.48,2347.71,7
2026-06-28 13:00:27.135737+00:00,2347.48,2347.85,5
2026-06-28 13:00:27.635737+00:00,2347.57,2347.84,7
2026-06-28 13:00:28.135737+00:00,2347.66,2347.93,4
2026-06-28 13:00:28.635737+00:00,2347.67,2347.98,5
2026-06-28 13:00:29.135737+00:00,2347.79,2348.02,3
2026-06-28 13:00:29.635737+00:00,2347.78,2348.06,6
2026-06-28 13:00:30.135737+00:00,2347.92,2348.13,6
2026-06-28 13:00:30.635737+00:00,2347.91,2348.2,4
2026-06-28 13:00:31.135737+00:00,2347.98,2348.34,7
2026-06-28 13:00:31.635737+00:00,2348.07,2348.44,3
2026-06-28 13:00:32.135737+00:00,2348.0,2348.24,4
2026-06-28 13:00:32.635737+00:00,2347.86,2348.08,6
2026-06-28 13:00:33.135737+00:00,2347.95,2348.3,5
2026-06-28 13:00:33.635737+00:00,2348.05,2348.37,2
2026-06-28 13:00:34.135737+00:00,2348.09,2348.43,6
2026-06-28 13:00:34.635737+00:00,2348.26,2348.47,3
2026-06-28 13:00:35.135737+00:00,2348.04,2348.34,4
2026-06-28 13:00:35.635737+00:00,2348.03,2348.36,4
2026-06-28 13:00:36.135737+00:00,2348.0,2348.28,1
2026-06-28 13:00:36.635737+00:00,2348.07,2348.32,4
2026-06-28 13:00:37.135737+00:00,2348.07,2348.33,6
2026-06-28 13:00:37.635737+00:00,2348.1,2348.4,3
2026-06-28 13:00:38.135737+00:00,2348.04,2348.45,2
2026-06-28 13:00:38.635737+00:00,2348.07,2348.31,7
2026-06-28 13:00:39.135737+00:00,2347.97,2348.18,1
2026-06-28 13:00:39.635737+00:00,2348.09,2348.36,1
2026-06-28 13:00:40.135737+00:00,2348.01,2348.24,7
2026-06-28 13:00:40.635737+00:00,2348.13,2348.36,6
2026-06-28 13:00:41.135737+00:00,2348.05,2348.33,7
2026-06-28 13:00:41.635737+00:00,2348.03,2348.24,7
2026-06-28 13:00:42.135737+00:00,2348.02,2348.31,2
2026-06-28 13:00:42.635737+00:00,2347.88,2348.19,4
2026-06-28 13:00:43.135737+00:00,2347.99,2348.27,2
2026-06-28 13:00:43.635737+00:00,2347.92,2348.14,2
2026-06-28 13:00:44.135737+00:00,2347.82,2348.08,5
2026-06-28 13:00:44.635737+00:00,2347.82,2348.17,2
2026-06-28 13:00:45.135737+00:00,2347.95,2348.17,7
2026-06-28 13:00:45.635737+00:00,2347.99,2348.22,7
2026-06-28 13:00:46.135737+00:00,2347.93,2348.21,7
2026-06-28 13:00:46.635737+00:00,2347.76,2347.99,4
2026-06-28 13:00:47.135737+00:00,2347.66,2347.91,2
2026-06-28 13:00:47.635737+00:00,2347.59,2347.89,3
2026-06-28 13:00:48.135737+00:00,2347.69,2348.0,3
2026-06-28 13:00:48.635737+00:00,2347.77,2347.98,7
2026-06-28 13:00:49.135737+00:00,2347.71,2348.01,1
2026-06-28 13:00:49.635737+00:00,2347.63,2347.95,6
2026-06-28 13:00:50.135737+00:00,2347.65,2347.86,5
2026-06-28 13:00:50.635737+00:00,2347.67,2347.91,1
2026-06-28 13:00:51.135737+00:00,2347.71,2348.0,2
2026-06-28 13:00:51.635737+00:00,2347.71,2347.97,5
2026-06-28 13:00:52.135737+00:00,2347.76,2348.02,6
2026-06-28 13:00:52.635737+00:00,2347.85,2348.08,6
2026-06-28 13:00:53.135737+00:00,2347.82,2348.06,2
2026-06-28 13:00:53.635737+00:00,2347.88,2348.13,3
2026-06-28 13:00:54.135737+00:00,2347.77,2347.98,5
2026-06-28 13:00:54.635737+00:00,2347.64,2347.87,7
2026-06-28 13:00:55.135737+00:00,2347.5,2347.77,6
2026-06-28 13:00:55.635737+00:00,2347.44,2347.71,3
2026-06-28 13:00:56.135737+00:00,2347.43,2347.71,2
2026-06-28 13:00:56.635737+00:00,2347.43,2347.68,7
2026-06-28 13:00:57.135737+00:00,2347.38,2347.64,2
2026-06-28 13:00:57.635737+00:00,2347.4,2347.61,2
2026-06-28 13:00:58.135737+00:00,2347.57,2347.83,5
2026-06-28 13:00:58.635737+00:00,2347.53,2347.8,1
2026-06-28 13:00:59.135737+00:00,2347.52,2347.81,4
2026-06-28 13:00:59.635737+00:00,2347.57,2347.8,2
2026-06-28 13:01:00.135737+00:00,2347.56,2347.92,4
2026-06-28 13:01:00.635737+00:00,2347.62,2348.01,2
2026-06-28 13:01:01.135737+00:00,2347.77,2347.98,1
2026-06-28 13:01:01.635737+00:00,2347.83,2348.06,1
2026-06-28 13:01:02.135737+00:00,2347.73,2347.97,6
2026-06-28 13:01:02.635737+00:00,2347.52,2347.93,3
2026-06-28 13:01:03.135737+00:00,2347.66,2347.87,4
2026-06-28 13:01:03.635737+00:00,2347.5,2347.81,5
2026-06-28 13:01:04.135737+00:00,2347.38,2347.69,3
2026-06-28 13:01:04.635737+00:00,2347.33,2347.62,5
2026-06-28 13:01:05.135737+00:00,2347.48,2347.7,1
2026-06-28 13:01:05.635737+00:00,2347.44,2347.7,1
2026-06-28 13:01:06.135737+00:00,2347.45,2347.73,7
2026-06-28 13:01:06.635737+00:00,2347.43,2347.74,2
2026-06-28 13:01:07.135737+00:00,2347.31,2347.65,1
2026-06-28 13:01:07.635737+00:00,2347.32,2347.52,2
2026-06-28 13:01:08.135737+00:00,2347.18,2347.4,3
2026-06-28 13:01:08.635737+00:00,2347.01,2347.29,2
2026-06-28 13:01:09.135737+00:00,2347.1,2347.32,1
2026-06-28 13:01:09.635737+00:00,2347.02,2347.24,3
2026-06-28 13:01:10.135737+00:00,2347.05,2347.28,4
2026-06-28 13:01:10.635737+00:00,2346.99,2347.27,3
2026-06-28 13:01:11.135737+00:00,2346.93,2347.14,6
2026-06-28 13:01:11.635737+00:00,2346.87,2347.07,1
2026-06-28 13:01:12.135737+00:00,2346.81,2347.17,6
2026-06-28 13:01:12.635737+00:00,2346.78,2347.08,4
2026-06-28 13:01:13.135737+00:00,2346.87,2347.16,1
2026-06-28 13:01:13.635737+00:00,2346.74,2347.08,6
2026-06-28 13:01:14.135737+00:00,2346.71,2346.95,1
2026-06-28 13:01:14.635737+00:00,2346.66,2346.96,7
2026-06-28 13:01:15.135737+00:00,2346.64,2346.97,3
2026-06-28 13:01:15.635737+00:00,2346.76,2347.0,2
2026-06-28 13:01:16.135737+00:00,2346.85,2347.12,4
2026-06-28 13:01:16.635737+00:00,2346.93,2347.18,6
2026-06-28 13:01:17.135737+00:00,2346.88,2347.2,4
2026-06-28 13:01:17.635737+00:00,2346.98,2347.19,3
2026-06-28 13:01:18.135737+00:00,2347.1,2347.44,4
2026-06-28 13:01:18.635737+00:00,2347.18,2347.52,3
2026-06-28 13:01:19.135737+00:00,2347.23,2347.5,5
2026-06-28 13:01:19.635737+00:00,2347.2,2347.41,3
2026-06-28 13:01:20.135737+00:00,2347.18,2347.47,5
2026-06-28 13:01:20.635737+00:00,2347.06,2347.37,3
2026-06-28 13:01:21.135737+00:00,2347.11,2347.33,6
2026-06-28 13:01:21.635737+00:00,2346.94,2347.19,1
2026-06-28 13:01:22.135737+00:00,2346.86,2347.13,7
2026-06-28 13:01:22.635737+00:00,2346.81,2347.1,2
2026-06-28 13:01:23.135737+00:00,2346.78,2347.05,4
2026-06-28 13:01:23.635737+00:00,2346.73,2347.0,4
2026-06-28 13:01:24.135737+00:00,2346.72,2346.93,7
2026-06-28 13:01:24.635737+00:00,2346.96,2347.23,2
2026-06-28 13:01:25.135737+00:00,2347.0,2347.34,6
2026-06-28 13:01:25.635737+00:00,2346.93,2347.18,3
2026-06-28 13:01:26.135737+00:00,2346.8,2347.14,3
2026-06-28 13:01:26.635737+00:00,2346.7,2346.97,5
2026-06-28 13:01:27.135737+00:00,2346.63,2346.83,6
2026-06-28 13:01:27.635737+00:00,2346.62,2346.85,3
2026-06-28 13:01:28.135737+00:00,2346.61,2346.85,6
2026-06-28 13:01:28.635737+00:00,2346.51,2346.78,2
2026-06-28 13:01:29.135737+00:00,2346.53,2346.76,6
2026-06-28 13:01:29.635737+00:00,2346.64,2346.98,1
2026-06-28 13:01:30.135737+00:00,2346.8,2347.0,4
2026-06-28 13:01:30.635737+00:00,2346.84,2347.16,1
2026-06-28 13:01:31.135737+00:00,2346.8,2347.1,1
2026-06-28 13:01:31.635737+00:00,2346.9,2347.22,7
2026-06-28 13:01:32.135737+00:00,2346.95,2347.16,2
2026-06-28 13:01:32.635737+00:00,2346.98,2347.39,3
2026-06-28 13:01:33.135737+00:00,2347.16,2347.48,4
2026-06-28 13:01:33.635737+00:00,2347.24,2347.49,7
2026-06-28 13:01:34.135737+00:00,2347.22,2347.49,1
2026-06-28 13:01:34.635737+00:00,2347.12,2347.41,5
2026-06-28 13:01:35.135737+00:00,2347.01,2347.34,7
2026-06-28 13:01:35.635737+00:00,2347.05,2347.26,3
2026-06-28 13:01:36.135737+00:00,2346.89,2347.21,7
2026-06-28 13:01:36.635737+00:00,2347.03,2347.29,3
2026-06-28 13:01:37.135737+00:00,2347.14,2347.38,7
2026-06-28 13:01:37.635737+00:00,2347.02,2347.29,1
2026-06-28 13:01:38.135737+00:00,2347.11,2347.39,4
2026-06-28 13:01:38.635737+00:00,2347.03,2347.23,4
2026-06-28 13:01:39.135737+00:00,2346.86,2347.15,6
2026-06-28 13:01:39.635737+00:00,2347.0,2347.27,3
2026-06-28 13:01:40.135737+00:00,2346.88,2347.24,6
2026-06-28 13:01:40.635737+00:00,2346.89,2347.12,5
2026-06-28 13:01:41.135737+00:00,2346.9,2347.19,5
2026-06-28 13:01:41.635737+00:00,2346.91,2347.17,5
2026-06-28 13:01:42.135737+00:00,2346.82,2347.05,1
2026-06-28 13:01:42.635737+00:00,2346.77,2346.99,6
2026-06-28 13:01:43.135737+00:00,2346.77,2346.99,7
2026-06-28 13:01:43.635737+00:00,2346.62,2346.89,5
2026-06-28 13:01:44.135737+00:00,2346.57,2346.8,5
2026-06-28 13:01:44.635737+00:00,2346.56,2346.84,7
2026-06-28 13:01:45.135737+00:00,2346.63,2346.94,3
2026-06-28 13:01:45.635737+00:00,2346.62,2346.93,2
2026-06-28 13:01:46.135737+00:00,2346.67,2346.93,5
2026-06-28 13:01:46.635737+00:00,2346.61,2346.85,6
2026-06-28 13:01:47.135737+00:00,2346.57,2346.95,7
2026-06-28 13:01:47.635737+00:00,2346.56,2346.93,3
2026-06-28 13:01:48.135737+00:00,2346.69,2346.94,4
2026-06-28 13:01:48.635737+00:00,2346.6,2346.8,1
2026-06-28 13:01:49.135737+00:00,2346.55,2346.77,1
2026-06-28 13:01:49.635737+00:00,2346.57,2346.81,5
2026-06-28 13:01:50.135737+00:00,2346.61,2346.86,4
2026-06-28 13:01:50.635737+00:00,2346.77,2347.01,6
2026-06-28 13:01:51.135737+00:00,2346.72,2347.03,7
2026-06-28 13:01:51.635737+00:00,2346.86,2347.1,1
2026-06-28 13:01:52.135737+00:00,2346.66,2346.87,5
2026-06-28 13:01:52.635737+00:00,2346.53,2346.85,5
2026-06-28 13:01:53.135737+00:00,2346.53,2346.77,3
2026-06-28 13:01:53.635737+00:00,2346.52,2346.8,3
2026-06-28 13:01:54.135737+00:00,2346.49,2346.76,2
2026-06-28 13:01:54.635737+00:00,2346.46,2346.68,2
2026-06-28 13:01:55.135737+00:00,2346.43,2346.71,6
2026-06-28 13:01:55.635737+00:00,2346.35,2346.59,3
2026-06-28 13:01:56.135737+00:00,2346.27,2346.51,2
2026-06-28 13:01:56.635737+00:00,2346.2,2346.49,2
2026-06-28 13:01:57.135737+00:00,2346.19,2346.43,5
2026-06-28 13:01:57.635737+00:00,2346.06,2346.45,3
2026-06-28 13:01:58.135737+00:00,2346.06,2346.34,5
2026-06-28 13:01:58.635737+00:00,2346.0,2346.4,5
2026-06-28 13:01:59.135737+00:00,2346.11,2346.34,2
2026-06-28 13:01:59.635737+00:00,2346.0,2346.31,6
2026-06-28 13:02:00.135737+00:00,2346.16,2346.38,6
2026-06-28 13:02:00.635737+00:00,2346.14,2346.42,5
2026-06-28 13:02:01.135737+00:00,2346.19,2346.4,6
2026-06-28 13:02:01.635737+00:00,2346.16,2346.37,1
2026-06-28 13:02:02.135737+00:00,2346.03,2346.37,2
2026-06-28 13:02:02.635737+00:00,2345.96,2346.26,7
2026-06-28 13:02:03.135737+00:00,2345.92,2346.16,6
2026-06-28 13:02:03.635737+00:00,2345.83,2346.06,2
2026-06-28 13:02:04.135737+00:00,2345.76,2346.02,5
2026-06-28 13:02:04.635737+00:00,2345.75,2346.02,4
2026-06-28 13:02:05.135737+00:00,2345.8,2346.02,5
2026-06-28 13:02:05.635737+00:00,2345.82,2346.04,3
2026-06-28 13:02:06.135737+00:00,2345.88,2346.12,3
2026-06-28 13:02:06.635737+00:00,2345.83,2346.11,5
2026-06-28 13:02:07.135737+00:00,2345.8,2346.11,2
2026-06-28 13:02:07.635737+00:00,2345.85,2346.07,5
2026-06-28 13:02:08.135737+00:00,2345.85,2346.08,5
2026-06-28 13:02:08.635737+00:00,2345.98,2346.25,1
2026-06-28 13:02:09.135737+00:00,2345.96,2346.18,5
2026-06-28 13:02:09.635737+00:00,2345.95,2346.18,3
2026-06-28 13:02:10.135737+00:00,2345.93,2346.18,6
2026-06-28 13:02:10.635737+00:00,2346.08,2346.33,2
2026-06-28 13:02:11.135737+00:00,2346.19,2346.46,6
2026-06-28 13:02:11.635737+00:00,2346.28,2346.58,1
2026-06-28 13:02:12.135737+00:00,2346.36,2346.65,6
2026-06-28 13:02:12.635737+00:00,2346.29,2346.53,1
2026-06-28 13:02:13.135737+00:00,2346.34,2346.57,3
2026-06-28 13:02:13.635737+00:00,2346.37,2346.69,5
2026-06-28 13:02:14.135737+00:00,2346.26,2346.55,4
2026-06-28 13:02:14.635737+00:00,2346.46,2346.69,3
2026-06-28 13:02:15.135737+00:00,2346.49,2346.75,5
2026-06-28 13:02:15.635737+00:00,2346.46,2346.73,2
2026-06-28 13:02:16.135737+00:00,2346.36,2346.63,3
2026-06-28 13:02:16.635737+00:00,2346.33,2346.59,6
2026-06-28 13:02:17.135737+00:00,2346.35,2346.57,1
2026-06-28 13:02:17.635737+00:00,2346.29,2346.56,7
2026-06-28 13:02:18.135737+00:00,2346.27,2346.5,3
2026-06-28 13:02:18.635737+00:00,2346.28,2346.53,4
2026-06-28 13:02:19.135737+00:00,2346.3,2346.53,2
2026-06-28 13:02:19.635737+00:00,2346.41,2346.64,3
2026-06-28 13:02:20.135737+00:00,2346.24,2346.49,2
2026-06-28 13:02:20.635737+00:00,2346.01,2346.36,1
2026-06-28 13:02:21.135737+00:00,2345.98,2346.24,7
2026-06-28 13:02:21.635737+00:00,2346.08,2346.29,7
2026-06-28 13:02:22.135737+00:00,2346.03,2346.27,2
2026-06-28 13:02:22.635737+00:00,2346.01,2346.32,6
2026-06-28 13:02:23.135737+00:00,2346.07,2346.28,7
2026-06-28 13:02:23.635737+00:00,2345.94,2346.15,5
2026-06-28 13:02:24.135737+00:00,2345.96,2346.22,2
2026-06-28 13:02:24.635737+00:00,2345.92,2346.16,6
2026-06-28 13:02:25.135737+00:00,2346.1,2346.33,4
2026-06-28 13:02:25.635737+00:00,2346.18,2346.46,4
2026-06-28 13:02:26.135737+00:00,2346.23,2346.5,7
2026-06-28 13:02:26.635737+00:00,2346.22,2346.5,6
2026-06-28 13:02:27.135737+00:00,2346.39,2346.61,7
2026-06-28 13:02:27.635737+00:00,2346.31,2346.56,6
2026-06-28 13:02:28.135737+00:00,2346.39,2346.61,4
2026-06-28 13:02:28.635737+00:00,2346.51,2346.72,2
2026-06-28 13:02:29.135737+00:00,2346.6,2346.8,4
2026-06-28 13:02:29.635737+00:00,2346.62,2346.85,7
2026-06-28 13:02:30.135737+00:00,2346.5,2346.76,3
2026-06-28 13:02:30.635737+00:00,2346.54,2346.92,5
2026-06-28 13:02:31.135737+00:00,2346.5,2346.79,3
2026-06-28 13:02:31.635737+00:00,2346.54,2346.77,7
2026-06-28 13:02:32.135737+00:00,2346.63,2346.89,5
2026-06-28 13:02:32.635737+00:00,2346.74,2347.02,6
2026-06-28 13:02:33.135737+00:00,2346.75,2346.99,5
2026-06-28 13:02:33.635737+00:00,2346.6,2346.81,4
2026-06-28 13:02:34.135737+00:00,2346.6,2346.89,5
2026-06-28 13:02:34.635737+00:00,2346.73,2346.95,7
2026-06-28 13:02:35.135737+00:00,2346.62,2346.86,4
2026-06-28 13:02:35.635737+00:00,2346.49,2346.9,6
2026-06-28 13:02:36.135737+00:00,2346.55,2346.88,1
2026-06-28 13:02:36.635737+00:00,2346.57,2346.8,2
2026-06-28 13:02:37.135737+00:00,2346.53,2346.78,5
2026-06-28 13:02:37.635737+00:00,2346.44,2346.7,2
2026-06-28 13:02:38.135737+00:00,2346.34,2346.61,2
2026-06-28 13:02:38.635737+00:00,2346.24,2346.5,4
2026-06-28 13:02:39.135737+00:00,2346.21,2346.44,4
2026-06-28 13:02:39.635737+00:00,2346.25,2346.52,4
2026-06-28 13:02:40.135737+00:00,2346.33,2346.63,3
2026-06-28 13:02:40.635737+00:00,2346.38,2346.59,3
2026-06-28 13:02:41.135737+00:00,2346.23,2346.47,7
2026-06-28 13:02:41.635737+00:00,2346.18,2346.42,5
2026-06-28 13:02:42.135737+00:00,2346.29,2346.52,1
2026-06-28 13:02:42.635737+00:00,2346.31,2346.59,2
2026-06-28 13:02:43.135737+00:00,2346.38,2346.67,3
2026-06-28 13:02:43.635737+00:00,2346.42,2346.7,6
2026-06-28 13:02:44.135737+00:00,2346.39,2346.69,4
2026-06-28 13:02:44.635737+00:00,2346.46,2346.71,1
2026-06-28 13:02:45.135737+00:00,2346.32,2346.61,5
2026-06-28 13:02:45.635737+00:00,2346.28,2346.49,5
2026-06-28 13:02:46.135737+00:00,2346.12,2346.33,6
2026-06-28 13:02:46.635737+00:00,2346.1,2346.32,6
2026-06-28 13:02:47.135737+00:00,2346.09,2346.36,6
2026-06-28 13:02:47.635737+00:00,2346.01,2346.35,4
2026-06-28 13:02:48.135737+00:00,2346.07,2346.29,1
2026-06-28 13:02:48.635737+00:00,2346.17,2346.4,1
2026-06-28 13:02:49.135737+00:00,2346.05,2346.36,3
2026-06-28 13:02:49.635737+00:00,2346.24,2346.47,3
2026-06-28 13:02:50.135737+00:00,2346.21,2346.49,1
2026-06-28 13:02:50.635737+00:00,2346.2,2346.45,2
2026-06-28 13:02:51.135737+00:00,2346.21,2346.46,3
2026-06-28 13:02:51.635737+00:00,2346.06,2346.43,5
2026-06-28 13:02:52.135737+00:00,2345.98,2346.21,2
2026-06-28 13:02:52.635737+00:00,2345.9,2346.11,1
2026-06-28 13:02:53.135737+00:00,2345.84,2346.1,2
2026-06-28 13:02:53.635737+00:00,2345.86,2346.08,1
2026-06-28 13:02:54.135737+00:00,2345.86,2346.09,7
2026-06-28 13:02:54.635737+00:00,2345.77,2346.05,2
2026-06-28 13:02:55.135737+00:00,2345.73,2345.98,5
2026-06-28 13:02:55.635737+00:00,2345.9,2346.14,5
2026-06-28 13:02:56.135737+00:00,2345.88,2346.22,5
2026-06-28 13:02:56.635737+00:00,2345.9,2346.14,2
2026-06-28 13:02:57.135737+00:00,2345.97,2346.2,3
2026-06-28 13:02:57.635737+00:00,2345.86,2346.13,5
2026-06-28 13:02:58.135737+00:00,2345.93,2346.15,4
2026-06-28 13:02:58.635737+00:00,2345.85,2346.12,6
2026-06-28 13:02:59.135737+00:00,2345.81,2346.03,1
2026-06-28 13:02:59.635737+00:00,2345.85,2346.09,6
2026-06-28 13:03:00.135737+00:00,2345.82,2346.08,4
2026-06-28 13:03:00.635737+00:00,2345.82,2346.06,3
2026-06-28 13:03:01.135737+00:00,2345.72,2346.03,6
2026-06-28 13:03:01.635737+00:00,2345.69,2346.03,1
2026-06-28 13:03:02.135737+00:00,2345.71,2345.98,5
2026-06-28 13:03:02.635737+00:00,2345.79,2345.99,7
2026-06-28 13:03:03.135737+00:00,2345.71,2345.96,7
2026-06-28 13:03:03.635737+00:00,2345.66,2345.86,1
2026-06-28 13:03:04.135737+00:00,2345.64,2345.91,1
2026-06-28 13:03:04.635737+00:00,2345.75,2346.02,2
2026-06-28 13:03:05.135737+00:00,2345.74,2345.98,6
2026-06-28 13:03:05.635737+00:00,2345.71,2345.92,1
2026-06-28 13:03:06.135737+00:00,2345.74,2346.01,6
2026-06-28 13:03:06.635737+00:00,2345.7,2345.99,4
2026-06-28 13:03:07.135737+00:00,2345.83,2346.03,5
2026-06-28 13:03:07.635737+00:00,2345.87,2346.11,5
2026-06-28 13:03:08.135737+00:00,2345.92,2346.15,6
2026-06-28 13:03:08.635737+00:00,2345.81,2346.02,5
2026-06-28 13:03:09.135737+00:00,2345.77,2345.99,2
2026-06-28 13:03:09.635737+00:00,2345.74,2346.04,4
2026-06-28 13:03:10.135737+00:00,2345.77,2346.01,1
2026-06-28 13:03:10.635737+00:00,2345.81,2346.08,1
2026-06-28 13:03:11.135737+00:00,2345.83,2346.09,2
2026-06-28 13:03:11.635737+00:00,2345.96,2346.16,6
2026-06-28 13:03:12.135737+00:00,2345.86,2346.12,4
2026-06-28 13:03:12.635737+00:00,2345.81,2346.18,2
2026-06-28 13:03:13.135737+00:00,2345.91,2346.22,1
2026-06-28 13:03:13.635737+00:00,2345.88,2346.11,5
2026-06-28 13:03:14.135737+00:00,2345.88,2346.1,6
2026-06-28 13:03:14.635737+00:00,2345.81,2346.06,7
2026-06-28 13:03:15.135737+00:00,2345.85,2346.14,4
2026-06-28 13:03:15.635737+00:00,2345.84,2346.07,4
2026-06-28 13:03:16.135737+00:00,2345.81,2346.08,3
2026-06-28 13:03:16.635737+00:00,2345.77,2345.99,5
2026-06-28 13:03:17.135737+00:00,2345.84,2346.11,2
2026-06-28 13:03:17.635737+00:00,2345.76,2346.0,6
2026-06-28 13:03:18.135737+00:00,2345.85,2346.15,2
2026-06-28 13:03:18.635737+00:00,2345.84,2346.14,3
2026-06-28 13:03:19.135737+00:00,2345.89,2346.1,3
2026-06-28 13:03:19.635737+00:00,2345.74,2346.04,3
2026-06-28 13:03:20.135737+00:00,2345.86,2346.12,4
2026-06-28 13:03:20.635737+00:00,2345.89,2346.17,2
2026-06-28 13:03:21.135737+00:00,2345.8,2346.19,6
2026-06-28 13:03:21.635737+00:00,2345.83,2346.14,1
2026-06-28 13:03:22.135737+00:00,2345.7,2345.98,4
2026-06-28 13:03:22.635737+00:00,2345.82,2346.02,2
2026-06-28 13:03:23.135737+00:00,2345.68,2345.94,5
2026-06-28 13:03:23.635737+00:00,2345.66,2345.89,4
2026-06-28 13:03:24.135737+00:00,2345.5,2345.73,4
2026-06-28 13:03:24.635737+00:00,2345.42,2345.7,1
2026-06-28 13:03:25.135737+00:00,2345.47,2345.74,6
2026-06-28 13:03:25.635737+00:00,2345.46,2345.66,2
2026-06-28 13:03:26.135737+00:00,2345.33,2345.6,3
2026-06-28 13:03:26.635737+00:00,2345.4,2345.61,2
2026-06-28 13:03:27.135737+00:00,2345.51,2345.79,2
2026-06-28 13:03:27.635737+00:00,2345.71,2345.91,5
2026-06-28 13:03:28.135737+00:00,2345.58,2345.79,1
2026-06-28 13:03:28.635737+00:00,2345.56,2345.92,2
2026-06-28 13:03:29.135737+00:00,2345.66,2345.87,7
2026-06-28 13:03:29.635737+00:00,2345.73,2345.99,3
2026-06-28 13:03:30.135737+00:00,2345.86,2346.11,1
2026-06-28 13:03:30.635737+00:00,2345.96,2346.28,7
2026-06-28 13:03:31.135737+00:00,2345.87,2346.12,5
2026-06-28 13:03:31.635737+00:00,2346.04,2346.31,4
2026-06-28 13:03:32.135737+00:00,2345.95,2346.24,2
2026-06-28 13:03:32.635737+00:00,2345.96,2346.27,4
2026-06-28 13:03:33.135737+00:00,2345.97,2346.2,1
2026-06-28 13:03:33.635737+00:00,2345.99,2346.2,5
2026-06-28 13:03:34.135737+00:00,2346.03,2346.29,6
2026-06-28 13:03:34.635737+00:00,2345.87,2346.11,7
2026-06-28 13:03:35.135737+00:00,2345.87,2346.08,5
2026-06-28 13:03:35.635737+00:00,2345.73,2346.0,1
2026-06-28 13:03:36.135737+00:00,2345.77,2345.97,4
2026-06-28 13:03:36.635737+00:00,2345.71,2345.98,2
2026-06-28 13:03:37.135737+00:00,2345.67,2345.97,3
2026-06-28 13:03:37.635737+00:00,2345.76,2345.96,3
2026-06-28 13:03:38.135737+00:00,2345.79,2346.0,3
2026-06-28 13:03:38.635737+00:00,2345.94,2346.2,3
2026-06-28 13:03:39.135737+00:00,2345.84,2346.19,2
2026-06-28 13:03:39.635737+00:00,2345.93,2346.16,3
2026-06-28 13:03:40.135737+00:00,2345.82,2346.12,1
2026-06-28 13:03:40.635737+00:00,2345.9,2346.16,6
2026-06-28 13:03:41.135737+00:00,2345.95,2346.24,6
2026-06-28 13:03:41.635737+00:00,2345.85,2346.12,2
2026-06-28 13:03:42.135737+00:00,2345.98,2346.23,3
2026-06-28 13:03:42.635737+00:00,2345.93,2346.18,2
2026-06-28 13:03:43.135737+00:00,2345.84,2346.12,1
2026-06-28 13:03:43.635737+00:00,2345.85,2346.06,3
2026-06-28 13:03:44.135737+00:00,2345.92,2346.15,2
2026-06-28 13:03:44.635737+00:00,2345.81,2346.09,5
2026-06-28 13:03:45.135737+00:00,2345.67,2345.92,5
2026-06-28 13:03:45.635737+00:00,2345.75,2346.02,7
2026-06-28 13:03:46.135737+00:00,2345.65,2345.9,7
2026-06-28 13:03:46.635737+00:00,2345.57,2345.89,3
2026-06-28 13:03:47.135737+00:00,2345.49,2345.77,7
2026-06-28 13:03:47.635737+00:00,2345.47,2345.69,5
2026-06-28 13:03:48.135737+00:00,2345.51,2345.71,6
2026-06-28 13:03:48.635737+00:00,2345.5,2345.77,5
2026-06-28 13:03:49.135737+00:00,2345.64,2345.85,6
2026-06-28 13:03:49.635737+00:00,2345.58,2345.83,4
2026-06-28 13:03:50.135737+00:00,2345.43,2345.64,7
2026-06-28 13:03:50.635737+00:00,2345.48,2345.68,3
2026-06-28 13:03:51.135737+00:00,2345.4,2345.66,3
2026-06-28 13:03:51.635737+00:00,2345.45,2345.66,3
2026-06-28 13:03:52.135737+00:00,2345.39,2345.67,4
2026-06-28 13:03:52.635737+00:00,2345.52,2345.74,4
2026-06-28 13:03:53.135737+00:00,2345.45,2345.73,5
2026-06-28 13:03:53.635737+00:00,2345.5,2345.74,3
2026-06-28 13:03:54.135737+00:00,2345.33,2345.65,1
2026-06-28 13:03:54.635737+00:00,2345.41,2345.63,4
2026-06-28 13:03:55.135737+00:00,2345.32,2345.61,6
2026-06-28 13:03:55.635737+00:00,2345.42,2345.67,3
2026-06-28 13:03:56.135737+00:00,2345.46,2345.83,5
2026-06-28 13:03:56.635737+00:00,2345.55,2345.8,2
2026-06-28 13:03:57.135737+00:00,2345.49,2345.71,6
2026-06-28 13:03:57.635737+00:00,2345.52,2345.72,2
2026-06-28 13:03:58.135737+00:00,2345.46,2345.68,4
2026-06-28 13:03:58.635737+00:00,2345.47,2345.72,1
2026-06-28 13:03:59.135737+00:00,2345.49,2345.75,3
2026-06-28 13:03:59.635737+00:00,2345.48,2345.78,1
2026-06-28 13:04:00.135737+00:00,2345.5,2345.72,5
2026-06-28 13:04:00.635737+00:00,2345.46,2345.74,7
2026-06-28 13:04:01.135737+00:00,2345.43,2345.71,6
2026-06-28 13:04:01.635737+00:00,2345.5,2345.77,6
2026-06-28 13:04:02.135737+00:00,2345.53,2345.75,5
2026-06-28 13:04:02.635737+00:00,2345.37,2345.65,7
2026-06-28 13:04:03.135737+00:00,2345.44,2345.74,6
2026-06-28 13:04:03.635737+00:00,2345.24,2345.54,2
2026-06-28 13:04:04.135737+00:00,2345.32,2345.52,4
2026-06-28 13:04:04.635737+00:00,2345.47,2345.72,3
2026-06-28 13:04:05.135737+00:00,2345.39,2345.69,2
2026-06-28 13:04:05.635737+00:00,2345.37,2345.64,5
2026-06-28 13:04:06.135737+00:00,2345.34,2345.67,2
2026-06-28 13:04:06.635737+00:00,2345.32,2345.58,3
2026-06-28 13:04:07.135737+00:00,2345.29,2345.57,3
2026-06-28 13:04:07.635737+00:00,2345.24,2345.59,1
2026-06-28 13:04:08.135737+00:00,2345.24,2345.49,6
2026-06-28 13:04:08.635737+00:00,2345.12,2345.46,4
2026-06-28 13:04:09.135737+00:00,2345.15,2345.42,7
2026-06-28 13:04:09.635737+00:00,2345.11,2345.35,5
2026-06-28 13:04:10.135737+00:00,2345.01,2345.28,3
2026-06-28 13:04:10.635737+00:00,2345.07,2345.42,4
2026-06-28 13:04:11.135737+00:00,2345.1,2345.38,6
2026-06-28 13:04:11.635737+00:00,2345.13,2345.4,5
2026-06-28 13:04:12.135737+00:00,2345.06,2345.33,2
2026-06-28 13:04:12.635737+00:00,2344.96,2345.31,1
2026-06-28 13:04:13.135737+00:00,2345.16,2345.38,2
2026-06-28 13:04:13.635737+00:00,2345.13,2345.37,3
2026-06-28 13:04:14.135737+00:00,2345.05,2345.32,2
2026-06-28 13:04:14.635737+00:00,2345.13,2345.43,6
2026-06-28 13:04:15.135737+00:00,2345.27,2345.51,5
2026-06-28 13:04:15.635737+00:00,2345.44,2345.64,2
2026-06-28 13:04:16.135737+00:00,2345.41,2345.64,2
2026-06-28 13:04:16.635737+00:00,2345.37,2345.69,4
2026-06-28 13:04:17.135737+00:00,2345.33,2345.65,7
2026-06-28 13:04:17.635737+00:00,2345.34,2345.59,1
2026-06-28 13:04:18.135737+00:00,2345.38,2345.59,5
2026-06-28 13:04:18.635737+00:00,2345.37,2345.66,2
2026-06-28 13:04:19.135737+00:00,2345.29,2345.54,2
2026-06-28 13:04:19.635737+00:00,2345.35,2345.64,7
2026-06-28 13:04:20.135737+00:00,2345.37,2345.61,3
2026-06-28 13:04:20.635737+00:00,2345.2,2345.49,6
2026-06-28 13:04:21.135737+00:00,2345.21,2345.48,2
2026-06-28 13:04:21.635737+00:00,2345.32,2345.56,7
2026-06-28 13:04:22.135737+00:00,2345.35,2345.71,6
2026-06-28 13:04:22.635737+00:00,2345.35,2345.63,3
2026-06-28 13:04:23.135737+00:00,2345.35,2345.58,3
2026-06-28 13:04:23.635737+00:00,2345.26,2345.53,2
2026-06-28 13:04:24.135737+00:00,2345.24,2345.45,3
2026-06-28 13:04:24.635737+00:00,2345.24,2345.48,2
2026-06-28 13:04:25.135737+00:00,2345.13,2345.39,2
2026-06-28 13:04:25.635737+00:00,2345.04,2345.33,4
2026-06-28 13:04:26.135737+00:00,2345.08,2345.28,4
2026-06-28 13:04:26.635737+00:00,2345.13,2345.36,2
2026-06-28 13:04:27.135737+00:00,2345.1,2345.38,1
2026-06-28 13:04:27.635737+00:00,2345.17,2345.41,5
2026-06-28 13:04:28.135737+00:00,2345.27,2345.48,6
2026-06-28 13:04:28.635737+00:00,2345.52,2345.79,5
2026-06-28 13:04:29.135737+00:00,2345.58,2345.85,6
2026-06-28 13:04:29.635737+00:00,2345.39,2345.65,2
2026-06-28 13:04:30.135737+00:00,2345.53,2345.74,4
2026-06-28 13:04:30.635737+00:00,2345.6,2345.82,1
2026-06-28 13:04:31.135737+00:00,2345.58,2345.79,7
2026-06-28 13:04:31.635737+00:00,2345.32,2345.8,7
2026-06-28 13:04:32.135737+00:00,2345.37,2345.61,4
2026-06-28 13:04:32.635737+00:00,2345.46,2345.68,2
2026-06-28 13:04:33.135737+00:00,2345.3,2345.53,7
2026-06-28 13:04:33.635737+00:00,2345.31,2345.63,5
2026-06-28 13:04:34.135737+00:00,2345.13,2345.37,4
2026-06-28 13:04:34.635737+00:00,2345.1,2345.33,4
2026-06-28 13:04:35.135737+00:00,2345.16,2345.4,6
2026-06-28 13:04:35.635737+00:00,2345.06,2345.33,1
2026-06-28 13:04:36.135737+00:00,2344.96,2345.2,3
2026-06-28 13:04:36.635737+00:00,2344.98,2345.23,2
2026-06-28 13:04:37.135737+00:00,2345.0,2345.23,7
2026-06-28 13:04:37.635737+00:00,2344.95,2345.17,6
2026-06-28 13:04:38.135737+00:00,2344.94,2345.3,6
2026-06-28 13:04:38.635737+00:00,2344.91,2345.24,6
2026-06-28 13:04:39.135737+00:00,2345.01,2345.31,5
2026-06-28 13:04:39.635737+00:00,2344.92,2345.16,6
2026-06-28 13:04:40.135737+00:00,2344.89,2345.11,2
2026-06-28 13:04:40.635737+00:00,2344.86,2345.16,6
2026-06-28 13:04:41.135737+00:00,2344.87,2345.17,4
2026-06-28 13:04:41.635737+00:00,2344.79,2345.1,1
2026-06-28 13:04:42.135737+00:00,2344.84,2345.07,3
2026-06-28 13:04:42.635737+00:00,2344.93,2345.15,3
2026-06-28 13:04:43.135737+00:00,2344.89,2345.19,1
2026-06-28 13:04:43.635737+00:00,2345.02,2345.22,4
2026-06-28 13:04:44.135737+00:00,2345.04,2345.29,2
2026-06-28 13:04:44.635737+00:00,2345.04,2345.29,3
2026-06-28 13:04:45.135737+00:00,2345.05,2345.31,2
2026-06-28 13:04:45.635737+00:00,2344.92,2345.21,6
2026-06-28 13:04:46.135737+00:00,2344.95,2345.17,2
2026-06-28 13:04:46.635737+00:00,2344.84,2345.17,7
2026-06-28 13:04:47.135737+00:00,2344.87,2345.14,1
2026-06-28 13:04:47.635737+00:00,2344.86,2345.21,5
2026-06-28 13:04:48.135737+00:00,2345.0,2345.32,7
2026-06-28 13:04:48.635737+00:00,2344.94,2345.26,5
2026-06-28 13:04:49.135737+00:00,2344.94,2345.22,2
2026-06-28 13:04:49.635737+00:00,2344.83,2345.05,1
2026-06-28 13:04:50.135737+00:00,2344.81,2345.12,1
2026-06-28 13:04:50.635737+00:00,2344.9,2345.11,3
2026-06-28 13:04:51.135737+00:00,2344.79,2345.0,6
2026-06-28 13:04:51.635737+00:00,2344.79,2345.06,6
2026-06-28 13:04:52.135737+00:00,2344.76,2344.99,2
2026-06-28 13:04:52.635737+00:00,2344.74,2344.96,5
2026-06-28 13:04:53.135737+00:00,2344.84,2345.08,7
2026-06-28 13:04:53.635737+00:00,2344.77,2344.98,4
2026-06-28 13:04:54.135737+00:00,2344.82,2345.06,6
2026-06-28 13:04:54.635737+00:00,2344.94,2345.24,6
2026-06-28 13:04:55.135737+00:00,2344.89,2345.16,3
2026-06-28 13:04:55.635737+00:00,2345.11,2345.35,2
2026-06-28 13:04:56.135737+00:00,2344.99,2345.21,2
2026-06-28 13:04:56.635737+00:00,2344.9,2345.17,2
2026-06-28 13:04:57.135737+00:00,2345.0,2345.24,1
2026-06-28 13:04:57.635737+00:00,2344.91,2345.16,2
2026-06-28 13:04:58.135737+00:00,2344.8,2345.05,7
2026-06-28 13:04:58.635737+00:00,2344.83,2345.06,3
2026-06-28 13:04:59.135737+00:00,2344.78,2345.02,2
2026-06-28 13:04:59.635737+00:00,2344.85,2345.11,4
2026-06-28 13:05:00.135737+00:00,2344.91,2345.17,1
2026-06-28 13:05:00.635737+00:00,2344.76,2345.0,2
2026-06-28 13:05:01.135737+00:00,2344.65,2344.9,6
2026-06-28 13:05:01.635737+00:00,2344.57,2344.8,1
2026-06-28 13:05:02.135737+00:00,2344.4,2344.79,7
2026-06-28 13:05:02.635737+00:00,2344.43,2344.7,7
2026-06-28 13:05:03.135737+00:00,2344.47,2344.69,3
2026-06-28 13:05:03.635737+00:00,2344.34,2344.79,3
2026-06-28 13:05:04.135737+00:00,2344.4,2344.63,1
2026-06-28 13:05:04.635737+00:00,2344.44,2344.76,7
2026-06-28 13:05:05.135737+00:00,2344.41,2344.79,6
2026-06-28 13:05:05.635737+00:00,2344.25,2344.5,2
2026-06-28 13:05:06.135737+00:00,2344.4,2344.63,1
2026-06-28 13:05:06.635737+00:00,2344.35,2344.62,6
2026-06-28 13:05:07.135737+00:00,2344.32,2344.55,2
2026-06-28 13:05:07.635737+00:00,2344.26,2344.48,1
2026-06-28 13:05:08.135737+00:00,2344.24,2344.48,3
2026-06-28 13:05:08.635737+00:00,2344.14,2344.44,1
2026-06-28 13:05:09.135737+00:00,2344.11,2344.33,7
2026-06-28 13:05:09.635737+00:00,2344.14,2344.4,1
2026-06-28 13:05:10.135737+00:00,2344.09,2344.37,7
2026-06-28 13:05:10.635737+00:00,2344.05,2344.27,7
2026-06-28 13:05:11.135737+00:00,2344.02,2344.38,3
2026-06-28 13:05:11.635737+00:00,2343.8,2344.07,4
2026-06-28 13:05:12.135737+00:00,2343.83,2344.03,3
2026-06-28 13:05:12.635737+00:00,2343.86,2344.06,4
2026-06-28 13:05:13.135737+00:00,2343.93,2344.17,5
2026-06-28 13:05:13.635737+00:00,2343.78,2344.1,4
2026-06-28 13:05:14.135737+00:00,2343.8,2344.02,6
2026-06-28 13:05:14.635737+00:00,2343.74,2343.97,2
2026-06-28 13:05:15.135737+00:00,2343.72,2343.99,5
2026-06-28 13:05:15.635737+00:00,2343.71,2343.92,2
2026-06-28 13:05:16.135737+00:00,2343.62,2343.84,7
2026-06-28 13:05:16.635737+00:00,2343.46,2343.76,5
2026-06-28 13:05:17.135737+00:00,2343.37,2343.61,1
2026-06-28 13:05:17.635737+00:00,2343.34,2343.65,7
2026-06-28 13:05:18.135737+00:00,2343.33,2343.59,6
2026-06-28 13:05:18.635737+00:00,2343.27,2343.61,2
2026-06-28 13:05:19.135737+00:00,2343.38,2343.6,7
2026-06-28 13:05:19.635737+00:00,2343.3,2343.72,6
2026-06-28 13:05:20.135737+00:00,2343.31,2343.54,6
2026-06-28 13:05:20.635737+00:00,2343.45,2343.66,6
2026-06-28 13:05:21.135737+00:00,2343.42,2343.79,7
2026-06-28 13:05:21.635737+00:00,2343.54,2343.74,4
2026-06-28 13:05:22.135737+00:00,2343.67,2343.92,3
2026-06-28 13:05:22.635737+00:00,2343.55,2343.76,1
2026-06-28 13:05:23.135737+00:00,2343.56,2343.98,7
2026-06-28 13:05:23.635737+00:00,2343.36,2343.75,4
2026-06-28 13:05:24.135737+00:00,2343.42,2343.76,3
2026-06-28 13:05:24.635737+00:00,2343.47,2343.82,5
2026-06-28 13:05:25.135737+00:00,2343.46,2343.68,5
2026-06-28 13:05:25.635737+00:00,2343.61,2343.84,4
2026-06-28 13:05:26.135737+00:00,2343.44,2343.74,7
2026-06-28 13:05:26.635737+00:00,2343.42,2343.74,7
2026-06-28 13:05:27.135737+00:00,2343.47,2343.69,3
2026-06-28 13:05:27.635737+00:00,2343.39,2343.61,6
2026-06-28 13:05:28.135737+00:00,2343.41,2343.69,1
2026-06-28 13:05:28.635737+00:00,2343.35,2343.62,1
2026-06-28 13:05:29.135737+00:00,2343.42,2343.65,6
2026-06-28 13:05:29.635737+00:00,2343.35,2343.6,3
2026-06-28 13:05:30.135737+00:00,2343.39,2343.62,1
2026-06-28 13:05:30.635737+00:00,2343.48,2343.73,5
2026-06-28 13:05:31.135737+00:00,2343.53,2343.88,4
2026-06-28 13:05:31.635737+00:00,2343.57,2343.82,5
2026-06-28 13:05:32.135737+00:00,2343.36,2343.59,2
2026-06-28 13:05:32.635737+00:00,2343.21,2343.59,3
2026-06-28 13:05:33.135737+00:00,2343.15,2343.37,7
2026-06-28 13:05:33.635737+00:00,2343.15,2343.43,1
2026-06-28 13:05:34.135737+00:00,2342.99,2343.31,5
2026-06-28 13:05:34.635737+00:00,2343.09,2343.32,1
2026-06-28 13:05:35.135737+00:00,2343.15,2343.36,7
2026-06-28 13:05:35.635737+00:00,2342.97,2343.19,3
2026-06-28 13:05:36.135737+00:00,2342.97,2343.24,2
2026-06-28 13:05:36.635737+00:00,2342.88,2343.08,7
2026-06-28 13:05:37.135737+00:00,2343.0,2343.28,4
2026-06-28 13:05:37.635737+00:00,2343.1,2343.33,4
2026-06-28 13:05:38.135737+00:00,2343.07,2343.32,7
2026-06-28 13:05:38.635737+00:00,2343.16,2343.48,7
2026-06-28 13:05:39.135737+00:00,2343.12,2343.4,2
2026-06-28 13:05:39.635737+00:00,2343.15,2343.4,7
2026-06-28 13:05:40.135737+00:00,2343.07,2343.38,2
2026-06-28 13:05:40.635737+00:00,2343.08,2343.42,1
2026-06-28 13:05:41.135737+00:00,2343.15,2343.36,7
2026-06-28 13:05:41.635737+00:00,2343.18,2343.5,3
2026-06-28 13:05:42.135737+00:00,2343.22,2343.48,5
2026-06-28 13:05:42.635737+00:00,2343.25,2343.45,4
2026-06-28 13:05:43.135737+00:00,2343.24,2343.52,1
2026-06-28 13:05:43.635737+00:00,2343.27,2343.53,3
2026-06-28 13:05:44.135737+00:00,2343.19,2343.43,5
2026-06-28 13:05:44.635737+00:00,2343.21,2343.46,7
2026-06-28 13:05:45.135737+00:00,2343.21,2343.47,6
2026-06-28 13:05:45.635737+00:00,2343.16,2343.42,2
2026-06-28 13:05:46.135737+00:00,2343.21,2343.43,5
2026-06-28 13:05:46.635737+00:00,2343.2,2343.42,3
2026-06-28 13:05:47.135737+00:00,2343.23,2343.47,1
2026-06-28 13:05:47.635737+00:00,2343.09,2343.39,4
2026-06-28 13:05:48.135737+00:00,2343.13,2343.4,5
2026-06-28 13:05:48.635737+00:00,2343.19,2343.41,2
2026-06-28 13:05:49.135737+00:00,2343.18,2343.47,7
2026-06-28 13:05:49.635737+00:00,2343.26,2343.51,4
2026-06-28 13:05:50.135737+00:00,2343.28,2343.56,3
2026-06-28 13:05:50.635737+00:00,2343.26,2343.57,5
2026-06-28 13:05:51.135737+00:00,2343.18,2343.51,1
2026-06-28 13:05:51.635737+00:00,2343.47,2343.68,2
2026-06-28 13:05:52.135737+00:00,2343.42,2343.71,2
2026-06-28 13:05:52.635737+00:00,2343.39,2343.59,5
2026-06-28 13:05:53.135737+00:00,2343.39,2343.63,5
2026-06-28 13:05:53.635737+00:00,2343.41,2343.65,7
2026-06-28 13:05:54.135737+00:00,2343.42,2343.68,4
2026-06-28 13:05:54.635737+00:00,2343.38,2343.69,6
2026-06-28 13:05:55.135737+00:00,2343.3,2343.51,2
2026-06-28 13:05:55.635737+00:00,2343.27,2343.51,3
2026-06-28 13:05:56.135737+00:00,2343.14,2343.5,7
2026-06-28 13:05:56.635737+00:00,2343.12,2343.35,5
2026-06-28 13:05:57.135737+00:00,2343.16,2343.46,2
2026-06-28 13:05:57.635737+00:00,2343.13,2343.34,3
2026-06-28 13:05:58.135737+00:00,2343.21,2343.42,3
2026-06-28 13:05:58.635737+00:00,2343.29,2343.57,1
2026-06-28 13:05:59.135737+00:00,2343.27,2343.55,5
2026-06-28 13:05:59.635737+00:00,2343.39,2343.69,4
2026-06-28 13:06:00.135737+00:00,2343.43,2343.67,6
2026-06-28 13:06:00.635737+00:00,2343.51,2343.77,1
2026-06-28 13:06:01.135737+00:00,2343.49,2343.83,4
2026-06-28 13:06:01.635737+00:00,2343.63,2343.89,7
2026-06-28 13:06:02.135737+00:00,2343.62,2343.83,4
2026-06-28 13:06:02.635737+00:00,2343.38,2343.7,5
2026-06-28 13:06:03.135737+00:00,2343.35,2343.57,2
2026-06-28 13:06:03.635737+00:00,2343.31,2343.52,2
2026-06-28 13:06:04.135737+00:00,2343.29,2343.6,2
2026-06-28 13:06:04.635737+00:00,2343.49,2343.81,3
2026-06-28 13:06:05.135737+00:00,2343.43,2343.63,2
2026-06-28 13:06:05.635737+00:00,2343.35,2343.65,5
2026-06-28 13:06:06.135737+00:00,2343.29,2343.6,4
2026-06-28 13:06:06.635737+00:00,2343.21,2343.51,7
2026-06-28 13:06:07.135737+00:00,2343.25,2343.47,5
2026-06-28 13:06:07.635737+00:00,2343.23,2343.5,2
2026-06-28 13:06:08.135737+00:00,2343.21,2343.42,2
2026-06-28 13:06:08.635737+00:00,2343.18,2343.48,2
2026-06-28 13:06:09.135737+00:00,2343.29,2343.51,5
2026-06-28 13:06:09.635737+00:00,2343.41,2343.82,4
2026-06-28 13:06:10.135737+00:00,2343.62,2343.84,7
2026-06-28 13:06:10.635737+00:00,2343.56,2343.79,5
2026-06-28 13:06:11.135737+00:00,2343.54,2343.76,5
2026-06-28 13:06:11.635737+00:00,2343.52,2343.77,6
2026-06-28 13:06:12.135737+00:00,2343.38,2343.65,7
2026-06-28 13:06:12.635737+00:00,2343.14,2343.6,7
2026-06-28 13:06:13.135737+00:00,2343.22,2343.44,4
2026-06-28 13:06:13.635737+00:00,2343.05,2343.38,5
2026-06-28 13:06:14.135737+00:00,2343.0,2343.34,5
2026-06-28 13:06:14.635737+00:00,2343.17,2343.42,1
2026-06-28 13:06:15.135737+00:00,2343.25,2343.5,6
2026-06-28 13:06:15.635737+00:00,2343.22,2343.48,1
2026-06-28 13:06:16.135737+00:00,2343.24,2343.45,7
2026-06-28 13:06:16.635737+00:00,2343.18,2343.48,1
2026-06-28 13:06:17.135737+00:00,2343.04,2343.29,5
2026-06-28 13:06:17.635737+00:00,2343.09,2343.38,4
2026-06-28 13:06:18.135737+00:00,2343.18,2343.4,6
2026-06-28 13:06:18.635737+00:00,2343.29,2343.57,2
2026-06-28 13:06:19.135737+00:00,2343.28,2343.53,7
2026-06-28 13:06:19.635737+00:00,2343.3,2343.51,6
2026-06-28 13:06:20.135737+00:00,2343.26,2343.49,7
2026-06-28 13:06:20.635737+00:00,2343.24,2343.49,1
2026-06-28 13:06:21.135737+00:00,2343.23,2343.53,1
2026-06-28 13:06:21.635737+00:00,2343.2,2343.45,7
2026-06-28 13:06:22.135737+00:00,2343.34,2343.54,1
2026-06-28 13:06:22.635737+00:00,2343.46,2343.73,3
2026-06-28 13:06:23.135737+00:00,2343.43,2343.75,6
2026-06-28 13:06:23.635737+00:00,2343.47,2343.67,2
2026-06-28 13:06:24.135737+00:00,2343.46,2343.81,4
2026-06-28 13:06:24.635737+00:00,2343.54,2343.82,6
2026-06-28 13:06:25.135737+00:00,2343.61,2343.81,3
2026-06-28 13:06:25.635737+00:00,2343.55,2343.79,1
2026-06-28 13:06:26.135737+00:00,2343.39,2343.7,7
2026-06-28 13:06:26.635737+00:00,2343.53,2343.78,5
2026-06-28 13:06:27.135737+00:00,2343.57,2343.85,6
2026-06-28 13:06:27.635737+00:00,2343.67,2343.9,6
2026-06-28 13:06:28.135737+00:00,2343.65,2343.92,5
2026-06-28 13:06:28.635737+00:00,2343.66,2343.91,2
2026-06-28 13:06:29.135737+00:00,2343.74,2343.97,7
2026-06-28 13:06:29.635737+00:00,2343.64,2343.91,1
2026-06-28 13:06:30.135737+00:00,2343.7,2343.95,4
2026-06-28 13:06:30.635737+00:00,2343.54,2343.86,7
2026-06-28 13:06:31.135737+00:00,2343.51,2343.84,2
2026-06-28 13:06:31.635737+00:00,2343.55,2343.77,3
2026-06-28 13:06:32.135737+00:00,2343.53,2343.74,2
2026-06-28 13:06:32.635737+00:00,2343.32,2343.6,4
2026-06-28 13:06:33.135737+00:00,2343.26,2343.56,6
2026-06-28 13:06:33.635737+00:00,2343.2,2343.5,6
2026-06-28 13:06:34.135737+00:00,2343.27,2343.52,2
2026-06-28 13:06:34.635737+00:00,2343.26,2343.55,1
2026-06-28 13:06:35.135737+00:00,2343.21,2343.51,5
2026-06-28 13:06:35.635737+00:00,2343.26,2343.46,5
2026-06-28 13:06:36.135737+00:00,2343.25,2343.52,3
2026-06-28 13:06:36.635737+00:00,2343.22,2343.56,6
2026-06-28 13:06:37.135737+00:00,2343.22,2343.47,5
2026-06-28 13:06:37.635737+00:00,2343.23,2343.47,1
2026-06-28 13:06:38.135737+00:00,2343.18,2343.54,3
2026-06-28 13:06:38.635737+00:00,2343.26,2343.55,7
2026-06-28 13:06:39.135737+00:00,2343.22,2343.59,3
2026-06-28 13:06:39.635737+00:00,2343.43,2343.67,1
2026-06-28 13:06:40.135737+00:00,2343.49,2343.74,4
2026-06-28 13:06:40.635737+00:00,2343.37,2343.61,5
2026-06-28 13:06:41.135737+00:00,2343.33,2343.57,1
2026-06-28 13:06:41.635737+00:00,2343.17,2343.4,2
2026-06-28 13:06:42.135737+00:00,2343.11,2343.34,1
2026-06-28 13:06:42.635737+00:00,2343.2,2343.51,7
2026-06-28 13:06:43.135737+00:00,2343.16,2343.37,4
2026-06-28 13:06:43.635737+00:00,2343.28,2343.49,5
2026-06-28 13:06:44.135737+00:00,2343.27,2343.48,2
2026-06-28 13:06:44.635737+00:00,2343.29,2343.51,2
2026-06-28 13:06:45.135737+00:00,2343.2,2343.4,5
2026-06-28 13:06:45.635737+00:00,2343.24,2343.51,6
2026-06-28 13:06:46.135737+00:00,2343.2,2343.48,1
2026-06-28 13:06:46.635737+00:00,2343.33,2343.58,2
2026-06-28 13:06:47.135737+00:00,2343.38,2343.6,7
2026-06-28 13:06:47.635737+00:00,2343.31,2343.51,2
2026-06-28 13:06:48.135737+00:00,2343.28,2343.64,1
2026-06-28 13:06:48.635737+00:00,2343.35,2343.64,5
2026-06-28 13:06:49.135737+00:00,2343.27,2343.6,6
2026-06-28 13:06:49.635737+00:00,2343.2,2343.55,6
2026-06-28 13:06:50.135737+00:00,2343.12,2343.44,4
2026-06-28 13:06:50.635737+00:00,2343.25,2343.54,2
2026-06-28 13:06:51.135737+00:00,2343.26,2343.47,7
2026-06-28 13:06:51.635737+00:00,2343.09,2343.4,2
2026-06-28 13:06:52.135737+00:00,2343.12,2343.33,1
2026-06-28 13:06:52.635737+00:00,2343.11,2343.39,7
2026-06-28 13:06:53.135737+00:00,2343.22,2343.42,2
2026-06-28 13:06:53.635737+00:00,2342.96,2343.33,7
2026-06-28 13:06:54.135737+00:00,2343.02,2343.28,3
2026-06-28 13:06:54.635737+00:00,2343.11,2343.46,5
2026-06-28 13:06:55.135737+00:00,2343.15,2343.4,7
2026-06-28 13:06:55.635737+00:00,2343.06,2343.3,5
2026-06-28 13:06:56.135737+00:00,2343.05,2343.32,1
2026-06-28 13:06:56.635737+00:00,2343.1,2343.42,6
2026-06-28 13:06:57.135737+00:00,2343.13,2343.42,7
2026-06-28 13:06:57.635737+00:00,2343.15,2343.39,7
2026-06-28 13:06:58.135737+00:00,2343.07,2343.45,1
2026-06-28 13:06:58.635737+00:00,2343.24,2343.49,2
2026-06-28 13:06:59.135737+00:00,2343.19,2343.44,5
2026-06-28 13:06:59.635737+00:00,2343.1,2343.37,4
2026-06-28 13:07:00.135737+00:00,2343.01,2343.34,2
2026-06-28 13:07:00.635737+00:00,2343.08,2343.39,6
2026-06-28 13:07:01.135737+00:00,2343.09,2343.3,2
2026-06-28 13:07:01.635737+00:00,2343.06,2343.39,7
2026-06-28 13:07:02.135737+00:00,2342.93,2343.3,3
2026-06-28 13:07:02.635737+00:00,2342.9,2343.18,7
2026-06-28 13:07:03.135737+00:00,2342.92,2343.18,7
2026-06-28 13:07:03.635737+00:00,2342.98,2343.2,6
2026-06-28 13:07:04.135737+00:00,2343.1,2343.4,1
2026-06-28 13:07:04.635737+00:00,2343.17,2343.4,5
2026-06-28 13:07:05.135737+00:00,2343.21,2343.51,4
2026-06-28 13:07:05.635737+00:00,2343.27,2343.49,3
2026-06-28 13:07:06.135737+00:00,2343.32,2343.55,4
2026-06-28 13:07:06.635737+00:00,2343.15,2343.37,2
2026-06-28 13:07:07.135737+00:00,2343.28,2343.5,7
2026-06-28 13:07:07.635737+00:00,2343.25,2343.54,4
2026-06-28 13:07:08.135737+00:00,2343.13,2343.41,1
2026-06-28 13:07:08.635737+00:00,2343.14,2343.44,1
2026-06-28 13:07:09.135737+00:00,2343.27,2343.48,2
2026-06-28 13:07:09.635737+00:00,2343.46,2343.79,3
2026-06-28 13:07:10.135737+00:00,2343.53,2343.74,2
2026-06-28 13:07:10.635737+00:00,2343.52,2343.84,4
2026-06-28 13:07:11.135737+00:00,2343.5,2343.74,1
2026-06-28 13:07:11.635737+00:00,2343.52,2343.79,7
2026-06-28 13:07:12.135737+00:00,2343.44,2343.76,1
2026-06-28 13:07:12.635737+00:00,2343.38,2343.63,2
2026-06-28 13:07:13.135737+00:00,2343.48,2343.71,6
2026-06-28 13:07:13.635737+00:00,2343.56,2343.78,5
2026-06-28 13:07:14.135737+00:00,2343.66,2343.95,1
2026-06-28 13:07:14.635737+00:00,2343.61,2343.93,6
2026-06-28 13:07:15.135737+00:00,2343.73,2344.0,1
2026-06-28 13:07:15.635737+00:00,2343.85,2344.07,3
2026-06-28 13:07:16.135737+00:00,2343.88,2344.1,1
2026-06-28 13:07:16.635737+00:00,2343.67,2344.0,1
2026-06-28 13:07:17.135737+00:00,2343.52,2343.74,1
2026-06-28 13:07:17.635737+00:00,2343.49,2343.75,3
2026-06-28 13:07:18.135737+00:00,2343.47,2343.74,5
2026-06-28 13:07:18.635737+00:00,2343.48,2343.7,2
2026-06-28 13:07:19.135737+00:00,2343.43,2343.73,7
2026-06-28 13:07:19.635737+00:00,2343.46,2343.79,4
2026-06-28 13:07:20.135737+00:00,2343.45,2343.65,6
2026-06-28 13:07:20.635737+00:00,2343.34,2343.57,5
2026-06-28 13:07:21.135737+00:00,2343.37,2343.59,5
2026-06-28 13:07:21.635737+00:00,2343.4,2343.63,5
2026-06-28 13:07:22.135737+00:00,2343.35,2343.69,5
2026-06-28 13:07:22.635737+00:00,2343.35,2343.61,6
2026-06-28 13:07:23.135737+00:00,2343.25,2343.48,2
2026-06-28 13:07:23.635737+00:00,2343.42,2343.71,3
2026-06-28 13:07:24.135737+00:00,2343.55,2343.85,3
2026-06-28 13:07:24.635737+00:00,2343.47,2343.76,1
2026-06-28 13:07:25.135737+00:00,2343.63,2343.88,5
2026-06-28 13:07:25.635737+00:00,2343.5,2343.9,7
2026-06-28 13:07:26.135737+00:00,2343.51,2343.83,2
2026-06-28 13:07:26.635737+00:00,2343.64,2343.89,6
2026-06-28 13:07:27.135737+00:00,2343.62,2343.89,3
2026-06-28 13:07:27.635737+00:00,2343.78,2344.12,1
2026-06-28 13:07:28.135737+00:00,2343.79,2344.08,1
2026-06-28 13:07:28.635737+00:00,2343.86,2344.14,7
2026-06-28 13:07:29.135737+00:00,2344.05,2344.27,6
2026-06-28 13:07:29.635737+00:00,2344.08,2344.36,1
2026-06-28 13:07:30.135737+00:00,2344.14,2344.47,4
2026-06-28 13:07:30.635737+00:00,2344.15,2344.51,4
2026-06-28 13:07:31.135737+00:00,2344.2,2344.42,1
2026-06-28 13:07:31.635737+00:00,2344.15,2344.38,2
2026-06-28 13:07:32.135737+00:00,2344.07,2344.3,7
2026-06-28 13:07:32.635737+00:00,2344.11,2344.44,4
2026-06-28 13:07:33.135737+00:00,2344.08,2344.29,7
2026-06-28 13:07:33.635737+00:00,2344.12,2344.32,3
2026-06-28 13:07:34.135737+00:00,2344.1,2344.3,3
2026-06-28 13:07:34.635737+00:00,2344.09,2344.4,2
2026-06-28 13:07:35.135737+00:00,2344.07,2344.33,5
2026-06-28 13:07:35.635737+00:00,2344.05,2344.38,3
2026-06-28 13:07:36.135737+00:00,2344.08,2344.32,1
2026-06-28 13:07:36.635737+00:00,2344.12,2344.35,1
2026-06-28 13:07:37.135737+00:00,2344.15,2344.45,1
2026-06-28 13:07:37.635737+00:00,2344.06,2344.34,7
2026-06-28 13:07:38.135737+00:00,2344.09,2344.36,7
2026-06-28 13:07:38.635737+00:00,2343.92,2344.12,2
2026-06-28 13:07:39.135737+00:00,2343.8,2344.09,6
2026-06-28 13:07:39.635737+00:00,2343.68,2343.99,6
2026-06-28 13:07:40.135737+00:00,2343.76,2344.04,6
2026-06-28 13:07:40.635737+00:00,2343.88,2344.16,7
2026-06-28 13:07:41.135737+00:00,2343.8,2344.12,5
2026-06-28 13:07:41.635737+00:00,2343.75,2344.0,5
2026-06-28 13:07:42.135737+00:00,2343.81,2344.01,7
2026-06-28 13:07:42.635737+00:00,2343.87,2344.1,6
2026-06-28 13:07:43.135737+00:00,2343.86,2344.1,1
2026-06-28 13:07:43.635737+00:00,2343.96,2344.28,6
2026-06-28 13:07:44.135737+00:00,2343.99,2344.35,4
2026-06-28 13:07:44.635737+00:00,2344.12,2344.35,2
2026-06-28 13:07:45.135737+00:00,2344.11,2344.44,6
2026-06-28 13:07:45.635737+00:00,2344.05,2344.3,4
2026-06-28 13:07:46.135737+00:00,2344.09,2344.3,5
2026-06-28 13:07:46.635737+00:00,2344.07,2344.38,1
2026-06-28 13:07:47.135737+00:00,2344.15,2344.36,2
2026-06-28 13:07:47.635737+00:00,2344.15,2344.41,3
2026-06-28 13:07:48.135737+00:00,2344.16,2344.4,2
2026-06-28 13:07:48.635737+00:00,2344.24,2344.47,7
2026-06-28 13:07:49.135737+00:00,2344.29,2344.52,7
2026-06-28 13:07:49.635737+00:00,2344.46,2344.67,2
2026-06-28 13:07:50.135737+00:00,2344.44,2344.69,6
2026-06-28 13:07:50.635737+00:00,2344.4,2344.65,6
2026-06-28 13:07:51.135737+00:00,2344.3,2344.64,7
2026-06-28 13:07:51.635737+00:00,2344.39,2344.62,2
2026-06-28 13:07:52.135737+00:00,2344.3,2344.53,7
2026-06-28 13:07:52.635737+00:00,2344.12,2344.52,3
2026-06-28 13:07:53.135737+00:00,2344.27,2344.59,7
2026-06-28 13:07:53.635737+00:00,2344.29,2344.62,1
2026-06-28 13:07:54.135737+00:00,2344.31,2344.58,4
2026-06-28 13:07:54.635737+00:00,2344.29,2344.54,1
2026-06-28 13:07:55.135737+00:00,2344.21,2344.47,7
2026-06-28 13:07:55.635737+00:00,2344.13,2344.45,2
2026-06-28 13:07:56.135737+00:00,2344.29,2344.57,6
2026-06-28 13:07:56.635737+00:00,2344.46,2344.68,2
2026-06-28 13:07:57.135737+00:00,2344.5,2344.74,3
2026-06-28 13:07:57.635737+00:00,2344.53,2344.79,2
2026-06-28 13:07:58.135737+00:00,2344.56,2344.89,5
2026-06-28 13:07:58.635737+00:00,2344.39,2344.71,2
2026-06-28 13:07:59.135737+00:00,2344.38,2344.59,1
2026-06-28 13:07:59.635737+00:00,2344.23,2344.57,1
2026-06-28 13:08:00.135737+00:00,2344.32,2344.52,1
2026-06-28 13:08:00.635737+00:00,2344.33,2344.55,7
2026-06-28 13:08:01.135737+00:00,2344.25,2344.48,4
2026-06-28 13:08:01.635737+00:00,2344.1,2344.42,3
2026-06-28 13:08:02.135737+00:00,2343.96,2344.26,3
2026-06-28 13:08:02.635737+00:00,2343.88,2344.17,4
2026-06-28 13:08:03.135737+00:00,2344.04,2344.3,7
2026-06-28 13:08:03.635737+00:00,2344.11,2344.37,4
2026-06-28 13:08:04.135737+00:00,2344.0,2344.25,7
2026-06-28 13:08:04.635737+00:00,2344.0,2344.32,4
2026-06-28 13:08:05.135737+00:00,2343.95,2344.2,6
2026-06-28 13:08:05.635737+00:00,2343.9,2344.23,5
2026-06-28 13:08:06.135737+00:00,2343.97,2344.23,6
2026-06-28 13:08:06.635737+00:00,2344.03,2344.28,4
2026-06-28 13:08:07.135737+00:00,2344.04,2344.25,6
2026-06-28 13:08:07.635737+00:00,2344.15,2344.4,6
2026-06-28 13:08:08.135737+00:00,2344.17,2344.5,2
2026-06-28 13:08:08.635737+00:00,2344.19,2344.59,1
2026-06-28 13:08:09.135737+00:00,2344.32,2344.56,6
2026-06-28 13:08:09.635737+00:00,2344.24,2344.53,2
2026-06-28 13:08:10.135737+00:00,2344.23,2344.48,5
2026-06-28 13:08:10.635737+00:00,2344.25,2344.58,4
2026-06-28 13:08:11.135737+00:00,2344.29,2344.53,2
2026-06-28 13:08:11.635737+00:00,2344.42,2344.75,6
2026-06-28 13:08:12.135737+00:00,2344.51,2344.76,6
2026-06-28 13:08:12.635737+00:00,2344.51,2344.75,4
2026-06-28 13:08:13.135737+00:00,2344.63,2344.88,4
2026-06-28 13:08:13.635737+00:00,2344.7,2344.99,6
2026-06-28 13:08:14.135737+00:00,2344.56,2344.84,1
2026-06-28 13:08:14.635737+00:00,2344.58,2344.78,4
2026-06-28 13:08:15.135737+00:00,2344.63,2344.84,3
2026-06-28 13:08:15.635737+00:00,2344.7,2344.97,6
2026-06-28 13:08:16.135737+00:00,2344.72,2345.07,4
2026-06-28 13:08:16.635737+00:00,2344.81,2345.02,7
2026-06-28 13:08:17.135737+00:00,2344.93,2345.14,6
2026-06-28 13:08:17.635737+00:00,2344.85,2345.11,4
2026-06-28 13:08:18.135737+00:00,2344.85,2345.12,3
2026-06-28 13:08:18.635737+00:00,2344.82,2345.19,2
2026-06-28 13:08:19.135737+00:00,2345.03,2345.26,5
2026-06-28 13:08:19.635737+00:00,2345.04,2345.38,7
2026-06-28 13:08:20.135737+00:00,2345.07,2345.44,1
2026-06-28 13:08:20.635737+00:00,2345.17,2345.39,6
2026-06-28 13:08:21.135737+00:00,2345.09,2345.33,2
2026-06-28 13:08:21.635737+00:00,2344.87,2345.1,5
2026-06-28 13:08:22.135737+00:00,2344.88,2345.17,7
2026-06-28 13:08:22.635737+00:00,2345.0,2345.2,6
2026-06-28 13:08:23.135737+00:00,2344.9,2345.11,7
2026-06-28 13:08:23.635737+00:00,2344.77,2345.16,3
2026-06-28 13:08:24.135737+00:00,2344.79,2345.07,5
2026-06-28 13:08:24.635737+00:00,2344.77,2345.04,3
2026-06-28 13:08:25.135737+00:00,2344.75,2345.05,1
2026-06-28 13:08:25.635737+00:00,2344.72,2344.98,4
2026-06-28 13:08:26.135737+00:00,2344.73,2345.02,4
2026-06-28 13:08:26.635737+00:00,2344.89,2345.14,6
2026-06-28 13:08:27.135737+00:00,2344.85,2345.06,1
2026-06-28 13:08:27.635737+00:00,2344.73,2345.04,7
2026-06-28 13:08:28.135737+00:00,2344.66,2345.02,7
2026-06-28 13:08:28.635737+00:00,2344.81,2345.04,6
2026-06-28 13:08:29.135737+00:00,2344.71,2345.02,6
2026-06-28 13:08:29.635737+00:00,2344.71,2344.92,4
2026-06-28 13:08:30.135737+00:00,2344.69,2345.07,2
2026-06-28 13:08:30.635737+00:00,2344.65,2344.92,2
2026-06-28 13:08:31.135737+00:00,2344.72,2344.92,4
2026-06-28 13:08:31.635737+00:00,2344.62,2344.97,3
2026-06-28 13:08:32.135737+00:00,2344.65,2344.89,2
2026-06-28 13:08:32.635737+00:00,2344.79,2345.0,3
2026-06-28 13:08:33.135737+00:00,2344.59,2344.8,5
2026-06-28 13:08:33.635737+00:00,2344.72,2344.97,7
2026-06-28 13:08:34.135737+00:00,2344.76,2344.98,5
2026-06-28 13:08:34.635737+00:00,2344.69,2344.9,1
2026-06-28 13:08:35.135737+00:00,2344.63,2344.87,6
2026-06-28 13:08:35.635737+00:00,2344.53,2344.9,1
2026-06-28 13:08:36.135737+00:00,2344.55,2344.89,1
2026-06-28 13:08:36.635737+00:00,2344.6,2344.85,2
2026-06-28 13:08:37.135737+00:00,2344.54,2344.75,2
2026-06-28 13:08:37.635737+00:00,2344.46,2344.66,4
2026-06-28 13:08:38.135737+00:00,2344.32,2344.59,3
2026-06-28 13:08:38.635737+00:00,2344.39,2344.61,7
2026-06-28 13:08:39.135737+00:00,2344.38,2344.62,1
2026-06-28 13:08:39.635737+00:00,2344.27,2344.55,5
2026-06-28 13:08:40.135737+00:00,2344.21,2344.48,6
2026-06-28 13:08:40.635737+00:00,2344.24,2344.52,2
2026-06-28 13:08:41.135737+00:00,2344.28,2344.56,7
2026-06-28 13:08:41.635737+00:00,2344.15,2344.59,3
2026-06-28 13:08:42.135737+00:00,2344.39,2344.63,3
2026-06-28 13:08:42.635737+00:00,2344.36,2344.59,5
2026-06-28 13:08:43.135737+00:00,2344.57,2344.8,3
2026-06-28 13:08:43.635737+00:00,2344.53,2344.78,5
2026-06-28 13:08:44.135737+00:00,2344.75,2344.98,6
2026-06-28 13:08:44.635737+00:00,2344.71,2344.99,6
2026-06-28 13:08:45.135737+00:00,2344.69,2345.0,4
2026-06-28 13:08:45.635737+00:00,2344.66,2345.03,6
2026-06-28 13:08:46.135737+00:00,2344.66,2345.02,4
2026-06-28 13:08:46.635737+00:00,2344.87,2345.2,1
2026-06-28 13:08:47.135737+00:00,2345.04,2345.31,5
2026-06-28 13:08:47.635737+00:00,2344.98,2345.18,2
2026-06-28 13:08:48.135737+00:00,2345.05,2345.29,7
2026-06-28 13:08:48.635737+00:00,2345.06,2345.27,4
2026-06-28 13:08:49.135737+00:00,2345.15,2345.49,5
2026-06-28 13:08:49.635737+00:00,2345.3,2345.53,7
2026-06-28 13:08:50.135737+00:00,2345.11,2345.32,1
2026-06-28 13:08:50.635737+00:00,2345.06,2345.28,1
2026-06-28 13:08:51.135737+00:00,2345.11,2345.46,1
2026-06-28 13:08:51.635737+00:00,2345.28,2345.55,5
2026-06-28 13:08:52.135737+00:00,2345.39,2345.62,1
2026-06-28 13:08:52.635737+00:00,2345.4,2345.6,1
2026-06-28 13:08:53.135737+00:00,2345.39,2345.64,6
2026-06-28 13:08:53.635737+00:00,2345.39,2345.59,4
2026-06-28 13:08:54.135737+00:00,2345.33,2345.53,3
2026-06-28 13:08:54.635737+00:00,2345.35,2345.6,6
2026-06-28 13:08:55.135737+00:00,2345.38,2345.65,5
2026-06-28 13:08:55.635737+00:00,2345.29,2345.52,5
2026-06-28 13:08:56.135737+00:00,2345.31,2345.58,6
2026-06-28 13:08:56.635737+00:00,2345.21,2345.43,6
2026-06-28 13:08:57.135737+00:00,2345.23,2345.56,2
2026-06-28 13:08:57.635737+00:00,2345.44,2345.67,4
2026-06-28 13:08:58.135737+00:00,2345.36,2345.71,6
2026-06-28 13:08:58.635737+00:00,2345.38,2345.59,6
2026-06-28 13:08:59.135737+00:00,2345.48,2345.73,1
2026-06-28 13:08:59.635737+00:00,2345.53,2345.84,2
2026-06-28 13:09:00.135737+00:00,2345.62,2345.98,3
2026-06-28 13:09:00.635737+00:00,2345.71,2346.01,5
2026-06-28 13:09:01.135737+00:00,2345.77,2346.0,2
2026-06-28 13:09:01.635737+00:00,2345.76,2345.99,2
2026-06-28 13:09:02.135737+00:00,2345.65,2345.95,2
2026-06-28 13:09:02.635737+00:00,2345.65,2345.89,4
2026-06-28 13:09:03.135737+00:00,2345.64,2345.89,6
2026-06-28 13:09:03.635737+00:00,2345.54,2345.78,4
2026-06-28 13:09:04.135737+00:00,2345.54,2345.74,5
2026-06-28 13:09:04.635737+00:00,2345.48,2345.78,7
2026-06-28 13:09:05.135737+00:00,2345.53,2345.8,5
2026-06-28 13:09:05.635737+00:00,2345.57,2345.9,3
2026-06-28 13:09:06.135737+00:00,2345.54,2345.78,4
2026-06-28 13:09:06.635737+00:00,2345.55,2345.83,7
2026-06-28 13:09:07.135737+00:00,2345.48,2345.71,4
2026-06-28 13:09:07.635737+00:00,2345.45,2345.69,7
2026-06-28 13:09:08.135737+00:00,2345.47,2345.68,4
2026-06-28 13:09:08.635737+00:00,2345.51,2345.72,1
2026-06-28 13:09:09.135737+00:00,2345.49,2345.8,7
2026-06-28 13:09:09.635737+00:00,2345.38,2345.62,6
2026-06-28 13:09:10.135737+00:00,2345.11,2345.35,1
2026-06-28 13:09:10.635737+00:00,2344.95,2345.25,7
2026-06-28 13:09:11.135737+00:00,2344.91,2345.2,7
2026-06-28 13:09:11.635737+00:00,2344.82,2345.23,2
2026-06-28 13:09:12.135737+00:00,2345.14,2345.4,7
2026-06-28 13:09:12.635737+00:00,2345.19,2345.45,7
2026-06-28 13:09:13.135737+00:00,2345.25,2345.54,1
2026-06-28 13:09:13.635737+00:00,2345.28,2345.62,2
2026-06-28 13:09:14.135737+00:00,2345.4,2345.63,7
2026-06-28 13:09:14.635737+00:00,2345.37,2345.67,6
2026-06-28 13:09:15.135737+00:00,2345.4,2345.64,4
2026-06-28 13:09:15.635737+00:00,2345.53,2345.75,4
2026-06-28 13:09:16.135737+00:00,2345.6,2345.85,2
2026-06-28 13:09:16.635737+00:00,2345.47,2345.76,2
2026-06-28 13:09:17.135737+00:00,2345.32,2345.64,6
2026-06-28 13:09:17.635737+00:00,2345.35,2345.58,3
2026-06-28 13:09:18.135737+00:00,2345.31,2345.6,6
2026-06-28 13:09:18.635737+00:00,2345.31,2345.52,7
2026-06-28 13:09:19.135737+00:00,2345.39,2345.62,4
2026-06-28 13:09:19.635737+00:00,2345.31,2345.54,6
2026-06-28 13:09:20.135737+00:00,2345.43,2345.66,4
2026-06-28 13:09:20.635737+00:00,2345.41,2345.62,5
2026-06-28 13:09:21.135737+00:00,2345.49,2345.77,4
2026-06-28 13:09:21.635737+00:00,2345.51,2345.76,7
2026-06-28 13:09:22.135737+00:00,2345.51,2345.8,7
2026-06-28 13:09:22.635737+00:00,2345.58,2345.85,1
2026-06-28 13:09:23.135737+00:00,2345.64,2346.01,3
2026-06-28 13:09:23.635737+00:00,2345.72,2346.02,3
2026-06-28 13:09:24.135737+00:00,2345.67,2345.94,5
2026-06-28 13:09:24.635737+00:00,2345.45,2345.81,2
2026-06-28 13:09:25.135737+00:00,2345.43,2345.68,2
2026-06-28 13:09:25.635737+00:00,2345.4,2345.61,1
2026-06-28 13:09:26.135737+00:00,2345.36,2345.63,7
2026-06-28 13:09:26.635737+00:00,2345.26,2345.64,4
2026-06-28 13:09:27.135737+00:00,2345.33,2345.57,4
2026-06-28 13:09:27.635737+00:00,2345.24,2345.45,7
2026-06-28 13:09:28.135737+00:00,2345.2,2345.47,3
2026-06-28 13:09:28.635737+00:00,2345.04,2345.28,7
2026-06-28 13:09:29.135737+00:00,2344.97,2345.41,2
2026-06-28 13:09:29.635737+00:00,2345.19,2345.4,5
2026-06-28 13:09:30.135737+00:00,2344.98,2345.25,2
2026-06-28 13:09:30.635737+00:00,2344.91,2345.11,7
2026-06-28 13:09:31.135737+00:00,2344.7,2345.07,3
2026-06-28 13:09:31.635737+00:00,2344.72,2344.99,7
2026-06-28 13:09:32.135737+00:00,2344.78,2345.07,3
2026-06-28 13:09:32.635737+00:00,2344.81,2345.03,2
2026-06-28 13:09:33.135737+00:00,2344.69,2344.93,3
2026-06-28 13:09:33.635737+00:00,2344.65,2344.96,1
2026-06-28 13:09:34.135737+00:00,2344.64,2344.9,6
2026-06-28 13:09:34.635737+00:00,2344.63,2344.86,7
2026-06-28 13:09:35.135737+00:00,2344.53,2344.77,3
2026-06-28 13:09:35.635737+00:00,2344.41,2344.7,7
2026-06-28 13:09:36.135737+00:00,2344.7,2344.95,6
2026-06-28 13:09:36.635737+00:00,2344.75,2345.05,2
2026-06-28 13:09:37.135737+00:00,2344.75,2344.99,6
2026-06-28 13:09:37.635737+00:00,2344.72,2344.92,7
2026-06-28 13:09:38.135737+00:00,2344.73,2344.97,4
2026-06-28 13:09:38.635737+00:00,2344.93,2345.21,3
2026-06-28 13:09:39.135737+00:00,2344.99,2345.27,1
2026-06-28 13:09:39.635737+00:00,2344.95,2345.26,3
2026-06-28 13:09:40.135737+00:00,2344.97,2345.18,5
2026-06-28 13:09:40.635737+00:00,2344.95,2345.3,7
2026-06-28 13:09:41.135737+00:00,2345.07,2345.33,7
2026-06-28 13:09:41.635737+00:00,2345.13,2345.46,4
2026-06-28 13:09:42.135737+00:00,2344.94,2345.2,2
2026-06-28 13:09:42.635737+00:00,2345.03,2345.23,2
2026-06-28 13:09:43.135737+00:00,2345.03,2345.27,5
2026-06-28 13:09:43.635737+00:00,2344.87,2345.29,4
2026-06-28 13:09:44.135737+00:00,2344.94,2345.16,7
2026-06-28 13:09:44.635737+00:00,2345.03,2345.25,1
2026-06-28 13:09:45.135737+00:00,2344.95,2345.22,5
2026-06-28 13:09:45.635737+00:00,2344.94,2345.21,6
2026-06-28 13:09:46.135737+00:00,2344.9,2345.13,1
2026-06-28 13:09:46.635737+00:00,2344.87,2345.09,3
2026-06-28 13:09:47.135737+00:00,2344.92,2345.16,2
2026-06-28 13:09:47.635737+00:00,2344.92,2345.27,1
2026-06-28 13:09:48.135737+00:00,2345.01,2345.23,2
2026-06-28 13:09:48.635737+00:00,2345.03,2345.31,1
2026-06-28 13:09:49.135737+00:00,2345.16,2345.36,2
2026-06-28 13:09:49.635737+00:00,2345.09,2345.32,5
2026-06-28 13:09:50.135737+00:00,2344.96,2345.24,4
2026-06-28 13:09:50.635737+00:00,2344.95,2345.28,7
2026-06-28 13:09:51.135737+00:00,2345.1,2345.31,2
2026-06-28 13:09:51.635737+00:00,2344.91,2345.21,7
2026-06-28 13:09:52.135737+00:00,2344.97,2345.18,1
2026-06-28 13:09:52.635737+00:00,2345.02,2345.22,5
2026-06-28 13:09:53.135737+00:00,2344.93,2345.28,5
2026-06-28 13:09:53.635737+00:00,2345.04,2345.24,5
2026-06-28 13:09:54.135737+00:00,2345.0,2345.22,3
2026-06-28 13:09:54.635737+00:00,2345.03,2345.32,7
2026-06-28 13:09:55.135737+00:00,2344.94,2345.2,1
2026-06-28 13:09:55.635737+00:00,2344.97,2345.19,6
2026-06-28 13:09:56.135737+00:00,2344.98,2345.27,5
2026-06-28 13:09:56.635737+00:00,2344.96,2345.25,5
2026-06-28 13:09:57.135737+00:00,2344.98,2345.2,1
2026-06-28 13:09:57.635737+00:00,2344.87,2345.12,2
2026-06-28 13:09:58.135737+00:00,2344.83,2345.04,5
2026-06-28 13:09:58.635737+00:00,2344.85,2345.06,7
2026-06-28 13:09:59.135737+00:00,2344.81,2345.1,1
2026-06-28 13:09:59.635737+00:00,2344.81,2345.02,7
2026-06-28 13:10:00.135737+00:00,2344.88,2345.09,3
2026-06-28 13:10:00.635737+00:00,2344.83,2345.08,5
2026-06-28 13:10:01.135737+00:00,2344.92,2345.14,2
2026-06-28 13:10:01.635737+00:00,2344.87,2345.11,1
2026-06-28 13:10:02.135737+00:00,2344.93,2345.23,7
2026-06-28 13:10:02.635737+00:00,2344.85,2345.17,3
2026-06-28 13:10:03.135737+00:00,2344.82,2345.07,3
2026-06-28 13:10:03.635737+00:00,2344.86,2345.08,4
2026-06-28 13:10:04.135737+00:00,2344.9,2345.11,3
2026-06-28 13:10:04.635737+00:00,2344.88,2345.12,3
2026-06-28 13:10:05.135737+00:00,2344.83,2345.1,3
2026-06-28 13:10:05.635737+00:00,2344.93,2345.16,2
2026-06-28 13:10:06.135737+00:00,2344.84,2345.05,3
2026-06-28 13:10:06.635737+00:00,2344.93,2345.23,2
2026-06-28 13:10:07.135737+00:00,2345.08,2345.29,1
2026-06-28 13:10:07.635737+00:00,2344.71,2345.21,3
2026-06-28 13:10:08.135737+00:00,2344.81,2345.04,1
2026-06-28 13:10:08.635737+00:00,2344.8,2345.05,2
2026-06-28 13:10:09.135737+00:00,2344.8,2345.02,5
2026-06-28 13:10:09.635737+00:00,2344.94,2345.2,2
2026-06-28 13:10:10.135737+00:00,2344.98,2345.24,7
2026-06-28 13:10:10.635737+00:00,2345.02,2345.23,3
2026-06-28 13:10:11.135737+00:00,2344.8,2345.12,7
2026-06-28 13:10:11.635737+00:00,2344.83,2345.09,7
2026-06-28 13:10:12.135737+00:00,2344.91,2345.15,7
2026-06-28 13:10:12.635737+00:00,2344.84,2345.13,6
2026-06-28 13:10:13.135737+00:00,2344.91,2345.12,3
2026-06-28 13:10:13.635737+00:00,2345.03,2345.27,4
2026-06-28 13:10:14.135737+00:00,2345.14,2345.36,2
2026-06-28 13:10:14.635737+00:00,2345.21,2345.42,4
2026-06-28 13:10:15.135737+00:00,2345.1,2345.47,2
2026-06-28 13:10:15.635737+00:00,2345.05,2345.27,5
2026-06-28 13:10:16.135737+00:00,2345.11,2345.39,5
2026-06-28 13:10:16.635737+00:00,2345.02,2345.4,7
2026-06-28 13:10:17.135737+00:00,2345.04,2345.25,3
2026-06-28 13:10:17.635737+00:00,2345.21,2345.57,2
2026-06-28 13:10:18.135737+00:00,2345.39,2345.6,6
2026-06-28 13:10:18.635737+00:00,2345.23,2345.43,4
2026-06-28 13:10:19.135737+00:00,2345.18,2345.44,2
2026-06-28 13:10:19.635737+00:00,2345.13,2345.36,2
2026-06-28 13:10:20.135737+00:00,2345.25,2345.52,2
2026-06-28 13:10:20.635737+00:00,2345.26,2345.48,4
2026-06-28 13:10:21.135737+00:00,2345.15,2345.42,5
2026-06-28 13:10:21.635737+00:00,2345.07,2345.4,6
2026-06-28 13:10:22.135737+00:00,2345.09,2345.43,6
2026-06-28 13:10:22.635737+00:00,2345.13,2345.38,3
2026-06-28 13:10:23.135737+00:00,2345.2,2345.44,7
2026-06-28 13:10:23.635737+00:00,2345.28,2345.49,3
2026-06-28 13:10:24.135737+00:00,2345.17,2345.44,5
2026-06-28 13:10:24.635737+00:00,2345.13,2345.35,5
2026-06-28 13:10:25.135737+00:00,2345.06,2345.29,6
2026-06-28 13:10:25.635737+00:00,2345.13,2345.35,4
2026-06-28 13:10:26.135737+00:00,2345.02,2345.37,3
2026-06-28 13:10:26.635737+00:00,2345.07,2345.29,6
2026-06-28 13:10:27.135737+00:00,2345.13,2345.36,4
2026-06-28 13:10:27.635737+00:00,2345.12,2345.42,6
2026-06-28 13:10:28.135737+00:00,2345.12,2345.46,5
2026-06-28 13:10:28.635737+00:00,2345.11,2345.35,5
2026-06-28 13:10:29.135737+00:00,2345.25,2345.46,7
2026-06-28 13:10:29.635737+00:00,2345.25,2345.46,6
2026-06-28 13:10:30.135737+00:00,2345.23,2345.5,7
2026-06-28 13:10:30.635737+00:00,2345.27,2345.56,4
2026-06-28 13:10:31.135737+00:00,2345.3,2345.63,6
2026-06-28 13:10:31.635737+00:00,2345.28,2345.59,3
2026-06-28 13:10:32.135737+00:00,2345.38,2345.65,1
2026-06-28 13:10:32.635737+00:00,2345.36,2345.64,4
2026-06-28 13:10:33.135737+00:00,2345.38,2345.62,3
2026-06-28 13:10:33.635737+00:00,2345.33,2345.64,3
2026-06-28 13:10:34.135737+00:00,2345.31,2345.57,5
2026-06-28 13:10:34.635737+00:00,2345.5,2345.73,7
2026-06-28 13:10:35.135737+00:00,2345.5,2345.72,1
2026-06-28 13:10:35.635737+00:00,2345.68,2345.94,4
2026-06-28 13:10:36.135737+00:00,2345.82,2346.05,5
2026-06-28 13:10:36.635737+00:00,2345.88,2346.09,4
2026-06-28 13:10:37.135737+00:00,2345.81,2346.09,1
2026-06-28 13:10:37.635737+00:00,2345.89,2346.17,2
2026-06-28 13:10:38.135737+00:00,2345.94,2346.19,1
2026-06-28 13:10:38.635737+00:00,2345.86,2346.07,3
2026-06-28 13:10:39.135737+00:00,2345.93,2346.16,3
2026-06-28 13:10:39.635737+00:00,2345.9,2346.15,7
2026-06-28 13:10:40.135737+00:00,2346.0,2346.21,2
2026-06-28 13:10:40.635737+00:00,2345.99,2346.25,2
2026-06-28 13:10:41.135737+00:00,2345.92,2346.2,4
2026-06-28 13:10:41.635737+00:00,2345.99,2346.25,2
2026-06-28 13:10:42.135737+00:00,2346.12,2346.39,5
2026-06-28 13:10:42.635737+00:00,2346.18,2346.47,2
2026-06-28 13:10:43.135737+00:00,2346.15,2346.37,1
2026-06-28 13:10:43.635737+00:00,2346.15,2346.4,3
2026-06-28 13:10:44.135737+00:00,2346.1,2346.39,1
2026-06-28 13:10:44.635737+00:00,2346.12,2346.35,5
2026-06-28 13:10:45.135737+00:00,2346.16,2346.41,6
2026-06-28 13:10:45.635737+00:00,2346.23,2346.46,3
2026-06-28 13:10:46.135737+00:00,2346.24,2346.47,7
2026-06-28 13:10:46.635737+00:00,2346.14,2346.53,6
2026-06-28 13:10:47.135737+00:00,2346.11,2346.35,6
2026-06-28 13:10:47.635737+00:00,2345.93,2346.19,1
2026-06-28 13:10:48.135737+00:00,2345.86,2346.11,4
2026-06-28 13:10:48.635737+00:00,2345.95,2346.2,6
2026-06-28 13:10:49.135737+00:00,2346.1,2346.32,7
2026-06-28 13:10:49.635737+00:00,2346.16,2346.49,1
2026-06-28 13:10:50.135737+00:00,2346.2,2346.42,1
2026-06-28 13:10:50.635737+00:00,2346.27,2346.53,3
2026-06-28 13:10:51.135737+00:00,2346.28,2346.49,5
2026-06-28 13:10:51.635737+00:00,2346.17,2346.44,5
2026-06-28 13:10:52.135737+00:00,2346.22,2346.52,7
2026-06-28 13:10:52.635737+00:00,2346.12,2346.5,1
2026-06-28 13:10:53.135737+00:00,2346.15,2346.39,4
2026-06-28 13:10:53.635737+00:00,2346.07,2346.33,4
2026-06-28 13:10:54.135737+00:00,2346.19,2346.42,5
2026-06-28 13:10:54.635737+00:00,2346.11,2346.34,4
2026-06-28 13:10:55.135737+00:00,2346.24,2346.49,6
2026-06-28 13:10:55.635737+00:00,2346.22,2346.46,3
2026-06-28 13:10:56.135737+00:00,2346.08,2346.42,3
2026-06-28 13:10:56.635737+00:00,2346.11,2346.4,1
2026-06-28 13:10:57.135737+00:00,2346.12,2346.33,2
2026-06-28 13:10:57.635737+00:00,2346.18,2346.41,1
2026-06-28 13:10:58.135737+00:00,2346.14,2346.55,3
2026-06-28 13:10:58.635737+00:00,2346.32,2346.53,3
2026-06-28 13:10:59.135737+00:00,2346.32,2346.54,2
2026-06-28 13:10:59.635737+00:00,2346.35,2346.63,4
2026-06-28 13:11:00.135737+00:00,2346.36,2346.57,7
2026-06-28 13:11:00.635737+00:00,2346.36,2346.57,2
2026-06-28 13:11:01.135737+00:00,2346.31,2346.57,2
2026-06-28 13:11:01.635737+00:00,2346.13,2346.45,1
2026-06-28 13:11:02.135737+00:00,2346.06,2346.37,5
2026-06-28 13:11:02.635737+00:00,2346.23,2346.49,1
2026-06-28 13:11:03.135737+00:00,2346.28,2346.62,5
2026-06-28 13:11:03.635737+00:00,2346.24,2346.5,2
2026-06-28 13:11:04.135737+00:00,2346.14,2346.42,1
2026-06-28 13:11:04.635737+00:00,2346.04,2346.24,1
2026-06-28 13:11:05.135737+00:00,2346.01,2346.32,7
2026-06-28 13:11:05.635737+00:00,2346.0,2346.22,7
2026-06-28 13:11:06.135737+00:00,2345.81,2346.13,6
2026-06-28 13:11:06.635737+00:00,2345.81,2346.11,4
2026-06-28 13:11:07.135737+00:00,2345.86,2346.16,3
2026-06-28 13:11:07.635737+00:00,2346.09,2346.32,7
2026-06-28 13:11:08.135737+00:00,2346.07,2346.37,5
2026-06-28 13:11:08.635737+00:00,2346.02,2346.36,1
2026-06-28 13:11:09.135737+00:00,2345.99,2346.2,5
2026-06-28 13:11:09.635737+00:00,2345.94,2346.2,3
2026-06-28 13:11:10.135737+00:00,2345.85,2346.06,5
2026-06-28 13:11:10.635737+00:00,2345.81,2346.06,7
2026-06-28 13:11:11.135737+00:00,2345.9,2346.14,4
2026-06-28 13:11:11.635737+00:00,2345.86,2346.12,1
2026-06-28 13:11:12.135737+00:00,2345.81,2346.2,6
2026-06-28 13:11:12.635737+00:00,2345.9,2346.11,4
2026-06-28 13:11:13.135737+00:00,2345.9,2346.12,6
2026-06-28 13:11:13.635737+00:00,2345.87,2346.14,3
2026-06-28 13:11:14.135737+00:00,2345.91,2346.15,1
2026-06-28 13:11:14.635737+00:00,2345.91,2346.25,6
2026-06-28 13:11:15.135737+00:00,2345.92,2346.17,5
2026-06-28 13:11:15.635737+00:00,2345.78,2346.05,2
2026-06-28 13:11:16.135737+00:00,2345.89,2346.17,7
2026-06-28 13:11:16.635737+00:00,2345.88,2346.16,4
2026-06-28 13:11:17.135737+00:00,2345.82,2346.08,4
2026-06-28 13:11:17.635737+00:00,2345.88,2346.13,3
2026-06-28 13:11:18.135737+00:00,2345.8,2346.08,6
2026-06-28 13:11:18.635737+00:00,2345.83,2346.03,5
2026-06-28 13:11:19.135737+00:00,2345.59,2345.87,4
2026-06-28 13:11:19.635737+00:00,2345.55,2345.81,6
2026-06-28 13:11:20.135737+00:00,2345.59,2345.85,1
2026-06-28 13:11:20.635737+00:00,2345.64,2345.84,1
2026-06-28 13:11:21.135737+00:00,2345.75,2345.99,3
2026-06-28 13:11:21.635737+00:00,2345.53,2345.9,6
2026-06-28 13:11:22.135737+00:00,2345.54,2345.79,7
2026-06-28 13:11:22.635737+00:00,2345.57,2345.86,5
2026-06-28 13:11:23.135737+00:00,2345.57,2345.89,7
2026-06-28 13:11:23.635737+00:00,2345.68,2345.97,3
2026-06-28 13:11:24.135737+00:00,2345.61,2345.85,3
2026-06-28 13:11:24.635737+00:00,2345.59,2345.88,6
2026-06-28 13:11:25.135737+00:00,2345.53,2345.76,2
2026-06-28 13:11:25.635737+00:00,2345.63,2345.84,4
2026-06-28 13:11:26.135737+00:00,2345.6,2345.81,4
2026-06-28 13:11:26.635737+00:00,2345.58,2345.79,7
2026-06-28 13:11:27.135737+00:00,2345.56,2345.85,5
2026-06-28 13:11:27.635737+00:00,2345.63,2345.93,2
2026-06-28 13:11:28.135737+00:00,2345.52,2345.73,4
2026-06-28 13:11:28.635737+00:00,2345.46,2345.67,3
2026-06-28 13:11:29.135737+00:00,2345.26,2345.48,7
2026-06-28 13:11:29.635737+00:00,2345.24,2345.46,1
2026-06-28 13:11:30.135737+00:00,2345.06,2345.4,7
2026-06-28 13:11:30.635737+00:00,2345.08,2345.33,3
2026-06-28 13:11:31.135737+00:00,2345.14,2345.4,6
2026-06-28 13:11:31.635737+00:00,2345.01,2345.23,6
2026-06-28 13:11:32.135737+00:00,2345.19,2345.42,5
2026-06-28 13:11:32.635737+00:00,2345.03,2345.34,5
2026-06-28 13:11:33.135737+00:00,2345.15,2345.36,6
2026-06-28 13:11:33.635737+00:00,2345.22,2345.42,7
2026-06-28 13:11:34.135737+00:00,2345.32,2345.55,1
2026-06-28 13:11:34.635737+00:00,2345.27,2345.53,1
2026-06-28 13:11:35.135737+00:00,2345.11,2345.47,6
2026-06-28 13:11:35.635737+00:00,2345.35,2345.6,2
2026-06-28 13:11:36.135737+00:00,2345.37,2345.66,7
2026-06-28 13:11:36.635737+00:00,2345.37,2345.58,4
2026-06-28 13:11:37.135737+00:00,2345.26,2345.66,1
2026-06-28 13:11:37.635737+00:00,2345.41,2345.63,2
2026-06-28 13:11:38.135737+00:00,2345.47,2345.75,7
2026-06-28 13:11:38.635737+00:00,2345.62,2346.01,6
2026-06-28 13:11:39.135737+00:00,2345.53,2345.81,1
2026-06-28 13:11:39.635737+00:00,2345.67,2345.89,5
2026-06-28 13:11:40.135737+00:00,2345.59,2345.85,2
2026-06-28 13:11:40.635737+00:00,2345.38,2345.58,7
2026-06-28 13:11:41.135737+00:00,2345.29,2345.59,3
2026-06-28 13:11:41.635737+00:00,2345.45,2345.66,2
2026-06-28 13:11:42.135737+00:00,2345.56,2345.76,4
2026-06-28 13:11:42.635737+00:00,2345.55,2345.92,2
2026-06-28 13:11:43.135737+00:00,2345.65,2345.89,7
2026-06-28 13:11:43.635737+00:00,2345.7,2345.93,6
2026-06-28 13:11:44.135737+00:00,2345.61,2345.84,6
2026-06-28 13:11:44.635737+00:00,2345.78,2345.99,1
2026-06-28 13:11:45.135737+00:00,2345.73,2345.95,3
2026-06-28 13:11:45.635737+00:00,2345.69,2346.02,1
2026-06-28 13:11:46.135737+00:00,2345.77,2346.01,3
2026-06-28 13:11:46.635737+00:00,2345.71,2345.96,3
2026-06-28 13:11:47.135737+00:00,2345.78,2346.09,4
2026-06-28 13:11:47.635737+00:00,2345.74,2346.03,7
2026-06-28 13:11:48.135737+00:00,2345.7,2345.9,7
2026-06-28 13:11:48.635737+00:00,2345.79,2346.06,1
2026-06-28 13:11:49.135737+00:00,2345.79,2346.07,6
2026-06-28 13:11:49.635737+00:00,2345.72,2346.0,4
2026-06-28 13:11:50.135737+00:00,2345.69,2345.91,2
2026-06-28 13:11:50.635737+00:00,2345.77,2345.98,6
2026-06-28 13:11:51.135737+00:00,2345.75,2346.0,5
2026-06-28 13:11:51.635737+00:00,2345.75,2345.96,7
2026-06-28 13:11:52.135737+00:00,2345.58,2345.85,6
2026-06-28 13:11:52.635737+00:00,2345.6,2345.84,1
2026-06-28 13:11:53.135737+00:00,2345.65,2345.89,2
2026-06-28 13:11:53.635737+00:00,2345.68,2346.02,3
2026-06-28 13:11:54.135737+00:00,2345.72,2345.97,1
2026-06-28 13:11:54.635737+00:00,2345.83,2346.13,4
2026-06-28 13:11:55.135737+00:00,2345.84,2346.16,7
2026-06-28 13:11:55.635737+00:00,2345.93,2346.17,6
2026-06-28 13:11:56.135737+00:00,2345.87,2346.14,5
2026-06-28 13:11:56.635737+00:00,2345.96,2346.27,2
2026-06-28 13:11:57.135737+00:00,2346.07,2346.32,2
2026-06-28 13:11:57.635737+00:00,2346.09,2346.34,7
2026-06-28 13:11:58.135737+00:00,2346.09,2346.35,4
2026-06-28 13:11:58.635737+00:00,2346.01,2346.48,3
2026-06-28 13:11:59.135737+00:00,2345.98,2346.31,5
2026-06-28 13:11:59.635737+00:00,2345.93,2346.32,3
2026-06-28 13:12:00.135737+00:00,2345.98,2346.19,6
2026-06-28 13:12:00.635737+00:00,2345.97,2346.25,1
2026-06-28 13:12:01.135737+00:00,2346.02,2346.27,6
2026-06-28 13:12:01.635737+00:00,2345.94,2346.21,2
2026-06-28 13:12:02.135737+00:00,2346.07,2346.36,3
2026-06-28 13:12:02.635737+00:00,2346.0,2346.21,5
2026-06-28 13:12:03.135737+00:00,2345.81,2346.1,4
2026-06-28 13:12:03.635737+00:00,2345.77,2346.05,4
2026-06-28 13:12:04.135737+00:00,2345.68,2345.93,5
2026-06-28 13:12:04.635737+00:00,2345.72,2345.95,6
2026-06-28 13:12:05.135737+00:00,2345.74,2346.01,5
2026-06-28 13:12:05.635737+00:00,2345.62,2345.84,5
2026-06-28 13:12:06.135737+00:00,2345.63,2345.87,5
2026-06-28 13:12:06.635737+00:00,2345.69,2345.92,6
2026-06-28 13:12:07.135737+00:00,2345.56,2345.9,5
2026-06-28 13:12:07.635737+00:00,2345.75,2346.02,7
2026-06-28 13:12:08.135737+00:00,2345.81,2346.13,7
2026-06-28 13:12:08.635737+00:00,2345.76,2345.99,3
2026-06-28 13:12:09.135737+00:00,2345.8,2346.05,5
2026-06-28 13:12:09.635737+00:00,2345.8,2346.11,7
2026-06-28 13:12:10.135737+00:00,2345.83,2346.09,1
2026-06-28 13:12:10.635737+00:00,2345.74,2346.09,2
2026-06-28 13:12:11.135737+00:00,2345.66,2345.9,6
2026-06-28 13:12:11.635737+00:00,2345.56,2345.82,2
2026-06-28 13:12:12.135737+00:00,2345.46,2345.73,7
2026-06-28 13:12:12.635737+00:00,2345.45,2345.71,1
2026-06-28 13:12:13.135737+00:00,2345.55,2345.79,7
2026-06-28 13:12:13.635737+00:00,2345.58,2345.79,3
2026-06-28 13:12:14.135737+00:00,2345.42,2345.76,1
2026-06-28 13:12:14.635737+00:00,2345.63,2345.86,1
2026-06-28 13:12:15.135737+00:00,2345.54,2345.8,4
2026-06-28 13:12:15.635737+00:00,2345.52,2345.89,6
2026-06-28 13:12:16.135737+00:00,2345.46,2345.74,7
2026-06-28 13:12:16.635737+00:00,2345.59,2345.84,3
2026-06-28 13:12:17.135737+00:00,2345.53,2345.82,2
2026-06-28 13:12:17.635737+00:00,2345.43,2345.69,7
2026-06-28 13:12:18.135737+00:00,2345.29,2345.6,4
2026-06-28 13:12:18.635737+00:00,2345.25,2345.5,3
2026-06-28 13:12:19.135737+00:00,2345.28,2345.54,1
2026-06-28 13:12:19.635737+00:00,2345.5,2345.71,3
2026-06-28 13:12:20.135737+00:00,2345.48,2345.83,5
2026-06-28 13:12:20.635737+00:00,2345.54,2345.82,7
2026-06-28 13:12:21.135737+00:00,2345.53,2345.74,7
2026-06-28 13:12:21.635737+00:00,2345.64,2345.89,4
2026-06-28 13:12:22.135737+00:00,2345.61,2345.83,5
2026-06-28 13:12:22.635737+00:00,2345.61,2345.92,2
2026-06-28 13:12:23.135737+00:00,2345.51,2345.84,6
2026-06-28 13:12:23.635737+00:00,2345.58,2345.83,4
2026-06-28 13:12:24.135737+00:00,2345.6,2345.83,7
2026-06-28 13:12:24.635737+00:00,2345.51,2345.77,6
2026-06-28 13:12:25.135737+00:00,2345.67,2345.9,5
2026-06-28 13:12:25.635737+00:00,2345.53,2345.75,1
2026-06-28 13:12:26.135737+00:00,2345.39,2345.73,7
2026-06-28 13:12:26.635737+00:00,2345.46,2345.73,7
2026-06-28 13:12:27.135737+00:00,2345.55,2345.78,5
2026-06-28 13:12:27.635737+00:00,2345.5,2345.73,2
2026-06-28 13:12:28.135737+00:00,2345.54,2345.78,7
2026-06-28 13:12:28.635737+00:00,2345.44,2345.65,4
2026-06-28 13:12:29.135737+00:00,2345.5,2345.74,5
2026-06-28 13:12:29.635737+00:00,2345.38,2345.67,3
2026-06-28 13:12:30.135737+00:00,2345.4,2345.72,5
2026-06-28 13:12:30.635737+00:00,2345.39,2345.59,4
2026-06-28 13:12:31.135737+00:00,2345.43,2345.75,1
2026-06-28 13:12:31.635737+00:00,2345.56,2345.9,1
2026-06-28 13:12:32.135737+00:00,2345.45,2345.78,7
2026-06-28 13:12:32.635737+00:00,2345.44,2345.66,1
2026-06-28 13:12:33.135737+00:00,2345.39,2345.6,3
2026-06-28 13:12:33.635737+00:00,2345.28,2345.53,1
2026-06-28 13:12:34.135737+00:00,2345.41,2345.62,5
2026-06-28 13:12:34.635737+00:00,2345.3,2345.58,1
2026-06-28 13:12:35.135737+00:00,2345.07,2345.39,4
2026-06-28 13:12:35.635737+00:00,2345.05,2345.3,4
2026-06-28 13:12:36.135737+00:00,2345.14,2345.4,7
2026-06-28 13:12:36.635737+00:00,2345.19,2345.54,4
2026-06-28 13:12:37.135737+00:00,2345.29,2345.51,2
2026-06-28 13:12:37.635737+00:00,2345.21,2345.51,2
2026-06-28 13:12:38.135737+00:00,2345.14,2345.43,4
2026-06-28 13:12:38.635737+00:00,2345.2,2345.48,6
2026-06-28 13:12:39.135737+00:00,2345.23,2345.6,6
2026-06-28 13:12:39.635737+00:00,2345.2,2345.44,5
2026-06-28 13:12:40.135737+00:00,2345.21,2345.44,1
2026-06-28 13:12:40.635737+00:00,2345.3,2345.52,2
2026-06-28 13:12:41.135737+00:00,2345.13,2345.42,5
2026-06-28 13:12:41.635737+00:00,2345.14,2345.47,1
2026-06-28 13:12:42.135737+00:00,2345.02,2345.4,3
2026-06-28 13:12:42.635737+00:00,2344.92,2345.19,4
2026-06-28 13:12:43.135737+00:00,2345.02,2345.23,4
2026-06-28 13:12:43.635737+00:00,2345.03,2345.3,2
2026-06-28 13:12:44.135737+00:00,2345.08,2345.3,7
2026-06-28 13:12:44.635737+00:00,2345.04,2345.28,3
2026-06-28 13:12:45.135737+00:00,2345.07,2345.4,5
2026-06-28 13:12:45.635737+00:00,2345.23,2345.46,3
2026-06-28 13:12:46.135737+00:00,2345.13,2345.41,7
2026-06-28 13:12:46.635737+00:00,2345.17,2345.37,5
2026-06-28 13:12:47.135737+00:00,2345.12,2345.51,2
2026-06-28 13:12:47.635737+00:00,2345.12,2345.34,1
2026-06-28 13:12:48.135737+00:00,2344.98,2345.18,3
2026-06-28 13:12:48.635737+00:00,2344.96,2345.21,2
2026-06-28 13:12:49.135737+00:00,2345.03,2345.28,7
2026-06-28 13:12:49.635737+00:00,2344.96,2345.27,1
2026-06-28 13:12:50.135737+00:00,2344.91,2345.12,6
2026-06-28 13:12:50.635737+00:00,2344.62,2344.9,7
2026-06-28 13:12:51.135737+00:00,2344.68,2344.96,5
2026-06-28 13:12:51.635737+00:00,2344.79,2345.08,2
2026-06-28 13:12:52.135737+00:00,2344.82,2345.06,1
2026-06-28 13:12:52.635737+00:00,2344.89,2345.11,7
2026-06-28 13:12:53.135737+00:00,2344.84,2345.05,1
2026-06-28 13:12:53.635737+00:00,2345.0,2345.26,5
2026-06-28 13:12:54.135737+00:00,2345.1,2345.3,2
2026-06-28 13:12:54.635737+00:00,2344.97,2345.21,4
2026-06-28 13:12:55.135737+00:00,2344.99,2345.21,2
2026-06-28 13:12:55.635737+00:00,2344.95,2345.18,6
2026-06-28 13:12:56.135737+00:00,2344.81,2345.1,6
2026-06-28 13:12:56.635737+00:00,2344.89,2345.19,1
2026-06-28 13:12:57.135737+00:00,2344.84,2345.05,1
2026-06-28 13:12:57.635737+00:00,2344.89,2345.16,3
2026-06-28 13:12:58.135737+00:00,2344.97,2345.28,2
2026-06-28 13:12:58.635737+00:00,2345.1,2345.36,1
2026-06-28 13:12:59.135737+00:00,2345.19,2345.43,7
2026-06-28 13:12:59.635737+00:00,2345.13,2345.46,6
2026-06-28 13:13:00.135737+00:00,2345.26,2345.48,7
2026-06-28 13:13:00.635737+00:00,2345.37,2345.64,3
2026-06-28 13:13:01.135737+00:00,2345.38,2345.64,7
2026-06-28 13:13:01.635737+00:00,2345.51,2345.79,6
2026-06-28 13:13:02.135737+00:00,2345.63,2345.91,7
2026-06-28 13:13:02.635737+00:00,2345.64,2345.94,1
2026-06-28 13:13:03.135737+00:00,2345.64,2345.96,1
2026-06-28 13:13:03.635737+00:00,2345.67,2345.88,4
2026-06-28 13:13:04.135737+00:00,2345.69,2345.93,1
2026-06-28 13:13:04.635737+00:00,2345.69,2345.92,1
2026-06-28 13:13:05.135737+00:00,2345.48,2345.73,7
2026-06-28 13:13:05.635737+00:00,2345.44,2345.77,4
2026-06-28 13:13:06.135737+00:00,2345.44,2345.76,7
2026-06-28 13:13:06.635737+00:00,2345.48,2345.71,1
2026-06-28 13:13:07.135737+00:00,2345.59,2345.87,4
2026-06-28 13:13:07.635737+00:00,2345.37,2345.79,3
2026-06-28 13:13:08.135737+00:00,2345.37,2345.6,6
2026-06-28 13:13:08.635737+00:00,2345.37,2345.63,4
2026-06-28 13:13:09.135737+00:00,2345.52,2345.79,2
2026-06-28 13:13:09.635737+00:00,2345.47,2345.76,4
2026-06-28 13:13:10.135737+00:00,2345.52,2345.81,6
2026-06-28 13:13:10.635737+00:00,2345.58,2345.79,6
2026-06-28 13:13:11.135737+00:00,2345.59,2345.83,6
2026-06-28 13:13:11.635737+00:00,2345.58,2345.83,6
2026-06-28 13:13:12.135737+00:00,2345.58,2345.81,6
2026-06-28 13:13:12.635737+00:00,2345.49,2345.69,3
2026-06-28 13:13:13.135737+00:00,2345.43,2345.67,1
2026-06-28 13:13:13.635737+00:00,2345.42,2345.67,7
2026-06-28 13:13:14.135737+00:00,2345.42,2345.64,4
2026-06-28 13:13:14.635737+00:00,2345.58,2345.81,2
2026-06-28 13:13:15.135737+00:00,2345.56,2345.87,1
2026-06-28 13:13:15.635737+00:00,2345.46,2345.82,1
2026-06-28 13:13:16.135737+00:00,2345.66,2345.97,7
2026-06-28 13:13:16.635737+00:00,2345.69,2345.9,1
2026-06-28 13:13:17.135737+00:00,2345.57,2345.9,5
2026-06-28 13:13:17.635737+00:00,2345.71,2345.96,1
2026-06-28 13:13:18.135737+00:00,2345.67,2345.89,4
2026-06-28 13:13:18.635737+00:00,2345.67,2345.99,7
2026-06-28 13:13:19.135737+00:00,2345.67,2346.04,3
2026-06-28 13:13:19.635737+00:00,2345.81,2346.05,3
2026-06-28 13:13:20.135737+00:00,2345.84,2346.07,6
2026-06-28 13:13:20.635737+00:00,2345.91,2346.19,7
2026-06-28 13:13:21.135737+00:00,2345.84,2346.1,7
2026-06-28 13:13:21.635737+00:00,2345.77,2346.04,4
2026-06-28 13:13:22.135737+00:00,2345.75,2345.99,5
2026-06-28 13:13:22.635737+00:00,2345.79,2346.04,7
2026-06-28 13:13:23.135737+00:00,2345.81,2346.1,6
2026-06-28 13:13:23.635737+00:00,2345.86,2346.08,7
2026-06-28 13:13:24.135737+00:00,2345.8,2346.01,5
2026-06-28 13:13:24.635737+00:00,2345.87,2346.17,1
2026-06-28 13:13:25.135737+00:00,2346.06,2346.34,4
2026-06-28 13:13:25.635737+00:00,2346.0,2346.21,2
2026-06-28 13:13:26.135737+00:00,2345.92,2346.29,2
2026-06-28 13:13:26.635737+00:00,2345.89,2346.12,4
2026-06-28 13:13:27.135737+00:00,2345.92,2346.13,6
2026-06-28 13:13:27.635737+00:00,2346.03,2346.26,5
2026-06-28 13:13:28.135737+00:00,2345.94,2346.21,6
2026-06-28 13:13:28.635737+00:00,2346.02,2346.29,5
2026-06-28 13:13:29.135737+00:00,2346.18,2346.42,4
2026-06-28 13:13:29.635737+00:00,2346.12,2346.4,3
2026-06-28 13:13:30.135737+00:00,2345.96,2346.22,5
2026-06-28 13:13:30.635737+00:00,2346.06,2346.3,5
2026-06-28 13:13:31.135737+00:00,2345.95,2346.2,2
2026-06-28 13:13:31.635737+00:00,2345.86,2346.11,5
2026-06-28 13:13:32.135737+00:00,2345.86,2346.08,5
2026-06-28 13:13:32.635737+00:00,2345.82,2346.08,4
2026-06-28 13:13:33.135737+00:00,2345.76,2345.98,6
2026-06-28 13:13:33.635737+00:00,2345.64,2345.85,5
2026-06-28 13:13:34.135737+00:00,2345.67,2345.9,5
2026-06-28 13:13:34.635737+00:00,2345.43,2345.67,1
2026-06-28 13:13:35.135737+00:00,2345.48,2345.69,2
2026-06-28 13:13:35.635737+00:00,2345.56,2345.78,5
2026-06-28 13:13:36.135737+00:00,2345.56,2345.83,6
2026-06-28 13:13:36.635737+00:00,2345.57,2345.88,2
2026-06-28 13:13:37.135737+00:00,2345.49,2345.71,6
2026-06-28 13:13:37.635737+00:00,2345.65,2345.93,3
2026-06-28 13:13:38.135737+00:00,2345.73,2345.99,3
2026-06-28 13:13:38.635737+00:00,2345.78,2346.09,6
2026-06-28 13:13:39.135737+00:00,2345.93,2346.27,6
2026-06-28 13:13:39.635737+00:00,2346.06,2346.3,4
2026-06-28 13:13:40.135737+00:00,2346.07,2346.37,4
2026-06-28 13:13:40.635737+00:00,2346.16,2346.38,2
2026-06-28 13:13:41.135737+00:00,2346.06,2346.27,1
2026-06-28 13:13:41.635737+00:00,2346.12,2346.42,5
2026-06-28 13:13:42.135737+00:00,2346.17,2346.46,3
2026-06-28 13:13:42.635737+00:00,2346.26,2346.49,3
2026-06-28 13:13:43.135737+00:00,2346.34,2346.62,5
2026-06-28 13:13:43.635737+00:00,2346.43,2346.75,5
2026-06-28 13:13:44.135737+00:00,2346.4,2346.74,6
2026-06-28 13:13:44.635737+00:00,2346.53,2346.78,2
2026-06-28 13:13:45.135737+00:00,2346.5,2346.74,4
2026-06-28 13:13:45.635737+00:00,2346.42,2346.62,3
2026-06-28 13:13:46.135737+00:00,2346.3,2346.62,6
2026-06-28 13:13:46.635737+00:00,2346.36,2346.58,1
2026-06-28 13:13:47.135737+00:00,2346.37,2346.61,1
2026-06-28 13:13:47.635737+00:00,2346.32,2346.71,1
2026-06-28 13:13:48.135737+00:00,2346.4,2346.65,6
2026-06-28 13:13:48.635737+00:00,2346.45,2346.68,1
2026-06-28 13:13:49.135737+00:00,2346.47,2346.68,2
2026-06-28 13:13:49.635737+00:00,2346.4,2346.66,5
2026-06-28 13:13:50.135737+00:00,2346.27,2346.58,2
2026-06-28 13:13:50.635737+00:00,2346.45,2346.65,3
2026-06-28 13:13:51.135737+00:00,2346.44,2346.81,3
2026-06-28 13:13:51.635737+00:00,2346.6,2346.8,3
2026-06-28 13:13:52.135737+00:00,2346.57,2346.84,6
2026-06-28 13:13:52.635737+00:00,2346.62,2346.91,6
2026-06-28 13:13:53.135737+00:00,2346.82,2347.03,1
2026-06-28 13:13:53.635737+00:00,2346.78,2347.07,5
2026-06-28 13:13:54.135737+00:00,2346.89,2347.11,4
2026-06-28 13:13:54.635737+00:00,2346.76,2347.11,3
2026-06-28 13:13:55.135737+00:00,2346.88,2347.16,3
2026-06-28 13:13:55.635737+00:00,2346.86,2347.1,6
2026-06-28 13:13:56.135737+00:00,2346.85,2347.12,5
2026-06-28 13:13:56.635737+00:00,2346.8,2347.07,1
2026-06-28 13:13:57.135737+00:00,2346.85,2347.09,5
2026-06-28 13:13:57.635737+00:00,2346.95,2347.25,4
2026-06-28 13:13:58.135737+00:00,2347.05,2347.29,4
2026-06-28 13:13:58.635737+00:00,2347.06,2347.27,1
2026-06-28 13:13:59.135737+00:00,2347.08,2347.31,4
2026-06-28 13:13:59.635737+00:00,2347.01,2347.23,6
2026-06-28 13:14:00.135737+00:00,2347.07,2347.39,2
2026-06-28 13:14:00.635737+00:00,2347.19,2347.39,4
2026-06-28 13:14:01.135737+00:00,2347.21,2347.55,5
2026-06-28 13:14:01.635737+00:00,2347.12,2347.36,4
2026-06-28 13:14:02.135737+00:00,2347.15,2347.48,6
2026-06-28 13:14:02.635737+00:00,2347.18,2347.5,2
2026-06-28 13:14:03.135737+00:00,2347.18,2347.42,2
2026-06-28 13:14:03.635737+00:00,2347.18,2347.39,2
2026-06-28 13:14:04.135737+00:00,2347.15,2347.42,4
2026-06-28 13:14:04.635737+00:00,2347.03,2347.24,2
2026-06-28 13:14:05.135737+00:00,2346.97,2347.38,6
2026-06-28 13:14:05.635737+00:00,2347.14,2347.41,7
2026-06-28 13:14:06.135737+00:00,2347.2,2347.45,4
2026-06-28 13:14:06.635737+00:00,2347.24,2347.48,4
2026-06-28 13:14:07.135737+00:00,2347.24,2347.48,6
2026-06-28 13:14:07.635737+00:00,2347.21,2347.46,4
2026-06-28 13:14:08.135737+00:00,2347.18,2347.4,5
2026-06-28 13:14:08.635737+00:00,2347.15,2347.38,1
2026-06-28 13:14:09.135737+00:00,2346.99,2347.27,7
2026-06-28 13:14:09.635737+00:00,2347.14,2347.44,2
2026-06-28 13:14:10.135737+00:00,2347.2,2347.53,5
2026-06-28 13:14:10.635737+00:00,2347.3,2347.59,2
2026-06-28 13:14:11.135737+00:00,2347.07,2347.44,5
2026-06-28 13:14:11.635737+00:00,2347.0,2347.38,1
2026-06-28 13:14:12.135737+00:00,2346.97,2347.35,7
2026-06-28 13:14:12.635737+00:00,2346.98,2347.19,4
2026-06-28 13:14:13.135737+00:00,2346.91,2347.18,6
2026-06-28 13:14:13.635737+00:00,2346.87,2347.18,1
2026-06-28 13:14:14.135737+00:00,2346.76,2347.12,7
2026-06-28 13:14:14.635737+00:00,2346.8,2347.02,6
2026-06-28 13:14:15.135737+00:00,2346.76,2347.06,7
2026-06-28 13:14:15.635737+00:00,2346.7,2346.98,2
2026-06-28 13:14:16.135737+00:00,2346.82,2347.05,7
2026-06-28 13:14:16.635737+00:00,2346.96,2347.18,7
2026-06-28 13:14:17.135737+00:00,2346.94,2347.26,3
2026-06-28 13:14:17.635737+00:00,2347.04,2347.32,5
2026-06-28 13:14:18.135737+00:00,2347.11,2347.36,1
2026-06-28 13:14:18.635737+00:00,2347.18,2347.39,6
2026-06-28 13:14:19.135737+00:00,2347.11,2347.37,7
2026-06-28 13:14:19.635737+00:00,2347.05,2347.37,7
2026-06-28 13:14:20.135737+00:00,2347.11,2347.31,6
2026-06-28 13:14:20.635737+00:00,2347.2,2347.43,6
2026-06-28 13:14:21.135737+00:00,2347.14,2347.37,1
2026-06-28 13:14:21.635737+00:00,2347.3,2347.55,7
2026-06-28 13:14:22.135737+00:00,2347.2,2347.6,5
2026-06-28 13:14:22.635737+00:00,2347.27,2347.54,4
2026-06-28 13:14:23.135737+00:00,2347.29,2347.56,7
2026-06-28 13:14:23.635737+00:00,2347.18,2347.48,1
2026-06-28 13:14:24.135737+00:00,2347.09,2347.38,7
2026-06-28 13:14:24.635737+00:00,2347.04,2347.29,2
2026-06-28 13:14:25.135737+00:00,2347.24,2347.53,7
2026-06-28 13:14:25.635737+00:00,2347.15,2347.35,2
2026-06-28 13:14:26.135737+00:00,2347.14,2347.38,6
2026-06-28 13:14:26.635737+00:00,2347.12,2347.37,7
2026-06-28 13:14:27.135737+00:00,2347.28,2347.55,2
2026-06-28 13:14:27.635737+00:00,2347.22,2347.43,3
2026-06-28 13:14:28.135737+00:00,2347.13,2347.43,3
2026-06-28 13:14:28.635737+00:00,2347.22,2347.46,7
2026-06-28 13:14:29.135737+00:00,2347.24,2347.47,2
2026-06-28 13:14:29.635737+00:00,2347.23,2347.47,7
2026-06-28 13:14:30.135737+00:00,2347.17,2347.49,1
2026-06-28 13:14:30.635737+00:00,2347.26,2347.56,3
2026-06-28 13:14:31.135737+00:00,2347.44,2347.66,5
2026-06-28 13:14:31.635737+00:00,2347.39,2347.62,4
2026-06-28 13:14:32.135737+00:00,2347.45,2347.74,2
2026-06-28 13:14:32.635737+00:00,2347.49,2347.72,6
2026-06-28 13:14:33.135737+00:00,2347.51,2347.84,4
2026-06-28 13:14:33.635737+00:00,2347.54,2347.84,7
2026-06-28 13:14:34.135737+00:00,2347.62,2347.88,6
2026-06-28 13:14:34.635737+00:00,2347.6,2347.89,1
2026-06-28 13:14:35.135737+00:00,2347.53,2347.85,4
2026-06-28 13:14:35.635737+00:00,2347.58,2347.8,5
2026-06-28 13:14:36.135737+00:00,2347.56,2347.82,2
2026-06-28 13:14:36.635737+00:00,2347.33,2347.7,7
2026-06-28 13:14:37.135737+00:00,2347.31,2347.52,2
2026-06-28 13:14:37.635737+00:00,2347.31,2347.61,4
2026-06-28 13:14:38.135737+00:00,2347.19,2347.59,3
2026-06-28 13:14:38.635737+00:00,2347.36,2347.64,4
2026-06-28 13:14:39.135737+00:00,2347.36,2347.67,7
2026-06-28 13:14:39.635737+00:00,2347.64,2347.91,5
2026-06-28 13:14:40.135737+00:00,2347.73,2348.01,7
2026-06-28 13:14:40.635737+00:00,2347.86,2348.07,7
2026-06-28 13:14:41.135737+00:00,2347.72,2347.98,7
2026-06-28 13:14:41.635737+00:00,2347.66,2347.93,6
2026-06-28 13:14:42.135737+00:00,2347.43,2347.79,6
2026-06-28 13:14:42.635737+00:00,2347.48,2347.7,2
2026-06-28 13:14:43.135737+00:00,2347.42,2347.65,6
2026-06-28 13:14:43.635737+00:00,2347.43,2347.81,3
2026-06-28 13:14:44.135737+00:00,2347.49,2347.81,4
2026-06-28 13:14:44.635737+00:00,2347.52,2347.79,3
2026-06-28 13:14:45.135737+00:00,2347.56,2347.77,6
2026-06-28 13:14:45.635737+00:00,2347.41,2347.64,7
2026-06-28 13:14:46.135737+00:00,2347.3,2347.61,6
2026-06-28 13:14:46.635737+00:00,2347.13,2347.45,7
2026-06-28 13:14:47.135737+00:00,2347.17,2347.43,3
2026-06-28 13:14:47.635737+00:00,2347.25,2347.47,7
2026-06-28 13:14:48.135737+00:00,2347.37,2347.65,2
2026-06-28 13:14:48.635737+00:00,2347.34,2347.55,2
2026-06-28 13:14:49.135737+00:00,2347.38,2347.65,2
2026-06-28 13:14:49.635737+00:00,2347.55,2347.88,1
2026-06-28 13:14:50.135737+00:00,2347.55,2347.81,3
2026-06-28 13:14:50.635737+00:00,2347.48,2347.7,5
2026-06-28 13:14:51.135737+00:00,2347.58,2347.82,3
2026-06-28 13:14:51.635737+00:00,2347.61,2347.81,3
2026-06-28 13:14:52.135737+00:00,2347.57,2347.8,3
2026-06-28 13:14:52.635737+00:00,2347.54,2347.76,6
2026-06-28 13:14:53.135737+00:00,2347.45,2347.71,5
2026-06-28 13:14:53.635737+00:00,2347.42,2347.68,6
2026-06-28 13:14:54.135737+00:00,2347.45,2347.67,4
2026-06-28 13:14:54.635737+00:00,2347.31,2347.6,6
2026-06-28 13:14:55.135737+00:00,2347.3,2347.51,5
2026-06-28 13:14:55.635737+00:00,2347.45,2347.72,1
2026-06-28 13:14:56.135737+00:00,2347.44,2347.69,2
2026-06-28 13:14:56.635737+00:00,2347.35,2347.55,5
2026-06-28 13:14:57.135737+00:00,2347.41,2347.61,4
2026-06-28 13:14:57.635737+00:00,2347.29,2347.53,7
2026-06-28 13:14:58.135737+00:00,2347.39,2347.61,2
2026-06-28 13:14:58.635737+00:00,2347.42,2347.63,5
2026-06-28 13:14:59.135737+00:00,2347.42,2347.68,5
2026-06-28 13:14:59.635737+00:00,2347.49,2347.72,4
2026-06-28 13:15:00.135737+00:00,2347.41,2347.66,3
2026-06-28 13:15:00.635737+00:00,2347.39,2347.7,7
2026-06-28 13:15:01.135737+00:00,2347.39,2347.59,1
2026-06-28 13:15:01.635737+00:00,2347.17,2347.5,1
2026-06-28 13:15:02.135737+00:00,2347.12,2347.42,5
2026-06-28 13:15:02.635737+00:00,2347.2,2347.46,5
2026-06-28 13:15:03.135737+00:00,2347.2,2347.42,6
2026-06-28 13:15:03.635737+00:00,2347.28,2347.6,6
2026-06-28 13:15:04.135737+00:00,2347.26,2347.49,4
2026-06-28 13:15:04.635737+00:00,2347.3,2347.58,1
2026-06-28 13:15:05.135737+00:00,2347.31,2347.57,5
2026-06-28 13:15:05.635737+00:00,2347.17,2347.46,3
2026-06-28 13:15:06.135737+00:00,2347.17,2347.46,2
2026-06-28 13:15:06.635737+00:00,2347.26,2347.51,4
2026-06-28 13:15:07.135737+00:00,2347.29,2347.59,4
2026-06-28 13:15:07.635737+00:00,2347.29,2347.59,5
2026-06-28 13:15:08.135737+00:00,2347.33,2347.55,5
2026-06-28 13:15:08.635737+00:00,2347.39,2347.61,6
2026-06-28 13:15:09.135737+00:00,2347.37,2347.6,5
2026-06-28 13:15:09.635737+00:00,2347.53,2347.75,4
2026-06-28 13:15:10.135737+00:00,2347.38,2347.69,4
2026-06-28 13:15:10.635737+00:00,2347.42,2347.63,7
2026-06-28 13:15:11.135737+00:00,2347.44,2347.64,7
2026-06-28 13:15:11.635737+00:00,2347.52,2347.75,2
2026-06-28 13:15:12.135737+00:00,2347.33,2347.58,7
2026-06-28 13:15:12.635737+00:00,2347.16,2347.51,3
2026-06-28 13:15:13.135737+00:00,2347.13,2347.48,5
2026-06-28 13:15:13.635737+00:00,2347.05,2347.26,2
2026-06-28 13:15:14.135737+00:00,2347.13,2347.43,4
2026-06-28 13:15:14.635737+00:00,2347.26,2347.54,5
2026-06-28 13:15:15.135737+00:00,2347.2,2347.61,7
2026-06-28 13:15:15.635737+00:00,2347.4,2347.6,6
2026-06-28 13:15:16.135737+00:00,2347.36,2347.6,6
2026-06-28 13:15:16.635737+00:00,2347.3,2347.53,3
2026-06-28 13:15:17.135737+00:00,2347.23,2347.53,7
2026-06-28 13:15:17.635737+00:00,2347.23,2347.55,2
2026-06-28 13:15:18.135737+00:00,2347.36,2347.68,4
2026-06-28 13:15:18.635737+00:00,2347.44,2347.72,1
2026-06-28 13:15:19.135737+00:00,2347.31,2347.7,3
2026-06-28 13:15:19.635737+00:00,2347.64,2347.86,7
2026-06-28 13:15:20.135737+00:00,2347.66,2347.89,7
2026-06-28 13:15:20.635737+00:00,2347.66,2347.91,2
2026-06-28 13:15:21.135737+00:00,2347.63,2347.86,4
2026-06-28 13:15:21.635737+00:00,2347.56,2347.84,1
2026-06-28 13:15:22.135737+00:00,2347.74,2347.99,6
2026-06-28 13:15:22.635737+00:00,2347.73,2348.03,2
2026-06-28 13:15:23.135737+00:00,2347.67,2347.88,4
2026-06-28 13:15:23.635737+00:00,2347.7,2347.93,6
2026-06-28 13:15:24.135737+00:00,2347.56,2347.77,7
2026-06-28 13:15:24.635737+00:00,2347.51,2347.87,3
2026-06-28 13:15:25.135737+00:00,2347.67,2347.89,3
2026-06-28 13:15:25.635737+00:00,2347.7,2348.02,7
2026-06-28 13:15:26.135737+00:00,2347.84,2348.1,2
2026-06-28 13:15:26.635737+00:00,2348.0,2348.24,6
2026-06-28 13:15:27.135737+00:00,2348.04,2348.26,1
2026-06-28 13:15:27.635737+00:00,2348.03,2348.29,7
2026-06-28 13:15:28.135737+00:00,2348.16,2348.36,2
2026-06-28 13:15:28.635737+00:00,2348.05,2348.3,5
2026-06-28 13:15:29.135737+00:00,2348.06,2348.29,6
2026-06-28 13:15:29.635737+00:00,2348.12,2348.36,6
2026-06-28 13:15:30.135737+00:00,2348.13,2348.44,2
2026-06-28 13:15:30.635737+00:00,2348.24,2348.46,7
2026-06-28 13:15:31.135737+00:00,2348.32,2348.54,7
2026-06-28 13:15:31.635737+00:00,2348.32,2348.58,3
2026-06-28 13:15:32.135737+00:00,2348.31,2348.52,2
2026-06-28 13:15:32.635737+00:00,2348.43,2348.69,1
2026-06-28 13:15:33.135737+00:00,2348.46,2348.74,1
2026-06-28 13:15:33.635737+00:00,2348.3,2348.52,3
2026-06-28 13:15:34.135737+00:00,2348.16,2348.4,6
2026-06-28 13:15:34.635737+00:00,2347.94,2348.22,1
2026-06-28 13:15:35.135737+00:00,2347.93,2348.22,5
2026-06-28 13:15:35.635737+00:00,2348.06,2348.31,6
2026-06-28 13:15:36.135737+00:00,2347.9,2348.14,5
2026-06-28 13:15:36.635737+00:00,2347.74,2348.0,7
2026-06-28 13:15:37.135737+00:00,2348.03,2348.24,7
2026-06-28 13:15:37.635737+00:00,2348.09,2348.33,2
2026-06-28 13:15:38.135737+00:00,2348.11,2348.32,4
2026-06-28 13:15:38.635737+00:00,2348.03,2348.28,7
2026-06-28 13:15:39.135737+00:00,2348.05,2348.28,6
2026-06-28 13:15:39.635737+00:00,2347.99,2348.21,5
2026-06-28 13:15:40.135737+00:00,2347.97,2348.26,2
2026-06-28 13:15:40.635737+00:00,2348.05,2348.26,5
2026-06-28 13:15:41.135737+00:00,2348.0,2348.37,1
2026-06-28 13:15:41.635737+00:00,2348.07,2348.3,1
2026-06-28 13:15:42.135737+00:00,2348.21,2348.45,6
2026-06-28 13:15:42.635737+00:00,2348.14,2348.42,3
2026-06-28 13:15:43.135737+00:00,2348.29,2348.57,5
2026-06-28 13:15:43.635737+00:00,2348.24,2348.53,4
2026-06-28 13:15:44.135737+00:00,2348.39,2348.6,5
2026-06-28 13:15:44.635737+00:00,2348.37,2348.7,5
2026-06-28 13:15:45.135737+00:00,2348.33,2348.59,7
2026-06-28 13:15:45.635737+00:00,2348.23,2348.54,6
2026-06-28 13:15:46.135737+00:00,2348.18,2348.42,4
2026-06-28 13:15:46.635737+00:00,2348.19,2348.51,4
2026-06-28 13:15:47.135737+00:00,2348.27,2348.48,3
2026-06-28 13:15:47.635737+00:00,2348.42,2348.62,6
2026-06-28 13:15:48.135737+00:00,2348.54,2348.74,1
2026-06-28 13:15:48.635737+00:00,2348.44,2348.76,1
2026-06-28 13:15:49.135737+00:00,2348.51,2348.75,4
2026-06-28 13:15:49.635737+00:00,2348.48,2348.75,3
2026-06-28 13:15:50.135737+00:00,2348.67,2348.88,5
2026-06-28 13:15:50.635737+00:00,2348.64,2348.87,1
2026-06-28 13:15:51.135737+00:00,2348.59,2348.8,7
2026-06-28 13:15:51.635737+00:00,2348.49,2348.81,1
2026-06-28 13:15:52.135737+00:00,2348.55,2348.77,7
2026-06-28 13:15:52.635737+00:00,2348.53,2348.81,1
2026-06-28 13:15:53.135737+00:00,2348.6,2348.86,4
2026-06-28 13:15:53.635737+00:00,2348.6,2348.81,5
2026-06-28 13:15:54.135737+00:00,2348.4,2348.69,3
2026-06-28 13:15:54.635737+00:00,2348.35,2348.73,1
2026-06-28 13:15:55.135737+00:00,2348.34,2348.56,4
2026-06-28 13:15:55.635737+00:00,2348.39,2348.59,7
2026-06-28 13:15:56.135737+00:00,2348.42,2348.64,1
2026-06-28 13:15:56.635737+00:00,2348.34,2348.69,6
2026-06-28 13:15:57.135737+00:00,2348.32,2348.6,4
2026-06-28 13:15:57.635737+00:00,2348.12,2348.38,4
2026-06-28 13:15:58.135737+00:00,2348.06,2348.29,7
2026-06-28 13:15:58.635737+00:00,2347.82,2348.18,1
2026-06-28 13:15:59.135737+00:00,2347.96,2348.22,5
2026-06-28 13:15:59.635737+00:00,2347.85,2348.08,6
2026-06-28 13:16:00.135737+00:00,2347.89,2348.16,4
2026-06-28 13:16:00.635737+00:00,2347.86,2348.08,2
2026-06-28 13:16:01.135737+00:00,2347.79,2348.15,5
2026-06-28 13:16:01.635737+00:00,2347.83,2348.04,7
2026-06-28 13:16:02.135737+00:00,2347.69,2347.97,5
2026-06-28 13:16:02.635737+00:00,2347.63,2347.88,2
2026-06-28 13:16:03.135737+00:00,2347.44,2347.75,4
2026-06-28 13:16:03.635737+00:00,2347.57,2347.79,4
2026-06-28 13:16:04.135737+00:00,2347.57,2347.82,6
2026-06-28 13:16:04.635737+00:00,2347.63,2347.86,6
2026-06-28 13:16:05.135737+00:00,2347.45,2347.74,4
2026-06-28 13:16:05.635737+00:00,2347.46,2347.67,6
2026-06-28 13:16:06.135737+00:00,2347.45,2347.69,4
2026-06-28 13:16:06.635737+00:00,2347.33,2347.55,6
2026-06-28 13:16:07.135737+00:00,2347.24,2347.45,3
2026-06-28 13:16:07.635737+00:00,2347.29,2347.55,6
2026-06-28 13:16:08.135737+00:00,2347.29,2347.57,3
2026-06-28 13:16:08.635737+00:00,2347.23,2347.52,3
2026-06-28 13:16:09.135737+00:00,2347.44,2347.69,7
2026-06-28 13:16:09.635737+00:00,2347.41,2347.65,6
2026-06-28 13:16:10.135737+00:00,2347.47,2347.73,6
2026-06-28 13:16:10.635737+00:00,2347.52,2347.74,7
2026-06-28 13:16:11.135737+00:00,2347.68,2347.94,1
2026-06-28 13:16:11.635737+00:00,2347.69,2347.91,7
2026-06-28 13:16:12.135737+00:00,2347.53,2347.78,2
2026-06-28 13:16:12.635737+00:00,2347.59,2347.92,6
2026-06-28 13:16:13.135737+00:00,2347.56,2347.91,4
2026-06-28 13:16:13.635737+00:00,2347.67,2347.89,3
2026-06-28 13:16:14.135737+00:00,2347.57,2347.92,2
2026-06-28 13:16:14.635737+00:00,2347.68,2348.08,7
2026-06-28 13:16:15.135737+00:00,2347.64,2347.85,6
2026-06-28 13:16:15.635737+00:00,2347.58,2347.88,7
2026-06-28 13:16:16.135737+00:00,2347.46,2347.71,7
2026-06-28 13:16:16.635737+00:00,2347.57,2347.88,2
2026-06-28 13:16:17.135737+00:00,2347.68,2347.95,1
2026-06-28 13:16:17.635737+00:00,2347.6,2347.85,5
2026-06-28 13:16:18.135737+00:00,2347.53,2347.78,6
2026-06-28 13:16:18.635737+00:00,2347.62,2347.85,2
2026-06-28 13:16:19.135737+00:00,2347.64,2347.84,5
2026-06-28 13:16:19.635737+00:00,2347.71,2347.99,7
2026-06-28 13:16:20.135737+00:00,2347.7,2347.91,2
2026-06-28 13:16:20.635737+00:00,2347.62,2347.84,5
2026-06-28 13:16:21.135737+00:00,2347.49,2347.71,5
2026-06-28 13:16:21.635737+00:00,2347.44,2347.67,5
2026-06-28 13:16:22.135737+00:00,2347.43,2347.7,3
2026-06-28 13:16:22.635737+00:00,2347.41,2347.63,1
2026-06-28 13:16:23.135737+00:00,2347.47,2347.7,1
2026-06-28 13:16:23.635737+00:00,2347.58,2347.79,2
2026-06-28 13:16:24.135737+00:00,2347.46,2347.66,6
2026-06-28 13:16:24.635737+00:00,2347.48,2347.69,1
2026-06-28 13:16:25.135737+00:00,2347.58,2347.8,7
2026-06-28 13:16:25.635737+00:00,2347.57,2347.82,1
2026-06-28 13:16:26.135737+00:00,2347.5,2347.8,2
2026-06-28 13:16:26.635737+00:00,2347.5,2347.71,4
2026-06-28 13:16:27.135737+00:00,2347.59,2347.83,5
2026-06-28 13:16:27.635737+00:00,2347.65,2347.87,6
2026-06-28 13:16:28.135737+00:00,2347.61,2347.82,6
2026-06-28 13:16:28.635737+00:00,2347.64,2347.86,7
2026-06-28 13:16:29.135737+00:00,2347.63,2347.91,1
2026-06-28 13:16:29.635737+00:00,2347.53,2347.78,6
2026-06-28 13:16:30.135737+00:00,2347.59,2347.86,7
2026-06-28 13:16:30.635737+00:00,2347.72,2348.09,6
2026-06-28 13:16:31.135737+00:00,2347.75,2348.05,5
2026-06-28 13:16:31.635737+00:00,2347.73,2348.04,4
2026-06-28 13:16:32.135737+00:00,2347.74,2347.95,2
2026-06-28 13:16:32.635737+00:00,2347.69,2347.92,2
2026-06-28 13:16:33.135737+00:00,2347.64,2347.96,4
2026-06-28 13:16:33.635737+00:00,2347.57,2348.0,7
2026-06-28 13:16:34.135737+00:00,2347.6,2347.87,1
2026-06-28 13:16:34.635737+00:00,2347.59,2347.81,5
2026-06-28 13:16:35.135737+00:00,2347.57,2347.84,3
2026-06-28 13:16:35.635737+00:00,2347.62,2347.87,7
2026-06-28 13:16:36.135737+00:00,2347.46,2347.75,5
2026-06-28 13:16:36.635737+00:00,2347.46,2347.71,5
2026-06-28 13:16:37.135737+00:00,2347.5,2347.78,1
2026-06-28 13:16:37.635737+00:00,2347.55,2347.81,6
2026-06-28 13:16:38.135737+00:00,2347.37,2347.69,5
2026-06-28 13:16:38.635737+00:00,2347.48,2347.78,5
2026-06-28 13:16:39.135737+00:00,2347.53,2347.92,4
2026-06-28 13:16:39.635737+00:00,2347.59,2347.81,5
2026-06-28 13:16:40.135737+00:00,2347.57,2347.79,6
2026-06-28 13:16:40.635737+00:00,2347.48,2347.81,3
2026-06-28 13:16:41.135737+00:00,2347.43,2347.75,4
2026-06-28 13:16:41.635737+00:00,2347.31,2347.69,5
2026-06-28 13:16:42.135737+00:00,2347.4,2347.63,4
2026-06-28 13:16:42.635737+00:00,2347.46,2347.8,5
2026-06-28 13:16:43.135737+00:00,2347.51,2347.76,6
2026-06-28 13:16:43.635737+00:00,2347.36,2347.59,6
2026-06-28 13:16:44.135737+00:00,2347.21,2347.44,2
2026-06-28 13:16:44.635737+00:00,2347.11,2347.4,1
2026-06-28 13:16:45.135737+00:00,2347.05,2347.37,5
2026-06-28 13:16:45.635737+00:00,2347.02,2347.23,1
2026-06-28 13:16:46.135737+00:00,2347.03,2347.27,5
2026-06-28 13:16:46.635737+00:00,2347.04,2347.25,3
2026-06-28 13:16:47.135737+00:00,2346.92,2347.14,7
2026-06-28 13:16:47.635737+00:00,2346.85,2347.12,7
2026-06-28 13:16:48.135737+00:00,2346.77,2347.11,2
2026-06-28 13:16:48.635737+00:00,2346.87,2347.09,6
2026-06-28 13:16:49.135737+00:00,2346.91,2347.17,7
2026-06-28 13:16:49.635737+00:00,2346.99,2347.24,7
2026-06-28 13:16:50.135737+00:00,2347.05,2347.31,2
2026-06-28 13:16:50.635737+00:00,2347.2,2347.51,2
2026-06-28 13:16:51.135737+00:00,2347.24,2347.49,1
2026-06-28 13:16:51.635737+00:00,2347.26,2347.55,4
2026-06-28 13:16:52.135737+00:00,2347.37,2347.57,3
2026-06-28 13:16:52.635737+00:00,2347.26,2347.53,1
2026-06-28 13:16:53.135737+00:00,2347.26,2347.52,3
2026-06-28 13:16:53.635737+00:00,2347.47,2347.78,4
2026-06-28 13:16:54.135737+00:00,2347.44,2347.7,7
2026-06-28 13:16:54.635737+00:00,2347.42,2347.65,7
2026-06-28 13:16:55.135737+00:00,2347.46,2347.68,7
2026-06-28 13:16:55.635737+00:00,2347.48,2347.75,4
2026-06-28 13:16:56.135737+00:00,2347.39,2347.66,1
2026-06-28 13:16:56.635737+00:00,2347.33,2347.66,7
2026-06-28 13:16:57.135737+00:00,2347.37,2347.64,3
2026-06-28 13:16:57.635737+00:00,2347.17,2347.53,7
2026-06-28 13:16:58.135737+00:00,2347.14,2347.35,1
2026-06-28 13:16:58.635737+00:00,2347.01,2347.35,5
2026-06-28 13:16:59.135737+00:00,2346.99,2347.29,3
2026-06-28 13:16:59.635737+00:00,2347.05,2347.25,1
2026-06-28 13:17:00.135737+00:00,2346.94,2347.17,1
2026-06-28 13:17:00.635737+00:00,2346.93,2347.21,3
2026-06-28 13:17:01.135737+00:00,2346.98,2347.19,1
2026-06-28 13:17:01.635737+00:00,2347.13,2347.33,2
2026-06-28 13:17:02.135737+00:00,2347.11,2347.38,5
2026-06-28 13:17:02.635737+00:00,2347.06,2347.38,7
2026-06-28 13:17:03.135737+00:00,2346.97,2347.25,2
2026-06-28 13:17:03.635737+00:00,2347.01,2347.34,3
2026-06-28 13:17:04.135737+00:00,2347.04,2347.34,5
2026-06-28 13:17:04.635737+00:00,2346.92,2347.21,5
2026-06-28 13:17:05.135737+00:00,2346.81,2347.12,3
2026-06-28 13:17:05.635737+00:00,2346.86,2347.19,6
2026-06-28 13:17:06.135737+00:00,2347.0,2347.21,5
2026-06-28 13:17:06.635737+00:00,2346.87,2347.23,5
2026-06-28 13:17:07.135737+00:00,2346.97,2347.22,4
2026-06-28 13:17:07.635737+00:00,2346.79,2347.18,6
2026-06-28 13:17:08.135737+00:00,2346.77,2346.97,1
2026-06-28 13:17:08.635737+00:00,2346.81,2347.03,2
2026-06-28 13:17:09.135737+00:00,2346.89,2347.2,3
2026-06-28 13:17:09.635737+00:00,2346.86,2347.11,7
2026-06-28 13:17:10.135737+00:00,2346.86,2347.06,4
2026-06-28 13:17:10.635737+00:00,2346.77,2347.07,4
2026-06-28 13:17:11.135737+00:00,2346.75,2347.02,7
2026-06-28 13:17:11.635737+00:00,2346.76,2347.16,1
2026-06-28 13:17:12.135737+00:00,2346.76,2346.97,4
2026-06-28 13:17:12.635737+00:00,2346.63,2346.89,2
2026-06-28 13:17:13.135737+00:00,2346.65,2346.92,5
2026-06-28 13:17:13.635737+00:00,2346.68,2346.98,6
2026-06-28 13:17:14.135737+00:00,2346.73,2346.98,7
2026-06-28 13:17:14.635737+00:00,2346.83,2347.03,5
2026-06-28 13:17:15.135737+00:00,2346.89,2347.09,3
2026-06-28 13:17:15.635737+00:00,2346.94,2347.15,6
2026-06-28 13:17:16.135737+00:00,2346.94,2347.25,1
2026-06-28 13:17:16.635737+00:00,2346.87,2347.2,7
2026-06-28 13:17:17.135737+00:00,2346.74,2347.07,6
2026-06-28 13:17:17.635737+00:00,2346.75,2346.95,6
2026-06-28 13:17:18.135737+00:00,2346.76,2346.97,7
2026-06-28 13:17:18.635737+00:00,2346.85,2347.2,3
2026-06-28 13:17:19.135737+00:00,2346.87,2347.19,4
2026-06-28 13:17:19.635737+00:00,2346.98,2347.2,5
2026-06-28 13:17:20.135737+00:00,2347.09,2347.31,6
2026-06-28 13:17:20.635737+00:00,2347.1,2347.31,6
2026-06-28 13:17:21.135737+00:00,2347.05,2347.28,6
2026-06-28 13:17:21.635737+00:00,2347.09,2347.31,6
2026-06-28 13:17:22.135737+00:00,2347.12,2347.37,1
2026-06-28 13:17:22.635737+00:00,2347.19,2347.41,7
2026-06-28 13:17:23.135737+00:00,2347.29,2347.52,4
2026-06-28 13:17:23.635737+00:00,2347.37,2347.6,1
2026-06-28 13:17:24.135737+00:00,2347.26,2347.48,7
2026-06-28 13:17:24.635737+00:00,2347.22,2347.57,4
2026-06-28 13:17:25.135737+00:00,2347.22,2347.52,6
2026-06-28 13:17:25.635737+00:00,2347.3,2347.69,3
2026-06-28 13:17:26.135737+00:00,2347.33,2347.56,3
2026-06-28 13:17:26.635737+00:00,2347.39,2347.69,4
2026-06-28 13:17:27.135737+00:00,2347.42,2347.66,1
2026-06-28 13:17:27.635737+00:00,2347.32,2347.62,2
2026-06-28 13:17:28.135737+00:00,2347.25,2347.54,2
2026-06-28 13:17:28.635737+00:00,2347.23,2347.47,5
2026-06-28 13:17:29.135737+00:00,2347.19,2347.41,1
2026-06-28 13:17:29.635737+00:00,2347.18,2347.46,4
2026-06-28 13:17:30.135737+00:00,2347.22,2347.42,5
2026-06-28 13:17:30.635737+00:00,2347.07,2347.33,2
2026-06-28 13:17:31.135737+00:00,2347.22,2347.46,1
2026-06-28 13:17:31.635737+00:00,2347.14,2347.38,4
2026-06-28 13:17:32.135737+00:00,2346.95,2347.22,4
2026-06-28 13:17:32.635737+00:00,2346.96,2347.27,5
2026-06-28 13:17:33.135737+00:00,2347.05,2347.33,7
2026-06-28 13:17:33.635737+00:00,2347.14,2347.36,2
2026-06-28 13:17:34.135737+00:00,2347.11,2347.32,5
2026-06-28 13:17:34.635737+00:00,2347.06,2347.31,7
2026-06-28 13:17:35.135737+00:00,2347.04,2347.27,4
2026-06-28 13:17:35.635737+00:00,2346.86,2347.19,2
2026-06-28 13:17:36.135737+00:00,2347.06,2347.26,1
2026-06-28 13:17:36.635737+00:00,2346.99,2347.3,6
2026-06-28 13:17:37.135737+00:00,2346.88,2347.18,6
2026-06-28 13:17:37.635737+00:00,2346.83,2347.11,4
2026-06-28 13:17:38.135737+00:00,2346.87,2347.08,5
2026-06-28 13:17:38.635737+00:00,2346.79,2347.08,1
2026-06-28 13:17:39.135737+00:00,2346.76,2346.97,5
2026-06-28 13:17:39.635737+00:00,2346.75,2347.08,4
2026-06-28 13:17:40.135737+00:00,2346.7,2346.92,2
2026-06-28 13:17:40.635737+00:00,2346.75,2346.99,1
2026-06-28 13:17:41.135737+00:00,2346.72,2346.98,2
2026-06-28 13:17:41.635737+00:00,2346.68,2346.93,3
2026-06-28 13:17:42.135737+00:00,2346.58,2346.85,7
2026-06-28 13:17:42.635737+00:00,2346.31,2346.6,2
2026-06-28 13:17:43.135737+00:00,2346.42,2346.66,2
2026-06-28 13:17:43.635737+00:00,2346.49,2346.76,1
2026-06-28 13:17:44.135737+00:00,2346.49,2346.77,2
2026-06-28 13:17:44.635737+00:00,2346.57,2346.85,4
2026-06-28 13:17:45.135737+00:00,2346.4,2346.62,3
2026-06-28 13:17:45.635737+00:00,2346.39,2346.68,3
2026-06-28 13:17:46.135737+00:00,2346.49,2346.75,1
2026-06-28 13:17:46.635737+00:00,2346.43,2346.68,6
2026-06-28 13:17:47.135737+00:00,2346.55,2346.77,1
2026-06-28 13:17:47.635737+00:00,2346.41,2346.72,7
2026-06-28 13:17:48.135737+00:00,2346.46,2346.66,5
2026-06-28 13:17:48.635737+00:00,2346.41,2346.64,2
2026-06-28 13:17:49.135737+00:00,2346.49,2346.72,7
2026-06-28 13:17:49.635737+00:00,2346.55,2346.8,5
2026-06-28 13:17:50.135737+00:00,2346.61,2346.85,2
2026-06-28 13:17:50.635737+00:00,2346.66,2346.88,7
2026-06-28 13:17:51.135737+00:00,2346.71,2346.93,2
2026-06-28 13:17:51.635737+00:00,2346.8,2347.12,2
2026-06-28 13:17:52.135737+00:00,2346.78,2347.0,5
2026-06-28 13:17:52.635737+00:00,2346.62,2346.99,5
2026-06-28 13:17:53.135737+00:00,2346.84,2347.06,2
2026-06-28 13:17:53.635737+00:00,2346.9,2347.14,5
2026-06-28 13:17:54.135737+00:00,2346.83,2347.12,6
2026-06-28 13:17:54.635737+00:00,2346.77,2346.98,3
2026-06-28 13:17:55.135737+00:00,2346.72,2346.95,2
2026-06-28 13:17:55.635737+00:00,2346.72,2347.08,5
2026-06-28 13:17:56.135737+00:00,2346.88,2347.14,2
2026-06-28 13:17:56.635737+00:00,2347.12,2347.36,2
2026-06-28 13:17:57.135737+00:00,2347.11,2347.41,6
2026-06-28 13:17:57.635737+00:00,2347.05,2347.35,4
2026-06-28 13:17:58.135737+00:00,2347.01,2347.22,2
2026-06-28 13:17:58.635737+00:00,2347.01,2347.26,6
2026-06-28 13:17:59.135737+00:00,2347.09,2347.32,7
2026-06-28 13:17:59.635737+00:00,2347.21,2347.43,7
2026-06-28 13:18:00.135737+00:00,2347.34,2347.55,7
2026-06-28 13:18:00.635737+00:00,2347.36,2347.61,6
2026-06-28 13:18:01.135737+00:00,2347.47,2347.83,4
2026-06-28 13:18:01.635737+00:00,2347.6,2347.81,7
2026-06-28 13:18:02.135737+00:00,2347.71,2347.97,7
2026-06-28 13:18:02.635737+00:00,2347.57,2347.79,6
2026-06-28 13:18:03.135737+00:00,2347.58,2347.91,7
2026-06-28 13:18:03.635737+00:00,2347.65,2347.92,1
2026-06-28 13:18:04.135737+00:00,2347.55,2347.75,7
2026-06-28 13:18:04.635737+00:00,2347.52,2347.73,6
2026-06-28 13:18:05.135737+00:00,2347.48,2347.73,3
2026-06-28 13:18:05.635737+00:00,2347.43,2347.8,1
2026-06-28 13:18:06.135737+00:00,2347.51,2347.76,3
2026-06-28 13:18:06.635737+00:00,2347.47,2347.7,7
2026-06-28 13:18:07.135737+00:00,2347.53,2347.81,5
2026-06-28 13:18:07.635737+00:00,2347.37,2347.57,2
2026-06-28 13:18:08.135737+00:00,2347.39,2347.72,3
2026-06-28 13:18:08.635737+00:00,2347.44,2347.69,5
2026-06-28 13:18:09.135737+00:00,2347.4,2347.71,2
2026-06-28 13:18:09.635737+00:00,2347.46,2347.68,2
2026-06-28 13:18:10.135737+00:00,2347.38,2347.59,7
2026-06-28 13:18:10.635737+00:00,2347.39,2347.61,2
2026-06-28 13:18:11.135737+00:00,2347.3,2347.56,2
2026-06-28 13:18:11.635737+00:00,2347.36,2347.61,3
2026-06-28 13:18:12.135737+00:00,2347.43,2347.67,2
2026-06-28 13:18:12.635737+00:00,2347.38,2347.6,4
2026-06-28 13:18:13.135737+00:00,2347.36,2347.64,1
2026-06-28 13:18:13.635737+00:00,2347.44,2347.68,3
2026-06-28 13:18:14.135737+00:00,2347.43,2347.64,4
2026-06-28 13:18:14.635737+00:00,2347.35,2347.6,4
2026-06-28 13:18:15.135737+00:00,2347.26,2347.47,7
2026-06-28 13:18:15.635737+00:00,2347.29,2347.51,3
2026-06-28 13:18:16.135737+00:00,2347.21,2347.49,5
2026-06-28 13:18:16.635737+00:00,2347.13,2347.44,6
2026-06-28 13:18:17.135737+00:00,2347.23,2347.46,2
2026-06-28 13:18:17.635737+00:00,2347.17,2347.48,1
2026-06-28 13:18:18.135737+00:00,2347.02,2347.3,1
2026-06-28 13:18:18.635737+00:00,2347.1,2347.36,5
2026-06-28 13:18:19.135737+00:00,2347.14,2347.35,6
2026-06-28 13:18:19.635737+00:00,2347.03,2347.37,2
2026-06-28 13:18:20.135737+00:00,2347.03,2347.27,4
2026-06-28 13:18:20.635737+00:00,2346.95,2347.19,1
2026-06-28 13:18:21.135737+00:00,2346.88,2347.11,4
2026-06-28 13:18:21.635737+00:00,2347.0,2347.21,7
2026-06-28 13:18:22.135737+00:00,2347.12,2347.34,2
2026-06-28 13:18:22.635737+00:00,2347.15,2347.38,6
2026-06-28 13:18:23.135737+00:00,2347.24,2347.53,1
2026-06-28 13:18:23.635737+00:00,2347.26,2347.46,7
2026-06-28 13:18:24.135737+00:00,2347.09,2347.34,2
2026-06-28 13:18:24.635737+00:00,2346.99,2347.22,5
2026-06-28 13:18:25.135737+00:00,2347.01,2347.23,2
2026-06-28 13:18:25.635737+00:00,2346.85,2347.07,3
2026-06-28 13:18:26.135737+00:00,2346.77,2347.0,2
2026-06-28 13:18:26.635737+00:00,2346.77,2347.08,2
2026-06-28 13:18:27.135737+00:00,2346.64,2346.93,4
2026-06-28 13:18:27.635737+00:00,2346.64,2346.91,3
2026-06-28 13:18:28.135737+00:00,2346.6,2346.83,5
2026-06-28 13:18:28.635737+00:00,2346.54,2346.77,6
2026-06-28 13:18:29.135737+00:00,2346.6,2346.93,3
2026-06-28 13:18:29.635737+00:00,2346.61,2346.83,4
2026-06-28 13:18:30.135737+00:00,2346.61,2346.82,5
2026-06-28 13:18:30.635737+00:00,2346.56,2346.81,5
2026-06-28 13:18:31.135737+00:00,2346.49,2346.8,3
2026-06-28 13:18:31.635737+00:00,2346.58,2346.78,4
2026-06-28 13:18:32.135737+00:00,2346.58,2346.79,6
2026-06-28 13:18:32.635737+00:00,2346.71,2346.94,6
2026-06-28 13:18:33.135737+00:00,2346.79,2346.99,2
2026-06-28 13:18:33.635737+00:00,2346.78,2347.05,2
2026-06-28 13:18:34.135737+00:00,2346.87,2347.13,2
2026-06-28 13:18:34.635737+00:00,2346.9,2347.16,6
2026-06-28 13:18:35.135737+00:00,2346.98,2347.34,7
2026-06-28 13:18:35.635737+00:00,2347.1,2347.32,1
2026-06-28 13:18:36.135737+00:00,2347.13,2347.39,3
2026-06-28 13:18:36.635737+00:00,2347.16,2347.43,6
2026-06-28 13:18:37.135737+00:00,2347.19,2347.45,1
2026-06-28 13:18:37.635737+00:00,2347.24,2347.46,2
2026-06-28 13:18:38.135737+00:00,2347.22,2347.57,3
2026-06-28 13:18:38.635737+00:00,2347.23,2347.43,1
2026-06-28 13:18:39.135737+00:00,2347.23,2347.58,1
2026-06-28 13:18:39.635737+00:00,2347.39,2347.68,5
2026-06-28 13:18:40.135737+00:00,2347.4,2347.8,2
2026-06-28 13:18:40.635737+00:00,2347.59,2347.79,4
2026-06-28 13:18:41.135737+00:00,2347.59,2347.82,3
2026-06-28 13:18:41.635737+00:00,2347.49,2347.8,5
2026-06-28 13:18:42.135737+00:00,2347.45,2347.68,6
2026-06-28 13:18:42.635737+00:00,2347.48,2347.74,2
2026-06-28 13:18:43.135737+00:00,2347.47,2347.74,6
2026-06-28 13:18:43.635737+00:00,2347.36,2347.59,3
2026-06-28 13:18:44.135737+00:00,2347.36,2347.66,4
2026-06-28 13:18:44.635737+00:00,2347.42,2347.64,1
2026-06-28 13:18:45.135737+00:00,2347.6,2347.88,2
2026-06-28 13:18:45.635737+00:00,2347.55,2347.82,7
2026-06-28 13:18:46.135737+00:00,2347.54,2347.87,2
2026-06-28 13:18:46.635737+00:00,2347.64,2347.86,7
2026-06-28 13:18:47.135737+00:00,2347.62,2347.84,3
2026-06-28 13:18:47.635737+00:00,2347.5,2347.78,1
2026-06-28 13:18:48.135737+00:00,2347.46,2347.67,4
2026-06-28 13:18:48.635737+00:00,2347.35,2347.6,3
2026-06-28 13:18:49.135737+00:00,2347.57,2347.84,5
2026-06-28 13:18:49.635737+00:00,2347.61,2347.83,7
2026-06-28 13:18:50.135737+00:00,2347.67,2347.97,4
2026-06-28 13:18:50.635737+00:00,2347.6,2347.83,1
2026-06-28 13:18:51.135737+00:00,2347.56,2347.77,2
2026-06-28 13:18:51.635737+00:00,2347.56,2347.79,4
2026-06-28 13:18:52.135737+00:00,2347.57,2347.84,5
2026-06-28 13:18:52.635737+00:00,2347.7,2347.97,2
2026-06-28 13:18:53.135737+00:00,2347.72,2347.98,4
2026-06-28 13:18:53.635737+00:00,2347.71,2347.99,3
2026-06-28 13:18:54.135737+00:00,2347.73,2347.94,6
2026-06-28 13:18:54.635737+00:00,2347.68,2347.89,3
2026-06-28 13:18:55.135737+00:00,2347.5,2347.72,2
2026-06-28 13:18:55.635737+00:00,2347.37,2347.7,7
2026-06-28 13:18:56.135737+00:00,2347.32,2347.65,1
2026-06-28 13:18:56.635737+00:00,2347.42,2347.62,4
2026-06-28 13:18:57.135737+00:00,2347.38,2347.67,4
2026-06-28 13:18:57.635737+00:00,2347.37,2347.6,4
2026-06-28 13:18:58.135737+00:00,2347.42,2347.75,5
2026-06-28 13:18:58.635737+00:00,2347.49,2347.7,1
2026-06-28 13:18:59.135737+00:00,2347.53,2347.74,5
2026-06-28 13:18:59.635737+00:00,2347.44,2347.7,6
2026-06-28 13:19:00.135737+00:00,2347.57,2347.83,5
2026-06-28 13:19:00.635737+00:00,2347.69,2347.9,4
2026-06-28 13:19:01.135737+00:00,2347.78,2347.99,5
2026-06-28 13:19:01.635737+00:00,2347.64,2347.92,7
2026-06-28 13:19:02.135737+00:00,2347.76,2347.97,5
2026-06-28 13:19:02.635737+00:00,2347.71,2347.95,3
2026-06-28 13:19:03.135737+00:00,2347.63,2347.83,5
2026-06-28 13:19:03.635737+00:00,2347.45,2347.67,3
2026-06-28 13:19:04.135737+00:00,2347.43,2347.72,3
2026-06-28 13:19:04.635737+00:00,2347.55,2347.81,6
2026-06-28 13:19:05.135737+00:00,2347.47,2347.71,3
2026-06-28 13:19:05.635737+00:00,2347.54,2347.77,6
2026-06-28 13:19:06.135737+00:00,2347.51,2347.77,6
2026-06-28 13:19:06.635737+00:00,2347.68,2347.89,5
2026-06-28 13:19:07.135737+00:00,2347.65,2347.87,6
2026-06-28 13:19:07.635737+00:00,2347.64,2347.86,5
2026-06-28 13:19:08.135737+00:00,2347.67,2347.89,7
2026-06-28 13:19:08.635737+00:00,2347.62,2347.95,7
2026-06-28 13:19:09.135737+00:00,2347.64,2347.91,5
2026-06-28 13:19:09.635737+00:00,2347.64,2347.93,2
2026-06-28 13:19:10.135737+00:00,2347.67,2347.9,2
2026-06-28 13:19:10.635737+00:00,2347.63,2347.89,2
2026-06-28 13:19:11.135737+00:00,2347.63,2347.86,4
2026-06-28 13:19:11.635737+00:00,2347.68,2347.91,4
2026-06-28 13:19:12.135737+00:00,2347.71,2347.95,4
2026-06-28 13:19:12.635737+00:00,2347.68,2347.96,2
2026-06-28 13:19:13.135737+00:00,2347.72,2347.97,5
2026-06-28 13:19:13.635737+00:00,2347.69,2347.92,7
2026-06-28 13:19:14.135737+00:00,2347.52,2347.85,3
2026-06-28 13:19:14.635737+00:00,2347.55,2347.91,6
2026-06-28 13:19:15.135737+00:00,2347.65,2347.9,5
2026-06-28 13:19:15.635737+00:00,2347.53,2347.77,4
2026-06-28 13:19:16.135737+00:00,2347.49,2347.7,5
2026-06-28 13:19:16.635737+00:00,2347.62,2347.85,3
2026-06-28 13:19:17.135737+00:00,2347.61,2347.9,7
2026-06-28 13:19:17.635737+00:00,2347.59,2347.84,5
2026-06-28 13:19:18.135737+00:00,2347.55,2347.77,3
2026-06-28 13:19:18.635737+00:00,2347.62,2347.87,3
2026-06-28 13:19:19.135737+00:00,2347.51,2347.77,2
2026-06-28 13:19:19.635737+00:00,2347.32,2347.63,6
2026-06-28 13:19:20.135737+00:00,2347.46,2347.7,5
2026-06-28 13:19:20.635737+00:00,2347.55,2347.79,1
2026-06-28 13:19:21.135737+00:00,2347.28,2347.69,6
2026-06-28 13:19:21.635737+00:00,2347.37,2347.67,4
2026-06-28 13:19:22.135737+00:00,2347.46,2347.73,1
2026-06-28 13:19:22.635737+00:00,2347.58,2347.85,3
2026-06-28 13:19:23.135737+00:00,2347.4,2347.8,2
2026-06-28 13:19:23.635737+00:00,2347.35,2347.7,5
2026-06-28 13:19:24.135737+00:00,2347.5,2347.75,2
2026-06-28 13:19:24.635737+00:00,2347.51,2347.75,4
2026-06-28 13:19:25.135737+00:00,2347.4,2347.65,6
2026-06-28 13:19:25.635737+00:00,2347.5,2347.71,1
2026-06-28 13:19:26.135737+00:00,2347.37,2347.73,3
2026-06-28 13:19:26.635737+00:00,2347.53,2347.82,6
2026-06-28 13:19:27.135737+00:00,2347.56,2347.95,5
2026-06-28 13:19:27.635737+00:00,2347.63,2347.85,3
2026-06-28 13:19:28.135737+00:00,2347.55,2347.76,3
2026-06-28 13:19:28.635737+00:00,2347.6,2347.88,4
2026-06-28 13:19:29.135737+00:00,2347.62,2347.87,2
2026-06-28 13:19:29.635737+00:00,2347.73,2348.01,5
2026-06-28 13:19:30.135737+00:00,2347.79,2348.0,7
2026-06-28 13:19:30.635737+00:00,2347.64,2347.93,1
2026-06-28 13:19:31.135737+00:00,2347.55,2347.76,6
2026-06-28 13:19:31.635737+00:00,2347.47,2347.73,2
2026-06-28 13:19:32.135737+00:00,2347.38,2347.64,7
2026-06-28 13:19:32.635737+00:00,2347.29,2347.53,2
2026-06-28 13:19:33.135737+00:00,2347.46,2347.73,7
2026-06-28 13:19:33.635737+00:00,2347.58,2347.85,1
2026-06-28 13:19:34.135737+00:00,2347.7,2347.95,1
2026-06-28 13:19:34.635737+00:00,2347.72,2347.96,2
2026-06-28 13:19:35.135737+00:00,2347.65,2347.98,3
2026-06-28 13:19:35.635737+00:00,2347.69,2347.9,6
2026-06-28 13:19:36.135737+00:00,2347.66,2347.87,3
2026-06-28 13:19:36.635737+00:00,2347.57,2347.85,6
2026-06-28 13:19:37.135737+00:00,2347.69,2347.93,3
2026-06-28 13:19:37.635737+00:00,2347.69,2347.92,6
2026-06-28 13:19:38.135737+00:00,2347.69,2347.94,7
2026-06-28 13:19:38.635737+00:00,2347.56,2347.88,4
2026-06-28 13:19:39.135737+00:00,2347.56,2347.81,5
2026-06-28 13:19:39.635737+00:00,2347.66,2347.88,4
2026-06-28 13:19:40.135737+00:00,2347.59,2347.92,3
2026-06-28 13:19:40.635737+00:00,2347.66,2347.95,3
2026-06-28 13:19:41.135737+00:00,2347.63,2348.08,2
2026-06-28 13:19:41.635737+00:00,2347.7,2347.95,7
2026-06-28 13:19:42.135737+00:00,2347.6,2347.96,6
2026-06-28 13:19:42.635737+00:00,2347.71,2347.94,3
2026-06-28 13:19:43.135737+00:00,2347.78,2348.04,7
2026-06-28 13:19:43.635737+00:00,2347.76,2348.04,3
2026-06-28 13:19:44.135737+00:00,2347.79,2348.02,1
2026-06-28 13:19:44.635737+00:00,2347.93,2348.2,2
2026-06-28 13:19:45.135737+00:00,2348.03,2348.27,2
2026-06-28 13:19:45.635737+00:00,2348.24,2348.49,5
2026-06-28 13:19:46.135737+00:00,2348.18,2348.47,6
2026-06-28 13:19:46.635737+00:00,2348.2,2348.48,4
2026-06-28 13:19:47.135737+00:00,2348.19,2348.41,3
2026-06-28 13:19:47.635737+00:00,2348.31,2348.55,6
2026-06-28 13:19:48.135737+00:00,2348.23,2348.57,4
2026-06-28 13:19:48.635737+00:00,2348.4,2348.61,4
2026-06-28 13:19:49.135737+00:00,2348.54,2348.81,5
2026-06-28 13:19:49.635737+00:00,2348.53,2348.77,6
2026-06-28 13:19:50.135737+00:00,2348.47,2348.75,6
2026-06-28 13:19:50.635737+00:00,2348.55,2348.82,6
2026-06-28 13:19:51.135737+00:00,2348.46,2348.76,7
2026-06-28 13:19:51.635737+00:00,2348.52,2348.73,2
2026-06-28 13:19:52.135737+00:00,2348.54,2348.79,6
2026-06-28 13:19:52.635737+00:00,2348.57,2348.77,6
2026-06-28 13:19:53.135737+00:00,2348.56,2348.83,5
2026-06-28 13:19:53.635737+00:00,2348.61,2348.85,2
2026-06-28 13:19:54.135737+00:00,2348.61,2348.89,4
2026-06-28 13:19:54.635737+00:00,2348.69,2348.91,6
2026-06-28 13:19:55.135737+00:00,2348.68,2348.93,2
2026-06-28 13:19:55.635737+00:00,2348.71,2348.98,5
2026-06-28 13:19:56.135737+00:00,2348.84,2349.05,6
2026-06-28 13:19:56.635737+00:00,2348.75,2349.0,1
2026-06-28 13:19:57.135737+00:00,2348.76,2349.0,5
2026-06-28 13:19:57.635737+00:00,2348.71,2349.05,3
2026-06-28 13:19:58.135737+00:00,2348.67,2348.99,2
2026-06-28 13:19:58.635737+00:00,2348.69,2348.94,6
2026-06-28 13:19:59.135737+00:00,2348.78,2349.12,2
2026-06-28 13:19:59.635737+00:00,2348.75,2349.04,3
2026-06-28 13:20:00.135737+00:00,2348.67,2348.89,5
2026-06-28 13:20:00.635737+00:00,2348.77,2348.98,5
2026-06-28 13:20:01.135737+00:00,2348.68,2348.89,5
2026-06-28 13:20:01.635737+00:00,2348.64,2348.91,6
2026-06-28 13:20:02.135737+00:00,2348.69,2348.94,4
2026-06-28 13:20:02.635737+00:00,2348.68,2348.96,3
2026-06-28 13:20:03.135737+00:00,2348.61,2348.94,4
2026-06-28 13:20:03.635737+00:00,2348.76,2348.96,2
2026-06-28 13:20:04.135737+00:00,2348.65,2349.0,2
2026-06-28 13:20:04.635737+00:00,2348.72,2349.01,7
2026-06-28 13:20:05.135737+00:00,2348.69,2348.94,1
2026-06-28 13:20:05.635737+00:00,2348.59,2348.93,6
2026-06-28 13:20:06.135737+00:00,2348.64,2348.87,2
2026-06-28 13:20:06.635737+00:00,2348.65,2348.86,7
2026-06-28 13:20:07.135737+00:00,2348.47,2348.76,1
2026-06-28 13:20:07.635737+00:00,2348.57,2348.87,2
2026-06-28 13:20:08.135737+00:00,2348.52,2348.74,2
2026-06-28 13:20:08.635737+00:00,2348.55,2348.75,7
2026-06-28 13:20:09.135737+00:00,2348.48,2348.7,5
2026-06-28 13:20:09.635737+00:00,2348.53,2348.75,2
2026-06-28 13:20:10.135737+00:00,2348.61,2348.83,5
2026-06-28 13:20:10.635737+00:00,2348.58,2348.86,4
2026-06-28 13:20:11.135737+00:00,2348.39,2348.67,1
2026-06-28 13:20:11.635737+00:00,2348.26,2348.51,1
2026-06-28 13:20:12.135737+00:00,2348.18,2348.39,4
2026-06-28 13:20:12.635737+00:00,2348.08,2348.3,1
2026-06-28 13:20:13.135737+00:00,2348.03,2348.25,1
2026-06-28 13:20:13.635737+00:00,2348.06,2348.31,7
2026-06-28 13:20:14.135737+00:00,2348.1,2348.34,5
2026-06-28 13:20:14.635737+00:00,2348.22,2348.47,2
2026-06-28 13:20:15.135737+00:00,2348.26,2348.47,3
2026-06-28 13:20:15.635737+00:00,2348.25,2348.54,1
2026-06-28 13:20:16.135737+00:00,2348.3,2348.51,3
2026-06-28 13:20:16.635737+00:00,2348.21,2348.48,2
2026-06-28 13:20:17.135737+00:00,2348.31,2348.61,4
2026-06-28 13:20:17.635737+00:00,2348.34,2348.55,4
2026-06-28 13:20:18.135737+00:00,2348.52,2348.77,2
2026-06-28 13:20:18.635737+00:00,2348.39,2348.72,3
2026-06-28 13:20:19.135737+00:00,2348.52,2348.76,4
2026-06-28 13:20:19.635737+00:00,2348.63,2348.84,6
2026-06-28 13:20:20.135737+00:00,2348.66,2348.98,6
2026-06-28 13:20:20.635737+00:00,2348.62,2348.9,2
2026-06-28 13:20:21.135737+00:00,2348.57,2348.81,4
2026-06-28 13:20:21.635737+00:00,2348.52,2348.74,7
2026-06-28 13:20:22.135737+00:00,2348.49,2348.75,4
2026-06-28 13:20:22.635737+00:00,2348.52,2348.74,7
2026-06-28 13:20:23.135737+00:00,2348.19,2348.54,6
2026-06-28 13:20:23.635737+00:00,2348.26,2348.52,7
2026-06-28 13:20:24.135737+00:00,2348.16,2348.41,6
2026-06-28 13:20:24.635737+00:00,2348.28,2348.5,5
2026-06-28 13:20:25.135737+00:00,2348.42,2348.63,3
2026-06-28 13:20:25.635737+00:00,2348.29,2348.51,3
2026-06-28 13:20:26.135737+00:00,2348.33,2348.57,3
2026-06-28 13:20:26.635737+00:00,2348.47,2348.68,4
2026-06-28 13:20:27.135737+00:00,2348.39,2348.61,5
2026-06-28 13:20:27.635737+00:00,2348.22,2348.47,2
2026-06-28 13:20:28.135737+00:00,2348.16,2348.4,5
2026-06-28 13:20:28.635737+00:00,2348.19,2348.48,1
2026-06-28 13:20:29.135737+00:00,2348.33,2348.6,3
2026-06-28 13:20:29.635737+00:00,2348.26,2348.61,6
2026-06-28 13:20:30.135737+00:00,2348.35,2348.58,3
2026-06-28 13:20:30.635737+00:00,2348.4,2348.7,2
2026-06-28 13:20:31.135737+00:00,2348.48,2348.68,3
2026-06-28 13:20:31.635737+00:00,2348.42,2348.69,6
2026-06-28 13:20:32.135737+00:00,2348.51,2348.77,6
2026-06-28 13:20:32.635737+00:00,2348.66,2348.88,1
2026-06-28 13:20:33.135737+00:00,2348.66,2348.89,2
2026-06-28 13:20:33.635737+00:00,2348.7,2349.02,2
2026-06-28 13:20:34.135737+00:00,2348.77,2348.98,1
2026-06-28 13:20:34.635737+00:00,2348.79,2349.08,3
2026-06-28 13:20:35.135737+00:00,2348.89,2349.11,5
2026-06-28 13:20:35.635737+00:00,2348.83,2349.18,7
2026-06-28 13:20:36.135737+00:00,2348.84,2349.16,3
2026-06-28 13:20:36.635737+00:00,2348.9,2349.18,5
2026-06-28 13:20:37.135737+00:00,2348.81,2349.02,6
2026-06-28 13:20:37.635737+00:00,2348.88,2349.11,2
2026-06-28 13:20:38.135737+00:00,2348.92,2349.16,1
2026-06-28 13:20:38.635737+00:00,2349.09,2349.3,1
2026-06-28 13:20:39.135737+00:00,2349.1,2349.39,4
2026-06-28 13:20:39.635737+00:00,2349.15,2349.37,7
2026-06-28 13:20:40.135737+00:00,2349.16,2349.42,1
2026-06-28 13:20:40.635737+00:00,2349.07,2349.4,1
2026-06-28 13:20:41.135737+00:00,2349.05,2349.33,7
2026-06-28 13:20:41.635737+00:00,2348.98,2349.26,6
2026-06-28 13:20:42.135737+00:00,2349.06,2349.29,3
2026-06-28 13:20:42.635737+00:00,2348.83,2349.09,6
2026-06-28 13:20:43.135737+00:00,2348.92,2349.24,4
2026-06-28 13:20:43.635737+00:00,2349.12,2349.34,3
2026-06-28 13:20:44.135737+00:00,2349.06,2349.31,2
2026-06-28 13:20:44.635737+00:00,2349.14,2349.36,1
2026-06-28 13:20:45.135737+00:00,2348.99,2349.29,6
2026-06-28 13:20:45.635737+00:00,2348.95,2349.25,3
2026-06-28 13:20:46.135737+00:00,2348.94,2349.21,3
2026-06-28 13:20:46.635737+00:00,2348.94,2349.19,3
2026-06-28 13:20:47.135737+00:00,2348.94,2349.31,1
2026-06-28 13:20:47.635737+00:00,2348.87,2349.17,6
2026-06-28 13:20:48.135737+00:00,2349.01,2349.38,7
2026-06-28 13:20:48.635737+00:00,2349.13,2349.35,7
2026-06-28 13:20:49.135737+00:00,2348.98,2349.23,6
2026-06-28 13:20:49.635737+00:00,2349.04,2349.29,6
2026-06-28 13:20:50.135737+00:00,2348.88,2349.14,6
2026-06-28 13:20:50.635737+00:00,2348.99,2349.22,3
2026-06-28 13:20:51.135737+00:00,2349.03,2349.26,1
2026-06-28 13:20:51.635737+00:00,2348.92,2349.17,4
2026-06-28 13:20:52.135737+00:00,2348.95,2349.22,1
2026-06-28 13:20:52.635737+00:00,2348.82,2349.05,2
2026-06-28 13:20:53.135737+00:00,2348.73,2349.09,3
2026-06-28 13:20:53.635737+00:00,2348.81,2349.14,1
2026-06-28 13:20:54.135737+00:00,2348.89,2349.16,6
2026-06-28 13:20:54.635737+00:00,2348.78,2349.1,6
2026-06-28 13:20:55.135737+00:00,2348.66,2348.87,3
2026-06-28 13:20:55.635737+00:00,2348.68,2348.89,7
2026-06-28 13:20:56.135737+00:00,2348.65,2348.91,1
2026-06-28 13:20:56.635737+00:00,2348.61,2348.85,2
2026-06-28 13:20:57.135737+00:00,2348.66,2348.88,3
2026-06-28 13:20:57.635737+00:00,2348.62,2348.86,5
2026-06-28 13:20:58.135737+00:00,2348.57,2348.82,5
2026-06-28 13:20:58.635737+00:00,2348.45,2348.68,5
2026-06-28 13:20:59.135737+00:00,2348.32,2348.66,7
2026-06-28 13:20:59.635737+00:00,2348.4,2348.64,3
2026-06-28 13:21:00.135737+00:00,2348.36,2348.6,3
2026-06-28 13:21:00.635737+00:00,2348.4,2348.6,4
2026-06-28 13:21:01.135737+00:00,2348.44,2348.65,3
2026-06-28 13:21:01.635737+00:00,2348.55,2348.82,7
2026-06-28 13:21:02.135737+00:00,2348.73,2348.99,4
2026-06-28 13:21:02.635737+00:00,2348.82,2349.02,1
2026-06-28 13:21:03.135737+00:00,2348.74,2348.98,1
2026-06-28 13:21:03.635737+00:00,2348.8,2349.07,1
2026-06-28 13:21:04.135737+00:00,2348.72,2348.93,4
2026-06-28 13:21:04.635737+00:00,2348.8,2349.15,3
2026-06-28 13:21:05.135737+00:00,2348.85,2349.08,1
2026-06-28 13:21:05.635737+00:00,2348.91,2349.14,6
2026-06-28 13:21:06.135737+00:00,2348.9,2349.15,1
2026-06-28 13:21:06.635737+00:00,2348.72,2349.0,5
2026-06-28 13:21:07.135737+00:00,2348.81,2349.01,4
2026-06-28 13:21:07.635737+00:00,2348.75,2348.98,1
2026-06-28 13:21:08.135737+00:00,2348.71,2348.93,6
2026-06-28 13:21:08.635737+00:00,2348.7,2348.97,7
2026-06-28 13:21:09.135737+00:00,2348.66,2348.92,3
2026-06-28 13:21:09.635737+00:00,2348.77,2349.12,2
2026-06-28 13:21:10.135737+00:00,2349.01,2349.26,2
2026-06-28 13:21:10.635737+00:00,2349.11,2349.35,4
2026-06-28 13:21:11.135737+00:00,2349.0,2349.3,6
2026-06-28 13:21:11.635737+00:00,2349.04,2349.26,7
2026-06-28 13:21:12.135737+00:00,2349.08,2349.31,3
2026-06-28 13:21:12.635737+00:00,2349.14,2349.4,4
2026-06-28 13:21:13.135737+00:00,2349.04,2349.36,4
2026-06-28 13:21:13.635737+00:00,2349.1,2349.33,7
2026-06-28 13:21:14.135737+00:00,2349.09,2349.37,5
2026-06-28 13:21:14.635737+00:00,2349.14,2349.44,2
2026-06-28 13:21:15.135737+00:00,2349.11,2349.42,1
2026-06-28 13:21:15.635737+00:00,2349.16,2349.51,1
2026-06-28 13:21:16.135737+00:00,2349.04,2349.3,6
2026-06-28 13:21:16.635737+00:00,2349.01,2349.22,6
2026-06-28 13:21:17.135737+00:00,2349.0,2349.3,2
2026-06-28 13:21:17.635737+00:00,2349.11,2349.35,2
2026-06-28 13:21:18.135737+00:00,2349.15,2349.35,2
2026-06-28 13:21:18.635737+00:00,2349.04,2349.28,5
2026-06-28 13:21:19.135737+00:00,2349.1,2349.34,4
2026-06-28 13:21:19.635737+00:00,2349.21,2349.46,2
2026-06-28 13:21:20.135737+00:00,2349.31,2349.56,6
2026-06-28 13:21:20.635737+00:00,2349.36,2349.6,1
2026-06-28 13:21:21.135737+00:00,2349.31,2349.53,2
2026-06-28 13:21:21.635737+00:00,2349.29,2349.52,1
2026-06-28 13:21:22.135737+00:00,2349.31,2349.56,7
2026-06-28 13:21:22.635737+00:00,2349.39,2349.62,4
2026-06-28 13:21:23.135737+00:00,2349.42,2349.65,3
2026-06-28 13:21:23.635737+00:00,2349.45,2349.71,4
2026-06-28 13:21:24.135737+00:00,2349.57,2349.8,6
2026-06-28 13:21:24.635737+00:00,2349.45,2349.77,3
2026-06-28 13:21:25.135737+00:00,2349.59,2349.8,4
2026-06-28 13:21:25.635737+00:00,2349.67,2349.91,4
2026-06-28 13:21:26.135737+00:00,2349.71,2349.95,3
2026-06-28 13:21:26.635737+00:00,2349.74,2350.01,4
2026-06-28 13:21:27.135737+00:00,2349.82,2350.05,5
2026-06-28 13:21:27.635737+00:00,2349.77,2350.04,6
2026-06-28 13:21:28.135737+00:00,2349.7,2350.0,2
2026-06-28 13:21:28.635737+00:00,2349.81,2350.01,4
2026-06-28 13:21:29.135737+00:00,2349.94,2350.16,1
2026-06-28 13:21:29.635737+00:00,2349.89,2350.11,1
2026-06-28 13:21:30.135737+00:00,2349.77,2350.04,2
2026-06-28 13:21:30.635737+00:00,2349.77,2350.08,5
2026-06-28 13:21:31.135737+00:00,2349.89,2350.11,6
2026-06-28 13:21:31.635737+00:00,2349.92,2350.23,3
2026-06-28 13:21:32.135737+00:00,2350.09,2350.38,4
2026-06-28 13:21:32.635737+00:00,2350.24,2350.46,6
2026-06-28 13:21:33.135737+00:00,2350.08,2350.45,2
2026-06-28 13:21:33.635737+00:00,2350.14,2350.36,3
2026-06-28 13:21:34.135737+00:00,2350.07,2350.3,7
2026-06-28 13:21:34.635737+00:00,2349.94,2350.2,1
2026-06-28 13:21:35.135737+00:00,2350.03,2350.25,2
2026-06-28 13:21:35.635737+00:00,2350.1,2350.31,7
2026-06-28 13:21:36.135737+00:00,2349.96,2350.18,7
2026-06-28 13:21:36.635737+00:00,2349.95,2350.26,7
2026-06-28 13:21:37.135737+00:00,2349.89,2350.11,1
2026-06-28 13:21:37.635737+00:00,2349.85,2350.08,3
2026-06-28 13:21:38.135737+00:00,2349.92,2350.18,6
2026-06-28 13:21:38.635737+00:00,2349.86,2350.08,3
2026-06-28 13:21:39.135737+00:00,2349.88,2350.15,6
2026-06-28 13:21:39.635737+00:00,2349.76,2350.07,7
2026-06-28 13:21:40.135737+00:00,2349.7,2349.93,2
2026-06-28 13:21:40.635737+00:00,2349.73,2350.0,6
2026-06-28 13:21:41.135737+00:00,2349.82,2350.12,4
2026-06-28 13:21:41.635737+00:00,2349.74,2350.04,7
2026-06-28 13:21:42.135737+00:00,2349.69,2350.05,2
2026-06-28 13:21:42.635737+00:00,2349.69,2349.92,7
2026-06-28 13:21:43.135737+00:00,2349.71,2349.96,2
2026-06-28 13:21:43.635737+00:00,2349.59,2349.87,5
2026-06-28 13:21:44.135737+00:00,2349.46,2349.81,5
2026-06-28 13:21:44.635737+00:00,2349.57,2349.87,2
2026-06-28 13:21:45.135737+00:00,2349.66,2349.97,6
2026-06-28 13:21:45.635737+00:00,2349.65,2349.87,7
2026-06-28 13:21:46.135737+00:00,2349.75,2349.96,4
2026-06-28 13:21:46.635737+00:00,2349.55,2349.9,2
2026-06-28 13:21:47.135737+00:00,2349.57,2349.84,4
2026-06-28 13:21:47.635737+00:00,2349.65,2349.94,7
2026-06-28 13:21:48.135737+00:00,2349.64,2349.88,4
2026-06-28 13:21:48.635737+00:00,2349.57,2349.84,5
2026-06-28 13:21:49.135737+00:00,2349.65,2349.93,1
2026-06-28 13:21:49.635737+00:00,2349.67,2349.98,7
2026-06-28 13:21:50.135737+00:00,2349.7,2349.91,1
2026-06-28 13:21:50.635737+00:00,2349.7,2349.91,2
2026-06-28 13:21:51.135737+00:00,2349.61,2349.87,5
2026-06-28 13:21:51.635737+00:00,2349.77,2350.02,4
2026-06-28 13:21:52.135737+00:00,2349.78,2350.03,6
2026-06-28 13:21:52.635737+00:00,2349.87,2350.1,3
2026-06-28 13:21:53.135737+00:00,2349.99,2350.2,3
2026-06-28 13:21:53.635737+00:00,2349.93,2350.22,3
2026-06-28 13:21:54.135737+00:00,2349.87,2350.17,2
2026-06-28 13:21:54.635737+00:00,2349.92,2350.14,3
2026-06-28 13:21:55.135737+00:00,2349.8,2350.0,1
2026-06-28 13:21:55.635737+00:00,2349.73,2349.95,6
2026-06-28 13:21:56.135737+00:00,2349.6,2349.87,1
2026-06-28 13:21:56.635737+00:00,2349.64,2349.89,2
2026-06-28 13:21:57.135737+00:00,2349.69,2349.91,3
2026-06-28 13:21:57.635737+00:00,2349.56,2349.8,3
2026-06-28 13:21:58.135737+00:00,2349.6,2349.84,2
2026-06-28 13:21:58.635737+00:00,2349.39,2349.71,1
2026-06-28 13:21:59.135737+00:00,2349.4,2349.61,5
2026-06-28 13:21:59.635737+00:00,2349.53,2349.75,4
2026-06-28 13:22:00.135737+00:00,2349.45,2349.73,1
2026-06-28 13:22:00.635737+00:00,2349.34,2349.56,3
2026-06-28 13:22:01.135737+00:00,2349.31,2349.56,3
2026-06-28 13:22:01.635737+00:00,2349.31,2349.58,4
2026-06-28 13:22:02.135737+00:00,2349.34,2349.6,5
2026-06-28 13:22:02.635737+00:00,2349.44,2349.65,6
2026-06-28 13:22:03.135737+00:00,2349.41,2349.67,6
2026-06-28 13:22:03.635737+00:00,2349.39,2349.66,3
2026-06-28 13:22:04.135737+00:00,2349.4,2349.69,1
2026-06-28 13:22:04.635737+00:00,2349.44,2349.69,5
2026-06-28 13:22:05.135737+00:00,2349.36,2349.61,5
2026-06-28 13:22:05.635737+00:00,2349.31,2349.58,4
2026-06-28 13:22:06.135737+00:00,2349.39,2349.68,6
2026-06-28 13:22:06.635737+00:00,2349.64,2349.86,6
2026-06-28 13:22:07.135737+00:00,2349.45,2349.8,1
2026-06-28 13:22:07.635737+00:00,2349.5,2349.83,1
2026-06-28 13:22:08.135737+00:00,2349.62,2349.95,5
2026-06-28 13:22:08.635737+00:00,2349.55,2349.77,3
2026-06-28 13:22:09.135737+00:00,2349.37,2349.62,5
2026-06-28 13:22:09.635737+00:00,2349.25,2349.67,5
2026-06-28 13:22:10.135737+00:00,2349.38,2349.61,1
2026-06-28 13:22:10.635737+00:00,2349.4,2349.75,7
2026-06-28 13:22:11.135737+00:00,2349.38,2349.73,1
2026-06-28 13:22:11.635737+00:00,2349.12,2349.42,3
2026-06-28 13:22:12.135737+00:00,2349.05,2349.38,5
2026-06-28 13:22:12.635737+00:00,2349.12,2349.33,1
2026-06-28 13:22:13.135737+00:00,2349.19,2349.42,4
2026-06-28 13:22:13.635737+00:00,2349.2,2349.42,1
2026-06-28 13:22:14.135737+00:00,2349.2,2349.42,7
2026-06-28 13:22:14.635737+00:00,2349.37,2349.62,4
2026-06-28 13:22:15.135737+00:00,2349.29,2349.57,4
2026-06-28 13:22:15.635737+00:00,2349.14,2349.5,3
2026-06-28 13:22:16.135737+00:00,2349.21,2349.46,6
2026-06-28 13:22:16.635737+00:00,2349.23,2349.44,1
2026-06-28 13:22:17.135737+00:00,2349.05,2349.36,2
2026-06-28 13:22:17.635737+00:00,2348.94,2349.17,5
2026-06-28 13:22:18.135737+00:00,2348.76,2348.99,2
2026-06-28 13:22:18.635737+00:00,2348.76,2349.04,2
2026-06-28 13:22:19.135737+00:00,2348.65,2348.97,1
2026-06-28 13:22:19.635737+00:00,2348.73,2348.99,2
2026-06-28 13:22:20.135737+00:00,2348.61,2348.88,3
2026-06-28 13:22:20.635737+00:00,2348.73,2349.01,3
2026-06-28 13:22:21.135737+00:00,2348.76,2349.07,7
2026-06-28 13:22:21.635737+00:00,2348.75,2349.07,1
2026-06-28 13:22:22.135737+00:00,2348.73,2348.98,5
2026-06-28 13:22:22.635737+00:00,2348.66,2348.86,2
2026-06-28 13:22:23.135737+00:00,2348.64,2348.9,2
2026-06-28 13:22:23.635737+00:00,2348.52,2348.75,5
2026-06-28 13:22:24.135737+00:00,2348.33,2348.53,7
2026-06-28 13:22:24.635737+00:00,2348.29,2348.53,5
2026-06-28 13:22:25.135737+00:00,2348.44,2348.65,4
2026-06-28 13:22:25.635737+00:00,2348.39,2348.59,2
2026-06-28 13:22:26.135737+00:00,2348.29,2348.5,6
2026-06-28 13:22:26.635737+00:00,2348.18,2348.48,1
2026-06-28 13:22:27.135737+00:00,2348.42,2348.63,7
2026-06-28 13:22:27.635737+00:00,2348.53,2348.78,6
2026-06-28 13:22:28.135737+00:00,2348.43,2348.79,4
2026-06-28 13:22:28.635737+00:00,2348.56,2348.76,1
2026-06-28 13:22:29.135737+00:00,2348.58,2348.87,2
2026-06-28 13:22:29.635737+00:00,2348.49,2348.72,6
2026-06-28 13:22:30.135737+00:00,2348.44,2348.74,6
2026-06-28 13:22:30.635737+00:00,2348.51,2348.73,2
2026-06-28 13:22:31.135737+00:00,2348.67,2348.89,3
2026-06-28 13:22:31.635737+00:00,2348.52,2348.87,6
2026-06-28 13:22:32.135737+00:00,2348.59,2348.83,4
2026-06-28 13:22:32.635737+00:00,2348.54,2348.79,3
2026-06-28 13:22:33.135737+00:00,2348.47,2348.82,1
2026-06-28 13:22:33.635737+00:00,2348.43,2348.63,5
2026-06-28 13:22:34.135737+00:00,2348.53,2348.78,1
2026-06-28 13:22:34.635737+00:00,2348.63,2348.87,4
2026-06-28 13:22:35.135737+00:00,2348.69,2348.93,1
2026-06-28 13:22:35.635737+00:00,2348.82,2349.05,7
2026-06-28 13:22:36.135737+00:00,2348.66,2348.99,5
2026-06-28 13:22:36.635737+00:00,2348.74,2348.96,1
2026-06-28 13:22:37.135737+00:00,2348.74,2349.04,7
2026-06-28 13:22:37.635737+00:00,2348.68,2348.99,7
2026-06-28 13:22:38.135737+00:00,2348.81,2349.02,4
2026-06-28 13:22:38.635737+00:00,2348.85,2349.1,6
2026-06-28 13:22:39.135737+00:00,2348.87,2349.09,2
2026-06-28 13:22:39.635737+00:00,2348.8,2349.0,6
2026-06-28 13:22:40.135737+00:00,2348.77,2349.04,2
2026-06-28 13:22:40.635737+00:00,2348.77,2348.99,6
2026-06-28 13:22:41.135737+00:00,2348.76,2349.04,4
2026-06-28 13:22:41.635737+00:00,2348.86,2349.1,5
2026-06-28 13:22:42.135737+00:00,2348.86,2349.14,6
2026-06-28 13:22:42.635737+00:00,2348.93,2349.16,3
2026-06-28 13:22:43.135737+00:00,2348.96,2349.28,6
2026-06-28 13:22:43.635737+00:00,2349.04,2349.29,3
2026-06-28 13:22:44.135737+00:00,2349.17,2349.41,3
2026-06-28 13:22:44.635737+00:00,2349.12,2349.42,7
2026-06-28 13:22:45.135737+00:00,2349.03,2349.38,6
2026-06-28 13:22:45.635737+00:00,2349.24,2349.45,2
2026-06-28 13:22:46.135737+00:00,2349.02,2349.29,6
2026-06-28 13:22:46.635737+00:00,2348.88,2349.11,7
2026-06-28 13:22:47.135737+00:00,2348.77,2348.99,3
2026-06-28 13:22:47.635737+00:00,2348.83,2349.04,5
2026-06-28 13:22:48.135737+00:00,2348.91,2349.14,7
2026-06-28 13:22:48.635737+00:00,2348.88,2349.08,3
2026-06-28 13:22:49.135737+00:00,2348.89,2349.2,5
2026-06-28 13:22:49.635737+00:00,2349.03,2349.32,7
2026-06-28 13:22:50.135737+00:00,2349.0,2349.3,1
2026-06-28 13:22:50.635737+00:00,2348.98,2349.2,7
2026-06-28 13:22:51.135737+00:00,2348.93,2349.31,5
2026-06-28 13:22:51.635737+00:00,2348.93,2349.28,2
2026-06-28 13:22:52.135737+00:00,2349.05,2349.29,6
2026-06-28 13:22:52.635737+00:00,2349.11,2349.36,6
2026-06-28 13:22:53.135737+00:00,2349.04,2349.29,5
2026-06-28 13:22:53.635737+00:00,2349.04,2349.31,5
2026-06-28 13:22:54.135737+00:00,2349.06,2349.45,3
2026-06-28 13:22:54.635737+00:00,2349.19,2349.44,4
2026-06-28 13:22:55.135737+00:00,2349.21,2349.43,1
2026-06-28 13:22:55.635737+00:00,2349.37,2349.71,6
2026-06-28 13:22:56.135737+00:00,2349.32,2349.55,4
2026-06-28 13:22:56.635737+00:00,2349.27,2349.49,6
2026-06-28 13:22:57.135737+00:00,2349.09,2349.39,3
2026-06-28 13:22:57.635737+00:00,2349.15,2349.51,2
2026-06-28 13:22:58.135737+00:00,2349.36,2349.59,3
2026-06-28 13:22:58.635737+00:00,2349.21,2349.45,3
2026-06-28 13:22:59.135737+00:00,2349.24,2349.5,5
2026-06-28 13:22:59.635737+00:00,2349.19,2349.4,7
2026-06-28 13:23:00.135737+00:00,2349.26,2349.53,7
2026-06-28 13:23:00.635737+00:00,2349.21,2349.49,5
2026-06-28 13:23:01.135737+00:00,2349.1,2349.35,5
2026-06-28 13:23:01.635737+00:00,2348.94,2349.2,7
2026-06-28 13:23:02.135737+00:00,2348.87,2349.07,1
2026-06-28 13:23:02.635737+00:00,2348.8,2349.07,7
2026-06-28 13:23:03.135737+00:00,2348.74,2349.03,4
2026-06-28 13:23:03.635737+00:00,2348.71,2348.95,4
2026-06-28 13:23:04.135737+00:00,2348.72,2348.92,5
2026-06-28 13:23:04.635737+00:00,2348.65,2348.87,7
2026-06-28 13:23:05.135737+00:00,2348.61,2348.82,1
2026-06-28 13:23:05.635737+00:00,2348.62,2348.96,2
2026-06-28 13:23:06.135737+00:00,2348.75,2349.0,4
2026-06-28 13:23:06.635737+00:00,2348.86,2349.11,6
2026-06-28 13:23:07.135737+00:00,2348.89,2349.14,6
2026-06-28 13:23:07.635737+00:00,2348.81,2349.08,2
2026-06-28 13:23:08.135737+00:00,2348.88,2349.14,3
2026-06-28 13:23:08.635737+00:00,2348.8,2349.09,1
2026-06-28 13:23:09.135737+00:00,2348.82,2349.17,3
2026-06-28 13:23:09.635737+00:00,2348.95,2349.2,3
2026-06-28 13:23:10.135737+00:00,2349.03,2349.24,1
2026-06-28 13:23:10.635737+00:00,2349.0,2349.25,6
2026-06-28 13:23:11.135737+00:00,2348.89,2349.22,1
2026-06-28 13:23:11.635737+00:00,2348.69,2348.91,4
2026-06-28 13:23:12.135737+00:00,2348.73,2348.98,5
2026-06-28 13:23:12.635737+00:00,2348.75,2349.12,6
2026-06-28 13:23:13.135737+00:00,2348.74,2348.98,5
2026-06-28 13:23:13.635737+00:00,2348.78,2349.0,3
2026-06-28 13:23:14.135737+00:00,2348.7,2348.91,4
2026-06-28 13:23:14.635737+00:00,2348.61,2348.85,6
2026-06-28 13:23:15.135737+00:00,2348.58,2348.82,3
2026-06-28 13:23:15.635737+00:00,2348.65,2348.94,4
2026-06-28 13:23:16.135737+00:00,2348.57,2348.83,1
2026-06-28 13:23:16.635737+00:00,2348.54,2348.83,3
2026-06-28 13:23:17.135737+00:00,2348.58,2348.92,4
2026-06-28 13:23:17.635737+00:00,2348.62,2348.86,5
2026-06-28 13:23:18.135737+00:00,2348.66,2348.9,4
2026-06-28 13:23:18.635737+00:00,2348.81,2349.04,1
2026-06-28 13:23:19.135737+00:00,2348.86,2349.21,5
2026-06-28 13:23:19.635737+00:00,2348.84,2349.2,6
2026-06-28 13:23:20.135737+00:00,2348.89,2349.18,2
2026-06-28 13:23:20.635737+00:00,2348.92,2349.15,6
2026-06-28 13:23:21.135737+00:00,2349.02,2349.3,5
2026-06-28 13:23:21.635737+00:00,2348.98,2349.24,2
2026-06-28 13:23:22.135737+00:00,2348.94,2349.15,4
2026-06-28 13:23:22.635737+00:00,2348.76,2349.02,6
2026-06-28 13:23:23.135737+00:00,2348.83,2349.11,3
2026-06-28 13:23:23.635737+00:00,2348.76,2349.09,3
2026-06-28 13:23:24.135737+00:00,2348.67,2348.95,2
2026-06-28 13:23:24.635737+00:00,2348.73,2348.98,4
2026-06-28 13:23:25.135737+00:00,2348.57,2348.86,1
2026-06-28 13:23:25.635737+00:00,2348.65,2348.85,6
2026-06-28 13:23:26.135737+00:00,2348.45,2348.69,5
2026-06-28 13:23:26.635737+00:00,2348.36,2348.8,4
2026-06-28 13:23:27.135737+00:00,2348.3,2348.54,5
2026-06-28 13:23:27.635737+00:00,2348.22,2348.46,6
2026-06-28 13:23:28.135737+00:00,2348.31,2348.58,6
2026-06-28 13:23:28.635737+00:00,2348.3,2348.51,2
2026-06-28 13:23:29.135737+00:00,2348.29,2348.52,4
2026-06-28 13:23:29.635737+00:00,2348.22,2348.47,1
2026-06-28 13:23:30.135737+00:00,2348.28,2348.52,6
2026-06-28 13:23:30.635737+00:00,2348.26,2348.54,5
2026-06-28 13:23:31.135737+00:00,2348.34,2348.58,1
2026-06-28 13:23:31.635737+00:00,2348.39,2348.72,1
2026-06-28 13:23:32.135737+00:00,2348.56,2348.86,3
2026-06-28 13:23:32.635737+00:00,2348.46,2348.74,2
2026-06-28 13:23:33.135737+00:00,2348.41,2348.67,3
2026-06-28 13:23:33.635737+00:00,2348.51,2348.87,1
2026-06-28 13:23:34.135737+00:00,2348.44,2348.69,3
2026-06-28 13:23:34.635737+00:00,2348.53,2348.79,3
2026-06-28 13:23:35.135737+00:00,2348.6,2348.86,2
2026-06-28 13:23:35.635737+00:00,2348.66,2348.89,7
2026-06-28 13:23:36.135737+00:00,2348.59,2349.1,5
2026-06-28 13:23:36.635737+00:00,2348.61,2348.91,5
2026-06-28 13:23:37.135737+00:00,2348.55,2348.8,1
2026-06-28 13:23:37.635737+00:00,2348.5,2348.73,3
2026-06-28 13:23:38.135737+00:00,2348.39,2348.66,7
2026-06-28 13:23:38.635737+00:00,2348.47,2348.8,5
2026-06-28 13:23:39.135737+00:00,2348.53,2348.8,6
2026-06-28 13:23:39.635737+00:00,2348.36,2348.6,3
2026-06-28 13:23:40.135737+00:00,2348.21,2348.52,7
2026-06-28 13:23:40.635737+00:00,2348.17,2348.46,7
2026-06-28 13:23:41.135737+00:00,2348.13,2348.51,6
2026-06-28 13:23:41.635737+00:00,2348.05,2348.42,6
2026-06-28 13:23:42.135737+00:00,2348.27,2348.49,5
2026-06-28 13:23:42.635737+00:00,2348.39,2348.64,5
2026-06-28 13:23:43.135737+00:00,2348.43,2348.73,1
2026-06-28 13:23:43.635737+00:00,2348.52,2348.74,7
2026-06-28 13:23:44.135737+00:00,2348.64,2348.93,4
2026-06-28 13:23:44.635737+00:00,2348.59,2348.82,3
2026-06-28 13:23:45.135737+00:00,2348.44,2348.66,1
2026-06-28 13:23:45.635737+00:00,2348.51,2348.73,1
2026-06-28 13:23:46.135737+00:00,2348.49,2348.72,6
2026-06-28 13:23:46.635737+00:00,2348.47,2348.68,1
2026-06-28 13:23:47.135737+00:00,2348.26,2348.51,7
2026-06-28 13:23:47.635737+00:00,2348.15,2348.49,1
2026-06-28 13:23:48.135737+00:00,2348.09,2348.37,3
2026-06-28 13:23:48.635737+00:00,2348.07,2348.27,4
2026-06-28 13:23:49.135737+00:00,2348.04,2348.26,2
2026-06-28 13:23:49.635737+00:00,2347.96,2348.41,6
2026-06-28 13:23:50.135737+00:00,2348.14,2348.39,2
2026-06-28 13:23:50.635737+00:00,2347.95,2348.17,2
2026-06-28 13:23:51.135737+00:00,2347.95,2348.2,6
2026-06-28 13:23:51.635737+00:00,2347.76,2348.03,4
2026-06-28 13:23:52.135737+00:00,2347.83,2348.07,6
2026-06-28 13:23:52.635737+00:00,2347.98,2348.23,5
2026-06-28 13:23:53.135737+00:00,2347.87,2348.12,1
2026-06-28 13:23:53.635737+00:00,2347.94,2348.21,4
2026-06-28 13:23:54.135737+00:00,2347.92,2348.17,1
2026-06-28 13:23:54.635737+00:00,2347.79,2348.14,1
2026-06-28 13:23:55.135737+00:00,2347.7,2348.0,1
2026-06-28 13:23:55.635737+00:00,2347.74,2348.08,5
2026-06-28 13:23:56.135737+00:00,2347.75,2348.0,3
2026-06-28 13:23:56.635737+00:00,2347.75,2348.01,3
2026-06-28 13:23:57.135737+00:00,2347.69,2347.96,3
2026-06-28 13:23:57.635737+00:00,2347.79,2348.06,1
2026-06-28 13:23:58.135737+00:00,2347.79,2347.99,7
2026-06-28 13:23:58.635737+00:00,2347.77,2348.01,2
2026-06-28 13:23:59.135737+00:00,2347.72,2347.98,6
2026-06-28 13:23:59.635737+00:00,2347.64,2347.9,6
2026-06-28 13:24:00.135737+00:00,2347.53,2347.91,3
2026-06-28 13:24:00.635737+00:00,2347.51,2347.73,7
2026-06-28 13:24:01.135737+00:00,2347.48,2347.75,5
2026-06-28 13:24:01.635737+00:00,2347.43,2347.74,3
2026-06-28 13:24:02.135737+00:00,2347.48,2347.69,2
2026-06-28 13:24:02.635737+00:00,2347.42,2347.72,4
2026-06-28 13:24:03.135737+00:00,2347.47,2347.77,6
2026-06-28 13:24:03.635737+00:00,2347.37,2347.61,5
2026-06-28 13:24:04.135737+00:00,2347.4,2347.69,4
2026-06-28 13:24:04.635737+00:00,2347.59,2347.84,7
2026-06-28 13:24:05.135737+00:00,2347.77,2347.98,6
2026-06-28 13:24:05.635737+00:00,2347.7,2348.04,1
2026-06-28 13:24:06.135737+00:00,2347.67,2347.89,3
2026-06-28 13:24:06.635737+00:00,2347.67,2347.93,5
2026-06-28 13:24:07.135737+00:00,2347.55,2347.96,6
2026-06-28 13:24:07.635737+00:00,2347.58,2347.88,3
2026-06-28 13:24:08.135737+00:00,2347.61,2347.83,7
2026-06-28 13:24:08.635737+00:00,2347.53,2347.74,2
2026-06-28 13:24:09.135737+00:00,2347.7,2347.94,3
2026-06-28 13:24:09.635737+00:00,2347.55,2347.87,5
2026-06-28 13:24:10.135737+00:00,2347.54,2347.75,4
2026-06-28 13:24:10.635737+00:00,2347.44,2347.68,2
2026-06-28 13:24:11.135737+00:00,2347.38,2347.61,6
2026-06-28 13:24:11.635737+00:00,2347.5,2347.82,2
2026-06-28 13:24:12.135737+00:00,2347.45,2347.71,4
2026-06-28 13:24:12.635737+00:00,2347.4,2347.76,1
2026-06-28 13:24:13.135737+00:00,2347.57,2347.78,3
2026-06-28 13:24:13.635737+00:00,2347.48,2347.69,3
2026-06-28 13:24:14.135737+00:00,2347.29,2347.53,5
2026-06-28 13:24:14.635737+00:00,2347.16,2347.44,7
2026-06-28 13:24:15.135737+00:00,2347.39,2347.62,6
2026-06-28 13:24:15.635737+00:00,2347.38,2347.65,3
2026-06-28 13:24:16.135737+00:00,2347.36,2347.68,7
2026-06-28 13:24:16.635737+00:00,2347.5,2347.76,1
2026-06-28 13:24:17.135737+00:00,2347.43,2347.67,7
2026-06-28 13:24:17.635737+00:00,2347.45,2347.69,5
2026-06-28 13:24:18.135737+00:00,2347.36,2347.65,5
2026-06-28 13:24:18.635737+00:00,2347.37,2347.61,3
2026-06-28 13:24:19.135737+00:00,2347.25,2347.49,1
2026-06-28 13:24:19.635737+00:00,2347.27,2347.49,7
2026-06-28 13:24:20.135737+00:00,2347.28,2347.61,2
2026-06-28 13:24:20.635737+00:00,2347.24,2347.47,2
2026-06-28 13:24:21.135737+00:00,2347.27,2347.53,6
2026-06-28 13:24:21.635737+00:00,2347.3,2347.51,1
2026-06-28 13:24:22.135737+00:00,2347.4,2347.65,3
2026-06-28 13:24:22.635737+00:00,2347.39,2347.6,4
2026-06-28 13:24:23.135737+00:00,2347.27,2347.5,3
2026-06-28 13:24:23.635737+00:00,2347.25,2347.65,4
2026-06-28 13:24:24.135737+00:00,2347.43,2347.67,1
2026-06-28 13:24:24.635737+00:00,2347.45,2347.73,6
2026-06-28 13:24:25.135737+00:00,2347.36,2347.58,2
2026-06-28 13:24:25.635737+00:00,2347.36,2347.6,2
2026-06-28 13:24:26.135737+00:00,2347.49,2347.71,5
2026-06-28 13:24:26.635737+00:00,2347.42,2347.78,2
2026-06-28 13:24:27.135737+00:00,2347.51,2347.77,2
2026-06-28 13:24:27.635737+00:00,2347.55,2347.76,3
2026-06-28 13:24:28.135737+00:00,2347.43,2347.69,3
2026-06-28 13:24:28.635737+00:00,2347.38,2347.58,7
2026-06-28 13:24:29.135737+00:00,2347.48,2347.83,5
2026-06-28 13:24:29.635737+00:00,2347.46,2347.73,2
2026-06-28 13:24:30.135737+00:00,2347.61,2347.82,5
2026-06-28 13:24:30.635737+00:00,2347.7,2347.93,6
2026-06-28 13:24:31.135737+00:00,2347.82,2348.1,3
2026-06-28 13:24:31.635737+00:00,2347.92,2348.18,6
2026-06-28 13:24:32.135737+00:00,2347.93,2348.15,6
2026-06-28 13:24:32.635737+00:00,2347.9,2348.11,4
2026-06-28 13:24:33.135737+00:00,2347.92,2348.19,2
2026-06-28 13:24:33.635737+00:00,2348.04,2348.24,7
2026-06-28 13:24:34.135737+00:00,2348.22,2348.43,2
2026-06-28 13:24:34.635737+00:00,2348.16,2348.48,1
2026-06-28 13:24:35.135737+00:00,2347.96,2348.21,2
2026-06-28 13:24:35.635737+00:00,2347.93,2348.17,4
2026-06-28 13:24:36.135737+00:00,2347.93,2348.14,2
2026-06-28 13:24:36.635737+00:00,2347.89,2348.14,5
2026-06-28 13:24:37.135737+00:00,2348.0,2348.21,3
2026-06-28 13:24:37.635737+00:00,2347.86,2348.16,3
2026-06-28 13:24:38.135737+00:00,2347.88,2348.16,1
2026-06-28 13:24:38.635737+00:00,2347.83,2348.05,3
2026-06-28 13:24:39.135737+00:00,2347.67,2347.95,2
2026-06-28 13:24:39.635737+00:00,2347.61,2347.86,1
2026-06-28 13:24:40.135737+00:00,2347.79,2348.08,2
2026-06-28 13:24:40.635737+00:00,2347.76,2348.03,3
