timestamp,open,high,low,close,volume
2026-05-31 18:49:00+00:00,1615.01,1615.59,1603.77,1604.55,870.0
2026-05-31 18:54:00+00:00,1604.55,1620.02,1602.97,1618.97,2089.0
2026-05-31 18:59:00+00:00,1618.97,1623.82,1616.06,1622.24,1690.0
2026-05-31 19:04:00+00:00,1622.24,1628.98,1614.58,1622.9,1782.0
2026-05-31 19:09:00+00:00,1622.9,1636.23,1620.43,1633.43,1904.0
2026-05-31 19:14:00+00:00,1633.43,1634.45,1621.98,1623.54,1797.0
2026-05-31 19:19:00+00:00,1623.54,1642.05,1615.84,1636.02,2198.0
2026-05-31 19:24:00+00:00,1636.02,1636.39,1635.88,1636.35,1276.0
2026-05-31 19:29:00+00:00,1636.35,1637.36,1630.21,1633.76,1947.0
2026-05-31 19:34:00+00:00,1633.76,1637.17,1632.09,1635.19,1198.0
2026-05-31 19:39:00+00:00,1635.19,1637.48,1629.63,1632.77,855.0
2026-05-31 19:44:00+00:00,1632.77,1633.94,1625.05,1626.43,1899.0
2026-05-31 19:49:00+00:00,1626.43,1630.83,1623.55,1625.29,825.0
2026-05-31 19:54:00+00:00,1625.29,1627.19,1614.01,1618.76,1946.0
2026-05-31 19:59:00+00:00,1618.76,1618.95,1609.61,1609.85,1520.0
2026-05-31 20:04:00+00:00,1609.85,1613.06,1605.93,1609.64,1312.0
2026-05-31 20:09:00+00:00,1609.64,1616.91,1604.21,1612.81,1847.0
2026-05-31 20:14:00+00:00,1612.81,1614.02,1604.6,1608.65,1470.0
2026-05-31 20:19:00+00:00,1608.65,1610.77,1608.39,1610.55,2022.0
2026-05-31 20:24:00+00:00,1610.55,1615.81,1600.42,1602.18,1086.0
2026-05-31 20:29:00+00:00,1602.18,1605.61,1597.72,1600.83,1206.0
2026-05-31 20:34:00+00:00,1600.83,1604.85,1589.96,1594.39,1622.0
2026-05-31 20:39:00+00:00,1594.39,1595.16,1583.88,1584.41,1802.0
2026-05-31 20:44:00+00:00,1584.41,1591.93,1577.99,1581.02,1319.0
2026-05-31 20:49:00+00:00,1581.02,1590.48,1579.21,1586.43,1279.0
2026-05-31 20:54:00+00:00,1586.43,1589.53,1573.46,1579.9,786.0
2026-05-31 20:59:00+00:00,1579.9,1584.58,1565.36,1575.38,1430.0
2026-05-31 21:04:00+00:00,1575.38,1581.88,1572.34,1579.63,1200.0
2026-05-31 21:09:00+00:00,1579.63,1580.86,1574.57,1579.7,1864.0
2026-05-31 21:14:00+00:00,1579.7,1598.41,1578.11,1595.15,1810.0
2026-05-31 21:19:00+00:00,1595.15,1595.88,1583.86,1585.51,1129.0
2026-05-31 21:24:00+00:00,1585.51,1588.94,1583.15,1585.2,1962.0
2026-05-31 21:29:00+00:00,1585.2,1586.83,1582.21,1584.94,1136.0
2026-05-31 21:34:00+00:00,1584.94,1592.31,1582.52,1590.41,1624.0
2026-05-31 21:39:00+00:00,1590.41,1597.92,1588.25,1595.97,1982.0
2026-05-31 21:44:00+00:00,1595.97,1601.67,1588.16,1599.87,900.0
2026-05-31 21:49:00+00:00,1599.87,1603.38,1598.76,1602.26,1203.0
2026-05-31 21:54:00+00:00,1602.26,1607.84,1599.69,1605.72,1802.0
2026-05-31 21:59:00+00:00,1605.72,1606.71,1598.33,1598.57,1683.0
2026-05-31 22:04:00+00:00,1598.57,1603.05,1583.46,1586.89,1766.0
2026-05-31 22:09:00+00:00,1586.89,1589.0,1585.61,1588.43,1848.0
2026-05-31 22:14:00+00:00,1588.43,1588.72,1584.4,1585.56,1202.0
2026-05-31 22:19:00+00:00,1585.56,1585.71,1580.35,1580.97,1830.0
2026-05-31 22:24:00+00:00,1580.97,1590.08,1573.53,1587.07,1670.0
2026-05-31 22:29:00+00:00,1587.07,1588.84,1584.68,1585.88,1562.0
2026-05-31 22:34:00+00:00,1585.88,1585.98,1584.81,1584.92,1779.0
2026-05-31 22:39:00+00:00,1584.92,1585.62,1578.49,1579.5,1682.0
2026-05-31 22:44:00+00:00,1579.5,1580.68,1576.18,1577.93,1918.0
2026-05-31 22:49:00+00:00,1577.93,1579.5,1573.74,1575.39,772.0
2026-05-31 22:54:00+00:00,1575.39,1579.66,1573.34,1578.63,2132.0
2026-05-31 22:59:00+00:00,1578.63,1582.99,1573.27,1576.41,926.0
2026-05-31 23:04:00+00:00,1576.41,1582.45,1569.51,1573.78,1205.0
2026-05-31 23:09:00+00:00,1573.78,1581.83,1561.22,1571.63,846.0
2026-05-31 23:14:00+00:00,1571.63,1577.02,1571.1,1576.59,884.0
2026-05-31 23:19:00+00:00,1576.59,1581.8,1573.4,1579.59,1950.0
2026-05-31 23:24:00+00:00,1579.59,1588.36,1578.21,1586.93,1819.0
2026-05-31 23:29:00+00:00,1586.93,1595.8,1584.99,1594.59,2182.0
2026-05-31 23:34:00+00:00,1594.59,1599.28,1591.68,1596.32,1552.0
2026-05-31 23:39:00+00:00,1596.32,1606.21,1590.24,1604.39,879.0
2026-05-31 23:44:00+00:00,1604.39,1609.95,1600.01,1607.8,2057.0
2026-05-31 23:49:00+00:00,1607.8,1609.07,1602.46,1607.08,922.0
2026-05-31 23:54:00+00:00,1607.08,1609.43,1605.73,1608.07,1270.0
2026-05-31 23:59:00+00:00,1608.07,1612.48,1607.73,1612.25,1318.0
2026-06-01 00:04:00+00:00,1612.25,1614.28,1610.75,1613.69,1940.0
2026-06-01 00:09:00+00:00,1613.69,1614.01,1610.78,1610.96,2008.0
2026-06-01 00:14:00+00:00,1610.96,1613.37,1603.04,1607.38,1617.0
2026-06-01 00:19:00+00:00,1607.38,1617.89,1598.05,1611.51,745.0
2026-06-01 00:24:00+00:00,1611.51,1612.9,1604.21,1607.42,1823.0
2026-06-01 00:29:00+00:00,1607.42,1616.49,1605.11,1615.42,780.0
2026-06-01 00:34:00+00:00,1615.42,1640.43,1610.48,1634.66,1763.0
2026-06-01 00:39:00+00:00,1634.66,1638.08,1623.53,1630.93,1914.0
2026-06-01 00:44:00+00:00,1630.93,1634.51,1603.79,1618.22,2021.0
2026-06-01 00:49:00+00:00,1618.22,1640.54,1612.1,1634.81,2154.0
2026-06-01 00:54:00+00:00,1634.81,1635.06,1631.79,1632.25,1961.0
2026-06-01 00:59:00+00:00,1632.25,1640.34,1628.59,1636.22,1409.0
2026-06-01 01:04:00+00:00,1636.22,1639.98,1627.95,1632.8,1810.0
2026-06-01 01:09:00+00:00,1632.8,1637.46,1622.88,1625.35,2121.0
2026-06-01 01:14:00+00:00,1625.35,1627.36,1607.16,1614.01,1662.0
2026-06-01 01:19:00+00:00,1614.01,1615.15,1608.5,1612.99,1350.0
2026-06-01 01:24:00+00:00,1612.99,1618.35,1605.91,1615.64,1097.0
2026-06-01 01:29:00+00:00,1615.64,1617.12,1609.76,1610.38,2119.0
2026-06-01 01:34:00+00:00,1610.38,1610.61,1605.81,1606.6,1300.0
2026-06-01 01:39:00+00:00,1606.6,1609.37,1602.57,1606.61,1410.0
2026-06-01 01:44:00+00:00,1606.61,1609.56,1586.33,1592.69,1374.0
2026-06-01 01:49:00+00:00,1592.69,1597.01,1591.24,1594.82,2138.0
2026-06-01 01:54:00+00:00,1594.82,1599.48,1589.59,1591.71,758.0
2026-06-01 01:59:00+00:00,1591.71,1593.06,1580.33,1581.11,1862.0
2026-06-01 02:04:00+00:00,1581.11,1583.13,1579.74,1582.1,1921.0
2026-06-01 02:09:00+00:00,1582.1,1582.46,1579.84,1580.74,1744.0
2026-06-01 02:14:00+00:00,1580.74,1586.36,1579.36,1584.5,1240.0
2026-06-01 02:19:00+00:00,1584.5,1589.05,1580.87,1581.97,1907.0
2026-06-01 02:24:00+00:00,1581.97,1584.68,1577.51,1580.76,774.0
2026-06-01 02:29:00+00:00,1580.76,1585.42,1574.58,1579.11,1907.0
2026-06-01 02:34:00+00:00,1579.11,1582.86,1576.11,1581.33,1663.0
2026-06-01 02:39:00+00:00,1581.33,1581.85,1580.43,1580.66,772.0
2026-06-01 02:44:00+00:00,1580.66,1590.34,1575.63,1588.35,1590.0
2026-06-01 02:49:00+00:00,1588.35,1593.28,1581.96,1588.22,1574.0
2026-06-01 02:54:00+00:00,1588.22,1593.49,1585.81,1590.08,2074.0
2026-06-01 02:59:00+00:00,1590.08,1593.86,1589.12,1593.05,1119.0
2026-06-01 03:04:00+00:00,1593.05,1601.89,1589.13,1593.55,2153.0
2026-06-01 03:09:00+00:00,1593.55,1603.37,1592.97,1601.55,1523.0
2026-06-01 03:14:00+00:00,1601.55,1606.8,1598.1,1603.2,1685.0
2026-06-01 03:19:00+00:00,1603.2,1606.35,1590.01,1592.13,1611.0
2026-06-01 03:24:00+00:00,1592.13,1597.12,1581.42,1587.74,1729.0
2026-06-01 03:29:00+00:00,1587.74,1589.68,1584.9,1586.31,1193.0
2026-06-01 03:34:00+00:00,1586.31,1586.71,1583.41,1583.74,764.0
2026-06-01 03:39:00+00:00,1583.74,1592.08,1583.72,1592.07,1223.0
2026-06-01 03:44:00+00:00,1592.07,1594.18,1585.5,1591.81,1583.0
2026-06-01 03:49:00+00:00,1591.81,1600.03,1590.98,1597.12,1427.0
2026-06-01 03:54:00+00:00,1597.12,1598.26,1596.16,1597.47,1849.0
2026-06-01 03:59:00+00:00,1597.47,1613.29,1586.9,1601.5,1615.0
2026-06-01 04:04:00+00:00,1601.5,1607.41,1600.09,1605.78,994.0
2026-06-01 04:09:00+00:00,1605.78,1607.16,1599.37,1603.4,1154.0
2026-06-01 04:14:00+00:00,1603.4,1608.35,1603.14,1608.06,929.0
2026-06-01 04:19:00+00:00,1608.06,1609.98,1601.25,1602.52,1865.0
2026-06-01 04:24:00+00:00,1602.52,1609.4,1600.31,1607.92,1590.0
2026-06-01 04:29:00+00:00,1607.92,1608.84,1596.76,1599.63,1620.0
2026-06-01 04:34:00+00:00,1599.63,1600.45,1597.82,1598.17,2100.0
2026-06-01 04:39:00+00:00,1598.17,1612.84,1597.37,1611.05,1119.0
2026-06-01 04:44:00+00:00,1611.05,1617.03,1610.33,1616.18,1301.0
2026-06-01 04:49:00+00:00,1616.18,1616.61,1613.89,1614.48,1678.0
2026-06-01 04:54:00+00:00,1614.48,1617.07,1608.23,1613.99,1082.0
2026-06-01 04:59:00+00:00,1613.99,1618.56,1610.24,1617.51,1016.0
2026-06-01 05:04:00+00:00,1617.51,1619.72,1617.5,1619.69,958.0
2026-06-01 05:09:00+00:00,1619.69,1619.79,1618.76,1618.86,827.0
2026-06-01 05:14:00+00:00,1618.86,1623.55,1618.74,1623.43,1481.0
2026-06-01 05:19:00+00:00,1623.43,1629.06,1622.01,1624.58,843.0
2026-06-01 05:24:00+00:00,1624.58,1627.77,1613.89,1617.32,1640.0
2026-06-01 05:29:00+00:00,1617.32,1619.99,1613.49,1616.47,2046.0
2026-06-01 05:34:00+00:00,1616.47,1628.05,1614.28,1626.33,2071.0
2026-06-01 05:39:00+00:00,1626.33,1644.11,1624.99,1643.21,1539.0
2026-06-01 05:44:00+00:00,1643.21,1647.33,1627.23,1631.68,1646.0
2026-06-01 05:49:00+00:00,1631.68,1635.56,1630.73,1634.64,1924.0
2026-06-01 05:54:00+00:00,1634.64,1648.02,1631.92,1646.06,1342.0
2026-06-01 05:59:00+00:00,1646.06,1650.67,1641.52,1644.74,986.0
2026-06-01 06:04:00+00:00,1644.74,1652.01,1644.2,1650.79,1589.0
2026-06-01 06:09:00+00:00,1650.79,1667.97,1644.58,1663.9,1018.0
2026-06-01 06:14:00+00:00,1663.9,1664.75,1656.49,1658.98,1317.0
2026-06-01 06:19:00+00:00,1658.98,1659.5,1658.02,1658.36,1767.0
2026-06-01 06:24:00+00:00,1658.36,1663.87,1656.43,1663.25,1043.0
2026-06-01 06:29:00+00:00,1663.25,1663.89,1647.95,1649.32,1265.0
2026-06-01 06:34:00+00:00,1649.32,1659.05,1638.2,1652.28,1940.0
2026-06-01 06:39:00+00:00,1652.28,1652.41,1645.88,1646.07,1198.0
2026-06-01 06:44:00+00:00,1646.07,1654.87,1645.76,1654.63,1431.0
2026-06-01 06:49:00+00:00,1654.63,1659.0,1654.39,1658.89,768.0
2026-06-01 06:54:00+00:00,1658.89,1664.41,1656.47,1659.7,1529.0
2026-06-01 06:59:00+00:00,1659.7,1666.16,1648.63,1651.19,1343.0
2026-06-01 07:04:00+00:00,1651.19,1654.23,1648.74,1651.81,3458.0
2026-06-01 07:09:00+00:00,1651.81,1661.81,1644.25,1650.72,1525.0
2026-06-01 07:14:00+00:00,1650.72,1652.67,1646.36,1647.28,1438.0
2026-06-01 07:19:00+00:00,1647.28,1654.62,1644.5,1648.65,2391.0
2026-06-01 07:24:00+00:00,1648.65,1652.48,1647.94,1650.5,2127.0
2026-06-01 07:29:00+00:00,1650.5,1651.66,1635.61,1639.08,2810.0
2026-06-01 07:34:00+00:00,1639.08,1649.59,1634.82,1640.65,1802.0
2026-06-01 07:39:00+00:00,1640.65,1642.95,1640.45,1642.7,2670.0
2026-06-01 07:44:00+00:00,1642.7,1650.98,1640.48,1648.73,3130.0
2026-06-01 07:49:00+00:00,1648.73,1654.54,1647.59,1653.79,1470.0
2026-06-01 07:54:00+00:00,1653.79,1667.94,1648.44,1660.81,3219.0
2026-06-01 07:59:00+00:00,1660.81,1668.94,1644.95,1652.48,2570.0
2026-06-01 08:04:00+00:00,1652.48,1653.12,1649.74,1650.93,2685.0
2026-06-01 08:09:00+00:00,1650.93,1656.14,1649.5,1653.27,3105.0
2026-06-01 08:14:00+00:00,1653.27,1658.71,1652.73,1658.17,1644.0
2026-06-01 08:19:00+00:00,1658.17,1659.05,1653.99,1654.71,2804.0
2026-06-01 08:24:00+00:00,1654.71,1664.78,1650.35,1661.24,3228.0
2026-06-01 08:29:00+00:00,1661.24,1675.96,1659.13,1674.85,1630.0
2026-06-01 08:34:00+00:00,1674.85,1677.93,1674.2,1676.12,2656.0
2026-06-01 08:39:00+00:00,1676.12,1676.51,1668.99,1669.77,1726.0
2026-06-01 08:44:00+00:00,1669.77,1682.16,1667.07,1678.78,3527.0
2026-06-01 08:49:00+00:00,1678.78,1682.74,1676.68,1679.07,2542.0
2026-06-01 08:54:00+00:00,1679.07,1685.08,1677.23,1683.28,1299.0
2026-06-01 08:59:00+00:00,1683.28,1683.53,1681.45,1681.75,1494.0
2026-06-01 09:04:00+00:00,1681.75,1684.69,1671.14,1676.69,3035.0
2026-06-01 09:09:00+00:00,1676.69,1676.93,1671.08,1671.42,2332.0
2026-06-01 09:14:00+00:00,1671.42,1672.7,1663.46,1665.08,3752.0
2026-06-01 09:19:00+00:00,1665.08,1668.79,1658.24,1661.96,3731.0
2026-06-01 09:24:00+00:00,1661.96,1665.89,1657.65,1662.43,2463.0
2026-06-01 09:29:00+00:00,1662.43,1665.07,1657.22,1660.76,1445.0
2026-06-01 09:34:00+00:00,1660.76,1661.21,1646.84,1648.76,2724.0
2026-06-01 09:39:00+00:00,1648.76,1667.9,1648.36,1667.22,3044.0
2026-06-01 09:44:00+00:00,1667.22,1668.3,1661.38,1662.34,1886.0
2026-06-01 09:49:00+00:00,1662.34,1662.97,1662.14,1662.65,3375.0
2026-06-01 09:54:00+00:00,1662.65,1671.76,1657.67,1664.97,3179.0
2026-06-01 09:59:00+00:00,1664.97,1669.49,1656.37,1660.16,3126.0
2026-06-01 10:04:00+00:00,1660.16,1665.36,1657.36,1663.94,2621.0
2026-06-01 10:09:00+00:00,1663.94,1678.14,1662.26,1677.19,2440.0
2026-06-01 10:14:00+00:00,1677.19,1679.75,1673.11,1676.22,1309.0
2026-06-01 10:19:00+00:00,1676.22,1685.74,1674.04,1678.57,1544.0
2026-06-01 10:24:00+00:00,1678.57,1693.33,1673.29,1687.43,3769.0
2026-06-01 10:29:00+00:00,1687.43,1696.37,1684.95,1692.43,2582.0
2026-06-01 10:34:00+00:00,1692.43,1694.71,1691.02,1693.31,2633.0
2026-06-01 10:39:00+00:00,1693.31,1695.7,1692.82,1695.25,1711.0
2026-06-01 10:44:00+00:00,1695.25,1699.23,1691.84,1695.44,2758.0
2026-06-01 10:49:00+00:00,1695.44,1702.47,1689.89,1700.28,2024.0
2026-06-01 10:54:00+00:00,1700.28,1709.36,1695.7,1705.81,1459.0
2026-06-01 10:59:00+00:00,1705.81,1706.13,1696.21,1696.74,2122.0
2026-06-01 11:04:00+00:00,1696.74,1700.23,1678.4,1682.85,2015.0
2026-06-01 11:09:00+00:00,1682.85,1683.56,1676.2,1676.76,3839.0
2026-06-01 11:14:00+00:00,1676.76,1681.09,1675.04,1679.12,2328.0
2026-06-01 11:19:00+00:00,1679.12,1679.73,1675.47,1675.88,2036.0
2026-06-01 11:24:00+00:00,1675.88,1676.66,1674.61,1675.57,3048.0
2026-06-01 11:29:00+00:00,1675.57,1679.32,1673.43,1676.56,1953.0
2026-06-01 11:34:00+00:00,1676.56,1679.05,1661.43,1666.54,3457.0
2026-06-01 11:39:00+00:00,1666.54,1668.06,1663.97,1665.18,3426.0
2026-06-01 11:44:00+00:00,1665.18,1665.33,1662.3,1662.38,2548.0
2026-06-01 11:49:00+00:00,1662.38,1666.42,1658.1,1664.17,1294.0
2026-06-01 11:54:00+00:00,1664.17,1665.69,1659.27,1659.71,2442.0
2026-06-01 11:59:00+00:00,1659.71,1668.3,1658.02,1665.57,1624.0
2026-06-01 12:04:00+00:00,1665.57,1670.02,1660.78,1664.37,1490.0
2026-06-01 12:09:00+00:00,1664.37,1678.77,1663.59,1678.52,1504.0
2026-06-01 12:14:00+00:00,1678.52,1682.06,1664.0,1670.05,1390.0
2026-06-01 12:19:00+00:00,1670.05,1671.33,1657.58,1659.35,3780.0
2026-06-01 12:24:00+00:00,1659.35,1661.05,1658.65,1660.63,1810.0
2026-06-01 12:29:00+00:00,1660.63,1661.21,1657.86,1659.18,1623.0
2026-06-01 12:34:00+00:00,1659.18,1661.1,1647.08,1652.91,3347.0
2026-06-01 12:39:00+00:00,1652.91,1660.13,1644.38,1652.32,3109.0
2026-06-01 12:44:00+00:00,1652.32,1652.48,1647.66,1648.12,2506.0
2026-06-01 12:49:00+00:00,1648.12,1649.45,1641.67,1642.66,3189.0
2026-06-01 12:54:00+00:00,1642.66,1647.22,1637.3,1639.17,3508.0
2026-06-01 12:59:00+00:00,1639.17,1642.07,1634.95,1637.16,1648.0
2026-06-01 13:04:00+00:00,1637.16,1644.79,1624.99,1630.85,2927.0
2026-06-01 13:09:00+00:00,1630.85,1636.14,1627.88,1633.81,3468.0
2026-06-01 13:14:00+00:00,1633.81,1642.25,1629.38,1637.09,3280.0
2026-06-01 13:19:00+00:00,1637.09,1646.05,1632.12,1636.02,2316.0
2026-06-01 13:24:00+00:00,1636.02,1646.54,1631.04,1635.37,2342.0
2026-06-01 13:29:00+00:00,1635.37,1639.45,1632.94,1637.87,2757.0
2026-06-01 13:34:00+00:00,1637.87,1638.54,1628.06,1628.84,3111.0
2026-06-01 13:39:00+00:00,1628.84,1632.77,1628.09,1631.4,3844.0
2026-06-01 13:44:00+00:00,1631.4,1632.93,1623.46,1625.17,1417.0
2026-06-01 13:49:00+00:00,1625.17,1635.41,1623.96,1632.45,1288.0
2026-06-01 13:54:00+00:00,1632.45,1635.16,1630.31,1631.68,1956.0
2026-06-01 13:59:00+00:00,1631.68,1632.11,1621.71,1622.02,3650.0
2026-06-01 14:04:00+00:00,1622.02,1627.75,1620.0,1625.01,1595.0
2026-06-01 14:09:00+00:00,1625.01,1628.91,1620.29,1622.52,2226.0
2026-06-01 14:14:00+00:00,1622.52,1627.94,1616.5,1624.26,2771.0
2026-06-01 14:19:00+00:00,1624.26,1627.02,1622.58,1625.25,3296.0
2026-06-01 14:24:00+00:00,1625.25,1628.02,1624.39,1626.77,1343.0
2026-06-01 14:29:00+00:00,1626.77,1632.88,1616.99,1622.28,3059.0
2026-06-01 14:34:00+00:00,1622.28,1623.7,1618.58,1622.02,2562.0
2026-06-01 14:39:00+00:00,1622.02,1625.05,1614.26,1615.62,2255.0
2026-06-01 14:44:00+00:00,1615.62,1616.59,1604.32,1605.65,2541.0
2026-06-01 14:49:00+00:00,1605.65,1607.79,1603.72,1606.91,2540.0
2026-06-01 14:54:00+00:00,1606.91,1612.64,1602.6,1608.2,2961.0
2026-06-01 14:59:00+00:00,1608.2,1610.13,1604.94,1606.85,1684.0
2026-06-01 15:04:00+00:00,1606.85,1619.22,1606.2,1618.8,2334.0
2026-06-01 15:09:00+00:00,1618.8,1629.08,1611.1,1619.92,2646.0
2026-06-01 15:14:00+00:00,1619.92,1628.74,1607.57,1620.11,2919.0
2026-06-01 15:19:00+00:00,1620.11,1633.84,1614.83,1625.79,1571.0
2026-06-01 15:24:00+00:00,1625.79,1630.44,1623.3,1629.08,2598.0
2026-06-01 15:29:00+00:00,1629.08,1636.47,1625.42,1633.48,3436.0
2026-06-01 15:34:00+00:00,1633.48,1642.17,1627.16,1630.17,3539.0
2026-06-01 15:39:00+00:00,1630.17,1631.19,1620.89,1621.36,1774.0
2026-06-01 15:44:00+00:00,1621.36,1630.66,1619.25,1627.98,2267.0
2026-06-01 15:49:00+00:00,1627.98,1632.41,1623.02,1629.69,3298.0
2026-06-01 15:54:00+00:00,1629.69,1635.17,1621.54,1626.58,3826.0
2026-06-01 15:59:00+00:00,1626.58,1631.92,1626.34,1631.62,1998.0
2026-06-01 16:04:00+00:00,1631.62,1632.01,1622.76,1623.16,1435.0
2026-06-01 16:09:00+00:00,1623.16,1623.52,1621.6,1622.1,2794.0
2026-06-01 16:14:00+00:00,1622.1,1627.76,1621.68,1627.24,3707.0
2026-06-01 16:19:00+00:00,1627.24,1630.17,1627.22,1630.13,1945.0
2026-06-01 16:24:00+00:00,1630.13,1631.53,1624.33,1624.75,2460.0
2026-06-01 16:29:00+00:00,1624.75,1631.13,1611.3,1612.99,3314.0
2026-06-01 16:34:00+00:00,1612.99,1613.54,1608.93,1609.44,2166.0
2026-06-01 16:39:00+00:00,1609.44,1615.07,1608.19,1612.76,3037.0
2026-06-01 16:44:00+00:00,1612.76,1624.23,1610.64,1621.3,1340.0
2026-06-01 16:49:00+00:00,1621.3,1626.66,1615.34,1623.26,1597.0
2026-06-01 16:54:00+00:00,1623.26,1624.66,1614.91,1618.08,2629.0
2026-06-01 16:59:00+00:00,1618.08,1629.19,1614.13,1624.21,3531.0
2026-06-01 17:04:00+00:00,1624.21,1624.59,1623.78,1624.13,1593.0
2026-06-01 17:09:00+00:00,1624.13,1631.73,1611.31,1619.79,2122.0
2026-06-01 17:14:00+00:00,1619.79,1632.68,1617.04,1630.28,1247.0
2026-06-01 17:19:00+00:00,1630.28,1633.14,1621.74,1623.25,1468.0
2026-06-01 17:24:00+00:00,1623.25,1624.3,1619.9,1620.77,852.0
2026-06-01 17:29:00+00:00,1620.77,1628.42,1616.42,1623.86,2194.0
2026-06-01 17:34:00+00:00,1623.86,1635.45,1621.91,1633.18,1132.0
2026-06-01 17:39:00+00:00,1633.18,1640.96,1630.42,1636.24,1527.0
2026-06-01 17:44:00+00:00,1636.24,1640.27,1635.07,1638.55,2196.0
2026-06-01 17:49:00+00:00,1638.55,1642.87,1632.33,1635.31,949.0
2026-06-01 17:54:00+00:00,1635.31,1635.62,1629.42,1629.93,1626.0
2026-06-01 17:59:00+00:00,1629.93,1635.94,1622.57,1631.24,862.0
2026-06-01 18:04:00+00:00,1631.24,1643.25,1628.3,1639.61,1058.0
2026-06-01 18:09:00+00:00,1639.61,1641.24,1630.99,1634.89,1600.0
2026-06-01 18:14:00+00:00,1634.89,1642.86,1630.61,1636.43,1104.0
2026-06-01 18:19:00+00:00,1636.43,1638.74,1630.25,1636.37,919.0
2026-06-01 18:24:00+00:00,1636.37,1649.49,1611.94,1626.68,1390.0
2026-06-01 18:29:00+00:00,1626.68,1630.62,1624.3,1625.66,1578.0
2026-06-01 18:34:00+00:00,1625.66,1626.27,1619.62,1620.67,2082.0
2026-06-01 18:39:00+00:00,1620.67,1625.29,1617.35,1621.87,1175.0
2026-06-01 18:44:00+00:00,1621.87,1622.78,1616.73,1617.68,992.0
2026-06-01 18:49:00+00:00,1617.68,1621.97,1610.04,1614.73,742.0
2026-06-01 18:54:00+00:00,1614.73,1623.44,1613.71,1620.75,1035.0
2026-06-01 18:59:00+00:00,1620.75,1623.24,1619.79,1622.6,938.0
2026-06-01 19:04:00+00:00,1622.6,1628.7,1616.16,1619.2,1250.0
2026-06-01 19:09:00+00:00,1619.2,1622.26,1606.53,1608.71,2100.0
2026-06-01 19:14:00+00:00,1608.71,1623.68,1606.24,1621.19,1786.0
2026-06-01 19:19:00+00:00,1621.19,1626.44,1618.19,1619.77,1537.0
2026-06-01 19:24:00+00:00,1619.77,1622.74,1609.58,1614.49,1622.0
2026-06-01 19:29:00+00:00,1614.49,1622.82,1612.3,1615.52,809.0
2026-06-01 19:34:00+00:00,1615.52,1617.16,1610.41,1613.34,1276.0
2026-06-01 19:39:00+00:00,1613.34,1615.82,1609.59,1612.71,1700.0
2026-06-01 19:44:00+00:00,1612.71,1616.87,1612.64,1616.81,1998.0
2026-06-01 19:49:00+00:00,1616.81,1619.66,1616.37,1618.88,795.0
2026-06-01 19:54:00+00:00,1618.88,1620.38,1617.94,1618.84,927.0
2026-06-01 19:59:00+00:00,1618.84,1625.75,1616.72,1621.53,1962.0
2026-06-01 20:04:00+00:00,1621.53,1625.34,1604.54,1607.86,1042.0
2026-06-01 20:09:00+00:00,1607.86,1616.87,1604.97,1610.11,1433.0
2026-06-01 20:14:00+00:00,1610.11,1622.24,1606.2,1615.72,2172.0
2026-06-01 20:19:00+00:00,1615.72,1621.94,1611.6,1620.04,1710.0
2026-06-01 20:24:00+00:00,1620.04,1626.58,1618.84,1625.55,1895.0
2026-06-01 20:29:00+00:00,1625.55,1631.09,1625.48,1631.06,1062.0
2026-06-01 20:34:00+00:00,1631.06,1634.89,1622.25,1627.98,762.0
2026-06-01 20:39:00+00:00,1627.98,1630.65,1627.79,1630.34,1435.0
2026-06-01 20:44:00+00:00,1630.34,1633.78,1629.67,1632.75,1530.0
2026-06-01 20:49:00+00:00,1632.75,1641.25,1625.85,1635.82,966.0
2026-06-01 20:54:00+00:00,1635.82,1636.43,1631.41,1631.82,1086.0
2026-06-01 20:59:00+00:00,1631.82,1633.66,1631.78,1633.63,1586.0
2026-06-01 21:04:00+00:00,1633.63,1639.87,1630.92,1635.34,1676.0
2026-06-01 21:09:00+00:00,1635.34,1641.15,1631.34,1635.4,1064.0
2026-06-01 21:14:00+00:00,1635.4,1643.69,1631.79,1637.59,1418.0
2026-06-01 21:19:00+00:00,1637.59,1637.93,1637.4,1637.77,835.0
2026-06-01 21:24:00+00:00,1637.77,1642.74,1636.31,1641.82,2038.0
2026-06-01 21:29:00+00:00,1641.82,1643.22,1635.09,1635.52,2005.0
2026-06-01 21:34:00+00:00,1635.52,1636.59,1632.86,1634.04,998.0
2026-06-01 21:39:00+00:00,1634.04,1638.15,1633.0,1637.18,1102.0
2026-06-01 21:44:00+00:00,1637.18,1643.04,1636.08,1641.35,1398.0
2026-06-01 21:49:00+00:00,1641.35,1647.1,1636.86,1639.51,1765.0
2026-06-01 21:54:00+00:00,1639.51,1640.65,1634.45,1635.42,2182.0
2026-06-01 21:59:00+00:00,1635.42,1638.53,1622.93,1629.36,1526.0
2026-06-01 22:04:00+00:00,1629.36,1633.78,1616.98,1621.28,1584.0
2026-06-01 22:09:00+00:00,1621.28,1632.47,1617.81,1628.91,826.0
2026-06-01 22:14:00+00:00,1628.91,1640.25,1621.48,1626.31,1000.0
2026-06-01 22:19:00+00:00,1626.31,1630.05,1617.68,1621.59,904.0
2026-06-01 22:24:00+00:00,1621.59,1639.76,1611.2,1631.16,1828.0
2026-06-01 22:29:00+00:00,1631.16,1633.38,1625.68,1627.84,2139.0
2026-06-01 22:34:00+00:00,1627.84,1642.99,1624.0,1637.47,2056.0
2026-06-01 22:39:00+00:00,1637.47,1639.63,1632.59,1634.52,2023.0
2026-06-01 22:44:00+00:00,1634.52,1635.16,1626.04,1628.13,762.0
2026-06-01 22:49:00+00:00,1628.13,1638.96,1611.4,1620.34,1798.0
2026-06-01 22:54:00+00:00,1620.34,1628.47,1618.71,1626.57,1602.0
2026-06-01 22:59:00+00:00,1626.57,1631.53,1626.32,1631.2,1045.0
2026-06-01 23:04:00+00:00,1631.2,1637.78,1628.13,1634.12,1239.0
2026-06-01 23:09:00+00:00,1634.12,1634.83,1631.36,1633.37,1377.0
2026-06-01 23:14:00+00:00,1633.37,1633.43,1632.08,1632.28,1452.0
2026-06-01 23:19:00+00:00,1632.28,1633.76,1629.73,1630.82,1641.0
2026-06-01 23:24:00+00:00,1630.82,1640.79,1628.45,1637.92,2114.0
2026-06-01 23:29:00+00:00,1637.92,1645.04,1632.22,1638.49,755.0
2026-06-01 23:34:00+00:00,1638.49,1646.02,1627.53,1631.91,1834.0
2026-06-01 23:39:00+00:00,1631.91,1633.24,1626.6,1630.2,1990.0
2026-06-01 23:44:00+00:00,1630.2,1631.1,1624.67,1628.49,1058.0
2026-06-01 23:49:00+00:00,1628.49,1644.69,1626.85,1643.08,1579.0
2026-06-01 23:54:00+00:00,1643.08,1645.82,1640.37,1643.54,1105.0
2026-06-01 23:59:00+00:00,1643.54,1646.16,1635.2,1639.29,1829.0
2026-06-02 00:04:00+00:00,1639.29,1641.22,1625.99,1627.99,2109.0
2026-06-02 00:09:00+00:00,1627.99,1634.09,1619.43,1624.78,1547.0
2026-06-02 00:14:00+00:00,1624.78,1626.62,1613.13,1614.72,1938.0
2026-06-02 00:19:00+00:00,1614.72,1632.79,1610.03,1629.79,1358.0
2026-06-02 00:24:00+00:00,1629.79,1630.77,1619.02,1619.67,1378.0
2026-06-02 00:29:00+00:00,1619.67,1627.32,1618.1,1625.74,1562.0
2026-06-02 00:34:00+00:00,1625.74,1626.22,1622.84,1623.29,1480.0
2026-06-02 00:39:00+00:00,1623.29,1626.09,1620.24,1621.19,965.0
2026-06-02 00:44:00+00:00,1621.19,1634.08,1619.87,1631.19,1998.0
2026-06-02 00:49:00+00:00,1631.19,1633.96,1622.86,1625.57,1269.0
2026-06-02 00:54:00+00:00,1625.57,1625.83,1622.59,1622.84,1099.0
2026-06-02 00:59:00+00:00,1622.84,1642.94,1612.1,1630.44,1436.0
2026-06-02 01:04:00+00:00,1630.44,1637.93,1629.35,1636.64,1541.0
2026-06-02 01:09:00+00:00,1636.64,1636.73,1633.1,1633.32,1454.0
2026-06-02 01:14:00+00:00,1633.32,1645.54,1628.2,1634.61,1118.0
2026-06-02 01:19:00+00:00,1634.61,1639.25,1624.7,1628.77,2090.0
2026-06-02 01:24:00+00:00,1628.77,1631.65,1623.72,1625.89,1109.0
2026-06-02 01:29:00+00:00,1625.89,1627.85,1619.73,1621.58,1340.0
2026-06-02 01:34:00+00:00,1621.58,1625.94,1606.32,1609.0,1426.0
2026-06-02 01:39:00+00:00,1609.0,1617.47,1601.61,1604.24,1650.0
2026-06-02 01:44:00+00:00,1604.24,1605.19,1602.38,1603.57,2002.0
2026-06-02 01:49:00+00:00,1603.57,1605.29,1595.66,1597.61,1800.0
2026-06-02 01:54:00+00:00,1597.61,1599.5,1590.4,1592.43,1474.0
2026-06-02 01:59:00+00:00,1592.43,1593.18,1586.55,1586.85,931.0
2026-06-02 02:04:00+00:00,1586.85,1588.32,1585.27,1586.33,932.0
2026-06-02 02:09:00+00:00,1586.33,1589.55,1575.89,1580.27,2050.0
2026-06-02 02:14:00+00:00,1580.27,1580.39,1576.01,1576.22,1934.0
2026-06-02 02:19:00+00:00,1576.22,1578.07,1564.72,1569.08,1382.0
2026-06-02 02:24:00+00:00,1569.08,1569.4,1564.27,1564.46,1838.0
2026-06-02 02:29:00+00:00,1564.46,1567.83,1556.89,1560.58,797.0
2026-06-02 02:34:00+00:00,1560.58,1565.71,1551.83,1553.87,2090.0
2026-06-02 02:39:00+00:00,1553.87,1563.42,1544.65,1551.82,2094.0
2026-06-02 02:44:00+00:00,1551.82,1558.87,1549.25,1557.84,849.0
2026-06-02 02:49:00+00:00,1557.84,1559.47,1556.65,1558.42,408.0
2026-06-02 02:54:00+00:00,1558.42,1562.87,1557.64,1562.67,518.0
2026-06-02 02:59:00+00:00,1562.67,1565.7,1560.01,1563.05,877.0
2026-06-02 03:04:00+00:00,1563.05,1564.59,1560.31,1561.08,962.0
2026-06-02 03:09:00+00:00,1561.08,1561.15,1558.74,1559.0,937.0
2026-06-02 03:14:00+00:00,1559.0,1562.78,1556.13,1560.32,915.0
2026-06-02 03:19:00+00:00,1560.32,1563.53,1559.87,1562.44,906.0
2026-06-02 03:24:00+00:00,1562.44,1569.05,1559.12,1564.71,896.0
2026-06-02 03:29:00+00:00,1564.71,1565.57,1564.57,1565.31,982.0
2026-06-02 03:34:00+00:00,1565.31,1566.72,1564.92,1566.05,428.0
2026-06-02 03:39:00+00:00,1566.05,1566.16,1565.79,1565.9,532.0
2026-06-02 03:44:00+00:00,1565.9,1569.68,1565.17,1569.04,666.0
2026-06-02 03:49:00+00:00,1569.04,1572.08,1565.92,1568.83,433.0
2026-06-02 03:54:00+00:00,1568.83,1570.71,1558.87,1564.64,466.0
2026-06-02 03:59:00+00:00,1564.64,1565.84,1564.61,1565.75,706.0
2026-06-02 04:04:00+00:00,1565.75,1572.25,1564.85,1570.67,404.0
2026-06-02 04:09:00+00:00,1570.67,1571.53,1568.1,1569.88,461.0
2026-06-02 04:14:00+00:00,1569.88,1570.88,1563.51,1563.95,427.0
2026-06-02 04:19:00+00:00,1563.95,1566.13,1563.19,1564.81,450.0
2026-06-02 04:24:00+00:00,1564.81,1567.41,1563.86,1566.88,958.0
2026-06-02 04:29:00+00:00,1566.88,1567.48,1563.7,1564.31,558.0
2026-06-02 04:34:00+00:00,1564.31,1565.81,1561.51,1562.9,881.0
2026-06-02 04:39:00+00:00,1562.9,1563.23,1560.92,1561.21,958.0
2026-06-02 04:44:00+00:00,1561.21,1562.39,1561.09,1562.25,397.0
2026-06-02 04:49:00+00:00,1562.25,1563.17,1561.17,1562.87,541.0
2026-06-02 04:54:00+00:00,1562.87,1567.28,1559.9,1564.97,336.0
2026-06-02 04:59:00+00:00,1564.97,1565.69,1559.16,1559.78,897.0
2026-06-02 05:04:00+00:00,1559.78,1563.81,1556.99,1560.13,964.0
2026-06-02 05:09:00+00:00,1560.13,1563.06,1558.7,1562.54,338.0
2026-06-02 05:14:00+00:00,1562.54,1562.86,1560.64,1560.82,696.0
2026-06-02 05:19:00+00:00,1560.82,1562.6,1560.75,1562.48,870.0
2026-06-02 05:24:00+00:00,1562.48,1564.05,1561.8,1563.76,721.0
2026-06-02 05:29:00+00:00,1563.76,1566.01,1561.2,1564.94,640.0
2026-06-02 05:34:00+00:00,1564.94,1566.0,1562.84,1565.47,604.0
2026-06-02 05:39:00+00:00,1565.47,1569.26,1564.15,1567.47,346.0
2026-06-02 05:44:00+00:00,1567.47,1568.35,1561.07,1562.01,635.0
2026-06-02 05:49:00+00:00,1562.01,1564.33,1554.58,1555.85,473.0
2026-06-02 05:54:00+00:00,1555.85,1555.98,1553.75,1553.91,539.0
2026-06-02 05:59:00+00:00,1553.91,1558.5,1548.01,1550.99,474.0
2026-06-02 06:04:00+00:00,1550.99,1554.7,1550.55,1554.41,737.0
2026-06-02 06:09:00+00:00,1554.41,1555.12,1549.22,1550.04,836.0
2026-06-02 06:14:00+00:00,1550.04,1550.6,1547.58,1548.06,780.0
2026-06-02 06:19:00+00:00,1548.06,1549.56,1546.76,1548.49,814.0
2026-06-02 06:24:00+00:00,1548.49,1550.05,1544.07,1544.9,562.0
2026-06-02 06:29:00+00:00,1544.9,1545.84,1544.06,1544.71,858.0
2026-06-02 06:34:00+00:00,1544.71,1546.94,1541.91,1545.35,535.0
2026-06-02 06:39:00+00:00,1545.35,1546.35,1544.98,1545.43,642.0
2026-06-02 06:44:00+00:00,1545.43,1545.57,1540.84,1541.14,328.0
2026-06-02 06:49:00+00:00,1541.14,1542.2,1539.84,1541.41,625.0
2026-06-02 06:54:00+00:00,1541.41,1543.79,1540.04,1543.18,846.0
2026-06-02 06:59:00+00:00,1543.18,1543.49,1538.3,1539.66,566.0
2026-06-02 07:04:00+00:00,1539.66,1540.13,1538.8,1539.78,1291.0
2026-06-02 07:09:00+00:00,1539.78,1545.21,1538.07,1539.6,864.0
2026-06-02 07:14:00+00:00,1539.6,1540.55,1537.52,1538.86,767.0
2026-06-02 07:19:00+00:00,1538.86,1538.92,1536.38,1536.45,1578.0
2026-06-02 07:24:00+00:00,1536.45,1539.9,1534.79,1538.64,1260.0
2026-06-02 07:29:00+00:00,1538.64,1538.75,1537.66,1537.76,769.0
2026-06-02 07:34:00+00:00,1537.76,1542.39,1537.4,1541.96,1669.0
2026-06-02 07:39:00+00:00,1541.96,1542.66,1541.87,1542.63,1499.0
2026-06-02 07:44:00+00:00,1542.63,1542.85,1540.94,1540.99,1498.0
2026-06-02 07:49:00+00:00,1540.99,1544.06,1538.21,1540.0,1306.0
2026-06-02 07:54:00+00:00,1540.0,1541.42,1536.97,1538.44,650.0
2026-06-02 07:59:00+00:00,1538.44,1539.83,1535.22,1536.64,1336.0
2026-06-02 08:04:00+00:00,1536.64,1539.54,1536.2,1538.87,1011.0
2026-06-02 08:09:00+00:00,1538.87,1539.86,1535.85,1536.88,1485.0
2026-06-02 08:14:00+00:00,1536.88,1538.68,1531.66,1535.47,1274.0
2026-06-02 08:19:00+00:00,1535.47,1538.41,1530.88,1531.88,1660.0
2026-06-02 08:24:00+00:00,1531.88,1534.94,1530.0,1531.87,1677.0
2026-06-02 08:29:00+00:00,1531.87,1534.77,1528.86,1531.66,1401.0
2026-06-02 08:34:00+00:00,1531.66,1537.41,1529.25,1534.76,731.0
2026-06-02 08:39:00+00:00,1534.76,1535.54,1534.24,1535.21,652.0
2026-06-02 08:44:00+00:00,1535.21,1537.27,1534.42,1535.88,890.0
2026-06-02 08:49:00+00:00,1535.88,1541.78,1532.51,1538.91,713.0
2026-06-02 08:54:00+00:00,1538.91,1541.96,1537.97,1541.39,969.0
2026-06-02 08:59:00+00:00,1541.39,1542.65,1539.08,1541.32,1544.0
2026-06-02 09:04:00+00:00,1541.32,1544.19,1537.0,1539.52,883.0
2026-06-02 09:09:00+00:00,1539.52,1539.99,1538.52,1538.9,1441.0
2026-06-02 09:14:00+00:00,1538.9,1541.84,1536.16,1540.57,1665.0
2026-06-02 09:19:00+00:00,1540.57,1542.0,1536.95,1538.56,1403.0
2026-06-02 09:24:00+00:00,1538.56,1539.71,1536.22,1537.03,1204.0
2026-06-02 09:29:00+00:00,1537.03,1538.78,1531.09,1532.35,1620.0
2026-06-02 09:34:00+00:00,1532.35,1536.93,1530.98,1535.75,948.0
2026-06-02 09:39:00+00:00,1535.75,1537.83,1532.23,1534.2,1183.0
2026-06-02 09:44:00+00:00,1534.2,1535.48,1532.38,1532.95,1527.0
2026-06-02 09:49:00+00:00,1532.95,1535.65,1531.69,1532.94,703.0
2026-06-02 09:54:00+00:00,1532.94,1532.99,1528.83,1528.87,1051.0
2026-06-02 09:59:00+00:00,1528.87,1533.08,1528.58,1532.57,829.0
2026-06-02 10:04:00+00:00,1532.57,1538.65,1528.72,1536.71,1581.0
2026-06-02 10:09:00+00:00,1536.71,1542.4,1536.23,1542.13,991.0
2026-06-02 10:14:00+00:00,1542.13,1542.5,1538.58,1539.84,988.0
2026-06-02 10:19:00+00:00,1539.84,1542.35,1535.7,1539.01,1007.0
2026-06-02 10:24:00+00:00,1539.01,1540.88,1536.77,1538.42,1702.0
2026-06-02 10:29:00+00:00,1538.42,1541.57,1535.37,1539.28,815.0
2026-06-02 10:34:00+00:00,1539.28,1540.49,1535.81,1536.72,1438.0
2026-06-02 10:39:00+00:00,1536.72,1538.36,1535.21,1537.94,1516.0
2026-06-02 10:44:00+00:00,1537.94,1541.94,1532.76,1533.81,1033.0
2026-06-02 10:49:00+00:00,1533.81,1536.41,1530.34,1532.52,1162.0
2026-06-02 10:54:00+00:00,1532.52,1537.51,1531.64,1534.22,1639.0
2026-06-02 10:59:00+00:00,1534.22,1537.23,1532.32,1533.35,935.0
2026-06-02 11:04:00+00:00,1533.35,1534.79,1529.8,1531.35,1483.0
2026-06-02 11:09:00+00:00,1531.35,1534.57,1531.13,1534.36,664.0
2026-06-02 11:14:00+00:00,1534.36,1536.39,1528.23,1532.36,790.0
2026-06-02 11:19:00+00:00,1532.36,1534.45,1531.01,1533.02,816.0
2026-06-02 11:24:00+00:00,1533.02,1534.12,1529.66,1530.08,1420.0
2026-06-02 11:29:00+00:00,1530.08,1534.35,1528.12,1531.9,1355.0
2026-06-02 11:34:00+00:00,1531.9,1534.19,1528.77,1531.73,1071.0
2026-06-02 11:39:00+00:00,1531.73,1533.42,1530.53,1532.81,1649.0
2026-06-02 11:44:00+00:00,1532.81,1533.44,1530.88,1531.59,1477.0
2026-06-02 11:49:00+00:00,1531.59,1535.21,1525.93,1528.69,1488.0
2026-06-02 11:54:00+00:00,1528.69,1532.38,1528.06,1532.02,1695.0
2026-06-02 11:59:00+00:00,1532.02,1534.39,1531.32,1531.98,1663.0
2026-06-02 12:04:00+00:00,1531.98,1537.1,1530.17,1533.53,1372.0
2026-06-02 12:09:00+00:00,1533.53,1537.75,1531.53,1535.68,1368.0
2026-06-02 12:14:00+00:00,1535.68,1536.03,1530.36,1530.64,1336.0
2026-06-02 12:19:00+00:00,1530.64,1532.42,1525.6,1528.42,1483.0
2026-06-02 12:24:00+00:00,1528.42,1529.06,1525.85,1526.42,998.0
2026-06-02 12:29:00+00:00,1526.42,1526.53,1522.0,1522.17,722.0
2026-06-02 12:34:00+00:00,1522.17,1525.61,1519.97,1521.05,937.0
2026-06-02 12:39:00+00:00,1521.05,1524.12,1514.74,1517.61,1002.0
2026-06-02 12:44:00+00:00,1517.61,1517.87,1514.49,1515.14,944.0
2026-06-02 12:49:00+00:00,1515.14,1515.29,1514.57,1514.87,855.0
2026-06-02 12:54:00+00:00,1514.87,1516.78,1511.34,1515.35,708.0
2026-06-02 12:59:00+00:00,1515.35,1515.59,1511.58,1511.99,1275.0
2026-06-02 13:04:00+00:00,1511.99,1513.55,1509.88,1510.66,1641.0
2026-06-02 13:09:00+00:00,1510.66,1513.14,1506.97,1507.93,956.0
2026-06-02 13:14:00+00:00,1507.93,1508.44,1506.35,1507.49,804.0
2026-06-02 13:19:00+00:00,1507.49,1507.86,1506.2,1506.72,657.0
2026-06-02 13:24:00+00:00,1506.72,1506.92,1506.32,1506.49,1599.0
2026-06-02 13:29:00+00:00,1506.49,1506.52,1503.45,1503.5,1158.0
2026-06-02 13:34:00+00:00,1503.5,1505.95,1502.65,1504.7,630.0
2026-06-02 13:39:00+00:00,1504.7,1505.7,1502.44,1503.52,822.0
2026-06-02 13:44:00+00:00,1503.52,1503.91,1501.96,1502.82,973.0
2026-06-02 13:49:00+00:00,1502.82,1503.69,1500.43,1503.08,1208.0
2026-06-02 13:54:00+00:00,1503.08,1506.6,1502.22,1504.04,1347.0
2026-06-02 13:59:00+00:00,1504.04,1506.52,1500.14,1502.86,1084.0
2026-06-02 14:04:00+00:00,1502.86,1503.29,1500.43,1500.75,1604.0
2026-06-02 14:09:00+00:00,1500.75,1500.78,1496.31,1496.43,987.0
2026-06-02 14:14:00+00:00,1496.43,1497.39,1493.43,1494.19,1011.0
2026-06-02 14:19:00+00:00,1494.19,1494.93,1492.49,1493.8,1532.0
2026-06-02 14:24:00+00:00,1493.8,1495.12,1489.91,1492.9,1337.0
2026-06-02 14:29:00+00:00,1492.9,1496.56,1492.85,1496.53,1618.0
2026-06-02 14:34:00+00:00,1496.53,1498.16,1495.81,1497.7,680.0
2026-06-02 14:39:00+00:00,1497.7,1501.56,1495.61,1498.97,1110.0
2026-06-02 14:44:00+00:00,1498.97,1500.19,1494.97,1495.85,865.0
2026-06-02 14:49:00+00:00,1495.85,1500.11,1494.1,1496.63,1422.0
2026-06-02 14:54:00+00:00,1496.63,1499.24,1492.71,1498.28,959.0
2026-06-02 14:59:00+00:00,1498.28,1501.6,1496.24,1500.09,636.0
2026-06-02 15:04:00+00:00,1500.09,1500.81,1498.21,1498.85,615.0
2026-06-02 15:09:00+00:00,1498.85,1504.96,1497.19,1503.43,928.0
2026-06-02 15:14:00+00:00,1503.43,1504.53,1502.37,1502.98,1011.0
2026-06-02 15:19:00+00:00,1502.98,1505.7,1502.86,1505.58,1595.0
2026-06-02 15:24:00+00:00,1505.58,1509.41,1504.72,1507.23,617.0
2026-06-02 15:29:00+00:00,1507.23,1509.78,1505.18,1506.52,1200.0
2026-06-02 15:34:00+00:00,1506.52,1510.39,1505.78,1509.58,906.0
2026-06-02 15:39:00+00:00,1509.58,1512.31,1509.51,1512.28,595.0
2026-06-02 15:44:00+00:00,1512.28,1514.81,1512.06,1514.48,1347.0
2026-06-02 15:49:00+00:00,1514.48,1517.95,1512.88,1517.23,1544.0
2026-06-02 15:54:00+00:00,1517.23,1517.55,1517.17,1517.4,1441.0
2026-06-02 15:59:00+00:00,1517.4,1517.67,1515.88,1516.65,1245.0
2026-06-02 16:04:00+00:00,1516.65,1516.96,1515.47,1515.77,1393.0
2026-06-02 16:09:00+00:00,1515.77,1519.89,1515.72,1519.83,1281.0
2026-06-02 16:14:00+00:00,1519.83,1520.24,1516.06,1516.8,1625.0
2026-06-02 16:19:00+00:00,1516.8,1518.0,1514.37,1514.89,1176.0
2026-06-02 16:24:00+00:00,1514.89,1520.14,1512.31,1517.81,601.0
2026-06-02 16:29:00+00:00,1517.81,1518.58,1514.83,1515.71,1574.0
2026-06-02 16:34:00+00:00,1515.71,1517.4,1515.2,1516.87,696.0
2026-06-02 16:39:00+00:00,1516.87,1517.77,1513.53,1513.87,645.0
2026-06-02 16:44:00+00:00,1513.87,1516.94,1513.45,1516.43,951.0
2026-06-02 16:49:00+00:00,1516.43,1517.58,1514.3,1517.07,945.0
2026-06-02 16:54:00+00:00,1517.07,1520.17,1512.3,1513.71,1498.0
2026-06-02 16:59:00+00:00,1513.71,1516.76,1507.94,1511.08,1018.0
2026-06-02 17:04:00+00:00,1511.08,1515.92,1510.7,1515.41,711.0
2026-06-02 17:09:00+00:00,1515.41,1519.97,1514.82,1519.62,775.0
2026-06-02 17:14:00+00:00,1519.62,1520.22,1519.37,1520.04,442.0
2026-06-02 17:19:00+00:00,1520.04,1525.49,1519.76,1525.1,792.0
2026-06-02 17:24:00+00:00,1525.1,1527.82,1524.73,1526.65,648.0
2026-06-02 17:29:00+00:00,1526.65,1528.26,1522.13,1523.38,458.0
2026-06-02 17:34:00+00:00,1523.38,1524.06,1520.19,1521.17,797.0
2026-06-02 17:39:00+00:00,1521.17,1526.33,1518.42,1522.51,906.0
2026-06-02 17:44:00+00:00,1522.51,1524.42,1518.35,1519.91,558.0
2026-06-02 17:49:00+00:00,1519.91,1520.02,1517.25,1517.7,965.0
2026-06-02 17:54:00+00:00,1517.7,1525.38,1514.01,1522.0,527.0
2026-06-02 17:59:00+00:00,1522.0,1529.29,1520.13,1527.77,583.0
2026-06-02 18:04:00+00:00,1527.77,1531.05,1527.32,1530.59,805.0
2026-06-02 18:09:00+00:00,1530.59,1531.01,1528.29,1528.42,601.0
2026-06-02 18:14:00+00:00,1528.42,1529.32,1528.13,1528.94,851.0
2026-06-02 18:19:00+00:00,1528.94,1529.43,1523.34,1524.41,847.0
2026-06-02 18:24:00+00:00,1524.41,1525.65,1522.56,1523.73,856.0
2026-06-02 18:29:00+00:00,1523.73,1526.2,1523.37,1525.48,521.0
2026-06-02 18:34:00+00:00,1525.48,1525.86,1522.97,1523.26,946.0
2026-06-02 18:39:00+00:00,1523.26,1527.28,1515.44,1519.75,755.0
2026-06-02 18:44:00+00:00,1519.75,1521.0,1513.61,1516.28,746.0
2026-06-02 18:49:00+00:00,1516.28,1519.24,1513.83,1517.42,411.0
2026-06-02 18:54:00+00:00,1517.42,1518.42,1517.07,1517.56,529.0
2026-06-02 18:59:00+00:00,1517.56,1519.72,1514.3,1516.67,861.0
2026-06-02 19:04:00+00:00,1516.67,1516.88,1514.71,1514.83,550.0
2026-06-02 19:09:00+00:00,1514.83,1516.9,1510.78,1512.63,438.0
2026-06-02 19:14:00+00:00,1512.63,1515.36,1510.51,1513.32,330.0
2026-06-02 19:19:00+00:00,1513.32,1525.46,1510.33,1520.98,409.0
2026-06-02 19:24:00+00:00,1520.98,1523.07,1519.29,1520.03,614.0
2026-06-02 19:29:00+00:00,1520.03,1524.64,1517.27,1521.95,782.0
2026-06-02 19:34:00+00:00,1521.95,1525.21,1518.48,1522.24,761.0
2026-06-02 19:39:00+00:00,1522.24,1523.02,1519.77,1520.48,900.0
2026-06-02 19:44:00+00:00,1520.48,1523.37,1518.73,1522.73,360.0
2026-06-02 19:49:00+00:00,1522.73,1522.78,1521.01,1521.08,477.0
2026-06-02 19:54:00+00:00,1521.08,1525.25,1520.68,1524.86,514.0
2026-06-02 19:59:00+00:00,1524.86,1527.06,1519.73,1521.46,460.0
2026-06-02 20:04:00+00:00,1521.46,1522.84,1517.44,1518.08,728.0
2026-06-02 20:09:00+00:00,1518.08,1519.84,1517.93,1519.76,943.0
2026-06-02 20:14:00+00:00,1519.76,1525.58,1518.74,1524.75,766.0
2026-06-02 20:19:00+00:00,1524.75,1533.62,1524.6,1533.35,673.0
2026-06-02 20:24:00+00:00,1533.35,1535.68,1529.99,1534.34,366.0
2026-06-02 20:29:00+00:00,1534.34,1538.21,1533.26,1536.29,656.0
2026-06-02 20:34:00+00:00,1536.29,1537.12,1532.5,1534.51,775.0
2026-06-02 20:39:00+00:00,1534.51,1538.86,1533.68,1538.38,913.0
2026-06-02 20:44:00+00:00,1538.38,1541.89,1533.61,1538.21,588.0
2026-06-02 20:49:00+00:00,1538.21,1539.79,1536.55,1537.84,616.0
2026-06-02 20:54:00+00:00,1537.84,1541.51,1535.95,1540.6,557.0
2026-06-02 20:59:00+00:00,1540.6,1540.94,1539.72,1540.35,598.0
2026-06-02 21:04:00+00:00,1540.35,1541.62,1540.26,1541.55,347.0
2026-06-02 21:09:00+00:00,1541.55,1543.0,1541.41,1542.94,602.0
2026-06-02 21:14:00+00:00,1542.94,1544.05,1539.55,1540.3,378.0
2026-06-02 21:19:00+00:00,1540.3,1542.05,1536.54,1538.79,959.0
2026-06-02 21:24:00+00:00,1538.79,1541.97,1538.2,1541.6,410.0
2026-06-02 21:29:00+00:00,1541.6,1542.46,1537.11,1539.46,581.0
2026-06-02 21:34:00+00:00,1539.46,1539.95,1537.86,1538.19,718.0
2026-06-02 21:39:00+00:00,1538.19,1541.32,1537.37,1540.68,889.0
2026-06-02 21:44:00+00:00,1540.68,1544.83,1540.35,1544.53,482.0
2026-06-02 21:49:00+00:00,1544.53,1545.0,1542.68,1543.47,700.0
2026-06-02 21:54:00+00:00,1543.47,1544.51,1540.78,1541.56,929.0
2026-06-02 21:59:00+00:00,1541.56,1542.72,1540.16,1541.29,730.0
2026-06-02 22:04:00+00:00,1541.29,1547.0,1540.42,1545.17,475.0
2026-06-02 22:09:00+00:00,1545.17,1547.35,1544.66,1545.83,556.0
2026-06-02 22:14:00+00:00,1545.83,1547.7,1543.25,1545.86,354.0
2026-06-02 22:19:00+00:00,1545.86,1549.11,1545.6,1548.39,528.0
2026-06-02 22:24:00+00:00,1548.39,1552.17,1547.58,1550.66,717.0
2026-06-02 22:29:00+00:00,1550.66,1550.75,1548.75,1549.02,899.0
2026-06-02 22:34:00+00:00,1549.02,1551.11,1548.16,1550.36,970.0
2026-06-02 22:39:00+00:00,1550.36,1553.14,1549.18,1551.79,463.0
2026-06-02 22:44:00+00:00,1551.79,1553.35,1550.06,1550.51,620.0
2026-06-02 22:49:00+00:00,1550.51,1556.72,1549.71,1555.94,602.0
2026-06-02 22:54:00+00:00,1555.94,1556.51,1553.79,1554.73,891.0
2026-06-02 22:59:00+00:00,1554.73,1556.96,1552.82,1553.83,910.0
2026-06-02 23:04:00+00:00,1553.83,1557.53,1550.42,1551.59,580.0
2026-06-02 23:09:00+00:00,1551.59,1554.76,1548.16,1552.74,596.0
2026-06-02 23:14:00+00:00,1552.74,1556.53,1551.98,1556.09,880.0
2026-06-02 23:19:00+00:00,1556.09,1557.68,1555.9,1557.45,649.0
2026-06-02 23:24:00+00:00,1557.45,1559.63,1555.74,1558.61,934.0
2026-06-02 23:29:00+00:00,1558.61,1560.1,1558.38,1559.59,649.0
2026-06-02 23:34:00+00:00,1559.59,1561.64,1557.51,1559.19,502.0
2026-06-02 23:39:00+00:00,1559.19,1561.8,1558.32,1560.19,753.0
2026-06-02 23:44:00+00:00,1560.19,1560.68,1557.44,1558.15,634.0
2026-06-02 23:49:00+00:00,1558.15,1563.46,1554.99,1561.12,866.0
2026-06-02 23:54:00+00:00,1561.12,1567.6,1559.79,1566.95,629.0
2026-06-02 23:59:00+00:00,1566.95,1570.51,1565.65,1569.16,903.0
2026-06-03 00:04:00+00:00,1569.16,1569.8,1567.39,1567.8,640.0
2026-06-03 00:09:00+00:00,1567.8,1570.45,1565.74,1569.42,914.0
2026-06-03 00:14:00+00:00,1569.42,1569.91,1566.19,1566.39,558.0
2026-06-03 00:19:00+00:00,1566.39,1567.59,1562.32,1564.0,594.0
2026-06-03 00:24:00+00:00,1564.0,1564.99,1562.11,1562.83,771.0
2026-06-03 00:29:00+00:00,1562.83,1562.97,1561.59,1561.84,356.0
2026-06-03 00:34:00+00:00,1561.84,1563.5,1556.82,1558.73,538.0
2026-06-03 00:39:00+00:00,1558.73,1561.65,1556.83,1560.88,865.0
2026-06-03 00:44:00+00:00,1560.88,1562.86,1559.64,1561.67,630.0
2026-06-03 00:49:00+00:00,1561.67,1563.23,1555.74,1559.7,885.0
2026-06-03 00:54:00+00:00,1559.7,1560.19,1558.61,1559.71,342.0
2026-06-03 00:59:00+00:00,1559.71,1562.55,1559.49,1562.14,864.0
2026-06-03 01:04:00+00:00,1562.14,1563.57,1557.93,1559.78,802.0
2026-06-03 01:09:00+00:00,1559.78,1560.7,1556.83,1557.32,389.0
2026-06-03 01:14:00+00:00,1557.32,1558.28,1554.12,1554.53,747.0
2026-06-03 01:19:00+00:00,1554.53,1557.54,1554.34,1557.28,385.0
2026-06-03 01:24:00+00:00,1557.28,1560.11,1548.77,1551.87,695.0
2026-06-03 01:29:00+00:00,1551.87,1557.16,1551.67,1556.99,390.0
2026-06-03 01:34:00+00:00,1556.99,1558.67,1553.5,1555.44,584.0
2026-06-03 01:39:00+00:00,1555.44,1561.28,1553.29,1560.12,479.0
2026-06-03 01:44:00+00:00,1560.12,1561.73,1556.45,1560.5,638.0
2026-06-03 01:49:00+00:00,1560.5,1561.08,1560.1,1560.95,906.0
2026-06-03 01:54:00+00:00,1560.95,1566.11,1560.07,1562.98,453.0
2026-06-03 01:59:00+00:00,1562.98,1567.89,1562.3,1567.34,827.0
2026-06-03 02:04:00+00:00,1567.34,1568.42,1560.86,1563.14,885.0
2026-06-03 02:09:00+00:00,1563.14,1563.86,1558.17,1558.91,501.0
2026-06-03 02:14:00+00:00,1558.91,1561.3,1558.37,1560.67,613.0
2026-06-03 02:19:00+00:00,1560.67,1564.21,1556.42,1558.53,841.0
2026-06-03 02:24:00+00:00,1558.53,1563.02,1555.66,1561.54,736.0
2026-06-03 02:29:00+00:00,1561.54,1565.07,1561.24,1564.55,651.0
2026-06-03 02:34:00+00:00,1564.55,1565.18,1563.75,1564.98,374.0
2026-06-03 02:39:00+00:00,1564.98,1566.26,1562.02,1563.82,421.0
2026-06-03 02:44:00+00:00,1563.82,1564.01,1563.7,1563.89,337.0
2026-06-03 02:49:00+00:00,1563.89,1568.45,1560.11,1563.66,397.0
2026-06-03 02:54:00+00:00,1563.66,1564.03,1563.29,1563.58,862.0
2026-06-03 02:59:00+00:00,1563.58,1565.33,1563.14,1564.98,831.0
2026-06-03 03:04:00+00:00,1564.98,1568.09,1564.4,1566.37,956.0
2026-06-03 03:09:00+00:00,1566.37,1570.05,1565.97,1569.58,834.0
2026-06-03 03:14:00+00:00,1569.58,1572.92,1568.75,1572.51,575.0
2026-06-03 03:19:00+00:00,1572.51,1573.46,1568.97,1569.4,639.0
2026-06-03 03:24:00+00:00,1569.4,1574.75,1567.59,1569.67,370.0
2026-06-03 03:29:00+00:00,1569.67,1571.08,1568.81,1570.43,450.0
2026-06-03 03:34:00+00:00,1570.43,1570.76,1570.27,1570.55,891.0
2026-06-03 03:39:00+00:00,1570.55,1572.73,1565.5,1567.33,555.0
2026-06-03 03:44:00+00:00,1567.33,1574.83,1562.08,1566.02,702.0
2026-06-03 03:49:00+00:00,1566.02,1566.24,1565.08,1565.26,849.0
2026-06-03 03:54:00+00:00,1565.26,1566.25,1562.87,1564.35,966.0
2026-06-03 03:59:00+00:00,1564.35,1567.28,1561.33,1564.34,443.0
2026-06-03 04:04:00+00:00,1564.34,1568.54,1564.27,1568.47,858.0
2026-06-03 04:09:00+00:00,1568.47,1574.18,1566.17,1570.42,800.0
2026-06-03 04:14:00+00:00,1570.42,1571.99,1566.58,1568.23,843.0
2026-06-03 04:19:00+00:00,1568.23,1569.03,1566.97,1567.22,480.0
2026-06-03 04:24:00+00:00,1567.22,1573.22,1563.96,1569.76,585.0
2026-06-03 04:29:00+00:00,1569.76,1576.46,1564.7,1569.24,689.0
2026-06-03 04:34:00+00:00,1569.24,1570.49,1567.09,1568.4,358.0
2026-06-03 04:39:00+00:00,1568.4,1572.32,1568.04,1571.23,590.0
2026-06-03 04:44:00+00:00,1571.23,1572.75,1567.23,1568.8,577.0
2026-06-03 04:49:00+00:00,1568.8,1570.86,1566.15,1568.11,478.0
2026-06-03 04:54:00+00:00,1568.11,1573.4,1565.42,1572.23,797.0
2026-06-03 04:59:00+00:00,1572.23,1578.29,1570.28,1577.55,790.0
2026-06-03 05:04:00+00:00,1577.55,1578.96,1575.09,1575.73,412.0
2026-06-03 05:09:00+00:00,1575.73,1575.93,1574.69,1574.85,437.0
2026-06-03 05:14:00+00:00,1574.85,1575.45,1574.76,1575.33,621.0
2026-06-03 05:19:00+00:00,1575.33,1576.39,1569.43,1570.5,457.0
2026-06-03 05:24:00+00:00,1570.5,1571.88,1563.66,1565.12,884.0
2026-06-03 05:29:00+00:00,1565.12,1565.97,1562.7,1563.54,568.0
2026-06-03 05:34:00+00:00,1563.54,1566.0,1562.18,1564.14,652.0
2026-06-03 05:39:00+00:00,1564.14,1566.3,1562.97,1564.25,924.0
2026-06-03 05:44:00+00:00,1564.25,1566.59,1564.14,1566.5,336.0
2026-06-03 05:49:00+00:00,1566.5,1570.29,1563.16,1566.95,970.0
2026-06-03 05:54:00+00:00,1566.95,1568.51,1566.23,1567.18,833.0
2026-06-03 05:59:00+00:00,1567.18,1570.89,1564.4,1568.11,829.0
2026-06-03 06:04:00+00:00,1568.11,1574.32,1567.51,1573.98,838.0
2026-06-03 06:09:00+00:00,1573.98,1577.35,1572.56,1576.21,874.0
2026-06-03 06:14:00+00:00,1576.21,1577.19,1576.07,1576.91,500.0
2026-06-03 06:19:00+00:00,1576.91,1581.53,1575.82,1580.04,854.0
2026-06-03 06:24:00+00:00,1580.04,1581.18,1578.71,1579.77,669.0
2026-06-03 06:29:00+00:00,1579.77,1580.59,1577.05,1579.83,818.0
2026-06-03 06:34:00+00:00,1579.83,1582.09,1578.64,1579.37,732.0
2026-06-03 06:39:00+00:00,1579.37,1581.23,1578.58,1580.6,336.0
2026-06-03 06:44:00+00:00,1580.6,1582.63,1574.15,1576.52,791.0
2026-06-03 06:49:00+00:00,1576.52,1578.47,1573.24,1575.75,906.0
2026-06-03 06:54:00+00:00,1575.75,1578.15,1573.83,1575.41,332.0
2026-06-03 06:59:00+00:00,1575.41,1579.19,1573.39,1577.24,479.0
2026-06-03 07:04:00+00:00,1577.24,1578.32,1575.91,1576.66,1469.0
2026-06-03 07:09:00+00:00,1576.66,1580.29,1576.03,1578.75,623.0
2026-06-03 07:14:00+00:00,1578.75,1578.91,1577.03,1577.08,696.0
2026-06-03 07:19:00+00:00,1577.08,1578.83,1576.4,1577.45,1147.0
2026-06-03 07:24:00+00:00,1577.45,1579.1,1577.34,1578.99,1606.0
2026-06-03 07:29:00+00:00,1578.99,1579.82,1577.73,1578.35,662.0
2026-06-03 07:34:00+00:00,1578.35,1578.8,1576.94,1578.01,666.0
2026-06-03 07:39:00+00:00,1578.01,1578.29,1573.57,1574.06,594.0
2026-06-03 07:44:00+00:00,1574.06,1574.72,1570.75,1571.28,1527.0
2026-06-03 07:49:00+00:00,1571.28,1572.91,1570.4,1572.61,1641.0
2026-06-03 07:54:00+00:00,1572.61,1573.27,1570.1,1571.44,1669.0
2026-06-03 07:59:00+00:00,1571.44,1573.22,1571.31,1573.11,934.0
2026-06-03 08:04:00+00:00,1573.11,1576.45,1568.69,1572.44,638.0
2026-06-03 08:09:00+00:00,1572.44,1581.38,1568.11,1576.38,594.0
2026-06-03 08:14:00+00:00,1576.38,1577.79,1575.23,1575.95,1071.0
2026-06-03 08:19:00+00:00,1575.95,1580.49,1575.22,1579.23,934.0
2026-06-03 08:24:00+00:00,1579.23,1579.97,1576.76,1577.62,643.0
2026-06-03 08:29:00+00:00,1577.62,1578.6,1575.92,1576.6,1070.0
2026-06-03 08:34:00+00:00,1576.6,1576.92,1573.35,1573.49,1173.0
2026-06-03 08:39:00+00:00,1573.49,1580.5,1572.29,1579.1,1039.0
2026-06-03 08:44:00+00:00,1579.1,1579.8,1577.21,1578.39,1296.0
2026-06-03 08:49:00+00:00,1578.39,1579.86,1574.5,1577.12,889.0
2026-06-03 08:54:00+00:00,1577.12,1577.34,1574.06,1574.18,1187.0
2026-06-03 08:59:00+00:00,1574.18,1578.56,1573.99,1578.16,1169.0
2026-06-03 09:04:00+00:00,1578.16,1582.8,1577.35,1582.0,1151.0
2026-06-03 09:09:00+00:00,1582.0,1585.37,1581.74,1584.77,1240.0
2026-06-03 09:14:00+00:00,1584.77,1588.67,1583.49,1585.02,946.0
2026-06-03 09:19:00+00:00,1585.02,1585.51,1584.95,1585.27,760.0
2026-06-03 09:24:00+00:00,1585.27,1588.71,1582.98,1586.73,1567.0
2026-06-03 09:29:00+00:00,1586.73,1587.38,1584.75,1585.36,1296.0
2026-06-03 09:34:00+00:00,1585.36,1588.88,1577.92,1580.44,1151.0
2026-06-03 09:39:00+00:00,1580.44,1581.18,1580.24,1581.01,980.0
2026-06-03 09:44:00+00:00,1581.01,1584.13,1580.03,1583.51,857.0
2026-06-03 09:49:00+00:00,1583.51,1584.82,1579.93,1581.38,1039.0
2026-06-03 09:54:00+00:00,1581.38,1584.3,1579.44,1583.25,1100.0
2026-06-03 09:59:00+00:00,1583.25,1585.45,1582.32,1584.91,640.0
2026-06-03 10:04:00+00:00,1584.91,1585.34,1583.95,1584.7,633.0
2026-06-03 10:09:00+00:00,1584.7,1585.6,1578.94,1580.14,1453.0
2026-06-03 10:14:00+00:00,1580.14,1582.9,1579.7,1582.39,1540.0
2026-06-03 10:19:00+00:00,1582.39,1584.47,1582.24,1584.34,1588.0
2026-06-03 10:24:00+00:00,1584.34,1585.92,1578.35,1582.52,1399.0
2026-06-03 10:29:00+00:00,1582.52,1582.66,1581.76,1581.86,1173.0
2026-06-03 10:34:00+00:00,1581.86,1583.3,1577.95,1578.66,1347.0
2026-06-03 10:39:00+00:00,1578.66,1585.03,1573.75,1580.91,1484.0
2026-06-03 10:44:00+00:00,1580.91,1580.98,1579.37,1579.43,592.0
2026-06-03 10:49:00+00:00,1579.43,1580.01,1575.22,1575.79,1533.0
2026-06-03 10:54:00+00:00,1575.79,1582.7,1575.4,1582.19,1679.0
2026-06-03 10:59:00+00:00,1582.19,1584.46,1578.19,1580.1,609.0
2026-06-03 11:04:00+00:00,1580.1,1581.76,1578.59,1580.15,928.0
2026-06-03 11:09:00+00:00,1580.15,1583.04,1574.72,1580.17,676.0
2026-06-03 11:14:00+00:00,1580.17,1583.56,1578.72,1583.01,1550.0
2026-06-03 11:19:00+00:00,1583.01,1583.41,1580.66,1581.96,962.0
2026-06-03 11:24:00+00:00,1581.96,1583.9,1578.8,1580.6,1407.0
2026-06-03 11:29:00+00:00,1580.6,1580.95,1575.04,1575.48,1445.0
2026-06-03 11:34:00+00:00,1575.48,1582.49,1571.26,1574.12,1417.0
2026-06-03 11:39:00+00:00,1574.12,1577.44,1570.44,1576.38,634.0
2026-06-03 11:44:00+00:00,1576.38,1578.08,1575.89,1577.95,788.0
2026-06-03 11:49:00+00:00,1577.95,1580.35,1576.8,1578.03,1526.0
2026-06-03 11:54:00+00:00,1578.03,1580.95,1575.31,1578.93,1089.0
2026-06-03 11:59:00+00:00,1578.93,1583.1,1577.22,1581.68,591.0
2026-06-03 12:04:00+00:00,1581.68,1581.94,1580.25,1580.55,1250.0
2026-06-03 12:09:00+00:00,1580.55,1582.96,1580.27,1582.14,1106.0
2026-06-03 12:14:00+00:00,1582.14,1585.52,1581.4,1584.68,1553.0
2026-06-03 12:19:00+00:00,1584.68,1585.62,1584.67,1585.6,1242.0
2026-06-03 12:24:00+00:00,1585.6,1588.95,1584.47,1587.57,1373.0
2026-06-03 12:29:00+00:00,1587.57,1590.68,1587.09,1590.29,949.0
2026-06-03 12:34:00+00:00,1590.29,1595.27,1589.31,1593.29,1415.0
2026-06-03 12:39:00+00:00,1593.29,1596.68,1592.71,1596.41,1473.0
2026-06-03 12:44:00+00:00,1596.41,1602.24,1595.28,1601.94,781.0
2026-06-03 12:49:00+00:00,1601.94,1605.38,1601.32,1604.19,1695.0
2026-06-03 12:54:00+00:00,1604.19,1608.6,1602.42,1607.11,1232.0
2026-06-03 12:59:00+00:00,1607.11,1608.25,1602.46,1603.54,1274.0
2026-06-03 13:04:00+00:00,1603.54,1609.07,1601.83,1607.49,1530.0
2026-06-03 13:09:00+00:00,1607.49,1609.11,1605.8,1607.38,1140.0
2026-06-03 13:14:00+00:00,1607.38,1610.14,1606.84,1609.59,788.0
2026-06-03 13:19:00+00:00,1609.59,1611.88,1606.78,1608.45,979.0
2026-06-03 13:24:00+00:00,1608.45,1610.28,1608.22,1609.95,1333.0
2026-06-03 13:29:00+00:00,1609.95,1610.24,1609.51,1609.71,998.0
2026-06-03 13:34:00+00:00,1609.71,1615.94,1606.95,1613.49,1564.0
2026-06-03 13:39:00+00:00,1613.49,1613.64,1612.7,1612.86,1348.0
2026-06-03 13:44:00+00:00,1612.86,1614.47,1611.25,1612.28,1613.0
2026-06-03 13:49:00+00:00,1612.28,1616.48,1610.26,1614.42,847.0
2026-06-03 13:54:00+00:00,1614.42,1615.75,1614.35,1615.69,1103.0
2026-06-03 13:59:00+00:00,1615.69,1622.0,1614.11,1620.9,1639.0
2026-06-03 14:04:00+00:00,1620.9,1627.46,1618.37,1624.6,1596.0
2026-06-03 14:09:00+00:00,1624.6,1624.88,1623.26,1623.91,644.0
2026-06-03 14:14:00+00:00,1623.91,1630.05,1623.07,1628.42,1716.0
2026-06-03 14:19:00+00:00,1628.42,1629.66,1622.16,1624.07,1435.0
2026-06-03 14:24:00+00:00,1624.07,1627.61,1621.39,1623.41,1403.0
2026-06-03 14:29:00+00:00,1623.41,1623.57,1623.27,1623.49,774.0
2026-06-03 14:34:00+00:00,1623.49,1623.9,1620.71,1621.37,1574.0
2026-06-03 14:39:00+00:00,1621.37,1622.97,1618.61,1620.81,662.0
2026-06-03 14:44:00+00:00,1620.81,1621.44,1617.16,1619.09,1240.0
2026-06-03 14:49:00+00:00,1619.09,1621.84,1613.97,1615.98,1375.0
2026-06-03 14:54:00+00:00,1615.98,1618.05,1611.12,1612.41,1296.0
2026-06-03 14:59:00+00:00,1612.41,1616.64,1608.89,1613.27,799.0
2026-06-03 15:04:00+00:00,1613.27,1617.38,1613.05,1616.55,1669.0
2026-06-03 15:09:00+00:00,1616.55,1620.66,1616.53,1620.63,937.0
2026-06-03 15:14:00+00:00,1620.63,1620.89,1619.74,1620.04,1627.0
2026-06-03 15:19:00+00:00,1620.04,1620.51,1618.63,1619.13,872.0
2026-06-03 15:24:00+00:00,1619.13,1621.44,1613.46,1616.74,959.0
2026-06-03 15:29:00+00:00,1616.74,1619.84,1615.78,1619.09,582.0
2026-06-03 15:34:00+00:00,1619.09,1620.53,1618.85,1620.18,952.0
2026-06-03 15:39:00+00:00,1620.18,1621.62,1620.08,1621.4,871.0
2026-06-03 15:44:00+00:00,1621.4,1621.4,1621.32,1621.32,741.0
2026-06-03 15:49:00+00:00,1621.32,1626.78,1618.9,1626.0,715.0
2026-06-03 15:54:00+00:00,1626.0,1626.22,1625.88,1626.15,742.0
2026-06-03 15:59:00+00:00,1626.15,1626.89,1624.16,1625.2,682.0
2026-06-03 16:04:00+00:00,1625.2,1627.1,1616.03,1619.85,574.0
2026-06-03 16:09:00+00:00,1619.85,1619.85,1619.54,1619.55,967.0
2026-06-03 16:14:00+00:00,1619.55,1624.17,1619.27,1624.1,1121.0
2026-06-03 16:19:00+00:00,1624.1,1629.18,1621.14,1627.98,1400.0
2026-06-03 16:24:00+00:00,1627.98,1634.3,1624.31,1631.96,1103.0
2026-06-03 16:29:00+00:00,1631.96,1632.93,1630.25,1631.12,1186.0
2026-06-03 16:34:00+00:00,1631.12,1633.9,1625.16,1626.74,1697.0
2026-06-03 16:39:00+00:00,1626.74,1628.3,1626.43,1628.18,578.0
2026-06-03 16:44:00+00:00,1628.18,1628.33,1625.18,1625.4,1441.0
2026-06-03 16:49:00+00:00,1625.4,1629.66,1624.19,1626.72,1425.0
2026-06-03 16:54:00+00:00,1626.72,1629.74,1623.76,1625.4,1218.0
2026-06-03 16:59:00+00:00,1625.4,1625.69,1619.79,1619.99,1359.0
2026-06-03 17:04:00+00:00,1619.99,1624.22,1618.31,1622.18,864.0
2026-06-03 17:09:00+00:00,1622.18,1625.5,1621.87,1625.35,878.0
2026-06-03 17:14:00+00:00,1625.35,1626.73,1619.95,1622.89,874.0
2026-06-03 17:19:00+00:00,1622.89,1625.12,1617.06,1618.95,565.0
2026-06-03 17:24:00+00:00,1618.95,1622.29,1615.72,1621.29,463.0
2026-06-03 17:29:00+00:00,1621.29,1627.31,1619.75,1623.46,335.0
2026-06-03 17:34:00+00:00,1623.46,1626.58,1623.22,1626.3,341.0
2026-06-03 17:39:00+00:00,1626.3,1627.42,1623.29,1624.65,824.0
2026-06-03 17:44:00+00:00,1624.65,1632.72,1622.37,1630.09,807.0
2026-06-03 17:49:00+00:00,1630.09,1631.81,1625.27,1627.14,882.0
2026-06-03 17:54:00+00:00,1627.14,1628.83,1626.53,1628.06,839.0
2026-06-03 17:59:00+00:00,1628.06,1629.12,1627.96,1629.09,666.0
2026-06-03 18:04:00+00:00,1629.09,1629.9,1627.16,1627.67,430.0
2026-06-03 18:09:00+00:00,1627.67,1628.75,1626.99,1628.33,377.0
2026-06-03 18:14:00+00:00,1628.33,1632.09,1627.17,1630.85,788.0
2026-06-03 18:19:00+00:00,1630.85,1630.91,1628.93,1628.96,546.0
2026-06-03 18:24:00+00:00,1628.96,1631.72,1627.86,1631.21,355.0
2026-06-03 18:29:00+00:00,1631.21,1631.59,1629.31,1629.55,333.0
2026-06-03 18:34:00+00:00,1629.55,1632.84,1623.6,1624.72,866.0
2026-06-03 18:39:00+00:00,1624.72,1626.46,1618.81,1621.01,866.0
2026-06-03 18:44:00+00:00,1621.01,1623.07,1616.79,1619.81,756.0
2026-06-03 18:49:00+00:00,1619.81,1621.41,1610.08,1612.52,837.0
2026-06-03 18:54:00+00:00,1612.52,1613.67,1610.6,1611.18,686.0
2026-06-03 18:59:00+00:00,1611.18,1615.57,1609.12,1611.92,530.0
2026-06-03 19:04:00+00:00,1611.92,1621.77,1609.68,1620.09,2956.0
2026-06-03 19:09:00+00:00,1620.09,1628.33,1610.79,1614.39,2561.0
2026-06-03 19:14:00+00:00,1614.39,1616.65,1609.99,1612.65,2390.0
2026-06-03 19:19:00+00:00,1612.65,1620.13,1612.15,1619.48,1228.0
2026-06-03 19:24:00+00:00,1619.48,1624.67,1609.16,1617.75,2634.0
2026-06-03 19:29:00+00:00,1617.75,1620.26,1606.34,1607.59,1092.0
2026-06-03 19:34:00+00:00,1607.59,1607.65,1606.98,1607.1,1919.0
2026-06-03 19:39:00+00:00,1607.1,1611.22,1602.15,1604.61,2819.0
2026-06-03 19:44:00+00:00,1604.61,1616.75,1595.27,1607.7,2961.0
2026-06-03 19:49:00+00:00,1607.7,1623.76,1597.14,1606.7,2411.0
2026-06-03 19:54:00+00:00,1606.7,1609.09,1596.33,1598.21,1164.0
2026-06-03 19:59:00+00:00,1598.21,1609.62,1594.28,1608.68,2380.0
2026-06-03 20:04:00+00:00,1608.68,1609.13,1598.13,1599.12,1224.0
2026-06-03 20:09:00+00:00,1599.12,1602.49,1589.97,1594.63,2652.0
2026-06-03 20:14:00+00:00,1594.63,1595.19,1586.18,1587.83,1295.0
2026-06-03 20:19:00+00:00,1587.83,1590.68,1579.24,1586.68,2574.0
2026-06-03 20:24:00+00:00,1586.68,1594.4,1585.01,1589.01,2306.0
2026-06-03 20:29:00+00:00,1589.01,1595.7,1571.32,1576.81,1817.0
2026-06-03 20:34:00+00:00,1576.81,1588.25,1574.93,1586.95,2861.0
2026-06-03 20:39:00+00:00,1586.95,1588.94,1576.88,1578.85,1816.0
2026-06-03 20:44:00+00:00,1578.85,1591.45,1561.96,1585.24,2438.0
2026-06-03 20:49:00+00:00,1585.24,1586.71,1574.92,1575.58,1506.0
2026-06-03 20:54:00+00:00,1575.58,1576.81,1560.66,1563.24,1650.0
2026-06-03 20:59:00+00:00,1563.24,1567.81,1562.51,1564.66,2835.0
2026-06-03 21:04:00+00:00,1564.66,1576.44,1549.64,1560.03,1143.0
2026-06-03 21:09:00+00:00,1560.03,1568.61,1548.45,1558.27,1691.0
2026-06-03 21:14:00+00:00,1558.27,1563.75,1547.95,1549.26,2461.0
2026-06-03 21:19:00+00:00,1549.26,1551.76,1532.52,1540.88,2237.0
2026-06-03 21:24:00+00:00,1540.88,1541.71,1530.63,1532.81,2390.0
2026-06-03 21:29:00+00:00,1532.81,1541.2,1529.85,1539.96,2360.0
2026-06-03 21:34:00+00:00,1539.96,1543.55,1532.39,1534.96,2000.0
2026-06-03 21:39:00+00:00,1534.96,1551.3,1515.06,1543.86,1119.0
2026-06-03 21:44:00+00:00,1543.86,1550.09,1541.27,1548.96,2215.0
2026-06-03 21:49:00+00:00,1548.96,1556.04,1532.95,1539.27,2446.0
2026-06-03 21:54:00+00:00,1539.27,1542.14,1528.84,1529.96,1660.0
2026-06-03 21:59:00+00:00,1529.96,1539.81,1529.07,1538.8,2835.0
2026-06-03 22:04:00+00:00,1538.8,1541.87,1524.03,1533.23,2419.0
2026-06-03 22:09:00+00:00,1533.23,1533.32,1523.02,1523.15,1530.0
2026-06-03 22:14:00+00:00,1523.15,1529.74,1509.9,1526.17,1222.0
2026-06-03 22:19:00+00:00,1526.17,1546.37,1510.58,1522.87,2326.0
2026-06-03 22:24:00+00:00,1522.87,1524.59,1517.65,1520.33,1690.0
2026-06-03 22:29:00+00:00,1520.33,1524.2,1509.95,1513.61,2606.0
2026-06-03 22:34:00+00:00,1513.61,1531.52,1501.04,1518.65,2904.0
2026-06-03 22:39:00+00:00,1518.65,1522.0,1514.54,1519.66,1868.0
2026-06-03 22:44:00+00:00,1519.66,1523.26,1501.86,1507.74,1423.0
2026-06-03 22:49:00+00:00,1507.74,1510.51,1498.2,1502.07,2021.0
2026-06-03 22:54:00+00:00,1502.07,1504.24,1501.79,1504.11,1563.0
2026-06-03 22:59:00+00:00,1504.11,1508.26,1499.33,1505.13,2518.0
2026-06-03 23:04:00+00:00,1505.13,1506.96,1497.14,1498.1,1277.0
2026-06-03 23:09:00+00:00,1498.1,1514.22,1496.86,1511.77,1750.0
2026-06-03 23:14:00+00:00,1511.77,1522.2,1511.54,1521.9,1085.0
2026-06-03 23:19:00+00:00,1521.9,1534.37,1520.65,1533.21,1276.0
2026-06-03 23:24:00+00:00,1533.21,1533.72,1530.49,1531.21,2674.0
2026-06-03 23:29:00+00:00,1531.21,1532.97,1524.76,1527.2,2534.0
2026-06-03 23:34:00+00:00,1527.2,1534.84,1525.25,1532.87,1353.0
2026-06-03 23:39:00+00:00,1532.87,1539.76,1532.74,1539.57,1210.0
2026-06-03 23:44:00+00:00,1539.57,1553.59,1538.75,1551.01,1482.0
2026-06-03 23:49:00+00:00,1551.01,1553.77,1548.46,1550.84,2136.0
2026-06-03 23:54:00+00:00,1550.84,1551.91,1539.39,1543.37,1907.0
2026-06-03 23:59:00+00:00,1543.37,1547.58,1527.22,1534.88,1617.0
2026-06-04 00:04:00+00:00,1534.88,1540.52,1533.8,1539.71,2620.0
2026-06-04 00:09:00+00:00,1539.71,1540.5,1533.91,1534.85,1400.0
2026-06-04 00:14:00+00:00,1534.85,1547.9,1529.41,1541.88,1352.0
2026-06-04 00:19:00+00:00,1541.88,1544.36,1541.57,1543.85,1957.0
2026-06-04 00:24:00+00:00,1543.85,1549.28,1541.95,1545.09,2297.0
2026-06-04 00:29:00+00:00,1545.09,1552.68,1534.9,1541.18,2670.0
2026-06-04 00:34:00+00:00,1541.18,1546.03,1526.85,1530.17,1797.0
2026-06-04 00:39:00+00:00,1530.17,1552.8,1525.9,1546.93,2114.0
2026-06-04 00:44:00+00:00,1546.93,1554.56,1530.09,1540.12,2438.0
2026-06-04 00:49:00+00:00,1540.12,1542.85,1531.67,1533.13,2415.0
2026-06-04 00:54:00+00:00,1533.13,1535.39,1524.28,1532.59,1758.0
2026-06-04 00:59:00+00:00,1532.59,1536.2,1525.61,1532.4,2914.0
2026-06-04 01:04:00+00:00,1532.4,1534.05,1522.63,1525.24,1330.0
2026-06-04 01:09:00+00:00,1525.24,1527.43,1515.27,1515.8,2550.0
2026-06-04 01:14:00+00:00,1515.8,1519.09,1515.44,1518.88,2864.0
2026-06-04 01:19:00+00:00,1518.88,1532.08,1516.42,1528.66,2396.0
2026-06-04 01:24:00+00:00,1528.66,1534.73,1528.26,1533.84,2634.0
2026-06-04 01:29:00+00:00,1533.84,1551.22,1532.13,1547.26,1442.0
2026-06-04 01:34:00+00:00,1547.26,1556.32,1539.1,1550.7,1890.0
2026-06-04 01:39:00+00:00,1550.7,1554.21,1549.23,1553.39,2300.0
2026-06-04 01:44:00+00:00,1553.39,1564.17,1546.0,1554.24,1610.0
2026-06-04 01:49:00+00:00,1554.24,1560.65,1549.05,1551.22,2071.0
2026-06-04 01:54:00+00:00,1551.22,1568.38,1546.82,1564.23,2506.0
2026-06-04 01:59:00+00:00,1564.23,1573.71,1564.12,1573.46,2434.0
2026-06-04 02:04:00+00:00,1573.46,1576.67,1564.73,1568.01,2110.0
2026-06-04 02:09:00+00:00,1568.01,1569.9,1565.66,1566.89,2190.0
2026-06-04 02:14:00+00:00,1566.89,1569.76,1545.33,1547.89,1159.0
2026-06-04 02:19:00+00:00,1547.89,1563.48,1546.6,1560.54,2922.0
2026-06-04 02:24:00+00:00,1560.54,1563.62,1548.23,1551.85,1168.0
2026-06-04 02:29:00+00:00,1551.85,1558.22,1549.37,1553.61,1972.0
2026-06-04 02:34:00+00:00,1553.61,1559.53,1532.6,1544.21,2310.0
2026-06-04 02:39:00+00:00,1544.21,1548.69,1542.31,1545.73,1327.0
2026-06-04 02:44:00+00:00,1545.73,1554.55,1535.64,1541.14,2234.0
2026-06-04 02:49:00+00:00,1541.14,1541.99,1535.62,1537.39,1998.0
2026-06-04 02:54:00+00:00,1537.39,1542.24,1537.37,1542.22,1782.0
2026-06-04 02:59:00+00:00,1542.22,1554.88,1538.98,1552.57,1676.0
2026-06-04 03:04:00+00:00,1552.57,1555.9,1551.88,1555.23,1950.0
2026-06-04 03:09:00+00:00,1555.23,1561.41,1543.71,1546.93,1986.0
2026-06-04 03:14:00+00:00,1546.93,1547.55,1543.07,1543.39,1587.0
2026-06-04 03:19:00+00:00,1543.39,1553.71,1538.67,1552.2,2498.0
2026-06-04 03:24:00+00:00,1552.2,1555.65,1540.88,1545.47,1680.0
2026-06-04 03:29:00+00:00,1545.47,1547.81,1534.89,1543.23,1443.0
2026-06-04 03:34:00+00:00,1543.23,1545.16,1543.06,1544.98,1494.0
2026-06-04 03:39:00+00:00,1544.98,1551.85,1538.86,1541.78,2338.0
2026-06-04 03:44:00+00:00,1541.78,1545.63,1539.85,1544.4,2392.0
2026-06-04 03:49:00+00:00,1544.4,1551.91,1533.98,1541.47,2529.0
2026-06-04 03:54:00+00:00,1541.47,1543.57,1537.17,1538.45,2638.0
2026-06-04 03:59:00+00:00,1538.45,1546.75,1522.58,1531.51,1764.0
2026-06-04 04:04:00+00:00,1531.51,1544.5,1513.16,1528.79,1637.0
2026-06-04 04:09:00+00:00,1528.79,1530.64,1518.82,1520.88,1266.0
2026-06-04 04:14:00+00:00,1520.88,1536.6,1520.12,1535.29,1121.0
2026-06-04 04:19:00+00:00,1535.29,1554.33,1531.99,1551.7,2447.0
2026-06-04 04:24:00+00:00,1551.7,1564.55,1545.4,1558.89,1334.0
2026-06-04 04:29:00+00:00,1558.89,1568.85,1557.05,1562.81,1450.0
2026-06-04 04:34:00+00:00,1562.81,1569.11,1559.64,1567.69,1998.0
2026-06-04 04:39:00+00:00,1567.69,1575.66,1559.97,1567.32,1289.0
2026-06-04 04:44:00+00:00,1567.32,1575.74,1563.1,1572.15,1181.0
2026-06-04 04:49:00+00:00,1572.15,1576.52,1552.48,1553.6,1082.0
2026-06-04 04:54:00+00:00,1553.6,1559.17,1548.28,1552.78,1829.0
2026-06-04 04:59:00+00:00,1552.78,1554.78,1545.22,1549.54,1836.0
2026-06-04 05:04:00+00:00,1549.54,1551.44,1546.09,1548.4,2030.0
2026-06-04 05:09:00+00:00,1548.4,1565.25,1546.61,1557.82,2227.0
2026-06-04 05:14:00+00:00,1557.82,1566.32,1554.7,1558.94,2826.0
2026-06-04 05:19:00+00:00,1558.94,1563.55,1554.37,1559.33,1733.0
2026-06-04 05:24:00+00:00,1559.33,1564.6,1547.58,1553.62,2155.0
2026-06-04 05:29:00+00:00,1553.62,1558.79,1545.73,1550.5,1662.0
2026-06-04 05:34:00+00:00,1550.5,1555.22,1548.69,1552.3,1000.0
2026-06-04 05:39:00+00:00,1552.3,1567.05,1545.05,1560.96,2699.0
2026-06-04 05:44:00+00:00,1560.96,1570.79,1548.94,1560.29,2872.0
2026-06-04 05:49:00+00:00,1560.29,1572.88,1552.11,1555.37,2838.0
2026-06-04 05:54:00+00:00,1555.37,1563.77,1553.63,1559.69,2910.0
2026-06-04 05:59:00+00:00,1559.69,1560.5,1548.48,1548.81,1021.0
2026-06-04 06:04:00+00:00,1548.81,1552.49,1540.91,1544.53,1336.0
2026-06-04 06:09:00+00:00,1544.53,1545.34,1538.41,1540.83,1760.0
2026-06-04 06:14:00+00:00,1540.83,1553.71,1527.94,1545.13,1858.0
2026-06-04 06:19:00+00:00,1545.13,1550.8,1538.74,1548.45,2376.0
2026-06-04 06:24:00+00:00,1548.45,1555.38,1548.31,1555.26,2689.0
2026-06-04 06:29:00+00:00,1555.26,1556.82,1544.67,1546.75,1696.0
2026-06-04 06:34:00+00:00,1546.75,1548.26,1540.96,1541.89,1174.0
2026-06-04 06:39:00+00:00,1541.89,1546.37,1536.59,1540.99,1760.0
2026-06-04 06:44:00+00:00,1540.99,1545.38,1535.07,1541.15,1958.0
2026-06-04 06:49:00+00:00,1541.15,1543.13,1530.8,1536.17,2275.0
2026-06-04 06:54:00+00:00,1536.17,1551.97,1524.92,1538.32,1942.0
2026-06-04 06:59:00+00:00,1538.32,1542.84,1530.2,1533.8,1006.0
2026-06-04 07:04:00+00:00,1533.8,1540.43,1515.83,1527.72,2965.0
2026-06-04 07:09:00+00:00,1527.72,1545.94,1526.05,1542.19,3706.0
2026-06-04 07:14:00+00:00,1542.19,1559.65,1541.19,1558.77,2355.0
2026-06-04 07:19:00+00:00,1558.77,1581.17,1551.76,1570.42,4350.0
2026-06-04 07:24:00+00:00,1570.42,1573.36,1565.14,1569.63,4735.0
2026-06-04 07:29:00+00:00,1569.63,1579.65,1557.85,1568.31,5177.0
2026-06-04 07:34:00+00:00,1568.31,1576.24,1548.5,1555.09,4911.0
2026-06-04 07:39:00+00:00,1555.09,1565.8,1554.97,1565.59,4383.0
2026-06-04 07:44:00+00:00,1565.59,1568.8,1554.56,1560.26,2230.0
2026-06-04 07:49:00+00:00,1560.26,1565.54,1557.51,1560.58,4952.0
2026-06-04 07:54:00+00:00,1560.58,1562.12,1558.43,1559.53,3772.0
2026-06-04 07:59:00+00:00,1559.53,1567.86,1555.72,1565.49,1947.0
2026-06-04 08:04:00+00:00,1565.49,1576.24,1564.68,1574.94,2918.0
2026-06-04 08:09:00+00:00,1574.94,1586.53,1562.39,1574.58,3919.0
2026-06-04 08:14:00+00:00,1574.58,1574.71,1564.54,1564.82,2447.0
2026-06-04 08:19:00+00:00,1564.82,1570.47,1558.38,1565.34,4609.0
2026-06-04 08:24:00+00:00,1565.34,1570.36,1564.86,1570.14,3438.0
2026-06-04 08:29:00+00:00,1570.14,1572.93,1544.5,1553.52,3478.0
2026-06-04 08:34:00+00:00,1553.52,1560.37,1547.2,1557.1,3590.0
2026-06-04 08:39:00+00:00,1557.1,1558.65,1554.35,1555.42,3034.0
2026-06-04 08:44:00+00:00,1555.42,1571.99,1549.97,1563.55,3535.0
2026-06-04 08:49:00+00:00,1563.55,1565.43,1550.19,1554.93,3564.0
2026-06-04 08:54:00+00:00,1554.93,1564.8,1550.34,1563.17,2659.0
2026-06-04 08:59:00+00:00,1563.17,1563.57,1560.47,1560.78,4957.0
2026-06-04 09:04:00+00:00,1560.78,1566.44,1546.04,1548.36,1971.0
2026-06-04 09:09:00+00:00,1548.36,1559.34,1547.86,1558.46,2894.0
2026-06-04 09:14:00+00:00,1558.46,1569.84,1540.88,1564.47,5061.0
2026-06-04 09:19:00+00:00,1564.47,1571.63,1557.22,1563.66,3401.0
2026-06-04 09:24:00+00:00,1563.66,1569.31,1561.98,1567.0,2318.0
2026-06-04 09:29:00+00:00,1567.0,1569.75,1559.08,1567.34,3702.0
2026-06-04 09:34:00+00:00,1567.34,1568.76,1563.17,1565.09,4852.0
2026-06-04 09:39:00+00:00,1565.09,1567.5,1556.59,1559.93,2216.0
2026-06-04 09:44:00+00:00,1559.93,1577.09,1555.56,1575.15,3760.0
2026-06-04 09:49:00+00:00,1575.15,1591.55,1562.61,1588.36,4521.0
2026-06-04 09:54:00+00:00,1588.36,1595.3,1586.18,1594.6,2149.0
2026-06-04 09:59:00+00:00,1594.6,1597.55,1584.01,1591.18,4600.0
2026-06-04 10:04:00+00:00,1591.18,1598.11,1581.12,1593.31,2223.0
2026-06-04 10:09:00+00:00,1593.31,1594.51,1586.77,1588.52,1744.0
2026-06-04 10:14:00+00:00,1588.52,1600.4,1581.73,1592.12,5043.0
2026-06-04 10:19:00+00:00,1592.12,1606.6,1588.63,1605.19,2716.0
2026-06-04 10:24:00+00:00,1605.19,1608.82,1593.09,1597.46,4400.0
2026-06-04 10:29:00+00:00,1597.46,1604.87,1595.62,1601.83,4242.0
2026-06-04 10:34:00+00:00,1601.83,1605.44,1588.2,1596.33,3441.0
2026-06-04 10:39:00+00:00,1596.33,1613.31,1590.47,1608.0,1919.0
2026-06-04 10:44:00+00:00,1608.0,1615.82,1603.89,1614.69,1742.0
2026-06-04 10:49:00+00:00,1614.69,1621.95,1614.56,1621.72,4297.0
2026-06-04 10:54:00+00:00,1621.72,1634.77,1616.05,1625.93,4794.0
2026-06-04 10:59:00+00:00,1625.93,1626.12,1613.56,1613.64,2282.0
2026-06-04 11:04:00+00:00,1613.64,1617.6,1613.07,1617.07,4084.0
2026-06-04 11:09:00+00:00,1617.07,1631.84,1607.2,1624.11,3958.0
2026-06-04 11:14:00+00:00,1624.11,1650.5,1612.61,1637.69,2947.0
2026-06-04 11:19:00+00:00,1637.69,1639.84,1618.06,1627.51,4140.0
2026-06-04 11:24:00+00:00,1627.51,1644.19,1617.02,1634.8,2838.0
2026-06-04 11:29:00+00:00,1634.8,1646.9,1624.99,1638.69,2517.0
2026-06-04 11:34:00+00:00,1638.69,1647.15,1637.06,1641.71,1749.0
2026-06-04 11:39:00+00:00,1641.71,1663.88,1637.24,1653.76,2653.0
2026-06-04 11:44:00+00:00,1653.76,1655.44,1643.5,1644.57,4837.0
2026-06-04 11:49:00+00:00,1644.57,1662.47,1635.91,1649.71,4446.0
2026-06-04 11:54:00+00:00,1649.71,1662.87,1645.09,1651.05,3644.0
2026-06-04 11:59:00+00:00,1651.05,1651.81,1642.19,1642.62,3924.0
2026-06-04 12:04:00+00:00,1642.62,1659.8,1642.12,1659.29,3070.0
2026-06-04 12:09:00+00:00,1659.29,1675.63,1658.46,1675.07,2905.0
2026-06-04 12:14:00+00:00,1675.07,1678.26,1673.19,1675.37,4799.0
2026-06-04 12:19:00+00:00,1675.37,1694.38,1674.89,1692.55,2563.0
2026-06-04 12:24:00+00:00,1692.55,1696.72,1684.11,1689.65,2961.0
2026-06-04 12:29:00+00:00,1689.65,1691.69,1684.14,1686.65,2808.0
2026-06-04 12:34:00+00:00,1686.65,1688.1,1663.1,1665.6,3661.0
2026-06-04 12:39:00+00:00,1665.6,1666.77,1653.43,1654.31,4295.0
2026-06-04 12:44:00+00:00,1654.31,1656.92,1645.75,1648.27,2185.0
2026-06-04 12:49:00+00:00,1648.27,1657.98,1635.21,1638.21,1931.0
2026-06-04 12:54:00+00:00,1638.21,1638.81,1636.35,1636.79,3877.0
2026-06-04 12:59:00+00:00,1636.79,1637.37,1632.12,1632.49,3777.0
2026-06-04 13:04:00+00:00,1632.49,1637.24,1613.48,1617.84,2426.0
2026-06-04 13:09:00+00:00,1617.84,1625.28,1609.68,1616.66,4396.0
2026-06-04 13:14:00+00:00,1616.66,1618.15,1611.67,1614.84,4834.0
2026-06-04 13:19:00+00:00,1614.84,1616.39,1607.34,1611.4,3466.0
2026-06-04 13:24:00+00:00,1611.4,1619.56,1606.72,1617.31,2467.0
2026-06-04 13:29:00+00:00,1617.31,1618.34,1611.74,1613.73,1760.0
2026-06-04 13:34:00+00:00,1613.73,1632.99,1605.08,1623.53,2645.0
2026-06-04 13:39:00+00:00,1623.53,1624.6,1607.66,1609.5,3688.0
2026-06-04 13:44:00+00:00,1609.5,1614.21,1602.32,1604.87,4273.0
2026-06-04 13:49:00+00:00,1604.87,1607.97,1592.28,1597.84,4950.0
2026-06-04 13:54:00+00:00,1597.84,1600.6,1595.01,1599.14,2031.0
2026-06-04 13:59:00+00:00,1599.14,1599.33,1593.79,1593.84,4567.0
2026-06-04 14:04:00+00:00,1593.84,1596.4,1582.02,1586.24,3513.0
2026-06-04 14:09:00+00:00,1586.24,1590.09,1570.4,1576.71,3399.0
2026-06-04 14:14:00+00:00,1576.71,1582.63,1574.06,1577.71,4124.0
2026-06-04 14:19:00+00:00,1577.71,1582.09,1574.77,1581.19,2296.0
2026-06-04 14:24:00+00:00,1581.19,1598.13,1580.75,1597.08,1961.0
2026-06-04 14:29:00+00:00,1597.08,1597.76,1581.19,1582.34,4761.0
2026-06-04 14:34:00+00:00,1582.34,1593.79,1578.71,1590.42,2834.0
2026-06-04 14:39:00+00:00,1590.42,1591.1,1587.45,1587.94,2436.0
2026-06-04 14:44:00+00:00,1587.94,1588.75,1584.3,1584.84,2226.0
2026-06-04 14:49:00+00:00,1584.84,1607.18,1582.28,1597.74,2416.0
2026-06-04 14:54:00+00:00,1597.74,1599.44,1584.18,1586.04,2544.0
2026-06-04 14:59:00+00:00,1586.04,1589.49,1577.44,1581.9,4985.0
2026-06-04 15:04:00+00:00,1581.9,1592.79,1558.38,1571.27,3006.0
2026-06-04 15:09:00+00:00,1571.27,1581.34,1566.2,1570.1,3541.0
2026-06-04 15:14:00+00:00,1570.1,1573.13,1566.7,1570.76,4322.0
2026-06-04 15:19:00+00:00,1570.76,1572.26,1563.97,1565.18,4781.0
2026-06-04 15:24:00+00:00,1565.18,1569.19,1560.81,1563.29,2458.0
2026-06-04 15:29:00+00:00,1563.29,1565.9,1559.86,1562.41,2890.0
2026-06-04 15:34:00+00:00,1562.41,1569.07,1560.01,1568.26,3161.0
2026-06-04 15:39:00+00:00,1568.26,1569.6,1561.7,1564.73,4984.0
2026-06-04 15:44:00+00:00,1564.73,1577.01,1554.45,1560.09,2113.0
2026-06-04 15:49:00+00:00,1560.09,1563.49,1556.97,1561.87,4872.0
2026-06-04 15:54:00+00:00,1561.87,1564.15,1560.25,1562.92,1232.0
2026-06-04 15:59:00+00:00,1562.92,1568.98,1562.21,1568.6,1088.0
2026-06-04 16:04:00+00:00,1568.6,1568.67,1566.89,1566.96,1042.0
2026-06-04 16:09:00+00:00,1566.96,1569.68,1566.41,1569.19,1593.0
2026-06-04 16:14:00+00:00,1569.19,1570.39,1567.1,1568.42,1039.0
2026-06-04 16:19:00+00:00,1568.42,1569.09,1567.08,1568.24,1336.0
2026-06-04 16:24:00+00:00,1568.24,1568.91,1567.03,1567.59,1072.0
2026-06-04 16:29:00+00:00,1567.59,1568.65,1560.42,1562.98,784.0
2026-06-04 16:34:00+00:00,1562.98,1563.15,1562.96,1563.12,1455.0
2026-06-04 16:39:00+00:00,1563.12,1571.05,1558.03,1567.27,1421.0
2026-06-04 16:44:00+00:00,1567.27,1570.97,1566.47,1568.67,1078.0
2026-06-04 16:49:00+00:00,1568.67,1570.62,1559.49,1561.71,994.0
2026-06-04 16:54:00+00:00,1561.71,1563.42,1559.32,1560.25,1103.0
2026-06-04 16:59:00+00:00,1560.25,1562.88,1558.89,1561.31,983.0
2026-06-04 17:04:00+00:00,1561.31,1561.57,1558.08,1558.5,451.0
2026-06-04 17:09:00+00:00,1558.5,1558.7,1558.17,1558.32,354.0
2026-06-04 17:14:00+00:00,1558.32,1560.63,1557.41,1560.16,790.0
2026-06-04 17:19:00+00:00,1560.16,1560.3,1559.04,1559.18,601.0
2026-06-04 17:24:00+00:00,1559.18,1559.57,1557.47,1558.52,943.0
2026-06-04 17:29:00+00:00,1558.52,1559.91,1557.44,1558.64,646.0
2026-06-04 17:34:00+00:00,1558.64,1560.96,1553.47,1556.41,510.0
2026-06-04 17:39:00+00:00,1556.41,1560.25,1555.4,1558.33,325.0
2026-06-04 17:44:00+00:00,1558.33,1563.08,1557.32,1562.29,786.0
2026-06-04 17:49:00+00:00,1562.29,1567.74,1561.43,1564.07,618.0
2026-06-04 17:54:00+00:00,1564.07,1565.69,1563.89,1565.45,490.0
2026-06-04 17:59:00+00:00,1565.45,1566.26,1565.07,1565.82,450.0
2026-06-04 18:04:00+00:00,1565.82,1566.89,1561.54,1562.56,920.0
2026-06-04 18:09:00+00:00,1562.56,1564.41,1561.98,1562.46,937.0
2026-06-04 18:14:00+00:00,1562.46,1564.07,1560.66,1561.46,362.0
2026-06-04 18:19:00+00:00,1561.46,1564.26,1560.87,1563.74,346.0
2026-06-04 18:24:00+00:00,1563.74,1564.43,1558.15,1560.52,506.0
2026-06-04 18:29:00+00:00,1560.52,1564.82,1558.67,1562.27,962.0
2026-06-04 18:34:00+00:00,1562.27,1564.5,1559.23,1560.91,776.0
2026-06-04 18:39:00+00:00,1560.91,1562.21,1559.0,1559.84,743.0
2026-06-04 18:44:00+00:00,1559.84,1561.03,1559.6,1560.6,324.0
2026-06-04 18:49:00+00:00,1560.6,1560.8,1558.35,1558.49,748.0
2026-06-04 18:54:00+00:00,1558.49,1561.0,1552.12,1555.02,433.0
2026-06-04 18:59:00+00:00,1555.02,1556.29,1554.49,1555.76,513.0
2026-06-04 19:04:00+00:00,1555.76,1556.39,1554.3,1555.33,666.0
2026-06-04 19:09:00+00:00,1555.33,1557.12,1555.25,1557.01,471.0
2026-06-04 19:14:00+00:00,1557.01,1559.13,1556.42,1558.46,766.0
2026-06-04 19:19:00+00:00,1558.46,1558.7,1556.63,1556.73,689.0
2026-06-04 19:24:00+00:00,1556.73,1556.84,1553.82,1553.87,644.0
2026-06-04 19:29:00+00:00,1553.87,1561.28,1550.16,1557.67,795.0
2026-06-04 19:34:00+00:00,1557.67,1563.06,1554.75,1558.94,729.0
2026-06-04 19:39:00+00:00,1558.94,1559.01,1555.57,1555.64,450.0
2026-06-04 19:44:00+00:00,1555.64,1557.67,1555.19,1556.57,604.0
2026-06-04 19:49:00+00:00,1556.57,1557.53,1554.56,1555.77,889.0
2026-06-04 19:54:00+00:00,1555.77,1563.69,1551.01,1558.86,324.0
2026-06-04 19:59:00+00:00,1558.86,1564.1,1556.55,1562.57,501.0
2026-06-04 20:04:00+00:00,1562.57,1564.42,1561.82,1563.96,510.0
2026-06-04 20:09:00+00:00,1563.96,1567.31,1562.88,1566.18,465.0
2026-06-04 20:14:00+00:00,1566.18,1567.82,1562.07,1563.43,803.0
2026-06-04 20:19:00+00:00,1563.43,1565.43,1561.18,1563.81,682.0
2026-06-04 20:24:00+00:00,1563.81,1566.49,1563.76,1566.48,876.0
2026-06-04 20:29:00+00:00,1566.48,1568.97,1562.4,1566.97,343.0
2026-06-04 20:34:00+00:00,1566.97,1574.06,1565.97,1571.51,558.0
2026-06-04 20:39:00+00:00,1571.51,1576.39,1568.44,1574.51,606.0
2026-06-04 20:44:00+00:00,1574.51,1576.2,1571.64,1575.08,721.0
2026-06-04 20:49:00+00:00,1575.08,1576.4,1574.59,1575.82,914.0
2026-06-04 20:54:00+00:00,1575.82,1577.0,1571.34,1572.69,346.0
2026-06-04 20:59:00+00:00,1572.69,1580.79,1570.45,1575.96,334.0
2026-06-04 21:04:00+00:00,1575.96,1580.04,1575.86,1579.89,454.0
2026-06-04 21:09:00+00:00,1579.89,1580.78,1578.78,1580.4,690.0
2026-06-04 21:14:00+00:00,1580.4,1582.57,1576.4,1578.56,903.0
2026-06-04 21:19:00+00:00,1578.56,1579.09,1575.86,1576.17,915.0
2026-06-04 21:24:00+00:00,1576.17,1580.68,1574.82,1580.26,763.0
2026-06-04 21:29:00+00:00,1580.26,1580.4,1577.09,1577.28,518.0
2026-06-04 21:34:00+00:00,1577.28,1577.44,1576.76,1576.86,643.0
2026-06-04 21:39:00+00:00,1576.86,1578.82,1575.93,1578.51,902.0
2026-06-04 21:44:00+00:00,1578.51,1579.91,1578.05,1578.73,774.0
2026-06-04 21:49:00+00:00,1578.73,1579.62,1575.86,1576.3,515.0
2026-06-04 21:54:00+00:00,1576.3,1578.59,1576.01,1578.38,487.0
2026-06-04 21:59:00+00:00,1578.38,1578.66,1575.45,1576.38,769.0
2026-06-04 22:04:00+00:00,1576.38,1578.66,1576.15,1578.31,926.0
2026-06-04 22:09:00+00:00,1578.31,1583.06,1577.33,1582.41,970.0
2026-06-04 22:14:00+00:00,1582.41,1582.85,1582.34,1582.8,886.0
2026-06-04 22:19:00+00:00,1582.8,1584.96,1581.34,1584.03,600.0
2026-06-04 22:24:00+00:00,1584.03,1589.64,1583.5,1589.13,735.0
2026-06-04 22:29:00+00:00,1589.13,1589.93,1586.45,1587.17,866.0
2026-06-04 22:34:00+00:00,1587.17,1593.59,1585.24,1591.22,344.0
2026-06-04 22:39:00+00:00,1591.22,1591.74,1589.9,1590.51,455.0
2026-06-04 22:44:00+00:00,1590.51,1594.27,1590.26,1594.07,377.0
2026-06-04 22:49:00+00:00,1594.07,1596.12,1592.5,1595.32,604.0
2026-06-04 22:54:00+00:00,1595.32,1596.41,1588.43,1589.14,899.0
2026-06-04 22:59:00+00:00,1589.14,1594.98,1586.09,1591.0,855.0
2026-06-04 23:04:00+00:00,1591.0,1592.64,1590.99,1592.62,455.0
2026-06-04 23:09:00+00:00,1592.62,1599.44,1589.81,1596.63,852.0
2026-06-04 23:14:00+00:00,1596.63,1600.51,1592.77,1594.56,797.0
2026-06-04 23:19:00+00:00,1594.56,1595.85,1592.47,1594.13,401.0
2026-06-04 23:24:00+00:00,1594.13,1599.17,1590.45,1594.92,628.0
2026-06-04 23:29:00+00:00,1594.92,1598.03,1593.87,1597.43,682.0
2026-06-04 23:34:00+00:00,1597.43,1599.8,1593.67,1596.85,938.0
2026-06-04 23:39:00+00:00,1596.85,1605.23,1593.02,1602.79,815.0
2026-06-04 23:44:00+00:00,1602.79,1603.69,1602.12,1603.34,958.0
2026-06-04 23:49:00+00:00,1603.34,1605.16,1599.06,1600.64,404.0
2026-06-04 23:54:00+00:00,1600.64,1602.08,1598.6,1600.38,617.0
2026-06-04 23:59:00+00:00,1600.38,1605.28,1599.14,1604.43,464.0
2026-06-05 00:04:00+00:00,1604.43,1607.83,1603.08,1606.95,962.0
2026-06-05 00:09:00+00:00,1606.95,1607.88,1606.21,1607.3,595.0
2026-06-05 00:14:00+00:00,1607.3,1611.33,1602.29,1604.9,755.0
2026-06-05 00:19:00+00:00,1604.9,1605.2,1602.31,1602.5,610.0
2026-06-05 00:24:00+00:00,1602.5,1603.0,1599.33,1599.78,454.0
2026-06-05 00:29:00+00:00,1599.78,1600.07,1595.78,1596.61,330.0
2026-06-05 00:34:00+00:00,1596.61,1600.77,1594.06,1596.31,850.0
2026-06-05 00:39:00+00:00,1596.31,1597.03,1593.91,1594.92,941.0
2026-06-05 00:44:00+00:00,1594.92,1596.36,1590.31,1591.95,764.0
2026-06-05 00:49:00+00:00,1591.95,1594.35,1590.02,1592.8,912.0
2026-06-05 00:54:00+00:00,1592.8,1593.53,1590.77,1591.54,461.0
2026-06-05 00:59:00+00:00,1591.54,1593.76,1590.89,1593.15,650.0
2026-06-05 01:04:00+00:00,1593.15,1596.41,1585.43,1589.58,966.0
2026-06-05 01:09:00+00:00,1589.58,1595.27,1586.16,1593.65,614.0
2026-06-05 01:14:00+00:00,1593.65,1594.29,1587.7,1588.34,598.0
2026-06-05 01:19:00+00:00,1588.34,1589.14,1585.81,1588.21,457.0
2026-06-05 01:24:00+00:00,1588.21,1590.0,1586.0,1587.45,762.0
2026-06-05 01:29:00+00:00,1587.45,1587.7,1586.29,1587.19,830.0
2026-06-05 01:34:00+00:00,1587.19,1588.78,1587.16,1588.75,967.0
2026-06-05 01:39:00+00:00,1588.75,1592.96,1588.28,1592.15,611.0
2026-06-05 01:44:00+00:00,1592.15,1592.96,1591.23,1591.5,851.0
2026-06-05 01:49:00+00:00,1591.5,1591.96,1588.65,1589.36,517.0
2026-06-05 01:54:00+00:00,1589.36,1593.77,1588.35,1593.23,763.0
2026-06-05 01:59:00+00:00,1593.23,1594.14,1592.83,1593.27,420.0
2026-06-05 02:04:00+00:00,1593.27,1595.09,1591.26,1593.94,782.0
2026-06-05 02:09:00+00:00,1593.94,1595.08,1590.55,1592.65,730.0
2026-06-05 02:14:00+00:00,1592.65,1593.72,1590.3,1592.48,546.0
2026-06-05 02:19:00+00:00,1592.48,1594.66,1590.32,1591.77,790.0
2026-06-05 02:24:00+00:00,1591.77,1592.04,1591.27,1591.69,824.0
2026-06-05 02:29:00+00:00,1591.69,1596.38,1590.7,1595.04,637.0
2026-06-05 02:34:00+00:00,1595.04,1598.79,1594.48,1597.92,622.0
2026-06-05 02:39:00+00:00,1597.92,1598.57,1596.62,1597.67,333.0
2026-06-05 02:44:00+00:00,1597.67,1598.58,1597.25,1598.34,912.0
2026-06-05 02:49:00+00:00,1598.34,1607.46,1596.28,1598.26,666.0
2026-06-05 02:54:00+00:00,1598.26,1600.23,1597.25,1598.88,965.0
2026-06-05 02:59:00+00:00,1598.88,1601.26,1597.57,1599.45,714.0
2026-06-05 03:04:00+00:00,1599.45,1602.05,1595.72,1600.4,720.0
2026-06-05 03:09:00+00:00,1600.4,1605.08,1598.56,1603.11,386.0
2026-06-05 03:14:00+00:00,1603.11,1605.56,1601.9,1604.34,789.0
2026-06-05 03:19:00+00:00,1604.34,1609.2,1601.2,1606.07,704.0
2026-06-05 03:24:00+00:00,1606.07,1606.86,1602.09,1603.46,872.0
2026-06-05 03:29:00+00:00,1603.46,1607.59,1603.37,1607.41,334.0
2026-06-05 03:34:00+00:00,1607.41,1608.2,1603.85,1604.64,473.0
2026-06-05 03:39:00+00:00,1604.64,1604.93,1603.31,1603.42,693.0
2026-06-05 03:44:00+00:00,1603.42,1605.66,1596.91,1600.34,341.0
2026-06-05 03:49:00+00:00,1600.34,1604.21,1599.29,1603.18,852.0
2026-06-05 03:54:00+00:00,1603.18,1608.69,1600.84,1606.98,470.0
2026-06-05 03:59:00+00:00,1606.98,1608.84,1606.72,1607.67,859.0
2026-06-05 04:04:00+00:00,1607.67,1609.74,1605.41,1607.44,745.0
2026-06-05 04:09:00+00:00,1607.44,1608.21,1606.65,1607.14,710.0
2026-06-05 04:14:00+00:00,1607.14,1608.81,1606.48,1608.43,382.0
2026-06-05 04:19:00+00:00,1608.43,1609.55,1605.78,1607.62,591.0
2026-06-05 04:24:00+00:00,1607.62,1608.02,1607.25,1607.39,458.0
2026-06-05 04:29:00+00:00,1607.39,1609.8,1607.33,1609.59,826.0
2026-06-05 04:34:00+00:00,1609.59,1609.67,1605.96,1606.03,862.0
2026-06-05 04:39:00+00:00,1606.03,1608.18,1602.01,1605.0,406.0
2026-06-05 04:44:00+00:00,1605.0,1609.83,1602.5,1608.47,338.0
2026-06-05 04:49:00+00:00,1608.47,1608.6,1606.4,1606.76,454.0
2026-06-05 04:54:00+00:00,1606.76,1611.11,1603.57,1606.3,388.0
2026-06-05 04:59:00+00:00,1606.3,1606.45,1604.82,1605.12,683.0
2026-06-05 05:04:00+00:00,1605.12,1607.72,1604.88,1607.07,520.0
2026-06-05 05:09:00+00:00,1607.07,1608.1,1599.82,1601.02,967.0
2026-06-05 05:14:00+00:00,1601.02,1605.43,1599.69,1604.54,871.0
2026-06-05 05:19:00+00:00,1604.54,1605.96,1599.54,1600.93,945.0
2026-06-05 05:24:00+00:00,1600.93,1605.09,1593.27,1598.21,854.0
2026-06-05 05:29:00+00:00,1598.21,1598.82,1596.25,1597.12,430.0
2026-06-05 05:34:00+00:00,1597.12,1598.46,1596.65,1597.68,866.0
2026-06-05 05:39:00+00:00,1597.68,1603.04,1596.82,1601.67,797.0
2026-06-05 05:44:00+00:00,1601.67,1601.78,1600.39,1600.62,694.0
2026-06-05 05:49:00+00:00,1600.62,1601.31,1600.46,1601.25,728.0
2026-06-05 05:54:00+00:00,1601.25,1602.52,1599.08,1601.05,567.0
2026-06-05 05:59:00+00:00,1601.05,1608.39,1599.52,1605.43,736.0
2026-06-05 06:04:00+00:00,1605.43,1608.93,1600.9,1604.81,907.0
2026-06-05 06:09:00+00:00,1604.81,1606.16,1603.89,1605.06,784.0
2026-06-05 06:14:00+00:00,1605.06,1607.02,1604.28,1606.32,596.0
2026-06-05 06:19:00+00:00,1606.32,1609.92,1605.53,1609.48,350.0
2026-06-05 06:24:00+00:00,1609.48,1614.1,1609.1,1613.87,882.0
2026-06-05 06:29:00+00:00,1613.87,1618.68,1608.58,1613.25,527.0
2026-06-05 06:34:00+00:00,1613.25,1616.8,1612.95,1615.73,890.0
2026-06-05 06:39:00+00:00,1615.73,1615.93,1613.42,1613.65,758.0
2026-06-05 06:44:00+00:00,1613.65,1614.74,1609.66,1610.46,686.0
2026-06-05 06:49:00+00:00,1610.46,1613.08,1609.38,1611.53,434.0
2026-06-05 06:54:00+00:00,1611.53,1616.37,1610.9,1615.39,329.0
2026-06-05 06:59:00+00:00,1615.39,1615.52,1612.39,1612.44,763.0
2026-06-05 07:04:00+00:00,1612.44,1614.25,1609.98,1611.11,1109.0
2026-06-05 07:09:00+00:00,1611.11,1612.83,1609.62,1611.69,658.0
2026-06-05 07:14:00+00:00,1611.69,1612.17,1609.6,1610.5,1432.0
2026-06-05 07:19:00+00:00,1610.5,1610.65,1609.0,1609.07,720.0
2026-06-05 07:24:00+00:00,1609.07,1611.96,1606.24,1610.43,767.0
2026-06-05 07:29:00+00:00,1610.43,1615.13,1609.04,1613.48,972.0
2026-06-05 07:34:00+00:00,1613.48,1614.51,1610.41,1610.99,1530.0
2026-06-05 07:39:00+00:00,1610.99,1612.19,1609.42,1611.42,876.0
2026-06-05 07:44:00+00:00,1611.42,1612.29,1609.71,1611.59,609.0
2026-06-05 07:49:00+00:00,1611.59,1615.69,1610.76,1614.62,864.0
2026-06-05 07:54:00+00:00,1614.62,1616.88,1614.38,1616.48,1366.0
2026-06-05 07:59:00+00:00,1616.48,1622.62,1616.35,1622.19,1180.0
2026-06-05 08:04:00+00:00,1622.19,1625.66,1619.66,1621.31,1509.0
2026-06-05 08:09:00+00:00,1621.31,1625.44,1620.97,1625.22,1575.0
2026-06-05 08:14:00+00:00,1625.22,1627.02,1624.92,1626.2,1659.0
2026-06-05 08:19:00+00:00,1626.2,1629.91,1625.83,1629.75,797.0
2026-06-05 08:24:00+00:00,1629.75,1634.5,1628.49,1632.65,1347.0
2026-06-05 08:29:00+00:00,1632.65,1637.87,1631.83,1637.5,1162.0
2026-06-05 08:34:00+00:00,1637.5,1638.02,1636.11,1636.96,1376.0
2026-06-05 08:39:00+00:00,1636.96,1637.52,1635.7,1636.57,1364.0
2026-06-05 08:44:00+00:00,1636.57,1637.63,1635.07,1636.17,1239.0
2026-06-05 08:49:00+00:00,1636.17,1636.85,1630.89,1631.57,729.0
2026-06-05 08:54:00+00:00,1631.57,1631.91,1627.29,1627.49,582.0
2026-06-05 08:59:00+00:00,1627.49,1629.81,1627.35,1629.63,1193.0
2026-06-05 09:04:00+00:00,1629.63,1631.3,1629.48,1631.22,615.0
2026-06-05 09:09:00+00:00,1631.22,1637.61,1629.33,1633.21,683.0
2026-06-05 09:14:00+00:00,1633.21,1635.94,1633.09,1635.82,1670.0
2026-06-05 09:19:00+00:00,1635.82,1639.81,1629.55,1633.53,972.0
2026-06-05 09:24:00+00:00,1633.53,1636.48,1632.75,1635.11,1518.0
2026-06-05 09:29:00+00:00,1635.11,1638.28,1634.62,1637.09,1481.0
2026-06-05 09:34:00+00:00,1637.09,1643.03,1636.17,1641.99,1639.0
2026-06-05 09:39:00+00:00,1641.99,1642.76,1639.6,1640.0,696.0
2026-06-05 09:44:00+00:00,1640.0,1640.49,1637.7,1638.46,1063.0
2026-06-05 09:49:00+00:00,1638.46,1641.81,1636.25,1640.99,1394.0
2026-06-05 09:54:00+00:00,1640.99,1642.03,1638.65,1639.37,1095.0
2026-06-05 09:59:00+00:00,1639.37,1642.88,1638.45,1642.48,1512.0
2026-06-05 10:04:00+00:00,1642.48,1644.61,1642.45,1644.5,1123.0
2026-06-05 10:09:00+00:00,1644.5,1646.8,1644.1,1646.46,829.0
2026-06-05 10:14:00+00:00,1646.46,1648.1,1643.69,1645.7,689.0
2026-06-05 10:19:00+00:00,1645.7,1646.48,1641.56,1642.66,1414.0
2026-06-05 10:24:00+00:00,1642.66,1646.55,1642.61,1646.44,1490.0
2026-06-05 10:29:00+00:00,1646.44,1648.72,1644.4,1646.76,640.0
2026-06-05 10:34:00+00:00,1646.76,1647.38,1644.69,1645.8,1121.0
2026-06-05 10:39:00+00:00,1645.8,1648.18,1638.89,1639.65,945.0
2026-06-05 10:44:00+00:00,1639.65,1641.11,1639.57,1641.08,820.0
2026-06-05 10:49:00+00:00,1641.08,1641.59,1639.9,1640.2,1537.0
2026-06-05 10:54:00+00:00,1640.2,1641.89,1638.41,1641.18,1351.0
2026-06-05 10:59:00+00:00,1641.18,1650.45,1637.09,1645.35,717.0
2026-06-05 11:04:00+00:00,1645.35,1652.04,1645.08,1651.77,748.0
2026-06-05 11:09:00+00:00,1651.77,1655.89,1651.16,1653.58,577.0
2026-06-05 11:14:00+00:00,1653.58,1659.65,1651.4,1656.44,728.0
2026-06-05 11:19:00+00:00,1656.44,1657.88,1654.17,1656.08,1053.0
2026-06-05 11:24:00+00:00,1656.08,1660.11,1654.71,1658.69,1007.0
2026-06-05 11:29:00+00:00,1658.69,1662.4,1652.11,1654.4,1523.0
2026-06-05 11:34:00+00:00,1654.4,1655.5,1646.23,1647.52,1512.0
2026-06-05 11:39:00+00:00,1647.52,1652.17,1646.85,1651.71,1054.0
2026-06-05 11:44:00+00:00,1651.71,1655.77,1651.13,1655.23,650.0
2026-06-05 11:49:00+00:00,1655.23,1655.59,1653.56,1653.82,1204.0
2026-06-05 11:54:00+00:00,1653.82,1654.33,1652.29,1652.91,1091.0
2026-06-05 11:59:00+00:00,1652.91,1654.84,1647.72,1649.48,1330.0
2026-06-05 12:04:00+00:00,1649.48,1651.35,1645.8,1646.47,706.0
2026-06-05 12:09:00+00:00,1646.47,1648.47,1640.2,1642.86,1011.0
2026-06-05 12:14:00+00:00,1642.86,1643.64,1640.04,1640.92,1156.0
2026-06-05 12:19:00+00:00,1640.92,1643.16,1640.66,1642.36,655.0
2026-06-05 12:24:00+00:00,1642.36,1643.83,1637.62,1639.39,1141.0
2026-06-05 12:29:00+00:00,1639.39,1640.63,1634.88,1635.82,1239.0
2026-06-05 12:34:00+00:00,1635.82,1636.88,1635.44,1636.3,784.0
2026-06-05 12:39:00+00:00,1636.3,1637.08,1635.87,1636.64,878.0
2026-06-05 12:44:00+00:00,1636.64,1638.56,1636.54,1638.5,806.0
2026-06-05 12:49:00+00:00,1638.5,1642.21,1636.37,1640.67,792.0
2026-06-05 12:54:00+00:00,1640.67,1642.65,1636.15,1637.59,897.0
2026-06-05 12:59:00+00:00,1637.59,1639.69,1636.93,1639.0,785.0
2026-06-05 13:04:00+00:00,1639.0,1640.26,1638.43,1639.31,1634.0
2026-06-05 13:09:00+00:00,1639.31,1640.48,1638.84,1640.34,1179.0
2026-06-05 13:14:00+00:00,1640.34,1641.21,1640.34,1641.2,1177.0
2026-06-05 13:19:00+00:00,1641.2,1642.82,1640.12,1640.77,1169.0
2026-06-05 13:24:00+00:00,1640.77,1642.81,1639.13,1641.67,1677.0
2026-06-05 13:29:00+00:00,1641.67,1642.51,1640.24,1640.69,875.0
2026-06-05 13:34:00+00:00,1640.69,1641.67,1639.25,1640.78,1030.0
2026-06-05 13:39:00+00:00,1640.78,1642.96,1632.64,1635.63,750.0
2026-06-05 13:44:00+00:00,1635.63,1636.08,1632.31,1632.9,616.0
2026-06-05 13:49:00+00:00,1632.9,1634.87,1630.38,1632.91,1218.0
2026-06-05 13:54:00+00:00,1632.91,1634.82,1629.99,1631.16,1656.0
2026-06-05 13:59:00+00:00,1631.16,1634.18,1629.14,1631.71,1127.0
2026-06-05 14:04:00+00:00,1631.71,1633.66,1625.19,1626.06,907.0
2026-06-05 14:09:00+00:00,1626.06,1630.08,1619.88,1623.54,1477.0
2026-06-05 14:14:00+00:00,1623.54,1627.53,1622.29,1625.17,1476.0
2026-06-05 14:19:00+00:00,1625.17,1625.7,1622.17,1622.64,777.0
2026-06-05 14:24:00+00:00,1622.64,1626.8,1621.71,1625.34,977.0
2026-06-05 14:29:00+00:00,1625.34,1630.15,1624.4,1629.24,1334.0
2026-06-05 14:34:00+00:00,1629.24,1634.11,1626.5,1633.19,578.0
2026-06-05 14:39:00+00:00,1633.19,1635.02,1630.28,1630.78,1579.0
2026-06-05 14:44:00+00:00,1630.78,1632.92,1628.84,1630.25,995.0
2026-06-05 14:49:00+00:00,1630.25,1632.46,1627.97,1631.77,1351.0
2026-06-05 14:54:00+00:00,1631.77,1639.87,1630.62,1638.9,1499.0
2026-06-05 14:59:00+00:00,1638.9,1640.1,1638.79,1639.93,1053.0
2026-06-05 15:04:00+00:00,1639.93,1644.29,1638.0,1642.63,570.0
2026-06-05 15:09:00+00:00,1642.63,1643.75,1641.62,1643.15,617.0
2026-06-05 15:14:00+00:00,1643.15,1645.47,1643.11,1645.38,785.0
2026-06-05 15:19:00+00:00,1645.38,1647.32,1640.79,1641.59,759.0
2026-06-05 15:24:00+00:00,1641.59,1642.91,1640.16,1641.42,806.0
2026-06-05 15:29:00+00:00,1641.42,1643.34,1641.24,1643.14,718.0
2026-06-05 15:34:00+00:00,1643.14,1643.76,1638.2,1638.9,1133.0
2026-06-05 15:39:00+00:00,1638.9,1640.3,1637.02,1637.55,3608.0
2026-06-05 15:44:00+00:00,1637.55,1649.6,1635.64,1646.54,2323.0
2026-06-05 15:49:00+00:00,1646.54,1655.31,1646.22,1654.2,3839.0
2026-06-05 15:54:00+00:00,1654.2,1656.95,1646.99,1650.92,3716.0
2026-06-05 15:59:00+00:00,1650.92,1659.71,1647.79,1652.0,2066.0
2026-06-05 16:04:00+00:00,1652.0,1664.56,1650.2,1659.52,3191.0
2026-06-05 16:09:00+00:00,1659.52,1660.68,1651.29,1652.69,2191.0
2026-06-05 16:14:00+00:00,1652.69,1654.32,1650.84,1652.04,4040.0
2026-06-05 16:19:00+00:00,1652.04,1656.96,1638.99,1644.89,4148.0
2026-06-05 16:24:00+00:00,1644.89,1650.96,1626.51,1630.04,3920.0
2026-06-05 16:29:00+00:00,1630.04,1632.16,1625.77,1627.12,2936.0
2026-06-05 16:34:00+00:00,1627.12,1630.22,1620.74,1623.86,3644.0
2026-06-05 16:39:00+00:00,1623.86,1624.28,1618.86,1619.67,3368.0
2026-06-05 16:44:00+00:00,1619.67,1627.52,1616.76,1625.22,3983.0
2026-06-05 16:49:00+00:00,1625.22,1630.93,1624.43,1629.98,2475.0
2026-06-05 16:54:00+00:00,1629.98,1633.58,1623.74,1625.85,2850.0
2026-06-05 16:59:00+00:00,1625.85,1626.98,1623.05,1623.43,2428.0
2026-06-05 17:04:00+00:00,1623.43,1627.18,1617.83,1621.52,1152.0
2026-06-05 17:09:00+00:00,1621.52,1627.95,1606.41,1610.8,1881.0
2026-06-05 17:14:00+00:00,1610.8,1611.82,1603.34,1606.04,1554.0
2026-06-05 17:19:00+00:00,1606.04,1615.97,1595.77,1597.96,1169.0
2026-06-05 17:24:00+00:00,1597.96,1599.11,1591.96,1593.25,1771.0
2026-06-05 17:29:00+00:00,1593.25,1594.57,1593.21,1594.56,1426.0
2026-06-05 17:34:00+00:00,1594.56,1597.58,1593.13,1596.28,2154.0
2026-06-05 17:39:00+00:00,1596.28,1607.13,1593.29,1602.15,846.0
2026-06-05 17:44:00+00:00,1602.15,1608.91,1594.76,1607.03,938.0
2026-06-05 17:49:00+00:00,1607.03,1609.92,1606.95,1609.79,1726.0
2026-06-05 17:54:00+00:00,1609.79,1624.94,1605.8,1623.31,964.0
2026-06-05 17:59:00+00:00,1623.31,1625.48,1608.56,1615.45,1679.0
2026-06-05 18:04:00+00:00,1615.45,1619.71,1596.29,1601.32,1129.0
2026-06-05 18:09:00+00:00,1601.32,1606.61,1592.43,1596.46,1534.0
2026-06-05 18:14:00+00:00,1596.46,1602.2,1589.17,1597.13,1226.0
2026-06-05 18:19:00+00:00,1597.13,1609.89,1593.88,1606.02,1063.0
2026-06-05 18:24:00+00:00,1606.02,1617.31,1601.1,1612.36,835.0
2026-06-05 18:29:00+00:00,1612.36,1618.9,1609.71,1615.75,1395.0
2026-06-05 18:34:00+00:00,1615.75,1625.12,1615.18,1624.6,1494.0
2026-06-05 18:39:00+00:00,1624.6,1626.68,1614.36,1622.63,1968.0
2026-06-05 18:44:00+00:00,1622.63,1625.43,1619.33,1620.5,1527.0
2026-06-05 18:49:00+00:00,1620.5,1625.98,1617.97,1621.96,1762.0
2026-06-05 18:54:00+00:00,1621.96,1626.41,1611.91,1614.52,2052.0
2026-06-05 18:59:00+00:00,1614.52,1635.8,1611.18,1630.01,925.0
2026-06-05 19:04:00+00:00,1630.01,1631.73,1627.7,1628.54,1585.0
2026-06-05 19:09:00+00:00,1628.54,1630.05,1626.78,1628.63,1854.0
2026-06-05 19:14:00+00:00,1628.63,1633.93,1621.96,1623.66,1969.0
2026-06-05 19:19:00+00:00,1623.66,1630.36,1616.6,1627.21,2246.0
2026-06-05 19:24:00+00:00,1627.21,1635.53,1627.13,1635.43,1588.0
2026-06-05 19:29:00+00:00,1635.43,1638.97,1622.88,1628.0,2222.0
2026-06-05 19:34:00+00:00,1628.0,1630.52,1619.29,1623.27,1194.0
2026-06-05 19:39:00+00:00,1623.27,1628.92,1622.55,1627.47,1300.0
2026-06-05 19:44:00+00:00,1627.47,1628.38,1612.82,1616.46,987.0
2026-06-05 19:49:00+00:00,1616.46,1626.89,1612.13,1623.49,1221.0
2026-06-05 19:54:00+00:00,1623.49,1624.53,1616.57,1616.98,1827.0
2026-06-05 19:59:00+00:00,1616.98,1618.78,1606.96,1610.62,1913.0
2026-06-05 20:04:00+00:00,1610.62,1612.09,1605.65,1610.63,920.0
2026-06-05 20:09:00+00:00,1610.63,1611.58,1610.23,1611.28,1656.0
2026-06-05 20:14:00+00:00,1611.28,1617.79,1609.97,1614.07,2291.0
2026-06-05 20:19:00+00:00,1614.07,1621.24,1611.48,1618.67,1263.0
2026-06-05 20:24:00+00:00,1618.67,1620.38,1612.94,1615.13,2297.0
2026-06-05 20:29:00+00:00,1615.13,1617.13,1606.59,1612.73,1378.0
2026-06-05 20:34:00+00:00,1612.73,1619.94,1607.77,1611.63,2182.0
2026-06-05 20:39:00+00:00,1611.63,1618.49,1608.67,1616.52,1415.0
2026-06-05 20:44:00+00:00,1616.52,1618.7,1612.99,1614.63,2153.0
2026-06-05 20:49:00+00:00,1614.63,1619.48,1612.58,1617.35,1443.0
2026-06-05 20:54:00+00:00,1617.35,1619.54,1614.98,1616.54,1353.0
2026-06-05 20:59:00+00:00,1616.54,1620.81,1613.78,1619.21,2442.0
2026-06-05 21:04:00+00:00,1619.21,1620.29,1610.73,1614.09,2060.0
2026-06-05 21:09:00+00:00,1614.09,1614.99,1612.05,1612.67,1782.0
2026-06-05 21:14:00+00:00,1612.67,1622.85,1607.15,1617.33,1746.0
2026-06-05 21:19:00+00:00,1617.33,1628.16,1613.1,1626.91,1694.0
2026-06-05 21:24:00+00:00,1626.91,1635.47,1610.96,1618.94,2377.0
2026-06-05 21:29:00+00:00,1618.94,1621.1,1603.28,1609.57,1945.0
2026-06-05 21:34:00+00:00,1609.57,1613.81,1603.44,1606.03,1507.0
2026-06-05 21:39:00+00:00,1606.03,1610.86,1605.78,1610.74,1889.0
2026-06-05 21:44:00+00:00,1610.74,1612.73,1609.77,1612.22,1152.0
2026-06-05 21:49:00+00:00,1612.22,1615.87,1608.81,1610.22,2142.0
2026-06-05 21:54:00+00:00,1610.22,1616.16,1609.4,1614.9,1717.0
2026-06-05 21:59:00+00:00,1614.9,1616.05,1609.45,1610.43,1611.0
2026-06-05 22:04:00+00:00,1610.43,1610.84,1600.72,1600.99,1975.0
2026-06-05 22:09:00+00:00,1600.99,1603.57,1588.59,1591.85,937.0
2026-06-05 22:14:00+00:00,1591.85,1596.42,1583.08,1593.95,1339.0
2026-06-05 22:19:00+00:00,1593.95,1596.14,1584.78,1588.97,2133.0
2026-06-05 22:24:00+00:00,1588.97,1590.3,1582.23,1584.73,1262.0
2026-06-05 22:29:00+00:00,1584.73,1593.37,1583.68,1591.79,1677.0
2026-06-05 22:34:00+00:00,1591.79,1592.65,1587.1,1588.69,1084.0
2026-06-05 22:39:00+00:00,1588.69,1593.58,1579.96,1586.23,1486.0
2026-06-05 22:44:00+00:00,1586.23,1586.98,1584.59,1585.48,2294.0
2026-06-05 22:49:00+00:00,1585.48,1590.29,1574.22,1577.46,1559.0
2026-06-05 22:54:00+00:00,1577.46,1579.59,1572.69,1574.82,894.0
2026-06-05 22:59:00+00:00,1574.82,1574.85,1571.41,1571.45,1105.0
2026-06-05 23:04:00+00:00,1571.45,1577.79,1570.02,1573.28,933.0
2026-06-05 23:09:00+00:00,1573.28,1573.34,1566.62,1566.71,2106.0
2026-06-05 23:14:00+00:00,1566.71,1569.28,1556.2,1559.78,2066.0
2026-06-05 23:19:00+00:00,1559.78,1563.63,1552.14,1557.63,2097.0
2026-06-05 23:24:00+00:00,1557.63,1561.39,1552.96,1554.82,1713.0
2026-06-05 23:29:00+00:00,1554.82,1563.9,1552.35,1561.38,2275.0
2026-06-05 23:34:00+00:00,1561.38,1568.66,1558.8,1563.67,1471.0
2026-06-05 23:39:00+00:00,1563.67,1575.48,1561.33,1573.83,1242.0
2026-06-05 23:44:00+00:00,1573.83,1586.06,1568.05,1584.39,2194.0
2026-06-05 23:49:00+00:00,1584.39,1584.55,1578.21,1578.61,1552.0
2026-06-05 23:54:00+00:00,1578.61,1579.68,1569.19,1570.17,1206.0
2026-06-05 23:59:00+00:00,1570.17,1570.45,1554.93,1555.04,1978.0
2026-06-06 00:04:00+00:00,1555.04,1562.76,1549.29,1559.07,1190.0
2026-06-06 00:09:00+00:00,1559.07,1574.31,1557.72,1570.5,1672.0
2026-06-06 00:14:00+00:00,1570.5,1575.01,1551.36,1555.0,1709.0
2026-06-06 00:19:00+00:00,1555.0,1568.73,1552.96,1561.94,1014.0
2026-06-06 00:24:00+00:00,1561.94,1567.54,1561.35,1566.81,2342.0
2026-06-06 00:29:00+00:00,1566.81,1573.47,1566.46,1573.16,1022.0
2026-06-06 00:34:00+00:00,1573.16,1576.6,1569.32,1571.0,1349.0
2026-06-06 00:39:00+00:00,1571.0,1585.7,1560.4,1573.98,1110.0
2026-06-06 00:44:00+00:00,1573.98,1576.7,1567.7,1571.37,2170.0
2026-06-06 00:49:00+00:00,1571.37,1580.46,1567.03,1577.5,897.0
2026-06-06 00:54:00+00:00,1577.5,1583.99,1573.95,1582.46,1780.0
2026-06-06 00:59:00+00:00,1582.46,1595.09,1578.85,1591.54,1775.0
2026-06-06 01:04:00+00:00,1591.54,1592.22,1583.44,1584.5,1965.0
2026-06-06 01:09:00+00:00,1584.5,1587.19,1565.99,1578.86,2088.0
2026-06-06 01:14:00+00:00,1578.86,1580.27,1566.39,1569.39,1174.0
2026-06-06 01:19:00+00:00,1569.39,1578.97,1562.68,1574.31,2478.0
2026-06-06 01:24:00+00:00,1574.31,1580.78,1572.91,1578.22,2068.0
2026-06-06 01:29:00+00:00,1578.22,1579.45,1577.81,1578.49,2445.0
2026-06-06 01:34:00+00:00,1578.49,1579.09,1577.89,1578.44,1114.0
2026-06-06 01:39:00+00:00,1578.44,1582.1,1576.12,1579.39,2378.0
2026-06-06 01:44:00+00:00,1579.39,1584.17,1577.33,1582.61,1153.0
2026-06-06 01:49:00+00:00,1582.61,1586.5,1582.47,1586.45,1129.0
2026-06-06 01:54:00+00:00,1586.45,1590.79,1577.63,1584.33,1343.0
2026-06-06 01:59:00+00:00,1584.33,1606.82,1578.03,1600.38,843.0
2026-06-06 02:04:00+00:00,1600.38,1602.13,1598.54,1601.5,2166.0
2026-06-06 02:09:00+00:00,1601.5,1606.55,1598.9,1602.59,2404.0
2026-06-06 02:14:00+00:00,1602.59,1616.11,1595.27,1600.09,1728.0
2026-06-06 02:19:00+00:00,1600.09,1612.14,1591.54,1606.37,953.0
2026-06-06 02:24:00+00:00,1606.37,1611.86,1596.13,1601.54,1482.0
2026-06-06 02:29:00+00:00,1601.54,1608.53,1600.75,1608.07,1002.0
2026-06-06 02:34:00+00:00,1608.07,1611.11,1599.12,1601.19,1214.0
2026-06-06 02:39:00+00:00,1601.19,1607.23,1593.42,1603.52,1571.0
2026-06-06 02:44:00+00:00,1603.52,1611.74,1596.69,1604.22,2286.0
2026-06-06 02:49:00+00:00,1604.22,1608.26,1600.64,1606.9,2202.0
2026-06-06 02:54:00+00:00,1606.9,1613.7,1601.84,1610.22,1808.0
2026-06-06 02:59:00+00:00,1610.22,1613.46,1606.02,1609.75,2172.0
2026-06-06 03:04:00+00:00,1609.75,1612.61,1601.4,1603.64,2082.0
2026-06-06 03:09:00+00:00,1603.64,1605.74,1601.06,1601.92,2484.0
2026-06-06 03:14:00+00:00,1601.92,1604.97,1596.45,1598.46,978.0
2026-06-06 03:19:00+00:00,1598.46,1602.11,1595.25,1598.46,871.0
2026-06-06 03:24:00+00:00,1598.46,1599.49,1593.44,1594.69,1147.0
2026-06-06 03:29:00+00:00,1594.69,1595.28,1590.93,1591.76,974.0
2026-06-06 03:34:00+00:00,1591.76,1592.08,1583.54,1583.69,2444.0
2026-06-06 03:39:00+00:00,1583.69,1596.42,1577.65,1587.04,1970.0
2026-06-06 03:44:00+00:00,1587.04,1588.26,1580.53,1583.09,2274.0
2026-06-06 03:49:00+00:00,1583.09,1586.66,1582.27,1584.32,885.0
2026-06-06 03:54:00+00:00,1584.32,1598.65,1583.57,1597.88,837.0
2026-06-06 03:59:00+00:00,1597.88,1603.34,1583.32,1591.35,1357.0
2026-06-06 04:04:00+00:00,1591.35,1591.96,1589.47,1590.89,1729.0
2026-06-06 04:09:00+00:00,1590.89,1598.43,1561.75,1567.52,2496.0
2026-06-06 04:14:00+00:00,1567.52,1568.17,1562.57,1563.22,1056.0
2026-06-06 04:19:00+00:00,1563.22,1569.17,1562.92,1569.08,1790.0
2026-06-06 04:24:00+00:00,1569.08,1570.49,1564.62,1565.54,1580.0
2026-06-06 04:29:00+00:00,1565.54,1571.35,1563.13,1569.78,2101.0
2026-06-06 04:34:00+00:00,1569.78,1586.8,1562.57,1577.24,882.0
2026-06-06 04:39:00+00:00,1577.24,1581.32,1577.14,1581.07,1390.0
2026-06-06 04:44:00+00:00,1581.07,1581.9,1579.24,1579.71,1967.0
2026-06-06 04:49:00+00:00,1579.71,1580.4,1570.87,1571.53,1314.0
2026-06-06 04:54:00+00:00,1571.53,1580.11,1563.21,1577.32,1589.0
2026-06-06 04:59:00+00:00,1577.32,1577.8,1575.79,1576.07,1675.0
2026-06-06 05:04:00+00:00,1576.07,1576.38,1569.66,1569.78,1583.0
2026-06-06 05:09:00+00:00,1569.78,1573.0,1567.41,1572.19,1810.0
2026-06-06 05:14:00+00:00,1572.19,1586.14,1568.35,1584.16,1081.0
2026-06-06 05:19:00+00:00,1584.16,1586.5,1582.26,1583.72,2188.0
2026-06-06 05:24:00+00:00,1583.72,1585.15,1572.35,1577.83,1703.0
2026-06-06 05:29:00+00:00,1577.83,1583.18,1576.38,1579.7,1977.0
2026-06-06 05:34:00+00:00,1579.7,1585.77,1568.28,1574.23,2028.0
2026-06-06 05:39:00+00:00,1574.23,1580.45,1564.83,1568.17,1254.0
2026-06-06 05:44:00+00:00,1568.17,1572.22,1567.01,1571.06,1064.0
2026-06-06 05:49:00+00:00,1571.06,1573.2,1563.14,1565.19,1098.0
2026-06-06 05:54:00+00:00,1565.19,1575.86,1551.57,1557.01,1369.0
2026-06-06 05:59:00+00:00,1557.01,1559.7,1549.32,1550.58,2502.0
2026-06-06 06:04:00+00:00,1550.58,1561.35,1543.51,1554.42,2117.0
2026-06-06 06:09:00+00:00,1554.42,1561.03,1553.64,1558.99,2248.0
2026-06-06 06:14:00+00:00,1558.99,1563.24,1548.42,1559.48,2082.0
2026-06-06 06:19:00+00:00,1559.48,1564.7,1553.47,1559.23,2047.0
2026-06-06 06:24:00+00:00,1559.23,1565.54,1545.53,1547.76,2069.0
2026-06-06 06:29:00+00:00,1547.76,1552.69,1543.99,1550.76,2197.0
2026-06-06 06:34:00+00:00,1550.76,1569.44,1547.02,1558.76,1650.0
2026-06-06 06:39:00+00:00,1558.76,1566.37,1552.16,1560.97,1365.0
2026-06-06 06:44:00+00:00,1560.97,1562.69,1548.23,1552.74,1286.0
2026-06-06 06:49:00+00:00,1552.74,1554.88,1544.73,1551.21,1970.0
2026-06-06 06:54:00+00:00,1551.21,1555.29,1546.0,1551.95,1365.0
2026-06-06 06:59:00+00:00,1551.95,1555.88,1535.14,1541.02,1058.0
2026-06-06 07:04:00+00:00,1541.02,1549.67,1538.41,1547.28,4225.0
2026-06-06 07:09:00+00:00,1547.28,1555.54,1545.96,1552.77,1858.0
2026-06-06 07:14:00+00:00,1552.77,1566.94,1549.42,1562.63,3457.0
2026-06-06 07:19:00+00:00,1562.63,1589.41,1540.79,1581.57,4201.0
2026-06-06 07:24:00+00:00,1581.57,1583.23,1576.87,1577.66,2177.0
2026-06-06 07:29:00+00:00,1577.66,1589.97,1568.58,1582.93,4064.0
2026-06-06 07:34:00+00:00,1582.93,1598.03,1580.19,1594.6,2086.0
2026-06-06 07:39:00+00:00,1594.6,1598.65,1591.77,1597.19,2300.0
2026-06-06 07:44:00+00:00,1597.19,1599.26,1596.88,1599.09,3604.0
2026-06-06 07:49:00+00:00,1599.09,1599.79,1594.27,1596.07,2748.0
2026-06-06 07:54:00+00:00,1596.07,1604.76,1592.16,1599.5,2286.0
2026-06-06 07:59:00+00:00,1599.5,1608.42,1593.7,1602.73,1595.0
2026-06-06 08:04:00+00:00,1602.73,1604.23,1602.37,1603.94,2901.0
2026-06-06 08:09:00+00:00,1603.94,1623.68,1599.92,1619.59,4235.0
2026-06-06 08:14:00+00:00,1619.59,1624.14,1614.14,1619.15,4077.0
2026-06-06 08:19:00+00:00,1619.15,1629.37,1615.64,1626.82,2372.0
2026-06-06 08:24:00+00:00,1626.82,1635.29,1619.58,1623.47,2607.0
2026-06-06 08:29:00+00:00,1623.47,1630.34,1620.21,1625.38,2108.0
2026-06-06 08:34:00+00:00,1625.38,1625.81,1620.74,1621.25,1932.0
2026-06-06 08:39:00+00:00,1621.25,1626.12,1607.67,1609.61,4297.0
2026-06-06 08:44:00+00:00,1609.61,1610.61,1601.63,1602.82,2136.0
2026-06-06 08:49:00+00:00,1602.82,1606.26,1599.43,1604.07,2187.0
2026-06-06 08:54:00+00:00,1604.07,1604.81,1590.63,1592.77,4078.0
2026-06-06 08:59:00+00:00,1592.77,1594.41,1585.4,1587.59,3410.0
2026-06-06 09:04:00+00:00,1587.59,1593.81,1583.21,1585.79,1561.0
2026-06-06 09:09:00+00:00,1585.79,1586.81,1574.42,1577.73,3833.0
2026-06-06 09:14:00+00:00,1577.73,1582.12,1567.62,1569.99,2223.0
2026-06-06 09:19:00+00:00,1569.99,1570.79,1567.12,1567.48,4350.0
2026-06-06 09:24:00+00:00,1567.48,1577.01,1566.26,1573.89,2621.0
2026-06-06 09:29:00+00:00,1573.89,1574.33,1560.34,1560.97,4190.0
2026-06-06 09:34:00+00:00,1560.97,1568.52,1560.4,1567.84,2954.0
2026-06-06 09:39:00+00:00,1567.84,1582.11,1566.73,1580.78,1637.0
2026-06-06 09:44:00+00:00,1580.78,1583.11,1573.92,1575.78,2905.0
2026-06-06 09:49:00+00:00,1575.78,1577.54,1569.05,1574.5,2379.0
2026-06-06 09:54:00+00:00,1574.5,1584.82,1570.37,1579.67,1838.0
2026-06-06 09:59:00+00:00,1579.67,1586.96,1578.89,1586.23,2430.0
2026-06-06 10:04:00+00:00,1586.23,1597.21,1584.33,1588.22,2801.0
2026-06-06 10:09:00+00:00,1588.22,1599.52,1588.16,1599.44,2986.0
2026-06-06 10:14:00+00:00,1599.44,1600.34,1599.4,1600.25,3976.0
2026-06-06 10:19:00+00:00,1600.25,1603.92,1596.01,1598.95,3031.0
2026-06-06 10:24:00+00:00,1598.95,1608.95,1597.29,1607.28,3926.0
2026-06-06 10:29:00+00:00,1607.28,1609.09,1606.41,1608.69,2460.0
2026-06-06 10:34:00+00:00,1608.69,1624.7,1605.56,1618.03,3385.0
2026-06-06 10:39:00+00:00,1618.03,1632.05,1614.33,1629.39,1649.0
2026-06-06 10:44:00+00:00,1629.39,1630.8,1615.86,1620.91,2072.0
2026-06-06 10:49:00+00:00,1620.91,1624.28,1606.55,1611.97,2125.0
2026-06-06 10:54:00+00:00,1611.97,1620.87,1609.37,1618.15,2205.0
2026-06-06 10:59:00+00:00,1618.15,1625.56,1613.49,1620.43,1963.0
2026-06-06 11:04:00+00:00,1620.43,1623.1,1619.72,1622.27,4173.0
2026-06-06 11:09:00+00:00,1622.27,1635.4,1611.15,1618.87,4372.0
2026-06-06 11:14:00+00:00,1618.87,1628.01,1615.87,1621.7,3013.0
2026-06-06 11:19:00+00:00,1621.7,1623.97,1621.66,1623.95,2863.0
2026-06-06 11:24:00+00:00,1623.95,1629.28,1623.08,1627.6,2177.0
2026-06-06 11:29:00+00:00,1627.6,1631.36,1620.17,1622.66,3178.0
2026-06-06 11:34:00+00:00,1622.66,1624.81,1609.24,1618.12,1595.0
2026-06-06 11:39:00+00:00,1618.12,1628.15,1617.24,1627.33,3563.0
2026-06-06 11:44:00+00:00,1627.33,1638.56,1627.18,1638.33,2656.0
2026-06-06 11:49:00+00:00,1638.33,1646.87,1633.82,1645.21,3018.0
2026-06-06 11:54:00+00:00,1645.21,1647.44,1642.49,1644.91,2229.0
2026-06-06 11:59:00+00:00,1644.91,1651.44,1632.39,1639.24,4087.0
2026-06-06 12:04:00+00:00,1639.24,1640.86,1637.59,1638.12,3674.0
2026-06-06 12:09:00+00:00,1638.12,1639.48,1631.61,1633.7,3210.0
2026-06-06 12:14:00+00:00,1633.7,1634.11,1624.1,1625.07,1519.0
2026-06-06 12:19:00+00:00,1625.07,1627.93,1616.03,1617.36,2848.0
2026-06-06 12:24:00+00:00,1617.36,1617.74,1608.51,1609.46,4306.0
2026-06-06 12:29:00+00:00,1609.46,1613.51,1608.67,1612.86,2234.0
2026-06-06 12:34:00+00:00,1612.86,1617.87,1597.75,1601.68,3905.0
2026-06-06 12:39:00+00:00,1601.68,1612.67,1598.04,1608.53,2220.0
2026-06-06 12:44:00+00:00,1608.53,1615.13,1602.3,1612.32,3706.0
2026-06-06 12:49:00+00:00,1612.32,1617.83,1602.76,1615.32,3853.0
2026-06-06 12:54:00+00:00,1615.32,1625.44,1614.07,1621.77,3004.0
2026-06-06 12:59:00+00:00,1621.77,1627.46,1620.41,1626.25,2082.0
2026-06-06 13:04:00+00:00,1626.25,1627.89,1623.68,1625.56,4010.0
2026-06-06 13:09:00+00:00,1625.56,1628.82,1624.84,1627.3,4190.0
2026-06-06 13:14:00+00:00,1627.3,1632.81,1624.44,1626.86,4257.0
2026-06-06 13:19:00+00:00,1626.86,1628.11,1625.97,1627.37,3711.0
2026-06-06 13:24:00+00:00,1627.37,1628.21,1613.72,1615.33,2559.0
2026-06-06 13:29:00+00:00,1615.33,1631.36,1609.96,1629.59,2302.0
2026-06-06 13:34:00+00:00,1629.59,1638.65,1628.13,1637.25,1819.0
2026-06-06 13:39:00+00:00,1637.25,1644.61,1628.26,1636.32,3569.0
2026-06-06 13:44:00+00:00,1636.32,1636.56,1628.92,1629.1,1697.0
2026-06-06 13:49:00+00:00,1629.1,1643.43,1623.45,1639.97,3335.0
2026-06-06 13:54:00+00:00,1639.97,1641.53,1634.47,1635.11,1630.0
2026-06-06 13:59:00+00:00,1635.11,1637.94,1630.38,1635.27,4344.0
2026-06-06 14:04:00+00:00,1635.27,1641.88,1633.65,1640.61,3839.0
2026-06-06 14:09:00+00:00,1640.61,1644.18,1633.98,1636.0,3242.0
2026-06-06 14:14:00+00:00,1636.0,1642.48,1626.36,1632.87,1540.0
2026-06-06 14:19:00+00:00,1632.87,1637.06,1626.66,1634.75,3241.0
2026-06-06 14:24:00+00:00,1634.75,1640.22,1615.03,1627.75,2846.0
2026-06-06 14:29:00+00:00,1627.75,1632.75,1623.81,1629.32,1746.0
2026-06-06 14:34:00+00:00,1629.32,1634.07,1627.76,1633.38,1898.0
2026-06-06 14:39:00+00:00,1633.38,1642.08,1628.44,1640.6,3867.0
2026-06-06 14:44:00+00:00,1640.6,1643.44,1625.84,1628.94,3186.0
2026-06-06 14:49:00+00:00,1628.94,1630.15,1625.07,1628.65,2447.0
2026-06-06 14:54:00+00:00,1628.65,1630.95,1620.54,1621.61,2107.0
2026-06-06 14:59:00+00:00,1621.61,1624.58,1617.84,1623.52,3507.0
2026-06-06 15:04:00+00:00,1623.52,1623.87,1617.43,1617.63,3990.0
2026-06-06 15:09:00+00:00,1617.63,1632.2,1606.92,1623.02,3279.0
2026-06-06 15:14:00+00:00,1623.02,1630.77,1617.75,1624.41,1659.0
2026-06-06 15:19:00+00:00,1624.41,1632.8,1622.0,1628.63,3402.0
2026-06-06 15:24:00+00:00,1628.63,1634.3,1621.33,1625.69,3976.0
2026-06-06 15:29:00+00:00,1625.69,1639.11,1619.38,1633.73,2498.0
2026-06-06 15:34:00+00:00,1633.73,1635.49,1626.32,1629.02,3613.0
2026-06-06 15:39:00+00:00,1629.02,1640.88,1625.31,1639.24,3986.0
2026-06-06 15:44:00+00:00,1639.24,1645.21,1633.67,1643.31,4010.0
2026-06-06 15:49:00+00:00,1643.31,1647.67,1629.5,1636.39,2290.0
2026-06-06 15:54:00+00:00,1636.39,1647.31,1631.89,1642.76,2969.0
2026-06-06 15:59:00+00:00,1642.76,1648.44,1636.97,1641.74,4179.0
2026-06-06 16:04:00+00:00,1641.74,1651.03,1639.38,1649.62,4285.0
2026-06-06 16:09:00+00:00,1649.62,1649.96,1649.47,1649.83,2650.0
2026-06-06 16:14:00+00:00,1649.83,1656.0,1647.44,1652.56,3308.0
2026-06-06 16:19:00+00:00,1652.56,1661.82,1636.69,1645.06,2922.0
2026-06-06 16:24:00+00:00,1645.06,1652.58,1629.56,1636.84,2069.0
2026-06-06 16:29:00+00:00,1636.84,1650.45,1634.41,1643.26,3340.0
2026-06-06 16:34:00+00:00,1643.26,1644.81,1642.3,1643.06,1897.0
2026-06-06 16:39:00+00:00,1643.06,1646.9,1639.6,1643.1,2545.0
2026-06-06 16:44:00+00:00,1643.1,1649.29,1641.49,1648.54,2535.0
2026-06-06 16:49:00+00:00,1648.54,1656.64,1647.33,1655.37,4360.0
2026-06-06 16:54:00+00:00,1655.37,1658.2,1646.83,1650.12,4152.0
2026-06-06 16:59:00+00:00,1650.12,1657.18,1638.26,1640.82,3634.0
2026-06-06 17:04:00+00:00,1640.82,1643.97,1639.38,1640.99,1599.0
2026-06-06 17:09:00+00:00,1640.99,1641.61,1631.5,1632.26,1155.0
2026-06-06 17:14:00+00:00,1632.26,1633.95,1617.27,1621.7,2502.0
2026-06-06 17:19:00+00:00,1621.7,1629.8,1621.17,1629.56,1993.0
2026-06-06 17:24:00+00:00,1629.56,1635.12,1619.42,1626.6,2257.0
2026-06-06 17:29:00+00:00,1626.6,1627.93,1623.75,1625.27,1914.0
2026-06-06 17:34:00+00:00,1625.27,1627.93,1619.77,1620.52,1496.0
2026-06-06 17:39:00+00:00,1620.52,1630.27,1618.69,1626.15,1256.0
2026-06-06 17:44:00+00:00,1626.15,1631.28,1623.12,1629.24,2426.0
2026-06-06 17:49:00+00:00,1629.24,1638.51,1620.12,1630.21,2173.0
2026-06-06 17:54:00+00:00,1630.21,1632.53,1626.29,1628.84,786.0
2026-06-06 17:59:00+00:00,1628.84,1629.97,1626.03,1627.43,1248.0
2026-06-06 18:04:00+00:00,1627.43,1629.37,1620.51,1622.27,775.0
2026-06-06 18:09:00+00:00,1622.27,1622.87,1617.61,1618.33,798.0
2026-06-06 18:14:00+00:00,1618.33,1627.85,1615.18,1625.48,606.0
2026-06-06 18:19:00+00:00,1625.48,1628.26,1624.63,1627.62,634.0
2026-06-06 18:24:00+00:00,1627.62,1628.45,1623.74,1624.11,633.0
2026-06-06 18:29:00+00:00,1624.11,1627.46,1623.71,1627.09,926.0
2026-06-06 18:34:00+00:00,1627.09,1631.6,1626.55,1631.34,705.0
2026-06-06 18:39:00+00:00,1631.34,1632.04,1630.55,1631.78,919.0
2026-06-06 18:44:00+00:00,1631.78,1637.19,1626.79,1630.11,932.0
2026-06-06 18:49:00+00:00,1630.11,1631.45,1628.06,1629.68,592.0
2026-06-06 18:54:00+00:00,1629.68,1634.31,1628.33,1633.34,934.0
2026-06-06 18:59:00+00:00,1633.34,1641.72,1632.15,1637.31,1003.0
2026-06-06 19:04:00+00:00,1637.31,1648.94,1628.77,1641.74,876.0
2026-06-06 19:09:00+00:00,1641.74,1645.88,1641.44,1644.69,545.0
2026-06-06 19:14:00+00:00,1644.69,1647.09,1642.73,1646.05,801.0
2026-06-06 19:19:00+00:00,1646.05,1646.27,1645.02,1645.31,861.0
2026-06-06 19:24:00+00:00,1645.31,1647.16,1633.7,1637.06,1188.0
2026-06-06 19:29:00+00:00,1637.06,1637.67,1629.98,1631.1,1143.0
2026-06-06 19:34:00+00:00,1631.1,1637.96,1630.82,1637.63,917.0
2026-06-06 19:39:00+00:00,1637.63,1639.1,1633.46,1636.33,1074.0
2026-06-06 19:44:00+00:00,1636.33,1638.66,1635.92,1638.2,1309.0
2026-06-06 19:49:00+00:00,1638.2,1638.83,1637.3,1637.6,1018.0
2026-06-06 19:54:00+00:00,1637.6,1639.68,1632.79,1634.34,1046.0
2026-06-06 19:59:00+00:00,1634.34,1639.6,1630.77,1637.36,486.0
2026-06-06 20:04:00+00:00,1637.36,1641.18,1636.13,1638.84,1262.0
2026-06-06 20:09:00+00:00,1638.84,1639.85,1636.9,1638.65,858.0
2026-06-06 20:14:00+00:00,1638.65,1649.33,1634.59,1643.8,1202.0
2026-06-06 20:19:00+00:00,1643.8,1646.21,1640.87,1641.47,1333.0
2026-06-06 20:24:00+00:00,1641.47,1641.61,1635.94,1636.17,687.0
2026-06-06 20:29:00+00:00,1636.17,1639.44,1634.66,1637.69,1091.0
2026-06-06 20:34:00+00:00,1637.69,1642.07,1636.97,1641.61,870.0
2026-06-06 20:39:00+00:00,1641.61,1643.51,1637.69,1640.27,1086.0
2026-06-06 20:44:00+00:00,1640.27,1641.13,1631.58,1631.95,1171.0
2026-06-06 20:49:00+00:00,1631.95,1639.82,1629.97,1638.88,709.0
2026-06-06 20:54:00+00:00,1638.88,1644.26,1637.25,1640.65,1174.0
2026-06-06 20:59:00+00:00,1640.65,1645.76,1639.49,1644.97,743.0
2026-06-06 21:04:00+00:00,1644.97,1647.36,1643.86,1646.84,1040.0
2026-06-06 21:09:00+00:00,1646.84,1650.32,1644.02,1646.61,1319.0
2026-06-06 21:14:00+00:00,1646.61,1649.73,1642.53,1644.41,936.0
2026-06-06 21:19:00+00:00,1644.41,1653.24,1642.2,1652.14,689.0
2026-06-06 21:24:00+00:00,1652.14,1655.16,1647.24,1650.8,798.0
2026-06-06 21:29:00+00:00,1650.8,1652.78,1648.92,1650.16,1302.0
2026-06-06 21:34:00+00:00,1650.16,1654.2,1647.87,1649.04,720.0
2026-06-06 21:39:00+00:00,1649.04,1650.15,1644.34,1647.85,1074.0
2026-06-06 21:44:00+00:00,1647.85,1651.73,1647.62,1651.49,890.0
2026-06-06 21:49:00+00:00,1651.49,1656.24,1647.6,1652.16,782.0
2026-06-06 21:54:00+00:00,1652.16,1653.57,1648.44,1649.8,1062.0
2026-06-06 21:59:00+00:00,1649.8,1651.08,1649.48,1650.8,1194.0
2026-06-06 22:04:00+00:00,1650.8,1655.83,1649.24,1653.55,1080.0
2026-06-06 22:09:00+00:00,1653.55,1658.01,1651.62,1656.62,982.0
2026-06-06 22:14:00+00:00,1656.62,1661.41,1653.44,1658.84,799.0
2026-06-06 22:19:00+00:00,1658.84,1661.12,1648.46,1650.93,1116.0
2026-06-06 22:24:00+00:00,1650.93,1652.04,1649.82,1650.75,614.0
2026-06-06 22:29:00+00:00,1650.75,1654.16,1645.06,1648.2,474.0
2026-06-06 22:34:00+00:00,1648.2,1656.55,1645.59,1653.35,646.0
2026-06-06 22:39:00+00:00,1653.35,1655.81,1652.39,1654.06,586.0
2026-06-06 22:44:00+00:00,1654.06,1654.95,1650.41,1650.94,806.0
2026-06-06 22:49:00+00:00,1650.94,1651.95,1648.56,1650.62,627.0
2026-06-06 22:54:00+00:00,1650.62,1654.35,1647.97,1652.91,540.0
2026-06-06 22:59:00+00:00,1652.91,1655.1,1647.7,1651.18,816.0
2026-06-06 23:04:00+00:00,1651.18,1651.94,1648.34,1648.97,832.0
2026-06-06 23:09:00+00:00,1648.97,1652.02,1634.35,1635.97,974.0
2026-06-06 23:14:00+00:00,1635.97,1636.99,1630.79,1632.22,1317.0
2026-06-06 23:19:00+00:00,1632.22,1632.66,1630.31,1630.77,1172.0
2026-06-06 23:24:00+00:00,1630.77,1632.98,1624.76,1628.58,710.0
2026-06-06 23:29:00+00:00,1628.58,1634.51,1627.06,1632.69,663.0
2026-06-06 23:34:00+00:00,1632.69,1635.04,1628.54,1631.07,1006.0
2026-06-06 23:39:00+00:00,1631.07,1632.92,1625.01,1626.9,530.0
2026-06-06 23:44:00+00:00,1626.9,1630.44,1625.08,1627.01,1321.0
2026-06-06 23:49:00+00:00,1627.01,1631.1,1624.04,1626.72,502.0
2026-06-06 23:54:00+00:00,1626.72,1627.33,1625.69,1627.03,836.0
2026-06-06 23:59:00+00:00,1627.03,1627.91,1622.3,1623.26,1310.0
2026-06-07 00:04:00+00:00,1623.26,1626.01,1622.62,1625.4,990.0
2026-06-07 00:09:00+00:00,1625.4,1627.52,1620.96,1622.04,1338.0
2026-06-07 00:14:00+00:00,1622.04,1626.28,1621.88,1626.01,501.0
2026-06-07 00:19:00+00:00,1626.01,1630.48,1626.01,1630.47,1290.0
2026-06-07 00:24:00+00:00,1630.47,1638.31,1629.62,1635.68,598.0
2026-06-07 00:29:00+00:00,1635.68,1638.89,1634.05,1637.36,708.0
2026-06-07 00:34:00+00:00,1637.36,1640.42,1635.78,1639.1,1306.0
2026-06-07 00:39:00+00:00,1639.1,1642.19,1637.63,1640.78,618.0
2026-06-07 00:44:00+00:00,1640.78,1642.53,1636.52,1637.2,520.0
2026-06-07 00:49:00+00:00,1637.2,1641.38,1635.9,1637.74,541.0
2026-06-07 00:54:00+00:00,1637.74,1639.44,1628.32,1630.55,1010.0
2026-06-07 00:59:00+00:00,1630.55,1635.22,1626.89,1631.97,1165.0
2026-06-07 01:04:00+00:00,1631.97,1640.51,1631.06,1639.45,752.0
2026-06-07 01:09:00+00:00,1639.45,1644.94,1638.37,1644.53,1327.0
2026-06-07 01:14:00+00:00,1644.53,1648.79,1643.27,1646.35,451.0
2026-06-07 01:19:00+00:00,1646.35,1647.7,1645.7,1647.02,1314.0
2026-06-07 01:24:00+00:00,1647.02,1652.35,1646.63,1651.37,1082.0
2026-06-07 01:29:00+00:00,1651.37,1656.73,1649.17,1652.35,509.0
2026-06-07 01:34:00+00:00,1652.35,1654.13,1647.44,1649.35,1013.0
2026-06-07 01:39:00+00:00,1649.35,1652.35,1649.01,1651.63,682.0
2026-06-07 01:44:00+00:00,1651.63,1655.99,1643.19,1652.27,621.0
2026-06-07 01:49:00+00:00,1652.27,1662.12,1642.75,1649.25,1102.0
2026-06-07 01:54:00+00:00,1649.25,1649.91,1643.25,1644.63,1210.0
2026-06-07 01:59:00+00:00,1644.63,1645.71,1643.96,1644.58,1126.0
2026-06-07 02:04:00+00:00,1644.58,1645.47,1643.56,1644.43,897.0
2026-06-07 02:09:00+00:00,1644.43,1644.68,1642.53,1643.06,1297.0
2026-06-07 02:14:00+00:00,1643.06,1649.28,1641.73,1647.4,1090.0
2026-06-07 02:19:00+00:00,1647.4,1647.41,1646.15,1646.16,619.0
2026-06-07 02:24:00+00:00,1646.16,1650.0,1646.13,1649.97,1236.0
2026-06-07 02:29:00+00:00,1649.97,1655.75,1649.22,1654.57,884.0
2026-06-07 02:34:00+00:00,1654.57,1660.78,1653.35,1659.95,777.0
2026-06-07 02:39:00+00:00,1659.95,1662.85,1659.85,1662.76,1062.0
2026-06-07 02:44:00+00:00,1662.76,1668.25,1661.73,1666.87,1303.0
2026-06-07 02:49:00+00:00,1666.87,1670.55,1664.71,1668.0,678.0
2026-06-07 02:54:00+00:00,1668.0,1668.02,1667.46,1667.53,954.0
2026-06-07 02:59:00+00:00,1667.53,1670.45,1667.45,1670.37,1311.0
2026-06-07 03:04:00+00:00,1670.37,1675.73,1669.24,1672.75,616.0
2026-06-07 03:09:00+00:00,1672.75,1674.7,1668.3,1669.19,791.0
2026-06-07 03:14:00+00:00,1669.19,1669.76,1665.67,1666.66,564.0
2026-06-07 03:19:00+00:00,1666.66,1667.27,1663.02,1664.91,651.0
2026-06-07 03:24:00+00:00,1664.91,1667.19,1661.21,1662.47,906.0
2026-06-07 03:29:00+00:00,1662.47,1665.39,1660.85,1662.39,1118.0
2026-06-07 03:34:00+00:00,1662.39,1668.19,1661.6,1667.67,506.0
2026-06-07 03:39:00+00:00,1667.67,1671.0,1662.42,1664.99,1059.0
2026-06-07 03:44:00+00:00,1664.99,1675.15,1663.11,1671.72,882.0
2026-06-07 03:49:00+00:00,1671.72,1672.02,1670.26,1670.56,594.0
2026-06-07 03:54:00+00:00,1670.56,1677.66,1667.41,1672.84,1116.0
2026-06-07 03:59:00+00:00,1672.84,1677.68,1671.99,1676.84,820.0
2026-06-07 04:04:00+00:00,1676.84,1677.95,1673.55,1674.03,457.0
2026-06-07 04:09:00+00:00,1674.03,1681.73,1672.23,1679.58,1153.0
2026-06-07 04:14:00+00:00,1679.58,1687.03,1678.2,1683.87,631.0
2026-06-07 04:19:00+00:00,1683.87,1688.36,1681.97,1686.72,527.0
2026-06-07 04:24:00+00:00,1686.72,1689.49,1683.57,1685.31,749.0
2026-06-07 04:29:00+00:00,1685.31,1686.58,1675.53,1678.79,785.0
2026-06-07 04:34:00+00:00,1678.79,1679.42,1677.68,1678.69,1264.0
2026-06-07 04:39:00+00:00,1678.69,1681.57,1677.06,1680.47,1295.0
2026-06-07 04:44:00+00:00,1680.47,1683.94,1675.73,1678.98,898.0
2026-06-07 04:49:00+00:00,1678.98,1679.78,1677.17,1678.33,1127.0
2026-06-07 04:54:00+00:00,1678.33,1683.08,1676.8,1680.99,910.0
2026-06-07 04:59:00+00:00,1680.99,1687.3,1675.87,1685.32,961.0
2026-06-07 05:04:00+00:00,1685.32,1692.63,1684.04,1687.74,1193.0
2026-06-07 05:09:00+00:00,1687.74,1691.87,1684.98,1689.64,890.0
2026-06-07 05:14:00+00:00,1689.64,1690.75,1682.9,1684.3,1028.0
2026-06-07 05:19:00+00:00,1684.3,1686.38,1681.54,1683.52,675.0
2026-06-07 05:24:00+00:00,1683.52,1685.09,1675.34,1680.64,494.0
2026-06-07 05:29:00+00:00,1680.64,1686.48,1680.25,1686.07,607.0
2026-06-07 05:34:00+00:00,1686.07,1688.74,1685.47,1687.99,459.0
2026-06-07 05:39:00+00:00,1687.99,1690.57,1686.06,1688.81,1175.0
2026-06-07 05:44:00+00:00,1688.81,1692.45,1684.74,1689.06,1182.0
2026-06-07 05:49:00+00:00,1689.06,1693.25,1688.43,1691.94,1163.0
2026-06-07 05:54:00+00:00,1691.94,1694.34,1691.67,1693.96,1339.0
2026-06-07 05:59:00+00:00,1693.96,1698.19,1692.28,1697.62,971.0
2026-06-07 06:04:00+00:00,1697.62,1699.09,1696.3,1698.65,809.0
2026-06-07 06:09:00+00:00,1698.65,1699.4,1696.37,1697.13,662.0
2026-06-07 06:14:00+00:00,1697.13,1698.98,1696.69,1698.6,765.0
2026-06-07 06:19:00+00:00,1698.6,1706.13,1696.46,1704.26,469.0
2026-06-07 06:24:00+00:00,1704.26,1704.47,1704.21,1704.32,1247.0
2026-06-07 06:29:00+00:00,1704.32,1713.85,1701.83,1708.71,866.0
2026-06-07 06:34:00+00:00,1708.71,1720.02,1708.22,1718.63,857.0
2026-06-07 06:39:00+00:00,1718.63,1720.56,1718.19,1719.85,678.0
2026-06-07 06:44:00+00:00,1719.85,1729.79,1718.23,1725.55,508.0
2026-06-07 06:49:00+00:00,1725.55,1731.89,1724.95,1730.34,760.0
2026-06-07 06:54:00+00:00,1730.34,1730.71,1730.11,1730.61,961.0
2026-06-07 06:59:00+00:00,1730.61,1733.89,1730.2,1733.72,779.0
2026-06-07 07:04:00+00:00,1733.72,1736.02,1733.12,1735.52,2191.0
2026-06-07 07:09:00+00:00,1735.52,1740.05,1735.19,1739.79,1366.0
2026-06-07 07:14:00+00:00,1739.79,1750.82,1734.86,1745.44,2006.0
2026-06-07 07:19:00+00:00,1745.44,1749.56,1737.65,1740.12,1882.0
2026-06-07 07:24:00+00:00,1740.12,1740.96,1736.56,1737.29,1123.0
2026-06-07 07:29:00+00:00,1737.29,1740.21,1734.44,1737.15,1436.0
2026-06-07 07:34:00+00:00,1737.15,1737.73,1732.94,1734.53,2041.0
2026-06-07 07:39:00+00:00,1734.53,1739.8,1732.5,1734.81,1581.0
2026-06-07 07:44:00+00:00,1734.81,1736.26,1727.66,1729.45,1294.0
2026-06-07 07:49:00+00:00,1729.45,1730.65,1726.07,1727.36,1994.0
2026-06-07 07:54:00+00:00,1727.36,1728.07,1718.81,1721.97,1201.0
2026-06-07 07:59:00+00:00,1721.97,1722.08,1719.38,1719.67,1975.0
2026-06-07 08:04:00+00:00,1719.67,1720.32,1719.38,1720.25,970.0
2026-06-07 08:09:00+00:00,1720.25,1721.08,1717.7,1719.63,1221.0
2026-06-07 08:14:00+00:00,1719.63,1720.44,1714.38,1715.3,2031.0
2026-06-07 08:19:00+00:00,1715.3,1721.4,1710.89,1718.86,986.0
2026-06-07 08:24:00+00:00,1718.86,1721.54,1710.98,1716.66,1855.0
2026-06-07 08:29:00+00:00,1716.66,1718.85,1712.34,1713.86,1676.0
2026-06-07 08:34:00+00:00,1713.86,1714.54,1713.04,1713.8,1492.0
2026-06-07 08:39:00+00:00,1713.8,1721.52,1712.61,1720.26,2142.0
2026-06-07 08:44:00+00:00,1720.26,1720.46,1719.09,1719.4,1718.0
2026-06-07 08:49:00+00:00,1719.4,1720.02,1712.98,1713.85,1820.0
2026-06-07 08:54:00+00:00,1713.85,1718.48,1711.29,1715.7,932.0
2026-06-07 08:59:00+00:00,1715.7,1720.89,1713.69,1719.56,861.0
2026-06-07 09:04:00+00:00,1719.56,1731.12,1717.23,1727.47,1714.0
2026-06-07 09:09:00+00:00,1727.47,1730.39,1726.79,1729.26,928.0
2026-06-07 09:14:00+00:00,1729.26,1731.91,1727.25,1731.1,1100.0
2026-06-07 09:19:00+00:00,1731.1,1731.48,1729.42,1729.61,958.0
2026-06-07 09:24:00+00:00,1729.61,1732.65,1724.87,1727.09,1200.0
2026-06-07 09:29:00+00:00,1727.09,1729.86,1723.11,1725.65,1800.0
2026-06-07 09:34:00+00:00,1725.65,1729.83,1722.41,1728.12,2064.0
2026-06-07 09:39:00+00:00,1728.12,1731.39,1721.87,1724.8,1309.0
2026-06-07 09:44:00+00:00,1724.8,1732.45,1720.63,1728.48,2202.0
2026-06-07 09:49:00+00:00,1728.48,1728.54,1723.8,1723.86,951.0
2026-06-07 09:54:00+00:00,1723.86,1724.64,1718.03,1719.62,1656.0
2026-06-07 09:59:00+00:00,1719.62,1732.98,1717.28,1725.11,1182.0
2026-06-07 10:04:00+00:00,1725.11,1730.01,1723.06,1726.55,2099.0
2026-06-07 10:09:00+00:00,1726.55,1734.39,1724.04,1732.43,2198.0
2026-06-07 10:14:00+00:00,1732.43,1743.91,1731.78,1742.27,1789.0
2026-06-07 10:19:00+00:00,1742.27,1749.87,1737.44,1747.16,1894.0
2026-06-07 10:24:00+00:00,1747.16,1748.0,1746.13,1746.6,1665.0
2026-06-07 10:29:00+00:00,1746.6,1750.55,1739.78,1740.92,1835.0
2026-06-07 10:34:00+00:00,1740.92,1742.65,1739.6,1742.15,1858.0
2026-06-07 10:39:00+00:00,1742.15,1748.92,1731.11,1738.65,1953.0
2026-06-07 10:44:00+00:00,1738.65,1740.39,1737.95,1739.48,1919.0
2026-06-07 10:49:00+00:00,1739.48,1743.02,1727.71,1739.43,1960.0
2026-06-07 10:54:00+00:00,1739.43,1741.38,1737.31,1739.91,826.0
2026-06-07 10:59:00+00:00,1739.91,1740.88,1737.54,1738.29,1953.0
2026-06-07 11:04:00+00:00,1738.29,1739.09,1731.91,1733.96,1352.0
2026-06-07 11:09:00+00:00,1733.96,1741.47,1731.46,1739.05,1572.0
2026-06-07 11:14:00+00:00,1739.05,1740.33,1732.51,1736.01,1435.0
2026-06-07 11:19:00+00:00,1736.01,1737.49,1727.98,1733.19,1168.0
2026-06-07 11:24:00+00:00,1733.19,1736.54,1731.59,1735.96,1544.0
2026-06-07 11:29:00+00:00,1735.96,1736.14,1728.98,1729.16,2142.0
2026-06-07 11:34:00+00:00,1729.16,1736.65,1726.62,1734.92,1971.0
2026-06-07 11:39:00+00:00,1734.92,1738.37,1729.93,1732.47,815.0
2026-06-07 11:44:00+00:00,1732.47,1745.61,1729.05,1741.36,2239.0
2026-06-07 11:49:00+00:00,1741.36,1741.45,1737.25,1737.35,1137.0
2026-06-07 11:54:00+00:00,1737.35,1739.49,1734.49,1738.49,1519.0
2026-06-07 11:59:00+00:00,1738.49,1741.99,1737.8,1740.75,1168.0
2026-06-07 12:04:00+00:00,1740.75,1741.52,1736.22,1736.81,1582.0
2026-06-07 12:09:00+00:00,1736.81,1742.37,1736.64,1742.09,1124.0
2026-06-07 12:14:00+00:00,1742.09,1743.57,1736.02,1737.45,935.0
2026-06-07 12:19:00+00:00,1737.45,1741.73,1737.06,1741.23,1989.0
2026-06-07 12:24:00+00:00,1741.23,1746.99,1739.21,1746.09,2027.0
2026-06-07 12:29:00+00:00,1746.09,1753.11,1744.38,1750.86,1088.0
2026-06-07 12:34:00+00:00,1750.86,1755.48,1749.62,1753.9,1295.0
2026-06-07 12:39:00+00:00,1753.9,1755.41,1746.62,1747.2,1718.0
2026-06-07 12:44:00+00:00,1747.2,1748.25,1745.75,1747.77,2159.0
2026-06-07 12:49:00+00:00,1747.77,1748.63,1744.67,1746.86,2177.0
2026-06-07 12:54:00+00:00,1746.86,1747.73,1746.79,1747.48,1357.0
2026-06-07 12:59:00+00:00,1747.48,1749.43,1741.54,1743.0,1411.0
2026-06-07 13:04:00+00:00,1743.0,1743.98,1742.55,1743.25,2209.0
2026-06-07 13:09:00+00:00,1743.25,1746.61,1738.47,1743.96,2152.0
2026-06-07 13:14:00+00:00,1743.96,1746.97,1743.05,1743.97,1448.0
2026-06-07 13:19:00+00:00,1743.97,1744.12,1740.21,1740.42,1350.0
2026-06-07 13:24:00+00:00,1740.42,1749.38,1738.86,1746.58,1852.0
2026-06-07 13:29:00+00:00,1746.58,1751.47,1742.58,1748.53,1617.0
2026-06-07 13:34:00+00:00,1748.53,1751.75,1746.93,1750.8,2065.0
2026-06-07 13:39:00+00:00,1750.8,1759.05,1748.91,1755.58,1821.0
2026-06-07 13:44:00+00:00,1755.58,1757.42,1752.48,1756.55,2071.0
2026-06-07 13:49:00+00:00,1756.55,1757.25,1754.85,1755.57,925.0
2026-06-07 13:54:00+00:00,1755.57,1756.01,1749.34,1749.67,1392.0
2026-06-07 13:59:00+00:00,1749.67,1754.35,1747.83,1753.31,1190.0
2026-06-07 14:04:00+00:00,1753.31,1753.53,1750.76,1751.02,1715.0
2026-06-07 14:09:00+00:00,1751.02,1755.97,1738.22,1745.9,2062.0
2026-06-07 14:14:00+00:00,1745.9,1757.61,1745.14,1756.56,1504.0
2026-06-07 14:19:00+00:00,1756.56,1757.27,1754.68,1755.15,2313.0
2026-06-07 14:24:00+00:00,1755.15,1761.5,1755.12,1761.43,1023.0
2026-06-07 14:29:00+00:00,1761.43,1770.82,1757.03,1766.89,1532.0
2026-06-07 14:34:00+00:00,1766.89,1767.06,1765.19,1765.59,1450.0
2026-06-07 14:39:00+00:00,1765.59,1769.97,1765.15,1769.18,1214.0
2026-06-07 14:44:00+00:00,1769.18,1777.88,1763.43,1771.81,1445.0
2026-06-07 14:49:00+00:00,1771.81,1774.46,1769.49,1770.8,1553.0
2026-06-07 14:54:00+00:00,1770.8,1771.08,1766.57,1767.03,997.0
2026-06-07 14:59:00+00:00,1767.03,1768.16,1764.46,1765.2,1288.0
2026-06-07 15:04:00+00:00,1765.2,1767.46,1763.96,1765.68,1492.0
2026-06-07 15:09:00+00:00,1765.68,1765.93,1758.39,1758.68,1246.0
2026-06-07 15:14:00+00:00,1758.68,1759.5,1758.23,1758.41,911.0
2026-06-07 15:19:00+00:00,1758.41,1764.94,1757.17,1763.02,1036.0
2026-06-07 15:24:00+00:00,1763.02,1763.87,1757.38,1758.85,1445.0
2026-06-07 15:29:00+00:00,1758.85,1758.96,1757.04,1757.15,1456.0
2026-06-07 15:34:00+00:00,1757.15,1757.58,1752.89,1753.84,833.0
2026-06-07 15:39:00+00:00,1753.84,1755.75,1752.94,1754.73,1301.0
2026-06-07 15:44:00+00:00,1754.73,1756.98,1751.1,1752.22,1361.0
2026-06-07 15:49:00+00:00,1752.22,1762.26,1750.43,1755.75,2342.0
2026-06-07 15:54:00+00:00,1755.75,1760.35,1754.97,1758.86,1925.0
2026-06-07 15:59:00+00:00,1758.86,1761.48,1756.22,1757.09,1121.0
2026-06-07 16:04:00+00:00,1757.09,1764.37,1755.83,1759.87,1476.0
2026-06-07 16:09:00+00:00,1759.87,1767.51,1759.76,1767.47,1280.0
2026-06-07 16:14:00+00:00,1767.47,1772.27,1765.17,1770.42,798.0
2026-06-07 16:19:00+00:00,1770.42,1772.21,1761.42,1763.58,1621.0
2026-06-07 16:24:00+00:00,1763.58,1764.94,1763.23,1764.48,1162.0
2026-06-07 16:29:00+00:00,1764.48,1764.79,1760.45,1760.79,2094.0
2026-06-07 16:34:00+00:00,1760.79,1768.13,1757.04,1764.83,797.0
2026-06-07 16:39:00+00:00,1764.83,1769.57,1761.69,1767.29,1035.0
2026-06-07 16:44:00+00:00,1767.29,1771.25,1764.49,1768.78,1063.0
2026-06-07 16:49:00+00:00,1768.78,1770.77,1764.24,1766.04,1422.0
2026-06-07 16:54:00+00:00,1766.04,1766.59,1761.41,1763.01,1445.0
2026-06-07 16:59:00+00:00,1763.01,1766.51,1760.32,1763.14,1189.0
2026-06-07 17:04:00+00:00,1763.14,1770.54,1761.54,1767.17,465.0
2026-06-07 17:09:00+00:00,1767.17,1771.46,1763.6,1768.46,727.0
2026-06-07 17:14:00+00:00,1768.46,1769.5,1760.11,1760.96,539.0
2026-06-07 17:19:00+00:00,1760.96,1761.56,1755.06,1755.31,896.0
2026-06-07 17:24:00+00:00,1755.31,1755.97,1755.05,1755.51,1119.0
2026-06-07 17:29:00+00:00,1755.51,1759.72,1751.09,1756.12,983.0
2026-06-07 17:34:00+00:00,1756.12,1760.89,1756.06,1760.82,1065.0
2026-06-07 17:39:00+00:00,1760.82,1772.9,1760.18,1771.92,978.0
2026-06-07 17:44:00+00:00,1771.92,1772.74,1769.19,1769.52,730.0
2026-06-07 17:49:00+00:00,1769.52,1770.32,1765.51,1766.01,976.0
2026-06-07 17:54:00+00:00,1766.01,1767.87,1765.59,1767.21,1030.0
2026-06-07 17:59:00+00:00,1767.21,1774.96,1766.32,1772.78,646.0
2026-06-07 18:04:00+00:00,1772.78,1773.8,1771.38,1772.95,1133.0
2026-06-07 18:09:00+00:00,1772.95,1773.41,1765.37,1766.11,789.0
2026-06-07 18:14:00+00:00,1766.11,1774.63,1763.23,1771.26,1100.0
2026-06-07 18:19:00+00:00,1771.26,1778.06,1770.53,1776.51,1234.0
2026-06-07 18:24:00+00:00,1776.51,1779.83,1775.98,1779.28,813.0
2026-06-07 18:29:00+00:00,1779.28,1786.4,1778.27,1784.76,1306.0
2026-06-07 18:34:00+00:00,1784.76,1789.88,1781.8,1784.23,654.0
2026-06-07 18:39:00+00:00,1784.23,1784.67,1776.25,1776.91,678.0
2026-06-07 18:44:00+00:00,1776.91,1780.36,1770.7,1776.73,641.0
2026-06-07 18:49:00+00:00,1776.73,1777.99,1772.65,1774.01,836.0
2026-06-07 18:54:00+00:00,1774.01,1774.77,1765.05,1766.73,780.0
2026-06-07 18:59:00+00:00,1766.73,1768.76,1765.77,1767.16,742.0
2026-06-07 19:04:00+00:00,1767.16,1775.93,1765.47,1773.55,561.0
2026-06-07 19:09:00+00:00,1773.55,1781.96,1771.15,1779.28,1334.0
2026-06-07 19:14:00+00:00,1779.28,1779.34,1779.26,1779.33,575.0
2026-06-07 19:19:00+00:00,1779.33,1779.33,1778.66,1778.67,1328.0
2026-06-07 19:24:00+00:00,1778.67,1780.06,1764.08,1767.06,612.0
2026-06-07 19:29:00+00:00,1767.06,1767.75,1761.14,1762.08,1154.0
2026-06-07 19:34:00+00:00,1762.08,1762.84,1761.52,1762.44,513.0
2026-06-07 19:39:00+00:00,1762.44,1763.52,1760.23,1760.51,497.0
2026-06-07 19:44:00+00:00,1760.51,1763.98,1758.04,1760.77,714.0
2026-06-07 19:49:00+00:00,1760.77,1764.71,1755.36,1757.69,857.0
2026-06-07 19:54:00+00:00,1757.69,1759.81,1756.54,1759.01,739.0
2026-06-07 19:59:00+00:00,1759.01,1760.87,1754.96,1758.28,1276.0
2026-06-07 20:04:00+00:00,1758.28,1762.26,1758.22,1762.2,678.0
2026-06-07 20:09:00+00:00,1762.2,1766.08,1761.5,1765.74,1327.0
2026-06-07 20:14:00+00:00,1765.74,1765.78,1763.62,1763.75,691.0
2026-06-07 20:19:00+00:00,1763.75,1765.0,1762.31,1763.37,894.0
2026-06-07 20:24:00+00:00,1763.37,1765.13,1762.32,1763.04,1141.0
2026-06-07 20:29:00+00:00,1763.04,1765.02,1761.43,1763.08,1030.0
2026-06-07 20:34:00+00:00,1763.08,1768.55,1761.54,1763.2,1203.0
2026-06-07 20:39:00+00:00,1763.2,1763.59,1761.76,1762.22,539.0
2026-06-07 20:44:00+00:00,1762.22,1763.67,1760.97,1761.92,1040.0
2026-06-07 20:49:00+00:00,1761.92,1767.39,1758.3,1766.43,651.0
2026-06-07 20:54:00+00:00,1766.43,1767.39,1763.32,1763.64,782.0
2026-06-07 20:59:00+00:00,1763.64,1765.6,1760.87,1762.4,455.0
2026-06-07 21:04:00+00:00,1762.4,1766.19,1761.2,1764.6,1143.0
2026-06-07 21:09:00+00:00,1764.6,1765.0,1763.65,1763.84,718.0
2026-06-07 21:14:00+00:00,1763.84,1763.99,1763.09,1763.42,1031.0
2026-06-07 21:19:00+00:00,1763.42,1772.16,1759.38,1768.73,646.0
2026-06-07 21:24:00+00:00,1768.73,1768.97,1768.69,1768.95,1042.0
2026-06-07 21:29:00+00:00,1768.95,1769.65,1763.03,1764.36,1279.0
2026-06-07 21:34:00+00:00,1764.36,1768.82,1758.93,1764.17,642.0
2026-06-07 21:39:00+00:00,1764.17,1771.98,1759.83,1770.32,738.0
2026-06-07 21:44:00+00:00,1770.32,1775.34,1770.11,1775.15,546.0
2026-06-07 21:49:00+00:00,1775.15,1775.4,1768.89,1769.01,966.0
2026-06-07 21:54:00+00:00,1769.01,1769.21,1766.11,1766.73,1148.0
2026-06-07 21:59:00+00:00,1766.73,1767.62,1765.91,1766.12,538.0
2026-06-07 22:04:00+00:00,1766.12,1771.53,1764.12,1767.78,476.0
2026-06-07 22:09:00+00:00,1767.78,1782.59,1762.95,1777.5,1238.0
2026-06-07 22:14:00+00:00,1777.5,1783.58,1775.77,1782.25,1191.0
2026-06-07 22:19:00+00:00,1782.25,1782.87,1773.41,1773.9,707.0
2026-06-07 22:24:00+00:00,1773.9,1779.71,1772.81,1775.74,535.0
2026-06-07 22:29:00+00:00,1775.74,1781.43,1772.8,1778.54,1022.0
2026-06-07 22:34:00+00:00,1778.54,1780.31,1768.05,1769.33,843.0
2026-06-07 22:39:00+00:00,1769.33,1774.26,1763.73,1767.21,637.0
2026-06-07 22:44:00+00:00,1767.21,1767.52,1764.81,1765.52,1322.0
2026-06-07 22:49:00+00:00,1765.52,1767.46,1765.45,1767.34,632.0
2026-06-07 22:54:00+00:00,1767.34,1769.69,1766.27,1768.42,966.0
2026-06-07 22:59:00+00:00,1768.42,1773.11,1762.45,1766.37,815.0
2026-06-07 23:04:00+00:00,1766.37,1771.65,1754.75,1757.58,1248.0
2026-06-07 23:09:00+00:00,1757.58,1759.92,1749.41,1755.13,1250.0
2026-06-07 23:14:00+00:00,1755.13,1755.51,1752.98,1753.61,612.0
2026-06-07 23:19:00+00:00,1753.61,1759.91,1751.24,1752.99,978.0
2026-06-07 23:24:00+00:00,1752.99,1754.31,1749.79,1752.0,1165.0
2026-06-07 23:29:00+00:00,1752.0,1754.21,1749.86,1750.73,710.0
2026-06-07 23:34:00+00:00,1750.73,1754.41,1742.51,1747.81,922.0
2026-06-07 23:39:00+00:00,1747.81,1756.64,1746.12,1755.12,622.0
2026-06-07 23:44:00+00:00,1755.12,1760.83,1754.99,1760.68,465.0
2026-06-07 23:49:00+00:00,1760.68,1764.94,1754.13,1757.95,903.0
2026-06-07 23:54:00+00:00,1757.95,1761.99,1756.72,1760.28,1256.0
2026-06-07 23:59:00+00:00,1760.28,1767.77,1759.08,1765.93,479.0
2026-06-08 00:04:00+00:00,1765.93,1766.46,1762.77,1763.5,660.0
2026-06-08 00:09:00+00:00,1763.5,1770.02,1763.22,1769.95,963.0
2026-06-08 00:14:00+00:00,1769.95,1777.42,1769.3,1776.49,917.0
2026-06-08 00:19:00+00:00,1776.49,1779.93,1771.66,1773.72,1158.0
2026-06-08 00:24:00+00:00,1773.72,1774.81,1768.89,1769.82,1309.0
2026-06-08 00:29:00+00:00,1769.82,1777.13,1766.75,1775.18,1024.0
2026-06-08 00:34:00+00:00,1775.18,1775.58,1775.0,1775.31,994.0
2026-06-08 00:39:00+00:00,1775.31,1778.66,1774.9,1777.73,838.0
2026-06-08 00:44:00+00:00,1777.73,1779.7,1776.41,1778.4,717.0
2026-06-08 00:49:00+00:00,1778.4,1781.25,1777.01,1779.72,1299.0
2026-06-08 00:54:00+00:00,1779.72,1783.17,1776.53,1781.84,466.0
2026-06-08 00:59:00+00:00,1781.84,1786.31,1779.03,1784.08,942.0
2026-06-08 01:04:00+00:00,1784.08,1784.65,1783.3,1784.24,479.0
2026-06-08 01:09:00+00:00,1784.24,1786.95,1774.73,1779.65,1110.0
2026-06-08 01:14:00+00:00,1779.65,1785.22,1778.57,1783.59,811.0
2026-06-08 01:19:00+00:00,1783.59,1789.05,1782.8,1787.64,1162.0
2026-06-08 01:24:00+00:00,1787.64,1788.45,1781.45,1785.16,826.0
2026-06-08 01:29:00+00:00,1785.16,1785.28,1781.32,1781.56,982.0
2026-06-08 01:34:00+00:00,1781.56,1790.4,1781.44,1790.15,806.0
2026-06-08 01:39:00+00:00,1790.15,1790.52,1788.36,1788.56,497.0
2026-06-08 01:44:00+00:00,1788.56,1794.7,1788.29,1794.48,1265.0
2026-06-08 01:49:00+00:00,1794.48,1798.69,1794.16,1798.2,1182.0
2026-06-08 01:54:00+00:00,1798.2,1803.18,1797.39,1802.65,1290.0
2026-06-08 01:59:00+00:00,1802.65,1806.38,1802.5,1805.81,1337.0
2026-06-08 02:04:00+00:00,1805.81,1806.53,1805.73,1806.49,985.0
2026-06-08 02:09:00+00:00,1806.49,1807.79,1798.26,1800.29,1160.0
2026-06-08 02:14:00+00:00,1800.29,1803.39,1796.83,1800.62,1074.0
2026-06-08 02:19:00+00:00,1800.62,1804.12,1797.07,1800.67,542.0
2026-06-08 02:24:00+00:00,1800.67,1804.89,1798.82,1802.95,692.0
2026-06-08 02:29:00+00:00,1802.95,1806.49,1792.09,1795.29,1088.0
2026-06-08 02:34:00+00:00,1795.29,1797.95,1795.15,1797.89,591.0
2026-06-08 02:39:00+00:00,1797.89,1798.71,1795.04,1796.47,674.0
2026-06-08 02:44:00+00:00,1796.47,1800.14,1792.56,1798.0,1304.0
2026-06-08 02:49:00+00:00,1798.0,1803.45,1795.15,1801.43,1257.0
2026-06-08 02:54:00+00:00,1801.43,1812.4,1799.32,1806.66,610.0
2026-06-08 02:59:00+00:00,1806.66,1807.31,1796.17,1797.63,954.0
2026-06-08 03:04:00+00:00,1797.63,1801.39,1790.19,1794.42,1037.0
2026-06-08 03:09:00+00:00,1794.42,1800.77,1786.05,1795.06,710.0
2026-06-08 03:14:00+00:00,1795.06,1795.13,1789.27,1789.37,659.0
2026-06-08 03:19:00+00:00,1789.37,1791.69,1788.09,1790.25,945.0
2026-06-08 03:24:00+00:00,1790.25,1799.68,1789.73,1799.43,692.0
2026-06-08 03:29:00+00:00,1799.43,1806.02,1795.87,1801.73,883.0
2026-06-08 03:34:00+00:00,1801.73,1803.57,1795.91,1796.98,1098.0
2026-06-08 03:39:00+00:00,1796.98,1806.98,1792.31,1802.63,1016.0
2026-06-08 03:44:00+00:00,1802.63,1802.76,1801.29,1801.38,727.0
2026-06-08 03:49:00+00:00,1801.38,1801.4,1800.3,1800.33,1246.0
2026-06-08 03:54:00+00:00,1800.33,1801.51,1799.09,1800.53,702.0
2026-06-08 03:59:00+00:00,1800.53,1803.91,1791.9,1798.24,1213.0
2026-06-08 04:04:00+00:00,1798.24,1798.76,1791.46,1792.44,672.0
2026-06-08 04:09:00+00:00,1792.44,1799.39,1791.18,1796.7,1058.0
2026-06-08 04:14:00+00:00,1796.7,1801.42,1796.69,1801.42,1138.0
2026-06-08 04:19:00+00:00,1801.42,1805.56,1799.83,1803.8,1079.0
2026-06-08 04:24:00+00:00,1803.8,1806.75,1792.6,1797.84,1177.0
2026-06-08 04:29:00+00:00,1797.84,1798.05,1793.38,1793.67,1327.0
2026-06-08 04:34:00+00:00,1793.67,1799.36,1792.7,1798.04,1182.0
2026-06-08 04:39:00+00:00,1798.04,1802.5,1797.18,1799.49,1248.0
2026-06-08 04:44:00+00:00,1799.49,1799.97,1794.62,1795.44,592.0
2026-06-08 04:49:00+00:00,1795.44,1799.27,1789.4,1793.43,770.0
2026-06-08 04:54:00+00:00,1793.43,1793.76,1792.74,1793.29,1184.0
2026-06-08 04:59:00+00:00,1793.29,1794.98,1784.29,1786.19,1255.0
2026-06-08 05:04:00+00:00,1786.19,1789.44,1780.88,1783.87,614.0
2026-06-08 05:09:00+00:00,1783.87,1790.16,1781.33,1785.84,610.0
2026-06-08 05:14:00+00:00,1785.84,1789.07,1783.24,1784.46,1258.0
2026-06-08 05:19:00+00:00,1784.46,1785.49,1782.73,1783.81,1249.0
2026-06-08 05:24:00+00:00,1783.81,1784.34,1781.91,1782.84,934.0
2026-06-08 05:29:00+00:00,1782.84,1786.42,1780.86,1784.18,484.0
2026-06-08 05:34:00+00:00,1784.18,1787.05,1783.17,1784.46,1264.0
2026-06-08 05:39:00+00:00,1784.46,1785.2,1782.18,1782.96,859.0
2026-06-08 05:44:00+00:00,1782.96,1788.74,1781.45,1786.38,1220.0
2026-06-08 05:49:00+00:00,1786.38,1796.4,1783.71,1790.66,468.0
2026-06-08 05:54:00+00:00,1790.66,1797.63,1790.65,1797.62,836.0
2026-06-08 05:59:00+00:00,1797.62,1797.83,1795.41,1795.63,1026.0
2026-06-08 06:04:00+00:00,1795.63,1804.59,1792.0,1801.16,1294.0
2026-06-08 06:09:00+00:00,1801.16,1806.53,1797.74,1801.5,859.0
2026-06-08 06:14:00+00:00,1801.5,1806.28,1793.7,1800.13,750.0
2026-06-08 06:19:00+00:00,1800.13,1805.97,1796.61,1801.1,766.0
2026-06-08 06:24:00+00:00,1801.1,1808.67,1798.9,1804.85,786.0
2026-06-08 06:29:00+00:00,1804.85,1805.7,1799.74,1800.38,694.0
2026-06-08 06:34:00+00:00,1800.38,1806.25,1796.51,1802.64,722.0
2026-06-08 06:39:00+00:00,1802.64,1805.81,1798.52,1800.84,447.0
2026-06-08 06:44:00+00:00,1800.84,1801.88,1799.78,1800.57,1100.0
2026-06-08 06:49:00+00:00,1800.57,1801.45,1798.51,1799.38,1083.0
2026-06-08 06:54:00+00:00,1799.38,1801.21,1798.06,1799.37,986.0
2026-06-08 06:59:00+00:00,1799.37,1802.42,1796.22,1797.84,895.0
2026-06-08 07:04:00+00:00,1797.84,1798.66,1796.38,1798.02,1043.0
2026-06-08 07:09:00+00:00,1798.02,1798.84,1793.32,1794.42,816.0
2026-06-08 07:14:00+00:00,1794.42,1797.71,1794.24,1797.31,2033.0
2026-06-08 07:19:00+00:00,1797.31,1802.79,1797.11,1802.66,1905.0
2026-06-08 07:24:00+00:00,1802.66,1808.4,1801.44,1807.53,766.0
2026-06-08 07:29:00+00:00,1807.53,1807.73,1806.44,1806.96,2029.0
2026-06-08 07:34:00+00:00,1806.96,1807.36,1806.92,1807.33,1039.0
2026-06-08 07:39:00+00:00,1807.33,1811.06,1806.59,1809.34,1488.0
2026-06-08 07:44:00+00:00,1809.34,1820.93,1804.46,1815.29,1691.0
2026-06-08 07:49:00+00:00,1815.29,1817.98,1802.38,1806.2,1481.0
2026-06-08 07:54:00+00:00,1806.2,1815.66,1804.2,1811.24,1725.0
2026-06-08 07:59:00+00:00,1811.24,1812.49,1810.99,1811.99,1823.0
2026-06-08 08:04:00+00:00,1811.99,1814.53,1809.73,1811.39,1327.0
2026-06-08 08:09:00+00:00,1811.39,1815.22,1810.69,1814.71,1151.0
2026-06-08 08:14:00+00:00,1814.71,1822.23,1814.51,1822.13,1697.0
2026-06-08 08:19:00+00:00,1822.13,1823.41,1821.91,1822.94,1652.0
2026-06-08 08:24:00+00:00,1822.94,1826.35,1816.89,1821.67,1737.0
2026-06-08 08:29:00+00:00,1821.67,1825.49,1815.86,1821.43,1967.0
2026-06-08 08:34:00+00:00,1821.43,1833.27,1820.34,1832.12,882.0
2026-06-08 08:39:00+00:00,1832.12,1834.66,1828.48,1830.49,745.0
2026-06-08 08:44:00+00:00,1830.49,1831.88,1828.93,1830.08,1309.0
2026-06-08 08:49:00+00:00,1830.08,1833.33,1825.94,1830.89,2057.0
2026-06-08 08:54:00+00:00,1830.89,1837.36,1823.39,1830.54,1401.0
2026-06-08 08:59:00+00:00,1830.54,1831.05,1830.16,1830.68,1285.0
2026-06-08 09:04:00+00:00,1830.68,1832.5,1828.95,1830.06,974.0
2026-06-08 09:09:00+00:00,1830.06,1830.29,1829.62,1829.86,1795.0
2026-06-08 09:14:00+00:00,1829.86,1836.02,1829.01,1835.12,1407.0
2026-06-08 09:19:00+00:00,1835.12,1837.99,1832.92,1836.98,1460.0
2026-06-08 09:24:00+00:00,1836.98,1837.16,1833.7,1833.98,1217.0
2026-06-08 09:29:00+00:00,1833.98,1839.21,1832.74,1837.81,1481.0
2026-06-08 09:34:00+00:00,1837.81,1838.29,1833.09,1833.19,1092.0
2026-06-08 09:39:00+00:00,1833.19,1837.15,1830.35,1836.1,1158.0
2026-06-08 09:44:00+00:00,1836.1,1844.33,1835.04,1843.38,1655.0
2026-06-08 09:49:00+00:00,1843.38,1848.02,1842.58,1847.34,2009.0
2026-06-08 09:54:00+00:00,1847.34,1850.6,1843.82,1849.55,1120.0
2026-06-08 09:59:00+00:00,1849.55,1862.26,1844.84,1855.13,1953.0
2026-06-08 10:04:00+00:00,1855.13,1855.66,1852.63,1854.01,2064.0
2026-06-08 10:09:00+00:00,1854.01,1866.23,1851.92,1864.17,1884.0
2026-06-08 10:14:00+00:00,1864.17,1867.07,1862.94,1865.58,906.0
2026-06-08 10:19:00+00:00,1865.58,1867.72,1861.67,1866.51,1103.0
2026-06-08 10:24:00+00:00,1866.51,1874.24,1865.02,1871.51,743.0
2026-06-08 10:29:00+00:00,1871.51,1876.64,1868.93,1873.89,1772.0
2026-06-08 10:34:00+00:00,1873.89,1882.12,1868.53,1880.48,1060.0
2026-06-08 10:39:00+00:00,1880.48,1883.07,1879.92,1882.34,2041.0
2026-06-08 10:44:00+00:00,1882.34,1882.48,1881.92,1882.28,739.0
2026-06-08 10:49:00+00:00,1882.28,1885.6,1876.98,1883.52,1889.0
2026-06-08 10:54:00+00:00,1883.52,1889.36,1882.61,1888.13,1348.0
2026-06-08 10:59:00+00:00,1888.13,1888.76,1882.99,1883.64,1438.0
2026-06-08 11:04:00+00:00,1883.64,1887.64,1883.58,1887.54,990.0
2026-06-08 11:09:00+00:00,1887.54,1889.07,1878.36,1881.38,1561.0
2026-06-08 11:14:00+00:00,1881.38,1885.35,1878.68,1884.13,2024.0
2026-06-08 11:19:00+00:00,1884.13,1886.8,1883.09,1886.09,1295.0
2026-06-08 11:24:00+00:00,1886.09,1891.29,1885.97,1891.07,1124.0
2026-06-08 11:29:00+00:00,1891.07,1891.36,1890.53,1890.68,1816.0
2026-06-08 11:34:00+00:00,1890.68,1895.8,1890.42,1895.36,1597.0
2026-06-08 11:39:00+00:00,1895.36,1899.2,1894.69,1898.76,2005.0
2026-06-08 11:44:00+00:00,1898.76,1899.94,1893.36,1895.3,1446.0
2026-06-08 11:49:00+00:00,1895.3,1895.32,1889.88,1889.95,1000.0
2026-06-08 11:54:00+00:00,1889.95,1900.45,1883.85,1894.43,1232.0
2026-06-08 11:59:00+00:00,1894.43,1897.53,1890.0,1895.82,850.0
2026-06-08 12:04:00+00:00,1895.82,1896.09,1895.19,1895.31,1431.0
2026-06-08 12:09:00+00:00,1895.31,1898.9,1895.18,1898.75,1929.0
2026-06-08 12:14:00+00:00,1898.75,1902.23,1897.93,1900.39,1698.0
2026-06-08 12:19:00+00:00,1900.39,1903.84,1899.19,1902.34,1086.0
2026-06-08 12:24:00+00:00,1902.34,1902.57,1901.66,1902.01,1536.0
2026-06-08 12:29:00+00:00,1902.01,1905.79,1901.13,1905.16,837.0
2026-06-08 12:34:00+00:00,1905.16,1907.75,1905.06,1907.56,1989.0
2026-06-08 12:39:00+00:00,1907.56,1915.43,1901.25,1913.22,1448.0
2026-06-08 12:44:00+00:00,1913.22,1913.86,1912.52,1912.98,802.0
2026-06-08 12:49:00+00:00,1912.98,1922.39,1908.34,1919.12,1327.0
2026-06-08 12:54:00+00:00,1919.12,1920.37,1910.36,1913.34,2108.0
2026-06-08 12:59:00+00:00,1913.34,1914.64,1909.72,1911.17,2016.0
2026-06-08 13:04:00+00:00,1911.17,1914.51,1906.98,1911.5,1704.0
2026-06-08 13:09:00+00:00,1911.5,1911.81,1909.26,1909.59,1964.0
2026-06-08 13:14:00+00:00,1909.59,1912.42,1904.69,1910.73,741.0
2026-06-08 13:19:00+00:00,1910.73,1910.88,1908.22,1908.34,1425.0
2026-06-08 13:24:00+00:00,1908.34,1910.96,1901.79,1905.3,1813.0
2026-06-08 13:29:00+00:00,1905.3,1910.43,1903.07,1907.48,1134.0
2026-06-08 13:34:00+00:00,1907.48,1908.71,1904.45,1905.66,889.0
2026-06-08 13:39:00+00:00,1905.66,1906.57,1902.58,1903.56,2044.0
2026-06-08 13:44:00+00:00,1903.56,1908.42,1899.58,1904.83,1911.0
2026-06-08 13:49:00+00:00,1904.83,1907.44,1901.1,1903.4,1763.0
2026-06-08 13:54:00+00:00,1903.4,1910.71,1902.38,1909.95,1971.0
2026-06-08 13:59:00+00:00,1909.95,1921.12,1908.61,1919.61,1021.0
2026-06-08 14:04:00+00:00,1919.61,1923.48,1917.62,1922.53,2089.0
2026-06-08 14:09:00+00:00,1922.53,1930.63,1919.2,1927.18,1793.0
2026-06-08 14:14:00+00:00,1927.18,1927.59,1926.79,1927.21,885.0
2026-06-08 14:19:00+00:00,1927.21,1928.05,1924.18,1924.84,874.0
2026-06-08 14:24:00+00:00,1924.84,1933.78,1923.72,1933.13,1924.0
2026-06-08 14:29:00+00:00,1933.13,1935.89,1930.94,1934.98,762.0
2026-06-08 14:34:00+00:00,1934.98,1940.68,1934.12,1940.06,1138.0
2026-06-08 14:39:00+00:00,1940.06,1941.73,1934.95,1937.45,860.0
2026-06-08 14:44:00+00:00,1937.45,1947.94,1935.65,1945.56,1642.0
2026-06-08 14:49:00+00:00,1945.56,1945.98,1945.46,1945.85,1212.0
2026-06-08 14:54:00+00:00,1945.85,1946.59,1940.89,1942.68,1196.0
2026-06-08 14:59:00+00:00,1942.68,1950.26,1940.65,1947.69,1606.0
2026-06-08 15:04:00+00:00,1947.69,1950.39,1946.58,1949.25,2027.0
2026-06-08 15:09:00+00:00,1949.25,1954.89,1945.02,1951.17,1987.0
2026-06-08 15:14:00+00:00,1951.17,1951.6,1948.5,1948.95,801.0
2026-06-08 15:19:00+00:00,1948.95,1955.93,1946.6,1955.29,1960.0
2026-06-08 15:24:00+00:00,1955.29,1964.74,1954.28,1964.42,2043.0
2026-06-08 15:29:00+00:00,1964.42,1966.18,1962.26,1965.07,1145.0
2026-06-08 15:34:00+00:00,1965.07,1970.31,1959.23,1963.93,1303.0
2026-06-08 15:39:00+00:00,1963.93,1976.76,1959.66,1969.92,1252.0
2026-06-08 15:44:00+00:00,1969.92,1979.37,1967.83,1973.83,878.0
2026-06-08 15:49:00+00:00,1973.83,1973.87,1968.93,1969.01,1579.0
2026-06-08 15:54:00+00:00,1969.01,1970.36,1962.04,1964.62,1700.0
2026-06-08 15:59:00+00:00,1964.62,1968.42,1963.37,1967.04,897.0
2026-06-08 16:04:00+00:00,1967.04,1970.21,1961.34,1963.12,939.0
2026-06-08 16:09:00+00:00,1963.12,1963.23,1959.73,1959.92,1868.0
2026-06-08 16:14:00+00:00,1959.92,1961.2,1959.75,1960.75,1446.0
2026-06-08 16:19:00+00:00,1960.75,1964.51,1952.88,1954.77,1175.0
2026-06-08 16:24:00+00:00,1954.77,1955.53,1946.02,1947.84,1512.0
2026-06-08 16:29:00+00:00,1947.84,1952.59,1947.54,1952.53,841.0
2026-06-08 16:34:00+00:00,1952.53,1958.17,1948.27,1956.32,1137.0
2026-06-08 16:39:00+00:00,1956.32,1964.17,1954.9,1960.32,1245.0
2026-06-08 16:44:00+00:00,1960.32,1968.56,1953.02,1965.82,2076.0
2026-06-08 16:49:00+00:00,1965.82,1974.59,1961.03,1970.79,1459.0
2026-06-08 16:54:00+00:00,1970.79,1972.84,1964.19,1965.25,1569.0
2026-06-08 16:59:00+00:00,1965.25,1965.36,1962.49,1962.52,1532.0
2026-06-08 17:04:00+00:00,1962.52,1963.11,1961.67,1961.97,406.0
2026-06-08 17:09:00+00:00,1961.97,1964.13,1959.9,1962.55,865.0
2026-06-08 17:14:00+00:00,1962.55,1964.2,1960.68,1961.66,522.0
2026-06-08 17:19:00+00:00,1961.66,1963.14,1959.06,1961.59,766.0
2026-06-08 17:24:00+00:00,1961.59,1963.14,1960.85,1962.5,903.0
2026-06-08 17:29:00+00:00,1962.5,1963.47,1960.92,1961.78,730.0
2026-06-08 17:34:00+00:00,1961.78,1968.09,1958.32,1966.04,1157.0
2026-06-08 17:39:00+00:00,1966.04,1967.88,1961.05,1966.73,1072.0
2026-06-08 17:44:00+00:00,1966.73,1973.08,1965.67,1971.51,1026.0
2026-06-08 17:49:00+00:00,1971.51,1975.3,1970.61,1974.71,592.0
2026-06-08 17:54:00+00:00,1974.71,1975.45,1972.04,1974.27,725.0
2026-06-08 17:59:00+00:00,1974.27,1975.3,1967.62,1968.88,1082.0
2026-06-08 18:04:00+00:00,1968.88,1973.18,1966.58,1970.06,1113.0
2026-06-08 18:09:00+00:00,1970.06,1971.57,1968.47,1969.34,813.0
2026-06-08 18:14:00+00:00,1969.34,1975.09,1967.55,1973.93,482.0
2026-06-08 18:19:00+00:00,1973.93,1975.17,1972.56,1973.0,970.0
2026-06-08 18:24:00+00:00,1973.0,1978.61,1969.69,1974.91,1015.0
2026-06-08 18:29:00+00:00,1974.91,1978.47,1973.58,1975.74,1170.0
2026-06-08 18:34:00+00:00,1975.74,1977.13,1974.24,1976.41,1110.0
2026-06-08 18:39:00+00:00,1976.41,1979.33,1975.91,1978.98,863.0
2026-06-08 18:44:00+00:00,1978.98,1980.6,1969.91,1972.42,1078.0
2026-06-08 18:49:00+00:00,1972.42,1974.39,1968.44,1972.33,783.0
2026-06-08 18:54:00+00:00,1972.33,1976.75,1971.88,1976.01,963.0
2026-06-08 18:59:00+00:00,1976.01,1976.44,1975.35,1975.74,1066.0
2026-06-08 19:04:00+00:00,1975.74,1976.04,1974.79,1975.06,738.0
2026-06-08 19:09:00+00:00,1975.06,1977.31,1969.36,1970.87,527.0
2026-06-08 19:14:00+00:00,1970.87,1974.54,1970.8,1974.45,982.0
2026-06-08 19:19:00+00:00,1974.45,1974.49,1966.84,1966.91,1063.0
2026-06-08 19:24:00+00:00,1966.91,1970.93,1966.64,1970.57,563.0
2026-06-08 19:29:00+00:00,1970.57,1979.03,1969.12,1977.28,1191.0
2026-06-08 19:34:00+00:00,1977.28,1977.61,1974.44,1974.56,690.0
2026-06-08 19:39:00+00:00,1974.56,1975.09,1969.91,1971.6,1018.0
2026-06-08 19:44:00+00:00,1971.6,1974.26,1967.37,1970.89,738.0
2026-06-08 19:49:00+00:00,1970.89,1974.31,1969.38,1972.05,518.0
2026-06-08 19:54:00+00:00,1972.05,1980.71,1971.65,1979.58,923.0
2026-06-08 19:59:00+00:00,1979.58,1982.12,1973.04,1975.38,476.0
2026-06-08 20:04:00+00:00,1975.38,1979.81,1971.93,1977.44,645.0
2026-06-08 20:09:00+00:00,1977.44,1979.29,1970.9,1972.69,1105.0
2026-06-08 20:14:00+00:00,1972.69,1977.05,1970.84,1974.25,644.0
2026-06-08 20:19:00+00:00,1974.25,1981.29,1971.22,1973.47,949.0
2026-06-08 20:24:00+00:00,1973.47,1977.85,1968.51,1975.83,1011.0
2026-06-08 20:29:00+00:00,1975.83,1977.54,1975.29,1976.87,660.0
2026-06-08 20:34:00+00:00,1976.87,1976.92,1976.8,1976.84,1162.0
2026-06-08 20:39:00+00:00,1976.84,1981.99,1972.24,1978.41,893.0
2026-06-08 20:44:00+00:00,1978.41,1983.2,1977.67,1982.76,1204.0
2026-06-08 20:49:00+00:00,1982.76,1984.61,1975.49,1977.27,661.0
2026-06-08 20:54:00+00:00,1977.27,1980.8,1976.22,1977.49,823.0
2026-06-08 20:59:00+00:00,1977.49,1979.85,1974.76,1976.08,841.0
2026-06-08 21:04:00+00:00,1976.08,1981.57,1960.82,1967.34,1036.0
2026-06-08 21:09:00+00:00,1967.34,1975.07,1961.05,1965.47,902.0
2026-06-08 21:14:00+00:00,1965.47,1974.77,1964.5,1973.78,443.0
2026-06-08 21:19:00+00:00,1973.78,1982.21,1969.19,1977.64,454.0
2026-06-08 21:24:00+00:00,1977.64,1978.17,1973.85,1974.42,1114.0
2026-06-08 21:29:00+00:00,1974.42,1975.22,1969.52,1971.0,673.0
2026-06-08 21:34:00+00:00,1971.0,1975.6,1967.48,1972.98,850.0
2026-06-08 21:39:00+00:00,1972.98,1981.61,1970.54,1980.38,606.0
2026-06-08 21:44:00+00:00,1980.38,1984.97,1978.19,1983.36,658.0
2026-06-08 21:49:00+00:00,1983.36,1985.67,1974.02,1975.13,1120.0
2026-06-08 21:54:00+00:00,1975.13,1977.98,1973.79,1977.35,844.0
2026-06-08 21:59:00+00:00,1977.35,1984.92,1974.22,1980.3,1192.0
2026-06-08 22:04:00+00:00,1980.3,1981.97,1976.31,1976.77,1035.0
2026-06-08 22:09:00+00:00,1976.77,1978.15,1962.19,1966.16,476.0
2026-06-08 22:14:00+00:00,1966.16,1967.33,1964.24,1965.34,550.0
2026-06-08 22:19:00+00:00,1965.34,1975.62,1959.47,1971.8,602.0
2026-06-08 22:24:00+00:00,1971.8,1974.89,1971.66,1974.81,1083.0
2026-06-08 22:29:00+00:00,1974.81,1979.89,1972.52,1978.79,845.0
2026-06-08 22:34:00+00:00,1978.79,1980.13,1966.75,1971.4,1144.0
2026-06-08 22:39:00+00:00,1971.4,1976.44,1969.04,1975.01,461.0
2026-06-08 22:44:00+00:00,1975.01,1978.97,1974.24,1978.69,598.0
2026-06-08 22:49:00+00:00,1978.69,1981.72,1978.16,1981.25,851.0
2026-06-08 22:54:00+00:00,1981.25,1982.27,1978.97,1980.64,463.0
2026-06-08 22:59:00+00:00,1980.64,1984.89,1976.04,1980.34,522.0
2026-06-08 23:04:00+00:00,1980.34,1987.29,1973.55,1976.13,1190.0
2026-06-08 23:09:00+00:00,1976.13,1982.84,1968.07,1980.92,902.0
2026-06-08 23:14:00+00:00,1980.92,1983.22,1975.36,1979.89,511.0
2026-06-08 23:19:00+00:00,1979.89,1981.31,1977.67,1980.15,854.0
2026-06-08 23:24:00+00:00,1980.15,1985.68,1978.27,1982.87,554.0
2026-06-08 23:29:00+00:00,1982.87,1987.78,1979.69,1985.78,855.0
2026-06-08 23:34:00+00:00,1985.78,1989.1,1983.37,1985.65,1092.0
2026-06-08 23:39:00+00:00,1985.65,1990.73,1979.45,1987.49,926.0
2026-06-08 23:44:00+00:00,1987.49,1995.88,1986.98,1994.88,767.0
2026-06-08 23:49:00+00:00,1994.88,1997.23,1991.29,1992.89,965.0
2026-06-08 23:54:00+00:00,1992.89,1996.54,1992.5,1996.42,506.0
2026-06-08 23:59:00+00:00,1996.42,2002.99,1991.42,2001.18,834.0
2026-06-09 00:04:00+00:00,2001.18,2002.99,2000.4,2001.6,984.0
2026-06-09 00:09:00+00:00,2001.6,2008.23,1997.54,2003.63,979.0
2026-06-09 00:14:00+00:00,2003.63,2005.55,1993.13,1994.01,437.0
2026-06-09 00:19:00+00:00,1994.01,2000.61,1988.82,1994.65,854.0
2026-06-09 00:24:00+00:00,1994.65,2000.4,1989.68,1997.62,634.0
2026-06-09 00:29:00+00:00,1997.62,2003.69,1991.48,1998.8,858.0
2026-06-09 00:34:00+00:00,1998.8,1999.43,1996.06,1997.94,845.0
2026-06-09 00:39:00+00:00,1997.94,1999.17,1993.16,1994.11,1044.0
2026-06-09 00:44:00+00:00,1994.11,1998.46,1992.57,1995.74,1206.0
2026-06-09 00:49:00+00:00,1995.74,2002.51,1995.52,2002.36,1015.0
2026-06-09 00:54:00+00:00,2002.36,2005.58,1996.72,1998.9,1026.0
2026-06-09 00:59:00+00:00,1998.9,2000.35,1998.8,2000.22,1110.0
2026-06-09 01:04:00+00:00,2000.22,2013.13,1992.53,2005.24,793.0
2026-06-09 01:09:00+00:00,2005.24,2014.0,1997.97,2010.95,1150.0
2026-06-09 01:14:00+00:00,2010.95,2011.56,2010.69,2011.27,944.0
2026-06-09 01:19:00+00:00,2011.27,2013.89,2001.56,2009.18,1094.0
2026-06-09 01:24:00+00:00,2009.18,2011.48,2008.64,2010.94,442.0
2026-06-09 01:29:00+00:00,2010.94,2011.76,2005.77,2006.78,954.0
2026-06-09 01:34:00+00:00,2006.78,2015.45,2003.38,2013.7,1059.0
2026-06-09 01:39:00+00:00,2013.7,2015.07,2013.17,2014.71,902.0
2026-06-09 01:44:00+00:00,2014.71,2018.66,2013.65,2016.99,1103.0
2026-06-09 01:49:00+00:00,2016.99,2020.85,2015.62,2019.13,567.0
2026-06-09 01:54:00+00:00,2019.13,2033.29,2017.35,2031.04,678.0
2026-06-09 01:59:00+00:00,2031.04,2032.67,2030.72,2031.73,521.0
2026-06-09 02:04:00+00:00,2031.73,2033.19,2031.2,2032.14,1180.0
2026-06-09 02:09:00+00:00,2032.14,2036.66,2019.28,2024.28,893.0
2026-06-09 02:14:00+00:00,2024.28,2025.91,2024.15,2025.68,921.0
2026-06-09 02:19:00+00:00,2025.68,2030.88,2025.09,2030.15,1078.0
2026-06-09 02:24:00+00:00,2030.15,2030.24,2024.35,2024.58,808.0
2026-06-09 02:29:00+00:00,2024.58,2025.32,2018.04,2019.11,902.0
2026-06-09 02:34:00+00:00,2019.11,2025.72,2013.33,2016.44,958.0
2026-06-09 02:39:00+00:00,2016.44,2021.24,2015.61,2020.37,1194.0
2026-06-09 02:44:00+00:00,2020.37,2022.07,2012.32,2013.45,618.0
2026-06-09 02:49:00+00:00,2013.45,2016.07,2006.06,2009.82,1051.0
2026-06-09 02:54:00+00:00,2009.82,2013.89,2004.29,2006.63,771.0
2026-06-09 02:59:00+00:00,2006.63,2011.69,1997.53,2000.24,618.0
2026-06-09 03:04:00+00:00,2000.24,2012.41,1997.97,2010.02,735.0
2026-06-09 03:09:00+00:00,2010.02,2010.26,2008.22,2008.48,800.0
2026-06-09 03:14:00+00:00,2008.48,2017.91,2005.48,2014.64,406.0
2026-06-09 03:19:00+00:00,2014.64,2023.17,2013.93,2022.57,618.0
2026-06-09 03:24:00+00:00,2022.57,2031.06,2021.98,2030.25,878.0
2026-06-09 03:29:00+00:00,2030.25,2030.87,2029.24,2029.39,986.0
2026-06-09 03:34:00+00:00,2029.39,2038.4,2026.08,2033.69,1060.0
2026-06-09 03:39:00+00:00,2033.69,2034.24,2027.07,2027.73,893.0
2026-06-09 03:44:00+00:00,2027.73,2036.52,2027.3,2036.27,550.0
2026-06-09 03:49:00+00:00,2036.27,2043.66,2034.78,2043.2,606.0
2026-06-09 03:54:00+00:00,2043.2,2046.0,2041.07,2042.34,1065.0
2026-06-09 03:59:00+00:00,2042.34,2045.73,2041.95,2045.08,840.0
2026-06-09 04:04:00+00:00,2045.08,2050.55,2044.62,2049.96,888.0
2026-06-09 04:09:00+00:00,2049.96,2054.03,2048.72,2051.97,493.0
2026-06-09 04:14:00+00:00,2051.97,2062.7,2048.48,2060.33,942.0
2026-06-09 04:19:00+00:00,2060.33,2061.86,2057.3,2058.09,706.0
2026-06-09 04:24:00+00:00,2058.09,2058.71,2053.0,2054.65,915.0
2026-06-09 04:29:00+00:00,2054.65,2055.15,2051.77,2052.44,716.0
2026-06-09 04:34:00+00:00,2052.44,2058.85,2052.0,2058.01,970.0
2026-06-09 04:39:00+00:00,2058.01,2058.49,2055.4,2056.91,749.0
2026-06-09 04:44:00+00:00,2056.91,2057.71,2050.88,2052.66,663.0
2026-06-09 04:49:00+00:00,2052.66,2053.57,2046.06,2048.12,966.0
2026-06-09 04:54:00+00:00,2048.12,2050.33,2047.02,2049.13,779.0
2026-06-09 04:59:00+00:00,2049.13,2053.01,2049.05,2052.92,669.0
2026-06-09 05:04:00+00:00,2052.92,2053.26,2050.43,2051.04,876.0
2026-06-09 05:09:00+00:00,2051.04,2057.26,2046.29,2050.21,838.0
2026-06-09 05:14:00+00:00,2050.21,2052.2,2049.55,2050.48,1165.0
2026-06-09 05:19:00+00:00,2050.48,2050.95,2048.52,2049.16,985.0
2026-06-09 05:24:00+00:00,2049.16,2050.86,2048.66,2049.53,627.0
2026-06-09 05:29:00+00:00,2049.53,2051.31,2049.07,2050.68,526.0
2026-06-09 05:34:00+00:00,2050.68,2057.23,2042.67,2046.54,1138.0
2026-06-09 05:39:00+00:00,2046.54,2053.87,2038.46,2042.45,695.0
2026-06-09 05:44:00+00:00,2042.45,2042.88,2033.45,2035.15,482.0
2026-06-09 05:49:00+00:00,2035.15,2042.96,2033.34,2041.54,1073.0
2026-06-09 05:54:00+00:00,2041.54,2054.06,2029.69,2041.55,1188.0
2026-06-09 05:59:00+00:00,2041.55,2044.07,2028.89,2032.11,1186.0
2026-06-09 06:04:00+00:00,2032.11,2035.09,2027.28,2030.09,537.0
2026-06-09 06:09:00+00:00,2030.09,2036.13,2028.38,2034.21,1205.0
2026-06-09 06:14:00+00:00,2034.21,2037.07,2033.97,2036.56,414.0
2026-06-09 06:19:00+00:00,2036.56,2040.94,2036.4,2040.77,1038.0
2026-06-09 06:24:00+00:00,2040.77,2041.57,2040.65,2041.52,985.0
2026-06-09 06:29:00+00:00,2041.52,2043.0,2036.43,2038.7,863.0
2026-06-09 06:34:00+00:00,2038.7,2043.57,2034.69,2036.77,430.0
2026-06-09 06:39:00+00:00,2036.77,2038.45,2035.48,2037.58,559.0
2026-06-09 06:44:00+00:00,2037.58,2038.54,2037.3,2038.32,888.0
2026-06-09 06:49:00+00:00,2038.32,2041.66,2034.77,2037.02,759.0
2026-06-09 06:54:00+00:00,2037.02,2043.9,2034.32,2039.66,865.0
2026-06-09 06:59:00+00:00,2039.66,2041.75,2031.84,2033.85,753.0
2026-06-09 07:04:00+00:00,2033.85,2034.34,2031.27,2032.8,1968.0
2026-06-09 07:09:00+00:00,2032.8,2033.6,2030.63,2031.26,1658.0
2026-06-09 07:14:00+00:00,2031.26,2034.65,2029.55,2033.61,1456.0
2026-06-09 07:19:00+00:00,2033.61,2041.98,2029.98,2036.1,794.0
2026-06-09 07:24:00+00:00,2036.1,2044.29,2035.99,2044.14,1992.0
2026-06-09 07:29:00+00:00,2044.14,2044.23,2040.67,2040.99,2026.0
2026-06-09 07:34:00+00:00,2040.99,2043.36,2040.2,2041.97,1667.0
2026-06-09 07:39:00+00:00,2041.97,2042.54,2034.95,2035.21,1036.0
2026-06-09 07:44:00+00:00,2035.21,2042.09,2034.91,2041.86,1040.0
2026-06-09 07:49:00+00:00,2041.86,2049.76,2041.13,2048.35,1968.0
2026-06-09 07:54:00+00:00,2048.35,2049.57,2046.25,2048.32,1327.0
2026-06-09 07:59:00+00:00,2048.32,2053.05,2042.65,2043.88,1970.0
2026-06-09 08:04:00+00:00,2043.88,2045.85,2035.89,2038.84,1078.0
2026-06-09 08:09:00+00:00,2038.84,2042.83,2036.2,2038.35,846.0
2026-06-09 08:14:00+00:00,2038.35,2038.62,2035.87,2036.23,1422.0
2026-06-09 08:19:00+00:00,2036.23,2044.52,2032.62,2043.23,766.0
2026-06-09 08:24:00+00:00,2043.23,2045.17,2040.86,2043.34,1961.0
2026-06-09 08:29:00+00:00,2043.34,2048.13,2037.74,2043.27,2027.0
2026-06-09 08:34:00+00:00,2043.27,2044.74,2038.64,2040.16,1176.0
2026-06-09 08:39:00+00:00,2040.16,2043.39,2040.06,2043.04,1355.0
2026-06-09 08:44:00+00:00,2043.04,2045.16,2041.3,2043.73,1429.0
2026-06-09 08:49:00+00:00,2043.73,2046.64,2039.75,2041.3,2024.0
2026-06-09 08:54:00+00:00,2041.3,2042.6,2030.81,2034.27,1459.0
2026-06-09 08:59:00+00:00,2034.27,2034.88,2030.81,2031.76,2073.0
2026-06-09 09:04:00+00:00,2031.76,2038.77,2028.33,2033.29,1855.0
2026-06-09 09:09:00+00:00,2033.29,2034.96,2026.82,2030.42,1096.0
2026-06-09 09:14:00+00:00,2030.42,2035.27,2024.84,2032.36,1841.0
2026-06-09 09:19:00+00:00,2032.36,2034.72,2024.43,2027.9,1709.0
2026-06-09 09:24:00+00:00,2027.9,2028.96,2026.84,2028.49,1768.0
2026-06-09 09:29:00+00:00,2028.49,2029.5,2022.21,2025.75,907.0
2026-06-09 09:34:00+00:00,2025.75,2034.43,2019.38,2021.62,1911.0
2026-06-09 09:39:00+00:00,2021.62,2023.4,2015.88,2018.04,1872.0
2026-06-09 09:44:00+00:00,2018.04,2018.75,2016.84,2017.44,1912.0
2026-06-09 09:49:00+00:00,2017.44,2025.48,2011.68,2017.34,1495.0
2026-06-09 09:54:00+00:00,2017.34,2022.04,2012.91,2016.7,1761.0
2026-06-09 09:59:00+00:00,2016.7,2023.32,2014.04,2016.74,1408.0
2026-06-09 10:04:00+00:00,2016.74,2018.93,2015.83,2018.09,1683.0
2026-06-09 10:09:00+00:00,2018.09,2023.81,2016.74,2022.26,1487.0
2026-06-09 10:14:00+00:00,2022.26,2029.29,2022.03,2028.36,1266.0
2026-06-09 10:19:00+00:00,2028.36,2030.36,2027.89,2029.51,1792.0
2026-06-09 10:24:00+00:00,2029.51,2034.06,2026.83,2029.57,1497.0
2026-06-09 10:29:00+00:00,2029.57,2037.41,2022.29,2031.98,1873.0
2026-06-09 10:34:00+00:00,2031.98,2034.5,2031.85,2034.2,1422.0
2026-06-09 10:39:00+00:00,2034.2,2037.73,2025.56,2030.15,1280.0
2026-06-09 10:44:00+00:00,2030.15,2038.88,2025.74,2033.03,1494.0
2026-06-09 10:49:00+00:00,2033.03,2035.75,2023.8,2026.86,823.0
2026-06-09 10:54:00+00:00,2026.86,2031.3,2018.09,2028.14,913.0
2026-06-09 10:59:00+00:00,2028.14,2032.53,2019.55,2027.92,861.0
2026-06-09 11:04:00+00:00,2027.92,2030.08,2023.18,2024.74,1939.0
2026-06-09 11:09:00+00:00,2024.74,2027.0,2024.33,2026.91,1655.0
2026-06-09 11:14:00+00:00,2026.91,2032.79,2026.76,2032.29,1236.0
2026-06-09 11:19:00+00:00,2032.29,2032.51,2028.59,2028.71,1208.0
2026-06-09 11:24:00+00:00,2028.71,2029.26,2028.48,2029.11,1306.0
2026-06-09 11:29:00+00:00,2029.11,2034.05,2028.9,2033.39,1337.0
2026-06-09 11:34:00+00:00,2033.39,2034.19,2031.46,2032.87,995.0
2026-06-09 11:39:00+00:00,2032.87,2037.63,2028.19,2036.48,818.0
2026-06-09 11:44:00+00:00,2036.48,2040.29,2034.07,2037.19,1632.0
2026-06-09 11:49:00+00:00,2037.19,2037.29,2029.47,2029.83,1134.0
2026-06-09 11:54:00+00:00,2029.83,2032.63,2029.58,2032.01,1394.0
2026-06-09 11:59:00+00:00,2032.01,2037.62,2031.16,2036.58,2106.0
2026-06-09 12:04:00+00:00,2036.58,2039.71,2036.13,2039.13,1218.0
2026-06-09 12:09:00+00:00,2039.13,2040.23,2035.82,2038.73,1295.0
2026-06-09 12:14:00+00:00,2038.73,2040.16,2033.13,2034.71,1610.0
2026-06-09 12:19:00+00:00,2034.71,2035.66,2028.33,2030.95,1487.0
2026-06-09 12:24:00+00:00,2030.95,2031.19,2030.9,2031.15,843.0
2026-06-09 12:29:00+00:00,2031.15,2038.94,2023.58,2028.66,1148.0
2026-06-09 12:34:00+00:00,2028.66,2034.02,2014.97,2019.06,1523.0
2026-06-09 12:39:00+00:00,2019.06,2019.64,2019.03,2019.54,2002.0
2026-06-09 12:44:00+00:00,2019.54,2030.37,2019.49,2030.24,869.0
2026-06-09 12:49:00+00:00,2030.24,2041.68,2027.82,2039.36,2017.0
2026-06-09 12:54:00+00:00,2039.36,2042.3,2035.75,2040.33,763.0
2026-06-09 12:59:00+00:00,2040.33,2045.06,2039.55,2044.23,1196.0
2026-06-09 13:04:00+00:00,2044.23,2050.68,2043.51,2049.54,1379.0
2026-06-09 13:09:00+00:00,2049.54,2050.27,2047.52,2048.0,984.0
2026-06-09 13:14:00+00:00,2048.0,2052.63,2046.81,2051.77,1348.0
2026-06-09 13:19:00+00:00,2051.77,2056.45,2044.19,2052.74,1693.0
2026-06-09 13:24:00+00:00,2052.74,2058.56,2052.34,2058.28,2055.0
2026-06-09 13:29:00+00:00,2058.28,2068.26,2057.63,2067.46,1205.0
2026-06-09 13:34:00+00:00,2067.46,2070.2,2066.93,2068.27,1561.0
2026-06-09 13:39:00+00:00,2068.27,2073.94,2066.3,2069.44,1778.0
2026-06-09 13:44:00+00:00,2069.44,2071.86,2060.68,2062.14,1170.0
2026-06-09 13:49:00+00:00,2062.14,2071.13,2060.75,2068.68,1301.0
2026-06-09 13:54:00+00:00,2068.68,2078.32,2065.09,2074.87,2010.0
2026-06-09 13:59:00+00:00,2074.87,2076.17,2074.81,2076.11,1791.0
2026-06-09 14:04:00+00:00,2076.11,2077.43,2073.19,2074.97,1859.0
2026-06-09 14:09:00+00:00,2074.97,2076.83,2072.5,2074.38,1149.0
2026-06-09 14:14:00+00:00,2074.38,2078.85,2072.34,2077.36,1452.0
2026-06-09 14:19:00+00:00,2077.36,2079.28,2076.67,2077.4,837.0
2026-06-09 14:24:00+00:00,2077.4,2082.65,2076.27,2080.86,1046.0
2026-06-09 14:29:00+00:00,2080.86,2084.17,2072.88,2075.83,1288.0
2026-06-09 14:34:00+00:00,2075.83,2077.3,2075.72,2077.19,1560.0
2026-06-09 14:39:00+00:00,2077.19,2080.41,2070.05,2073.91,1187.0
2026-06-09 14:44:00+00:00,2073.91,2085.14,2072.68,2083.47,1684.0
2026-06-09 14:49:00+00:00,2083.47,2086.74,2078.17,2080.27,1597.0
2026-06-09 14:54:00+00:00,2080.27,2084.3,2075.62,2078.36,2110.0
2026-06-09 14:59:00+00:00,2078.36,2086.82,2075.56,2082.09,895.0
2026-06-09 15:04:00+00:00,2082.09,2084.35,2077.5,2082.34,1956.0
2026-06-09 15:09:00+00:00,2082.34,2084.03,2078.99,2081.65,921.0
2026-06-09 15:14:00+00:00,2081.65,2084.9,2080.98,2083.99,1075.0
2026-06-09 15:19:00+00:00,2083.99,2092.58,2081.18,2091.01,1207.0
2026-06-09 15:24:00+00:00,2091.01,2094.82,2090.74,2094.45,1177.0
2026-06-09 15:29:00+00:00,2094.45,2102.49,2088.02,2091.53,984.0
2026-06-09 15:34:00+00:00,2091.53,2094.29,2086.05,2088.78,2069.0
2026-06-09 15:39:00+00:00,2088.78,2089.51,2084.28,2084.46,995.0
2026-06-09 15:44:00+00:00,2084.46,2086.55,2080.79,2084.11,1526.0
2026-06-09 15:49:00+00:00,2084.11,2095.27,2078.58,2087.08,1910.0
2026-06-09 15:54:00+00:00,2087.08,2091.42,2077.41,2082.11,1214.0
2026-06-09 15:59:00+00:00,2082.11,2088.35,2078.63,2083.7,823.0
2026-06-09 16:04:00+00:00,2083.7,2088.12,2082.55,2087.66,1317.0
2026-06-09 16:09:00+00:00,2087.66,2089.27,2087.14,2088.1,713.0
2026-06-09 16:14:00+00:00,2088.1,2091.67,2084.69,2089.11,2076.0
2026-06-09 16:19:00+00:00,2089.11,2091.73,2085.12,2086.34,1534.0
2026-06-09 16:24:00+00:00,2086.34,2088.15,2085.62,2087.18,1746.0
2026-06-09 16:29:00+00:00,2087.18,2096.74,2079.69,2089.45,1674.0
2026-06-09 16:34:00+00:00,2089.45,2091.3,2086.16,2086.67,955.0
2026-06-09 16:39:00+00:00,2086.67,2095.9,2080.1,2089.07,1184.0
2026-06-09 16:44:00+00:00,2089.07,2098.36,2083.07,2095.56,857.0
2026-06-09 16:49:00+00:00,2095.56,2096.52,2091.65,2093.36,839.0
2026-06-09 16:54:00+00:00,2093.36,2094.67,2087.29,2089.79,1585.0
2026-06-09 16:59:00+00:00,2089.79,2098.87,2089.65,2098.69,1299.0
2026-06-09 17:04:00+00:00,2098.69,2105.86,2097.28,2104.15,831.0
2026-06-09 17:09:00+00:00,2104.15,2106.7,2100.95,2102.31,809.0
2026-06-09 17:14:00+00:00,2102.31,2104.45,2099.63,2103.27,994.0
2026-06-09 17:19:00+00:00,2103.27,2112.56,2097.01,2106.44,1044.0
2026-06-09 17:24:00+00:00,2106.44,2111.61,2105.9,2110.85,474.0
2026-06-09 17:29:00+00:00,2110.85,2112.47,2102.29,2106.1,1008.0
2026-06-09 17:34:00+00:00,2106.1,2106.82,2096.46,2097.26,874.0
2026-06-09 17:39:00+00:00,2097.26,2099.88,2096.31,2099.62,1092.0
2026-06-09 17:44:00+00:00,2099.62,2110.2,2096.91,2107.28,950.0
2026-06-09 17:49:00+00:00,2107.28,2110.41,2104.09,2108.35,690.0
2026-06-09 17:54:00+00:00,2108.35,2112.31,2106.52,2110.01,504.0
2026-06-09 17:59:00+00:00,2110.01,2111.03,2109.74,2110.49,1180.0
2026-06-09 18:04:00+00:00,2110.49,2114.04,2108.76,2113.3,588.0
2026-06-09 18:09:00+00:00,2113.3,2122.4,2112.02,2121.12,606.0
2026-06-09 18:14:00+00:00,2121.12,2124.76,2115.86,2117.63,1163.0
2026-06-09 18:19:00+00:00,2117.63,2125.32,2117.19,2124.94,840.0
2026-06-09 18:24:00+00:00,2124.94,2127.04,2122.41,2126.27,810.0
2026-06-09 18:29:00+00:00,2126.27,2126.71,2122.96,2123.14,961.0
2026-06-09 18:34:00+00:00,2123.14,2131.93,2122.36,2131.21,463.0
2026-06-09 18:39:00+00:00,2131.21,2132.94,2125.88,2126.57,513.0
2026-06-09 18:44:00+00:00,2126.57,2128.74,2122.04,2123.11,842.0
2026-06-09 18:49:00+00:00,2123.11,2123.61,2119.86,2120.46,650.0
2026-06-09 18:54:00+00:00,2120.46,2120.6,2118.0,2118.43,996.0
2026-06-09 18:59:00+00:00,2118.43,2118.88,2104.56,2105.71,1198.0
2026-06-09 19:04:00+00:00,2105.71,2108.16,2105.17,2107.94,535.0
2026-06-09 19:09:00+00:00,2107.94,2109.44,2104.74,2105.65,420.0
2026-06-09 19:14:00+00:00,2105.65,2105.96,2103.55,2103.79,642.0
2026-06-09 19:19:00+00:00,2103.79,2106.42,2101.68,2104.16,702.0
2026-06-09 19:24:00+00:00,2104.16,2106.48,2103.57,2105.27,666.0
2026-06-09 19:29:00+00:00,2105.27,2116.58,2103.39,2114.97,1158.0
2026-06-09 19:34:00+00:00,2114.97,2119.56,2111.79,2118.48,989.0
2026-06-09 19:39:00+00:00,2118.48,2123.46,2112.19,2116.61,600.0
2026-06-09 19:44:00+00:00,2116.61,2125.04,2113.64,2123.35,675.0
2026-06-09 19:49:00+00:00,2123.35,2133.7,2122.44,2131.29,620.0
2026-06-09 19:54:00+00:00,2131.29,2138.86,2129.44,2136.53,929.0
2026-06-09 19:59:00+00:00,2136.53,2144.31,2136.19,2143.5,466.0
2026-06-09 20:04:00+00:00,2143.5,2150.54,2141.52,2149.27,524.0
2026-06-09 20:09:00+00:00,2149.27,2150.77,2146.31,2147.26,648.0
2026-06-09 20:14:00+00:00,2147.26,2154.67,2143.99,2151.47,1096.0
2026-06-09 20:19:00+00:00,2151.47,2158.27,2151.11,2157.56,430.0
2026-06-09 20:24:00+00:00,2157.56,2159.78,2150.97,2153.45,1181.0
2026-06-09 20:29:00+00:00,2153.45,2153.79,2151.95,2152.36,1026.0
2026-06-09 20:34:00+00:00,2152.36,2154.35,2147.79,2148.82,866.0
2026-06-09 20:39:00+00:00,2148.82,2156.89,2145.56,2155.07,1011.0
2026-06-09 20:44:00+00:00,2155.07,2161.64,2154.74,2160.65,803.0
2026-06-09 20:49:00+00:00,2160.65,2162.39,2154.2,2156.73,538.0
2026-06-09 20:54:00+00:00,2156.73,2163.81,2151.51,2157.58,1140.0
2026-06-09 20:59:00+00:00,2157.58,2157.89,2154.81,2155.66,1090.0
2026-06-09 21:04:00+00:00,2155.66,2162.29,2155.63,2162.25,558.0
2026-06-09 21:09:00+00:00,2162.25,2165.07,2161.93,2164.26,710.0
2026-06-09 21:14:00+00:00,2164.26,2168.12,2160.26,2164.41,710.0
2026-06-09 21:19:00+00:00,2164.41,2173.63,2163.78,2173.25,454.0
2026-06-09 21:24:00+00:00,2173.25,2176.19,2172.85,2174.86,629.0
2026-06-09 21:29:00+00:00,2174.86,2177.25,2172.66,2175.09,610.0
2026-06-09 21:34:00+00:00,2175.09,2184.05,2172.28,2179.63,877.0
2026-06-09 21:39:00+00:00,2179.63,2186.64,2178.2,2180.52,680.0
2026-06-09 21:44:00+00:00,2180.52,2181.15,2169.41,2170.45,438.0
2026-06-09 21:49:00+00:00,2170.45,2185.37,2164.79,2179.58,636.0
2026-06-09 21:54:00+00:00,2179.58,2186.54,2178.59,2185.72,1080.0
2026-06-09 21:59:00+00:00,2185.72,2189.06,2179.01,2181.76,798.0
2026-06-09 22:04:00+00:00,2181.76,2184.55,2181.26,2184.21,547.0
2026-06-09 22:09:00+00:00,2184.21,2186.31,2182.26,2183.55,341.0
2026-06-09 22:14:00+00:00,2183.55,2188.12,2181.75,2185.45,518.0
2026-06-09 22:19:00+00:00,2185.45,2185.57,2183.46,2183.57,540.0
2026-06-09 22:24:00+00:00,2183.57,2184.83,2180.25,2182.22,461.0
2026-06-09 22:29:00+00:00,2182.22,2185.93,2181.77,2184.64,393.0
2026-06-09 22:34:00+00:00,2184.64,2186.17,2183.87,2185.55,406.0
2026-06-09 22:39:00+00:00,2185.55,2185.6,2183.97,2184.0,490.0
2026-06-09 22:44:00+00:00,2184.0,2185.37,2183.43,2185.15,230.0
2026-06-09 22:49:00+00:00,2185.15,2188.24,2184.9,2187.88,638.0
2026-06-09 22:54:00+00:00,2187.88,2193.58,2187.21,2192.39,634.0
2026-06-09 22:59:00+00:00,2192.39,2193.56,2190.26,2192.5,432.0
2026-06-09 23:04:00+00:00,2192.5,2195.29,2189.22,2191.8,364.0
2026-06-09 23:09:00+00:00,2191.8,2200.17,2188.21,2197.51,468.0
2026-06-09 23:14:00+00:00,2197.51,2200.13,2196.99,2199.95,264.0
2026-06-09 23:19:00+00:00,2199.95,2201.52,2197.77,2198.54,358.0
2026-06-09 23:24:00+00:00,2198.54,2198.71,2194.8,2195.14,356.0
2026-06-09 23:29:00+00:00,2195.14,2198.51,2192.38,2196.74,301.0
2026-06-09 23:34:00+00:00,2196.74,2196.81,2193.94,2194.08,473.0
2026-06-09 23:39:00+00:00,2194.08,2194.55,2192.05,2192.19,241.0
2026-06-09 23:44:00+00:00,2192.19,2195.26,2191.06,2194.59,538.0
2026-06-09 23:49:00+00:00,2194.59,2195.58,2193.79,2194.63,515.0
2026-06-09 23:54:00+00:00,2194.63,2197.19,2194.57,2197.11,650.0
2026-06-09 23:59:00+00:00,2197.11,2199.99,2195.13,2198.13,362.0
2026-06-10 00:04:00+00:00,2198.13,2198.28,2196.64,2196.75,528.0
2026-06-10 00:09:00+00:00,2196.75,2200.43,2196.61,2200.25,572.0
2026-06-10 00:14:00+00:00,2200.25,2203.13,2198.77,2202.11,550.0
2026-06-10 00:19:00+00:00,2202.11,2205.21,2201.76,2205.02,326.0
2026-06-10 00:24:00+00:00,2205.02,2205.73,2203.63,2204.36,330.0
2026-06-10 00:29:00+00:00,2204.36,2206.02,2197.13,2199.72,585.0
2026-06-10 00:34:00+00:00,2199.72,2201.31,2197.74,2198.54,419.0
2026-06-10 00:39:00+00:00,2198.54,2199.44,2197.23,2198.3,626.0
2026-06-10 00:44:00+00:00,2198.3,2205.83,2196.6,2203.65,667.0
2026-06-10 00:49:00+00:00,2203.65,2205.92,2203.21,2205.07,531.0
2026-06-10 00:54:00+00:00,2205.07,2207.83,2202.13,2203.59,634.0
2026-06-10 00:59:00+00:00,2203.59,2205.28,2200.42,2202.61,262.0
2026-06-10 01:04:00+00:00,2202.61,2208.03,2201.01,2206.91,226.0
2026-06-10 01:09:00+00:00,2206.91,2208.98,2206.6,2208.77,322.0
2026-06-10 01:14:00+00:00,2208.77,2210.41,2208.45,2210.22,586.0
2026-06-10 01:19:00+00:00,2210.22,2213.64,2209.74,2213.35,635.0
2026-06-10 01:24:00+00:00,2213.35,2217.03,2209.43,2211.78,542.0
2026-06-10 01:29:00+00:00,2211.78,2215.55,2205.54,2208.45,608.0
2026-06-10 01:34:00+00:00,2208.45,2208.96,2201.99,2202.72,601.0
2026-06-10 01:39:00+00:00,2202.72,2203.27,2196.94,2197.52,595.0
2026-06-10 01:44:00+00:00,2197.52,2198.26,2195.35,2197.24,603.0
2026-06-10 01:49:00+00:00,2197.24,2198.27,2192.97,2193.9,480.0
2026-06-10 01:54:00+00:00,2193.9,2198.24,2191.15,2196.9,273.0
2026-06-10 01:59:00+00:00,2196.9,2197.25,2192.86,2192.98,567.0
2026-06-10 02:04:00+00:00,2192.98,2193.34,2189.17,2189.87,248.0
2026-06-10 02:09:00+00:00,2189.87,2193.79,2187.0,2188.91,413.0
2026-06-10 02:14:00+00:00,2188.91,2191.53,2185.1,2186.1,513.0
2026-06-10 02:19:00+00:00,2186.1,2187.71,2179.69,2183.3,396.0
2026-06-10 02:24:00+00:00,2183.3,2186.65,2178.47,2184.54,230.0
2026-06-10 02:29:00+00:00,2184.54,2189.35,2181.22,2183.04,332.0
2026-06-10 02:34:00+00:00,2183.04,2186.04,2182.74,2185.75,564.0
2026-06-10 02:39:00+00:00,2185.75,2186.32,2185.59,2186.25,292.0
2026-06-10 02:44:00+00:00,2186.25,2188.55,2185.9,2188.07,513.0
2026-06-10 02:49:00+00:00,2188.07,2188.34,2187.13,2187.47,285.0
2026-06-10 02:54:00+00:00,2187.47,2188.11,2184.75,2185.91,666.0
2026-06-10 02:59:00+00:00,2185.91,2190.07,2182.58,2187.13,373.0
2026-06-10 03:04:00+00:00,2187.13,2188.35,2181.32,2183.49,416.0
2026-06-10 03:09:00+00:00,2183.49,2183.71,2182.93,2183.18,549.0
2026-06-10 03:14:00+00:00,2183.18,2184.68,2182.5,2184.31,421.0
2026-06-10 03:19:00+00:00,2184.31,2186.01,2179.44,2180.86,658.0
2026-06-10 03:24:00+00:00,2180.86,2181.48,2180.05,2180.78,520.0
2026-06-10 03:29:00+00:00,2180.78,2184.04,2178.44,2183.42,542.0
2026-06-10 03:34:00+00:00,2183.42,2188.35,2179.53,2187.37,352.0
2026-06-10 03:39:00+00:00,2187.37,2189.83,2187.19,2189.68,395.0
2026-06-10 03:44:00+00:00,2189.68,2192.37,2185.11,2189.05,345.0
2026-06-10 03:49:00+00:00,2189.05,2190.23,2188.92,2189.84,302.0
2026-06-10 03:54:00+00:00,2189.84,2191.35,2189.09,2189.89,514.0
2026-06-10 03:59:00+00:00,2189.89,2190.49,2186.54,2187.88,257.0
2026-06-10 04:04:00+00:00,2187.88,2192.43,2187.5,2191.85,325.0
2026-06-10 04:09:00+00:00,2191.85,2194.96,2189.2,2193.7,344.0
2026-06-10 04:14:00+00:00,2193.7,2196.22,2193.13,2195.23,557.0
2026-06-10 04:19:00+00:00,2195.23,2200.37,2194.98,2200.03,403.0
2026-06-10 04:24:00+00:00,2200.03,2206.34,2199.95,2206.15,513.0
2026-06-10 04:29:00+00:00,2206.15,2206.49,2204.39,2204.82,537.0
2026-06-10 04:34:00+00:00,2204.82,2210.44,2202.07,2206.94,273.0
2026-06-10 04:39:00+00:00,2206.94,2211.75,2203.33,2207.81,534.0
2026-06-10 04:44:00+00:00,2207.81,2210.75,2206.52,2208.79,606.0
2026-06-10 04:49:00+00:00,2208.79,2211.48,2207.75,2210.52,311.0
2026-06-10 04:54:00+00:00,2210.52,2215.51,2206.22,2209.45,371.0
2026-06-10 04:59:00+00:00,2209.45,2212.03,2208.78,2210.53,251.0
2026-06-10 05:04:00+00:00,2210.53,2215.71,2207.07,2212.82,646.0
2026-06-10 05:09:00+00:00,2212.82,2213.1,2208.24,2209.39,311.0
2026-06-10 05:14:00+00:00,2209.39,2211.63,2205.89,2208.44,379.0
2026-06-10 05:19:00+00:00,2208.44,2210.02,2207.21,2208.25,313.0
2026-06-10 05:24:00+00:00,2208.25,2211.13,2204.61,2205.5,270.0
2026-06-10 05:29:00+00:00,2205.5,2210.02,2205.03,2209.68,413.0
2026-06-10 05:34:00+00:00,2209.68,2212.06,2206.9,2210.05,534.0
2026-06-10 05:39:00+00:00,2210.05,2211.07,2205.72,2207.33,570.0
2026-06-10 05:44:00+00:00,2207.33,2208.95,2203.4,2204.14,386.0
2026-06-10 05:49:00+00:00,2204.14,2205.4,2201.92,2203.37,592.0
2026-06-10 05:54:00+00:00,2203.37,2205.11,2202.23,2203.58,265.0
2026-06-10 05:59:00+00:00,2203.58,2209.62,2202.03,2208.38,343.0
2026-06-10 06:04:00+00:00,2208.38,2209.38,2201.39,2202.94,304.0
2026-06-10 06:09:00+00:00,2202.94,2206.99,2202.77,2206.51,646.0
2026-06-10 06:14:00+00:00,2206.51,2207.69,2204.47,2204.78,650.0
2026-06-10 06:19:00+00:00,2204.78,2205.58,2204.08,2205.02,489.0
2026-06-10 06:24:00+00:00,2205.02,2206.3,2204.26,2205.68,258.0
2026-06-10 06:29:00+00:00,2205.68,2208.58,2205.28,2208.19,342.0
2026-06-10 06:34:00+00:00,2208.19,2211.15,2206.46,2208.89,584.0
2026-06-10 06:39:00+00:00,2208.89,2209.52,2206.38,2207.6,274.0
2026-06-10 06:44:00+00:00,2207.6,2208.25,2202.28,2202.76,235.0
2026-06-10 06:49:00+00:00,2202.76,2203.96,2199.59,2200.29,372.0
2026-06-10 06:54:00+00:00,2200.29,2201.1,2198.45,2199.68,488.0
2026-06-10 06:59:00+00:00,2199.68,2201.0,2197.82,2199.11,595.0
2026-06-10 07:04:00+00:00,2199.11,2199.78,2197.43,2198.1,1019.0
2026-06-10 07:09:00+00:00,2198.1,2199.06,2196.85,2197.53,1018.0
2026-06-10 07:14:00+00:00,2197.53,2198.42,2197.02,2198.25,421.0
2026-06-10 07:19:00+00:00,2198.25,2202.68,2194.74,2200.37,1033.0
2026-06-10 07:24:00+00:00,2200.37,2201.01,2199.72,2199.89,853.0
2026-06-10 07:29:00+00:00,2199.89,2200.23,2199.24,2199.66,1085.0
2026-06-10 07:34:00+00:00,2199.66,2199.92,2196.6,2197.62,428.0
2026-06-10 07:39:00+00:00,2197.62,2202.45,2197.21,2200.83,826.0
2026-06-10 07:44:00+00:00,2200.83,2201.37,2198.8,2200.06,480.0
2026-06-10 07:49:00+00:00,2200.06,2203.34,2199.06,2202.2,1035.0
2026-06-10 07:54:00+00:00,2202.2,2204.58,2195.06,2197.3,640.0
2026-06-10 07:59:00+00:00,2197.3,2199.92,2195.75,2197.08,686.0
2026-06-10 08:04:00+00:00,2197.08,2197.76,2193.44,2193.86,970.0
2026-06-10 08:09:00+00:00,2193.86,2198.91,2191.96,2195.89,640.0
2026-06-10 08:14:00+00:00,2195.89,2197.93,2195.07,2196.54,951.0
2026-06-10 08:19:00+00:00,2196.54,2198.79,2196.44,2198.66,463.0
2026-06-10 08:24:00+00:00,2198.66,2198.83,2197.9,2198.04,734.0
2026-06-10 08:29:00+00:00,2198.04,2198.94,2196.78,2197.49,1148.0
2026-06-10 08:34:00+00:00,2197.49,2198.12,2193.59,2194.1,1142.0
2026-06-10 08:39:00+00:00,2194.1,2197.88,2193.68,2197.48,952.0
2026-06-10 08:44:00+00:00,2197.48,2199.96,2193.59,2197.55,395.0
2026-06-10 08:49:00+00:00,2197.55,2198.19,2195.84,2197.38,1124.0
2026-06-10 08:54:00+00:00,2197.38,2203.5,2196.69,2201.77,694.0
2026-06-10 08:59:00+00:00,2201.77,2202.15,2197.95,2198.4,850.0
2026-06-10 09:04:00+00:00,2198.4,2198.87,2194.85,2196.82,1154.0
2026-06-10 09:09:00+00:00,2196.82,2198.57,2195.2,2197.33,547.0
2026-06-10 09:14:00+00:00,2197.33,2197.55,2192.9,2193.33,1053.0
2026-06-10 09:19:00+00:00,2193.33,2200.13,2191.62,2197.91,1029.0
2026-06-10 09:24:00+00:00,2197.91,2199.37,2191.57,2192.48,1170.0
2026-06-10 09:29:00+00:00,2192.48,2194.11,2190.73,2193.51,473.0
2026-06-10 09:34:00+00:00,2193.51,2197.46,2191.76,2196.64,1015.0
2026-06-10 09:39:00+00:00,2196.64,2198.51,2191.87,2193.67,794.0
2026-06-10 09:44:00+00:00,2193.67,2198.19,2193.49,2197.99,763.0
2026-06-10 09:49:00+00:00,2197.99,2199.48,2197.47,2199.0,1058.0
2026-06-10 09:54:00+00:00,2199.0,2202.0,2197.18,2200.73,960.0
2026-06-10 09:59:00+00:00,2200.73,2200.91,2200.03,2200.18,1105.0
2026-06-10 10:04:00+00:00,2200.18,2204.23,2195.98,2199.46,735.0
2026-06-10 10:09:00+00:00,2199.46,2201.49,2197.04,2198.76,1096.0
2026-06-10 10:14:00+00:00,2198.76,2200.71,2197.92,2199.76,931.0
2026-06-10 10:19:00+00:00,2199.76,2200.4,2199.05,2199.66,1040.0
2026-06-10 10:24:00+00:00,2199.66,2201.15,2196.05,2197.23,962.0
2026-06-10 10:29:00+00:00,2197.23,2198.72,2194.61,2197.92,510.0
2026-06-10 10:34:00+00:00,2197.92,2198.56,2197.49,2197.76,1127.0
2026-06-10 10:39:00+00:00,2197.76,2202.99,2196.8,2201.11,549.0
2026-06-10 10:44:00+00:00,2201.11,2202.52,2200.97,2202.41,1098.0
2026-06-10 10:49:00+00:00,2202.41,2206.03,2199.58,2205.23,641.0
2026-06-10 10:54:00+00:00,2205.23,2205.29,2204.88,2204.98,1029.0
2026-06-10 10:59:00+00:00,2204.98,2210.88,2202.85,2207.75,948.0
2026-06-10 11:04:00+00:00,2207.75,2209.56,2206.21,2207.4,668.0
2026-06-10 11:09:00+00:00,2207.4,2209.06,2202.56,2205.77,1140.0
2026-06-10 11:14:00+00:00,2205.77,2206.01,2203.81,2204.0,687.0
2026-06-10 11:19:00+00:00,2204.0,2207.05,2202.76,2205.66,904.0
2026-06-10 11:24:00+00:00,2205.66,2208.82,2199.37,2201.49,627.0
2026-06-10 11:29:00+00:00,2201.49,2201.85,2201.08,2201.59,710.0
2026-06-10 11:34:00+00:00,2201.59,2205.9,2201.54,2205.84,729.0
2026-06-10 11:39:00+00:00,2205.84,2208.78,2204.0,2204.81,906.0
2026-06-10 11:44:00+00:00,2204.81,2206.7,2204.18,2205.93,896.0
2026-06-10 11:49:00+00:00,2205.93,2207.0,2204.03,2205.13,937.0
2026-06-10 11:54:00+00:00,2205.13,2207.81,2201.0,2203.85,909.0
2026-06-10 11:59:00+00:00,2203.85,2204.14,2203.65,2203.9,585.0
2026-06-10 12:04:00+00:00,2203.9,2207.07,2203.36,2206.06,984.0
2026-06-10 12:09:00+00:00,2206.06,2206.57,2203.72,2204.89,680.0
2026-06-10 12:14:00+00:00,2204.89,2206.89,2203.84,2205.24,770.0
2026-06-10 12:19:00+00:00,2205.24,2208.68,2202.74,2204.67,930.0
2026-06-10 12:24:00+00:00,2204.67,2205.22,2202.64,2203.35,606.0
2026-06-10 12:29:00+00:00,2203.35,2205.7,2200.11,2202.07,1021.0
2026-06-10 12:34:00+00:00,2202.07,2202.17,2202.03,2202.11,426.0
2026-06-10 12:39:00+00:00,2202.11,2202.63,2200.41,2201.02,1042.0
2026-06-10 12:44:00+00:00,2201.02,2202.73,2198.47,2199.79,479.0
2026-06-10 12:49:00+00:00,2199.79,2203.96,2198.95,2201.49,644.0
2026-06-10 12:54:00+00:00,2201.49,2203.33,2199.13,2200.78,724.0
2026-06-10 12:59:00+00:00,2200.78,2201.9,2197.68,2198.36,640.0
2026-06-10 13:04:00+00:00,2198.36,2198.39,2196.63,2196.67,475.0
2026-06-10 13:09:00+00:00,2196.67,2200.0,2194.01,2196.33,522.0
2026-06-10 13:14:00+00:00,2196.33,2198.77,2192.26,2195.58,503.0
2026-06-10 13:19:00+00:00,2195.58,2196.39,2194.77,2195.82,1019.0
2026-06-10 13:24:00+00:00,2195.82,2198.4,2195.48,2197.56,1165.0
2026-06-10 13:29:00+00:00,2197.56,2201.7,2196.99,2200.7,658.0
2026-06-10 13:34:00+00:00,2200.7,2202.83,2197.14,2198.1,904.0
2026-06-10 13:39:00+00:00,2198.1,2200.15,2197.33,2199.32,609.0
2026-06-10 13:44:00+00:00,2199.32,2201.4,2198.64,2201.07,538.0
2026-06-10 13:49:00+00:00,2201.07,2202.3,2200.92,2201.8,1043.0
2026-06-10 13:54:00+00:00,2201.8,2202.0,2200.24,2200.6,738.0
2026-06-10 13:59:00+00:00,2200.6,2204.87,2197.31,2202.17,623.0
2026-06-10 14:04:00+00:00,2202.17,2203.02,2201.78,2202.82,582.0
2026-06-10 14:09:00+00:00,2202.82,2206.54,2198.83,2200.08,489.0
2026-06-10 14:14:00+00:00,2200.08,2202.78,2197.82,2200.56,1099.0
2026-06-10 14:19:00+00:00,2200.56,2201.53,2198.8,2199.94,409.0
2026-06-10 14:24:00+00:00,2199.94,2200.64,2193.59,2194.56,546.0
2026-06-10 14:29:00+00:00,2194.56,2197.95,2191.04,2196.46,1163.0
2026-06-10 14:34:00+00:00,2196.46,2197.45,2195.57,2196.6,1030.0
2026-06-10 14:39:00+00:00,2196.6,2199.1,2196.4,2198.8,860.0
2026-06-10 14:44:00+00:00,2198.8,2200.41,2195.02,2197.25,1105.0
2026-06-10 14:49:00+00:00,2197.25,2199.79,2192.7,2194.87,1144.0
2026-06-10 14:54:00+00:00,2194.87,2196.48,2192.35,2193.5,1098.0
2026-06-10 14:59:00+00:00,2193.5,2197.9,2192.7,2196.56,909.0
2026-06-10 15:04:00+00:00,2196.56,2198.12,2191.4,2193.35,693.0
2026-06-10 15:09:00+00:00,2193.35,2194.17,2191.77,2192.54,395.0
2026-06-10 15:14:00+00:00,2192.54,2193.05,2190.16,2191.19,1026.0
2026-06-10 15:19:00+00:00,2191.19,2195.7,2189.84,2194.67,1138.0
2026-06-10 15:24:00+00:00,2194.67,2197.36,2193.35,2196.42,710.0
2026-06-10 15:29:00+00:00,2196.42,2197.0,2193.21,2194.86,1078.0
2026-06-10 15:34:00+00:00,2194.86,2195.05,2192.65,2193.35,869.0
2026-06-10 15:39:00+00:00,2193.35,2193.78,2191.26,2191.38,1021.0
2026-06-10 15:44:00+00:00,2191.38,2197.57,2189.73,2195.97,991.0
2026-06-10 15:49:00+00:00,2195.97,2202.93,2192.51,2199.42,1084.0
2026-06-10 15:54:00+00:00,2199.42,2201.92,2199.18,2201.44,707.0
2026-06-10 15:59:00+00:00,2201.44,2201.69,2199.25,2199.54,1063.0
2026-06-10 16:04:00+00:00,2199.54,2200.82,2198.85,2199.89,570.0
2026-06-10 16:09:00+00:00,2199.89,2200.11,2196.64,2196.92,787.0
2026-06-10 16:14:00+00:00,2196.92,2196.98,2194.2,2194.31,393.0
2026-06-10 16:19:00+00:00,2194.31,2194.98,2192.33,2193.47,517.0
2026-06-10 16:24:00+00:00,2193.47,2196.21,2190.75,2194.51,417.0
2026-06-10 16:29:00+00:00,2194.51,2199.17,2194.17,2198.99,952.0
2026-06-10 16:34:00+00:00,2198.99,2199.57,2195.98,2196.96,1166.0
2026-06-10 16:39:00+00:00,2196.96,2199.48,2192.46,2193.16,620.0
2026-06-10 16:44:00+00:00,2193.16,2194.68,2190.02,2190.91,403.0
2026-06-10 16:49:00+00:00,2190.91,2194.94,2190.4,2194.09,622.0
2026-06-10 16:54:00+00:00,2194.09,2194.76,2189.19,2190.33,1079.0
2026-06-10 16:59:00+00:00,2190.33,2190.56,2187.88,2188.38,469.0
2026-06-10 17:04:00+00:00,2188.38,2189.58,2184.18,2185.64,562.0
2026-06-10 17:09:00+00:00,2185.64,2186.18,2185.35,2185.84,226.0
2026-06-10 17:14:00+00:00,2185.84,2185.91,2183.92,2183.96,386.0
2026-06-10 17:19:00+00:00,2183.96,2186.17,2181.46,2184.28,378.0
2026-06-10 17:24:00+00:00,2184.28,2186.16,2183.24,2185.47,287.0
2026-06-10 17:29:00+00:00,2185.47,2187.72,2184.99,2186.85,362.0
2026-06-10 17:34:00+00:00,2186.85,2187.04,2184.86,2184.98,460.0
2026-06-10 17:39:00+00:00,2184.98,2189.3,2184.52,2189.07,430.0
2026-06-10 17:44:00+00:00,2189.07,2194.28,2186.39,2190.0,397.0
2026-06-10 17:49:00+00:00,2190.0,2192.17,2185.76,2187.97,480.0
2026-06-10 17:54:00+00:00,2187.97,2188.25,2185.22,2185.7,479.0
2026-06-10 17:59:00+00:00,2185.7,2187.16,2185.06,2185.41,270.0
2026-06-10 18:04:00+00:00,2185.41,2186.67,2182.03,2183.71,538.0
2026-06-10 18:09:00+00:00,2183.71,2187.72,2181.69,2184.91,466.0
2026-06-10 18:14:00+00:00,2184.91,2188.25,2184.89,2188.22,400.0
2026-06-10 18:19:00+00:00,2188.22,2188.32,2187.36,2187.52,593.0
2026-06-10 18:24:00+00:00,2187.52,2188.34,2186.96,2187.42,424.0
2026-06-10 18:29:00+00:00,2187.42,2189.21,2186.78,2188.74,268.0
2026-06-10 18:34:00+00:00,2188.74,2189.01,2187.27,2187.71,630.0
2026-06-10 18:39:00+00:00,2187.71,2188.03,2186.98,2187.28,355.0
2026-06-10 18:44:00+00:00,2187.28,2188.52,2187.15,2188.1,627.0
2026-06-10 18:49:00+00:00,2188.1,2191.07,2187.89,2190.57,403.0
2026-06-10 18:54:00+00:00,2190.57,2191.05,2188.96,2189.73,567.0
2026-06-10 18:59:00+00:00,2189.73,2194.61,2188.62,2193.81,259.0
2026-06-10 19:04:00+00:00,2193.81,2198.87,2192.29,2196.95,246.0
2026-06-10 19:09:00+00:00,2196.95,2199.25,2195.35,2198.26,638.0
2026-06-10 19:14:00+00:00,2198.26,2200.42,2198.19,2200.38,406.0
2026-06-10 19:19:00+00:00,2200.38,2202.08,2198.9,2200.96,362.0
2026-06-10 19:24:00+00:00,2200.96,2203.6,2193.65,2196.75,299.0
2026-06-10 19:29:00+00:00,2196.75,2198.53,2194.98,2195.88,562.0
2026-06-10 19:34:00+00:00,2195.88,2197.64,2192.87,2193.8,398.0
2026-06-10 19:39:00+00:00,2193.8,2195.08,2193.3,2194.47,326.0
2026-06-10 19:44:00+00:00,2194.47,2194.83,2189.89,2190.26,392.0
2026-06-10 19:49:00+00:00,2190.26,2193.38,2189.85,2193.2,355.0
2026-06-10 19:54:00+00:00,2193.2,2194.58,2192.78,2193.86,478.0
2026-06-10 19:59:00+00:00,2193.86,2196.13,2191.92,2194.27,469.0
2026-06-10 20:04:00+00:00,2194.27,2196.23,2189.59,2194.04,475.0
2026-06-10 20:09:00+00:00,2194.04,2194.72,2191.15,2191.76,278.0
2026-06-10 20:14:00+00:00,2191.76,2194.22,2187.97,2189.74,470.0
2026-06-10 20:19:00+00:00,2189.74,2193.92,2188.2,2193.49,317.0
2026-06-10 20:24:00+00:00,2193.49,2196.49,2192.05,2194.99,386.0
2026-06-10 20:29:00+00:00,2194.99,2203.41,2193.0,2201.33,295.0
2026-06-10 20:34:00+00:00,2201.33,2202.26,2193.37,2194.49,500.0
2026-06-10 20:39:00+00:00,2194.49,2200.36,2189.03,2193.74,546.0
2026-06-10 20:44:00+00:00,2193.74,2197.27,2188.39,2191.34,506.0
2026-06-10 20:49:00+00:00,2191.34,2192.85,2188.48,2189.4,430.0
2026-06-10 20:54:00+00:00,2189.4,2190.27,2189.38,2190.22,324.0
2026-06-10 20:59:00+00:00,2190.22,2191.59,2187.35,2187.83,602.0
2026-06-10 21:04:00+00:00,2187.83,2192.29,2187.58,2192.1,245.0
2026-06-10 21:09:00+00:00,2192.1,2193.38,2191.14,2192.91,506.0
2026-06-10 21:14:00+00:00,2192.91,2193.22,2190.43,2190.5,337.0
2026-06-10 21:19:00+00:00,2190.5,2193.86,2188.23,2192.42,255.0
2026-06-10 21:24:00+00:00,2192.42,2197.63,2191.23,2194.4,261.0
2026-06-10 21:29:00+00:00,2194.4,2194.66,2193.59,2193.75,263.0
2026-06-10 21:34:00+00:00,2193.75,2200.06,2192.73,2195.64,664.0
2026-06-10 21:39:00+00:00,2195.64,2195.73,2190.44,2190.49,393.0
2026-06-10 21:44:00+00:00,2190.49,2190.59,2188.98,2189.05,494.0
2026-06-10 21:49:00+00:00,2189.05,2193.29,2188.77,2193.12,531.0
2026-06-10 21:54:00+00:00,2193.12,2197.66,2192.91,2197.26,468.0
2026-06-10 21:59:00+00:00,2197.26,2203.35,2196.8,2202.87,226.0
2026-06-10 22:04:00+00:00,2202.87,2203.35,2198.54,2198.86,598.0
2026-06-10 22:09:00+00:00,2198.86,2200.49,2195.52,2196.69,410.0
2026-06-10 22:14:00+00:00,2196.69,2206.1,2194.7,2199.19,404.0
2026-06-10 22:19:00+00:00,2199.19,2203.13,2195.95,2201.09,441.0
2026-06-10 22:24:00+00:00,2201.09,2202.46,2199.84,2201.76,637.0
2026-06-10 22:29:00+00:00,2201.76,2203.97,2194.48,2198.27,267.0
2026-06-10 22:34:00+00:00,2198.27,2200.44,2197.91,2199.8,372.0
2026-06-10 22:39:00+00:00,2199.8,2203.74,2199.2,2203.04,229.0
2026-06-10 22:44:00+00:00,2203.04,2206.79,2202.6,2206.25,534.0
2026-06-10 22:49:00+00:00,2206.25,2210.57,2203.65,2207.4,542.0
2026-06-10 22:54:00+00:00,2207.4,2210.21,2203.48,2206.11,467.0
2026-06-10 22:59:00+00:00,2206.11,2206.42,2203.97,2204.82,596.0
2026-06-10 23:04:00+00:00,2204.82,2206.53,2202.02,2203.08,394.0
2026-06-10 23:09:00+00:00,2203.08,2203.18,2202.34,2202.56,425.0
2026-06-10 23:14:00+00:00,2202.56,2202.89,2200.71,2200.86,610.0
2026-06-10 23:19:00+00:00,2200.86,2202.21,2192.36,2194.62,649.0
2026-06-10 23:24:00+00:00,2194.62,2195.37,2192.19,2194.55,682.0
2026-06-10 23:29:00+00:00,2194.55,2195.95,2193.67,2195.29,346.0
2026-06-10 23:34:00+00:00,2195.29,2196.97,2190.37,2192.84,382.0
2026-06-10 23:39:00+00:00,2192.84,2193.48,2192.58,2193.17,274.0
2026-06-10 23:44:00+00:00,2193.17,2193.92,2190.52,2191.62,299.0
2026-06-10 23:49:00+00:00,2191.62,2191.88,2190.71,2191.68,398.0
2026-06-10 23:54:00+00:00,2191.68,2192.86,2187.55,2190.46,639.0
2026-06-10 23:59:00+00:00,2190.46,2190.78,2184.24,2184.57,622.0
2026-06-11 00:04:00+00:00,2184.57,2187.52,2184.14,2186.62,445.0
2026-06-11 00:09:00+00:00,2186.62,2186.85,2184.21,2184.53,391.0
2026-06-11 00:14:00+00:00,2184.53,2184.84,2179.08,2179.48,542.0
2026-06-11 00:19:00+00:00,2179.48,2181.28,2179.27,2181.2,667.0
2026-06-11 00:24:00+00:00,2181.2,2186.4,2180.79,2186.16,514.0
2026-06-11 00:29:00+00:00,2186.16,2186.5,2185.18,2185.29,654.0
2026-06-11 00:34:00+00:00,2185.29,2186.24,2181.63,2182.92,361.0
2026-06-11 00:39:00+00:00,2182.92,2184.25,2182.31,2183.62,309.0
2026-06-11 00:44:00+00:00,2183.62,2184.01,2182.37,2182.81,333.0
2026-06-11 00:49:00+00:00,2182.81,2185.62,2181.92,2184.46,325.0
2026-06-11 00:54:00+00:00,2184.46,2185.27,2179.73,2181.32,343.0
2026-06-11 00:59:00+00:00,2181.32,2181.59,2179.96,2180.04,494.0
2026-06-11 01:04:00+00:00,2180.04,2186.9,2178.27,2185.8,366.0
2026-06-11 01:09:00+00:00,2185.8,2187.68,2182.12,2183.45,527.0
2026-06-11 01:14:00+00:00,2183.45,2184.18,2182.23,2182.6,434.0
2026-06-11 01:19:00+00:00,2182.6,2187.55,2181.36,2186.3,522.0
2026-06-11 01:24:00+00:00,2186.3,2187.55,2181.66,2182.64,578.0
2026-06-11 01:29:00+00:00,2182.64,2182.78,2181.67,2181.79,603.0
2026-06-11 01:34:00+00:00,2181.79,2183.29,2179.15,2181.83,405.0
2026-06-11 01:39:00+00:00,2181.83,2183.41,2181.65,2183.1,388.0
2026-06-11 01:44:00+00:00,2183.1,2183.18,2182.63,2182.74,618.0
2026-06-11 01:49:00+00:00,2182.74,2189.34,2179.06,2186.17,284.0
2026-06-11 01:54:00+00:00,2186.17,2186.6,2181.53,2182.01,664.0
2026-06-11 01:59:00+00:00,2182.01,2183.77,2179.58,2180.89,295.0
2026-06-11 02:04:00+00:00,2180.89,2181.98,2176.61,2177.56,466.0
2026-06-11 02:09:00+00:00,2177.56,2178.12,2175.72,2176.1,605.0
2026-06-11 02:14:00+00:00,2176.1,2177.66,2174.09,2175.35,438.0
2026-06-11 02:19:00+00:00,2175.35,2176.11,2174.82,2175.29,292.0
2026-06-11 02:24:00+00:00,2175.29,2177.2,2174.01,2175.93,613.0
2026-06-11 02:29:00+00:00,2175.93,2178.11,2165.92,2168.23,369.0
2026-06-11 02:34:00+00:00,2168.23,2173.32,2167.1,2171.95,296.0
2026-06-11 02:39:00+00:00,2171.95,2175.51,2167.58,2169.05,269.0
2026-06-11 02:44:00+00:00,2169.05,2172.32,2168.42,2171.8,530.0
2026-06-11 02:49:00+00:00,2171.8,2174.67,2168.31,2172.97,630.0
2026-06-11 02:54:00+00:00,2172.97,2173.27,2170.37,2171.02,306.0
2026-06-11 02:59:00+00:00,2171.02,2172.16,2167.75,2168.7,450.0
2026-06-11 03:04:00+00:00,2168.7,2169.29,2164.26,2165.42,302.0
2026-06-11 03:09:00+00:00,2165.42,2169.85,2161.96,2165.7,478.0
2026-06-11 03:14:00+00:00,2165.7,2169.88,2165.33,2169.6,336.0
2026-06-11 03:19:00+00:00,2169.6,2172.45,2169.14,2172.22,331.0
2026-06-11 03:24:00+00:00,2172.22,2173.98,2168.37,2169.4,438.0
2026-06-11 03:29:00+00:00,2169.4,2170.65,2166.47,2167.14,648.0
2026-06-11 03:34:00+00:00,2167.14,2167.82,2166.91,2167.63,286.0
2026-06-11 03:39:00+00:00,2167.63,2169.43,2163.4,2164.96,482.0
2026-06-11 03:44:00+00:00,2164.96,2166.6,2164.86,2166.55,402.0
2026-06-11 03:49:00+00:00,2166.55,2168.24,2166.5,2168.19,525.0
2026-06-11 03:54:00+00:00,2168.19,2169.45,2167.45,2168.93,317.0
2026-06-11 03:59:00+00:00,2168.93,2172.53,2165.04,2170.11,241.0
2026-06-11 04:04:00+00:00,2170.11,2172.23,2169.78,2171.99,662.0
2026-06-11 04:09:00+00:00,2171.99,2172.94,2171.79,2172.33,413.0
2026-06-11 04:14:00+00:00,2172.33,2175.32,2171.82,2174.35,290.0
2026-06-11 04:19:00+00:00,2174.35,2176.62,2170.07,2173.54,664.0
2026-06-11 04:24:00+00:00,2173.54,2175.55,2166.81,2169.85,540.0
2026-06-11 04:29:00+00:00,2169.85,2172.16,2167.12,2168.85,391.0
2026-06-11 04:34:00+00:00,2168.85,2168.95,2167.41,2167.56,623.0
2026-06-11 04:39:00+00:00,2167.56,2168.21,2163.09,2164.46,446.0
2026-06-11 04:44:00+00:00,2164.46,2164.7,2161.62,2161.7,570.0
2026-06-11 04:49:00+00:00,2161.7,2166.19,2156.19,2163.15,367.0
2026-06-11 04:54:00+00:00,2163.15,2164.38,2162.99,2163.99,687.0
2026-06-11 04:59:00+00:00,2163.99,2164.45,2163.99,2164.45,270.0
2026-06-11 05:04:00+00:00,2164.45,2168.02,2161.39,2165.24,299.0
2026-06-11 05:09:00+00:00,2165.24,2167.12,2163.59,2166.69,573.0
2026-06-11 05:14:00+00:00,2166.69,2166.88,2164.71,2164.78,373.0
2026-06-11 05:19:00+00:00,2164.78,2167.04,2161.24,2162.86,582.0
2026-06-11 05:24:00+00:00,2162.86,2165.47,2156.16,2161.08,242.0
2026-06-11 05:29:00+00:00,2161.08,2169.51,2157.23,2163.85,266.0
2026-06-11 05:34:00+00:00,2163.85,2164.21,2161.9,2162.39,431.0
2026-06-11 05:39:00+00:00,2162.39,2163.09,2161.59,2162.67,578.0
2026-06-11 05:44:00+00:00,2162.67,2165.68,2161.57,2164.59,461.0
2026-06-11 05:49:00+00:00,2164.59,2165.24,2163.17,2164.39,593.0
2026-06-11 05:54:00+00:00,2164.39,2168.6,2163.48,2167.01,490.0
2026-06-11 05:59:00+00:00,2167.01,2167.44,2163.54,2164.0,667.0
2026-06-11 06:04:00+00:00,2164.0,2165.31,2163.59,2164.94,683.0
2026-06-11 06:09:00+00:00,2164.94,2166.55,2163.78,2165.84,528.0
2026-06-11 06:14:00+00:00,2165.84,2169.29,2160.22,2161.39,617.0
2026-06-11 06:19:00+00:00,2161.39,2161.56,2158.95,2159.11,293.0
2026-06-11 06:24:00+00:00,2159.11,2160.16,2153.35,2154.27,397.0
2026-06-11 06:29:00+00:00,2154.27,2155.32,2152.23,2153.42,571.0
2026-06-11 06:34:00+00:00,2153.42,2158.92,2150.96,2154.51,258.0
2026-06-11 06:39:00+00:00,2154.51,2157.46,2154.11,2157.07,567.0
2026-06-11 06:44:00+00:00,2157.07,2158.91,2152.64,2154.48,470.0
2026-06-11 06:49:00+00:00,2154.48,2156.15,2152.06,2152.56,500.0
2026-06-11 06:54:00+00:00,2152.56,2152.58,2151.68,2151.71,546.0
2026-06-11 06:59:00+00:00,2151.71,2154.29,2151.45,2153.83,258.0
2026-06-11 07:04:00+00:00,2153.83,2154.82,2152.54,2153.83,643.0
2026-06-11 07:09:00+00:00,2153.83,2153.97,2152.55,2152.69,1170.0
2026-06-11 07:14:00+00:00,2152.69,2154.53,2149.64,2150.41,1184.0
2026-06-11 07:19:00+00:00,2150.41,2155.38,2148.67,2154.49,1168.0
2026-06-11 07:24:00+00:00,2154.49,2157.0,2154.47,2156.97,732.0
2026-06-11 07:29:00+00:00,2156.97,2159.81,2156.52,2159.4,813.0
2026-06-11 07:34:00+00:00,2159.4,2160.85,2154.75,2155.64,965.0
2026-06-11 07:39:00+00:00,2155.64,2155.94,2152.0,2152.11,686.0
2026-06-11 07:44:00+00:00,2152.11,2156.5,2151.81,2156.35,871.0
2026-06-11 07:49:00+00:00,2156.35,2156.51,2155.67,2155.91,532.0
2026-06-11 07:54:00+00:00,2155.91,2159.47,2154.73,2159.2,913.0
2026-06-11 07:59:00+00:00,2159.2,2159.22,2158.19,2158.28,1065.0
2026-06-11 08:04:00+00:00,2158.28,2158.8,2157.56,2158.48,582.0
2026-06-11 08:09:00+00:00,2158.48,2160.18,2155.86,2157.32,680.0
2026-06-11 08:14:00+00:00,2157.32,2166.02,2156.82,2164.74,1008.0
2026-06-11 08:19:00+00:00,2164.74,2165.38,2161.74,2163.55,1194.0
2026-06-11 08:24:00+00:00,2163.55,2163.94,2159.74,2160.1,651.0
2026-06-11 08:29:00+00:00,2160.1,2160.37,2156.92,2157.13,987.0
2026-06-11 08:34:00+00:00,2157.13,2157.45,2153.31,2153.69,794.0
2026-06-11 08:39:00+00:00,2153.69,2155.69,2152.63,2153.56,491.0
2026-06-11 08:44:00+00:00,2153.56,2157.92,2150.76,2155.2,461.0
2026-06-11 08:49:00+00:00,2155.2,2157.65,2153.5,2155.34,840.0
2026-06-11 08:54:00+00:00,2155.34,2156.07,2151.25,2151.87,573.0
2026-06-11 08:59:00+00:00,2151.87,2152.56,2151.31,2151.92,528.0
2026-06-11 09:04:00+00:00,2151.92,2153.68,2150.19,2152.49,1065.0
2026-06-11 09:09:00+00:00,2152.49,2156.98,2152.18,2156.78,826.0
2026-06-11 09:14:00+00:00,2156.78,2157.25,2153.97,2155.8,693.0
2026-06-11 09:19:00+00:00,2155.8,2157.29,2152.24,2154.1,1155.0
2026-06-11 09:24:00+00:00,2154.1,2154.88,2152.95,2153.37,690.0
2026-06-11 09:29:00+00:00,2153.37,2153.46,2151.76,2151.85,1187.0
2026-06-11 09:34:00+00:00,2151.85,2151.92,2151.16,2151.19,595.0
2026-06-11 09:39:00+00:00,2151.19,2151.76,2148.76,2149.13,596.0
2026-06-11 09:44:00+00:00,2149.13,2149.62,2146.29,2147.0,634.0
2026-06-11 09:49:00+00:00,2147.0,2150.79,2145.11,2149.04,441.0
2026-06-11 09:54:00+00:00,2149.04,2151.08,2148.89,2150.97,514.0
2026-06-11 09:59:00+00:00,2150.97,2152.01,2150.84,2151.67,1137.0
2026-06-11 10:04:00+00:00,2151.67,2157.0,2150.99,2156.76,804.0
2026-06-11 10:09:00+00:00,2156.76,2158.24,2156.17,2157.51,811.0
2026-06-11 10:14:00+00:00,2157.51,2160.34,2156.44,2158.11,850.0
2026-06-11 10:19:00+00:00,2158.11,2158.65,2155.11,2155.89,720.0
2026-06-11 10:24:00+00:00,2155.89,2157.18,2152.36,2154.9,1061.0
2026-06-11 10:29:00+00:00,2154.9,2155.43,2152.89,2153.82,1131.0
2026-06-11 10:34:00+00:00,2153.82,2154.53,2152.46,2153.01,613.0
2026-06-11 10:39:00+00:00,2153.01,2154.71,2150.83,2152.96,512.0
2026-06-11 10:44:00+00:00,2152.96,2155.75,2151.33,2153.51,872.0
2026-06-11 10:49:00+00:00,2153.51,2153.93,2152.7,2153.33,1177.0
2026-06-11 10:54:00+00:00,2153.33,2159.04,2150.13,2154.33,449.0
2026-06-11 10:59:00+00:00,2154.33,2157.72,2153.53,2156.56,470.0
2026-06-11 11:04:00+00:00,2156.56,2159.09,2156.56,2159.09,1116.0
2026-06-11 11:09:00+00:00,2159.09,2160.24,2154.64,2157.95,818.0
2026-06-11 11:14:00+00:00,2157.95,2158.63,2157.18,2157.5,414.0
2026-06-11 11:19:00+00:00,2157.5,2158.29,2149.94,2152.19,1074.0
2026-06-11 11:24:00+00:00,2152.19,2160.03,2146.17,2152.56,997.0
2026-06-11 11:29:00+00:00,2152.56,2155.26,2148.86,2153.92,769.0
2026-06-11 11:34:00+00:00,2153.92,2156.53,2152.98,2155.77,465.0
2026-06-11 11:39:00+00:00,2155.77,2161.23,2154.73,2160.77,1071.0
2026-06-11 11:44:00+00:00,2160.77,2165.99,2158.98,2163.62,433.0
2026-06-11 11:49:00+00:00,2163.62,2164.46,2155.09,2155.99,1075.0
2026-06-11 11:54:00+00:00,2155.99,2156.31,2154.49,2155.73,850.0
2026-06-11 11:59:00+00:00,2155.73,2158.68,2154.36,2157.61,693.0
2026-06-11 12:04:00+00:00,2157.61,2158.1,2157.6,2158.09,773.0
2026-06-11 12:09:00+00:00,2158.09,2159.55,2157.34,2158.92,550.0
2026-06-11 12:14:00+00:00,2158.92,2160.61,2158.14,2160.31,1007.0
2026-06-11 12:19:00+00:00,2160.31,2160.77,2158.81,2159.13,680.0
2026-06-11 12:24:00+00:00,2159.13,2161.53,2157.19,2158.53,757.0
2026-06-11 12:29:00+00:00,2158.53,2159.65,2156.27,2157.99,1044.0
2026-06-11 12:34:00+00:00,2157.99,2158.5,2156.25,2157.44,1050.0
2026-06-11 12:39:00+00:00,2157.44,2159.47,2155.29,2156.77,694.0
2026-06-11 12:44:00+00:00,2156.77,2156.93,2155.45,2155.97,703.0
2026-06-11 12:49:00+00:00,2155.97,2164.31,2153.64,2161.06,435.0
2026-06-11 12:54:00+00:00,2161.06,2161.8,2155.21,2155.84,883.0
2026-06-11 12:59:00+00:00,2155.84,2158.65,2155.04,2157.24,641.0
2026-06-11 13:04:00+00:00,2157.24,2161.91,2152.44,2154.21,594.0
2026-06-11 13:09:00+00:00,2154.21,2156.41,2153.64,2155.79,1205.0
2026-06-11 13:14:00+00:00,2155.79,2156.55,2155.69,2156.36,588.0
2026-06-11 13:19:00+00:00,2156.36,2157.23,2156.1,2156.99,995.0
2026-06-11 13:24:00+00:00,2156.99,2159.54,2156.23,2157.18,430.0
2026-06-11 13:29:00+00:00,2157.18,2158.35,2156.31,2157.95,848.0
2026-06-11 13:34:00+00:00,2157.95,2157.98,2155.43,2155.45,592.0
2026-06-11 13:39:00+00:00,2155.45,2157.9,2155.01,2157.27,543.0
2026-06-11 13:44:00+00:00,2157.27,2161.27,2154.99,2158.91,913.0
2026-06-11 13:49:00+00:00,2158.91,2160.86,2156.53,2157.71,1114.0
2026-06-11 13:54:00+00:00,2157.71,2161.32,2157.63,2161.22,680.0
2026-06-11 13:59:00+00:00,2161.22,2162.92,2160.86,2162.63,525.0
2026-06-11 14:04:00+00:00,2162.63,2169.14,2157.6,2167.07,694.0
2026-06-11 14:09:00+00:00,2167.07,2169.8,2165.82,2168.8,1163.0
2026-06-11 14:14:00+00:00,2168.8,2170.98,2167.44,2170.44,994.0
2026-06-11 14:19:00+00:00,2170.44,2170.64,2165.61,2165.89,946.0
2026-06-11 14:24:00+00:00,2165.89,2166.59,2163.88,2164.25,836.0
2026-06-11 14:29:00+00:00,2164.25,2165.13,2160.36,2162.15,1112.0
2026-06-11 14:34:00+00:00,2162.15,2162.9,2161.97,2162.83,1049.0
2026-06-11 14:39:00+00:00,2162.83,2167.75,2162.28,2166.25,550.0
2026-06-11 14:44:00+00:00,2166.25,2168.67,2163.98,2167.14,790.0
2026-06-11 14:49:00+00:00,2167.14,2174.11,2167.03,2174.02,1141.0
2026-06-11 14:54:00+00:00,2174.02,2175.34,2173.16,2174.34,414.0
2026-06-11 14:59:00+00:00,2174.34,2176.93,2170.85,2173.87,1105.0
2026-06-11 15:04:00+00:00,2173.87,2174.37,2172.21,2172.53,1114.0
2026-06-11 15:09:00+00:00,2172.53,2172.85,2170.05,2170.32,735.0
2026-06-11 15:14:00+00:00,2170.32,2174.14,2168.88,2172.56,1147.0
2026-06-11 15:19:00+00:00,2172.56,2173.26,2172.44,2173.17,1207.0
2026-06-11 15:24:00+00:00,2173.17,2173.83,2173.13,2173.76,841.0
2026-06-11 15:29:00+00:00,2173.76,2175.83,2173.11,2174.91,774.0
2026-06-11 15:34:00+00:00,2174.91,2182.71,2172.71,2180.05,921.0
2026-06-11 15:39:00+00:00,2180.05,2181.42,2178.6,2180.78,1197.0
2026-06-11 15:44:00+00:00,2180.78,2182.33,2180.15,2182.05,946.0
2026-06-11 15:49:00+00:00,2182.05,2183.8,2177.48,2179.68,1180.0
2026-06-11 15:54:00+00:00,2179.68,2182.96,2175.16,2181.57,1162.0
2026-06-11 15:59:00+00:00,2181.57,2184.34,2180.23,2182.33,857.0
2026-06-11 16:04:00+00:00,2182.33,2182.66,2178.67,2178.97,1154.0
2026-06-11 16:09:00+00:00,2178.97,2179.38,2176.72,2177.33,434.0
2026-06-11 16:14:00+00:00,2177.33,2181.41,2176.22,2180.33,945.0
2026-06-11 16:19:00+00:00,2180.33,2180.67,2176.25,2176.39,650.0
2026-06-11 16:24:00+00:00,2176.39,2180.45,2167.06,2169.5,850.0
2026-06-11 16:29:00+00:00,2169.5,2172.01,2164.96,2167.68,757.0
2026-06-11 16:34:00+00:00,2167.68,2167.87,2166.5,2166.56,535.0
2026-06-11 16:39:00+00:00,2166.56,2171.11,2165.45,2169.89,610.0
2026-06-11 16:44:00+00:00,2169.89,2172.6,2166.31,2168.58,784.0
2026-06-11 16:49:00+00:00,2168.58,2170.71,2168.0,2170.59,743.0
2026-06-11 16:54:00+00:00,2170.59,2173.56,2169.83,2173.4,764.0
2026-06-11 16:59:00+00:00,2173.4,2176.72,2172.98,2175.34,722.0
2026-06-11 17:04:00+00:00,2175.34,2175.43,2169.68,2169.99,481.0
2026-06-11 17:09:00+00:00,2169.99,2174.01,2167.22,2172.01,578.0
2026-06-11 17:14:00+00:00,2172.01,2172.47,2168.62,2169.76,593.0
2026-06-11 17:19:00+00:00,2169.76,2170.83,2169.02,2170.0,675.0
2026-06-11 17:24:00+00:00,2170.0,2174.85,2163.94,2167.74,452.0
2026-06-11 17:29:00+00:00,2167.74,2169.67,2162.37,2164.08,288.0
2026-06-11 17:34:00+00:00,2164.08,2164.93,2163.23,2164.73,581.0
2026-06-11 17:39:00+00:00,2164.73,2170.51,2157.62,2161.31,606.0
2026-06-11 17:44:00+00:00,2161.31,2162.47,2159.98,2161.17,448.0
2026-06-11 17:49:00+00:00,2161.17,2162.89,2158.83,2160.77,518.0
2026-06-11 17:54:00+00:00,2160.77,2166.14,2159.89,2164.95,243.0
2026-06-11 17:59:00+00:00,2164.95,2165.89,2164.03,2165.18,491.0
2026-06-11 18:04:00+00:00,2165.18,2169.8,2164.73,2169.02,290.0
2026-06-11 18:09:00+00:00,2169.02,2170.06,2168.83,2169.78,406.0
2026-06-11 18:14:00+00:00,2169.78,2175.89,2168.2,2171.14,355.0
2026-06-11 18:19:00+00:00,2171.14,2171.8,2170.21,2170.77,234.0
2026-06-11 18:24:00+00:00,2170.77,2174.2,2170.33,2173.94,382.0
2026-06-11 18:29:00+00:00,2173.94,2181.7,2170.03,2175.83,490.0
2026-06-11 18:34:00+00:00,2175.83,2180.78,2174.72,2180.47,454.0
2026-06-11 18:39:00+00:00,2180.47,2181.11,2177.54,2178.13,618.0
2026-06-11 18:44:00+00:00,2178.13,2180.72,2176.35,2178.82,402.0
2026-06-11 18:49:00+00:00,2178.82,2180.1,2175.24,2176.66,471.0
2026-06-11 18:54:00+00:00,2176.66,2178.07,2171.98,2173.34,368.0
2026-06-11 18:59:00+00:00,2173.34,2177.64,2171.31,2174.84,427.0
2026-06-11 19:04:00+00:00,2174.84,2176.75,2173.39,2175.64,658.0
2026-06-11 19:09:00+00:00,2175.64,2177.85,2175.31,2177.51,658.0
2026-06-11 19:14:00+00:00,2177.51,2182.79,2177.42,2182.72,568.0
2026-06-11 19:19:00+00:00,2182.72,2186.5,2181.6,2185.6,634.0
2026-06-11 19:24:00+00:00,2185.6,2186.07,2185.26,2185.57,261.0
2026-06-11 19:29:00+00:00,2185.57,2187.54,2183.31,2185.69,483.0
2026-06-11 19:34:00+00:00,2185.69,2189.41,2184.84,2188.98,524.0
2026-06-11 19:39:00+00:00,2188.98,2192.82,2186.86,2190.84,379.0
2026-06-11 19:44:00+00:00,2190.84,2190.87,2190.58,2190.62,426.0
2026-06-11 19:49:00+00:00,2190.62,2190.77,2188.86,2188.96,563.0
2026-06-11 19:54:00+00:00,2188.96,2197.41,2185.11,2194.42,437.0
2026-06-11 19:59:00+00:00,2194.42,2195.21,2191.97,2192.56,384.0
2026-06-11 20:04:00+00:00,2192.56,2194.87,2190.02,2192.24,362.0
2026-06-11 20:09:00+00:00,2192.24,2192.45,2189.12,2189.38,566.0
2026-06-11 20:14:00+00:00,2189.38,2189.94,2188.67,2189.48,333.0
2026-06-11 20:19:00+00:00,2189.48,2195.29,2187.13,2194.18,454.0
2026-06-11 20:24:00+00:00,2194.18,2199.0,2187.43,2192.61,385.0
2026-06-11 20:29:00+00:00,2192.61,2195.51,2192.55,2195.33,264.0
2026-06-11 20:34:00+00:00,2195.33,2198.26,2191.85,2193.48,554.0
2026-06-11 20:39:00+00:00,2193.48,2194.55,2193.1,2194.31,424.0
2026-06-11 20:44:00+00:00,2194.31,2195.72,2192.54,2194.65,638.0
2026-06-11 20:49:00+00:00,2194.65,2196.35,2192.34,2193.68,505.0
2026-06-11 20:54:00+00:00,2193.68,2197.29,2192.05,2196.45,420.0
2026-06-11 20:59:00+00:00,2196.45,2196.63,2192.82,2192.9,485.0
2026-06-11 21:04:00+00:00,2192.9,2197.67,2192.49,2197.4,534.0
2026-06-11 21:09:00+00:00,2197.4,2198.01,2195.75,2196.09,426.0
2026-06-11 21:14:00+00:00,2196.09,2197.74,2193.6,2194.71,350.0
2026-06-11 21:19:00+00:00,2194.71,2195.25,2193.9,2194.28,474.0
2026-06-11 21:24:00+00:00,2194.28,2194.29,2193.83,2193.84,653.0
2026-06-11 21:29:00+00:00,2193.84,2194.0,2188.92,2189.22,667.0
2026-06-11 21:34:00+00:00,2189.22,2192.63,2188.21,2190.74,550.0
2026-06-11 21:39:00+00:00,2190.74,2192.36,2190.39,2192.19,383.0
2026-06-11 21:44:00+00:00,2192.19,2194.42,2191.38,2193.79,598.0
2026-06-11 21:49:00+00:00,2193.79,2195.14,2187.34,2188.74,260.0
2026-06-11 21:54:00+00:00,2188.74,2189.57,2181.35,2184.03,473.0
2026-06-11 21:59:00+00:00,2184.03,2184.37,2179.13,2179.72,463.0
2026-06-11 22:04:00+00:00,2179.72,2179.76,2176.13,2176.19,498.0
2026-06-11 22:09:00+00:00,2176.19,2179.76,2175.81,2179.22,448.0
2026-06-11 22:14:00+00:00,2179.22,2180.12,2172.33,2173.17,637.0
2026-06-11 22:19:00+00:00,2173.17,2175.99,2172.85,2175.7,300.0
2026-06-11 22:24:00+00:00,2175.7,2176.41,2175.68,2176.41,483.0
2026-06-11 22:29:00+00:00,2176.41,2176.58,2173.36,2173.8,410.0
2026-06-11 22:34:00+00:00,2173.8,2176.28,2173.61,2175.67,299.0
2026-06-11 22:39:00+00:00,2175.67,2176.95,2175.29,2176.49,625.0
2026-06-11 22:44:00+00:00,2176.49,2179.4,2176.49,2179.4,406.0
2026-06-11 22:49:00+00:00,2179.4,2184.66,2179.22,2184.52,609.0
2026-06-11 22:54:00+00:00,2184.52,2185.19,2180.75,2181.61,358.0
2026-06-11 22:59:00+00:00,2181.61,2186.83,2180.69,2185.87,322.0
2026-06-11 23:04:00+00:00,2185.87,2190.43,2183.67,2189.86,521.0
2026-06-11 23:09:00+00:00,2189.86,2190.19,2183.56,2184.52,392.0
2026-06-11 23:14:00+00:00,2184.52,2188.33,2182.45,2187.01,471.0
2026-06-11 23:19:00+00:00,2187.01,2190.3,2186.09,2189.11,365.0
2026-06-11 23:24:00+00:00,2189.11,2191.37,2188.42,2189.63,343.0
2026-06-11 23:29:00+00:00,2189.63,2191.48,2188.24,2190.47,480.0
2026-06-11 23:34:00+00:00,2190.47,2194.2,2188.93,2191.95,479.0
2026-06-11 23:39:00+00:00,2191.95,2194.08,2190.72,2193.21,671.0
2026-06-11 23:44:00+00:00,2193.21,2199.19,2191.25,2195.86,254.0
2026-06-11 23:49:00+00:00,2195.86,2196.45,2192.54,2192.85,254.0
2026-06-11 23:54:00+00:00,2192.85,2193.08,2190.89,2191.21,433.0
2026-06-11 23:59:00+00:00,2191.21,2194.47,2191.12,2194.43,604.0
2026-06-12 00:04:00+00:00,2194.43,2197.06,2193.16,2194.76,434.0
2026-06-12 00:09:00+00:00,2194.76,2195.39,2191.8,2192.89,368.0
2026-06-12 00:14:00+00:00,2192.89,2193.87,2188.79,2189.34,410.0
2026-06-12 00:19:00+00:00,2189.34,2191.46,2187.84,2190.48,358.0
2026-06-12 00:24:00+00:00,2190.48,2192.89,2190.1,2191.96,285.0
2026-06-12 00:29:00+00:00,2191.96,2193.03,2191.79,2192.79,395.0
2026-06-12 00:34:00+00:00,2192.79,2196.67,2192.12,2195.89,498.0
2026-06-12 00:39:00+00:00,2195.89,2196.79,2195.83,2196.76,249.0
2026-06-12 00:44:00+00:00,2196.76,2198.73,2195.92,2198.3,328.0
2026-06-12 00:49:00+00:00,2198.3,2198.96,2193.45,2194.04,354.0
2026-06-12 00:54:00+00:00,2194.04,2195.26,2189.79,2191.42,533.0
2026-06-12 00:59:00+00:00,2191.42,2193.53,2184.53,2185.84,586.0
2026-06-12 01:04:00+00:00,2185.84,2185.94,2181.26,2181.51,354.0
2026-06-12 01:09:00+00:00,2181.51,2184.22,2181.38,2183.94,464.0
2026-06-12 01:14:00+00:00,2183.94,2186.78,2182.46,2185.07,570.0
2026-06-12 01:19:00+00:00,2185.07,2188.73,2183.48,2187.19,240.0
2026-06-12 01:24:00+00:00,2187.19,2190.05,2185.83,2188.28,553.0
2026-06-12 01:29:00+00:00,2188.28,2192.24,2186.37,2191.32,500.0
2026-06-12 01:34:00+00:00,2191.32,2191.43,2189.33,2189.41,511.0
2026-06-12 01:39:00+00:00,2189.41,2190.05,2187.24,2187.91,511.0
2026-06-12 01:44:00+00:00,2187.91,2190.94,2187.81,2190.68,562.0
2026-06-12 01:49:00+00:00,2190.68,2191.58,2188.43,2189.63,333.0
2026-06-12 01:54:00+00:00,2189.63,2190.12,2185.7,2186.24,633.0
2026-06-12 01:59:00+00:00,2186.24,2188.13,2185.61,2186.39,402.0
2026-06-12 02:04:00+00:00,2186.39,2192.34,2185.06,2191.08,318.0
2026-06-12 02:09:00+00:00,2191.08,2194.89,2186.93,2192.76,503.0
2026-06-12 02:14:00+00:00,2192.76,2194.7,2191.62,2193.85,309.0
2026-06-12 02:19:00+00:00,2193.85,2197.03,2192.86,2195.34,290.0
2026-06-12 02:24:00+00:00,2195.34,2197.34,2192.07,2195.91,502.0
2026-06-12 02:29:00+00:00,2195.91,2201.04,2195.07,2199.82,466.0
2026-06-12 02:34:00+00:00,2199.82,2209.2,2197.99,2203.77,509.0
2026-06-12 02:39:00+00:00,2203.77,2207.21,2201.09,2204.48,648.0
2026-06-12 02:44:00+00:00,2204.48,2205.87,2198.99,2200.5,479.0
2026-06-12 02:49:00+00:00,2200.5,2201.61,2198.45,2199.46,431.0
2026-06-12 02:54:00+00:00,2199.46,2202.09,2198.99,2199.99,446.0
2026-06-12 02:59:00+00:00,2199.99,2200.27,2199.13,2199.86,505.0
2026-06-12 03:04:00+00:00,2199.86,2200.7,2195.19,2198.02,468.0
2026-06-12 03:09:00+00:00,2198.02,2199.19,2194.34,2195.45,634.0
2026-06-12 03:14:00+00:00,2195.45,2198.36,2193.5,2196.59,379.0
2026-06-12 03:19:00+00:00,2196.59,2198.69,2193.25,2196.02,344.0
2026-06-12 03:24:00+00:00,2196.02,2197.95,2194.97,2196.97,438.0
2026-06-12 03:29:00+00:00,2196.97,2201.18,2196.01,2200.25,1221.0
2026-06-12 03:34:00+00:00,2200.25,2203.63,2199.51,2203.36,1136.0
2026-06-12 03:39:00+00:00,2203.36,2203.69,2192.77,2194.15,537.0
2026-06-12 03:44:00+00:00,2194.15,2200.43,2192.51,2199.58,971.0
2026-06-12 03:49:00+00:00,2199.58,2208.96,2198.58,2206.16,1469.0
2026-06-12 03:54:00+00:00,2206.16,2214.35,2190.5,2200.42,772.0
2026-06-12 03:59:00+00:00,2200.42,2202.07,2197.71,2198.98,826.0
2026-06-12 04:04:00+00:00,2198.98,2207.5,2193.83,2204.25,1180.0
2026-06-12 04:09:00+00:00,2204.25,2208.31,2197.78,2201.94,822.0
2026-06-12 04:14:00+00:00,2201.94,2204.16,2191.63,2194.95,1118.0
2026-06-12 04:19:00+00:00,2194.95,2203.95,2190.08,2200.19,889.0
2026-06-12 04:24:00+00:00,2200.19,2206.92,2196.6,2202.42,848.0
2026-06-12 04:29:00+00:00,2202.42,2205.87,2193.3,2197.7,895.0
2026-06-12 04:34:00+00:00,2197.7,2205.54,2196.58,2201.71,1291.0
2026-06-12 04:39:00+00:00,2201.71,2206.25,2201.58,2206.11,1058.0
2026-06-12 04:44:00+00:00,2206.11,2220.34,2201.21,2204.44,921.0
2026-06-12 04:49:00+00:00,2204.44,2209.4,2192.26,2198.0,709.0
2026-06-12 04:54:00+00:00,2198.0,2202.15,2193.91,2198.37,554.0
2026-06-12 04:59:00+00:00,2198.37,2200.4,2191.75,2195.81,1002.0
2026-06-12 05:04:00+00:00,2195.81,2196.51,2186.74,2187.88,702.0
2026-06-12 05:09:00+00:00,2187.88,2190.88,2184.65,2187.81,680.0
2026-06-12 05:14:00+00:00,2187.81,2189.73,2186.34,2186.75,1066.0
2026-06-12 05:19:00+00:00,2186.75,2188.89,2178.99,2181.94,919.0
2026-06-12 05:24:00+00:00,2181.94,2199.0,2181.42,2197.29,1365.0
2026-06-12 05:29:00+00:00,2197.29,2198.62,2186.02,2188.73,776.0
2026-06-12 05:34:00+00:00,2188.73,2199.71,2177.64,2193.16,1382.0
2026-06-12 05:39:00+00:00,2193.16,2200.26,2186.85,2190.79,871.0
2026-06-12 05:44:00+00:00,2190.79,2204.39,2188.64,2197.12,1445.0
2026-06-12 05:49:00+00:00,2197.12,2199.05,2196.41,2198.42,1411.0
2026-06-12 05:54:00+00:00,2198.42,2205.0,2196.07,2200.98,1306.0
2026-06-12 05:59:00+00:00,2200.98,2201.36,2195.87,2196.01,1311.0
2026-06-12 06:04:00+00:00,2196.01,2197.84,2186.26,2187.48,546.0
2026-06-12 06:09:00+00:00,2187.48,2191.1,2184.42,2188.47,570.0
2026-06-12 06:14:00+00:00,2188.47,2194.77,2186.88,2192.06,615.0
2026-06-12 06:19:00+00:00,2192.06,2193.62,2187.86,2189.88,691.0
2026-06-12 06:24:00+00:00,2189.88,2197.01,2188.44,2194.08,1266.0
2026-06-12 06:29:00+00:00,2194.08,2195.43,2192.78,2194.06,792.0
2026-06-12 06:34:00+00:00,2194.06,2195.56,2193.76,2194.25,662.0
2026-06-12 06:39:00+00:00,2194.25,2196.34,2193.54,2195.11,1162.0
2026-06-12 06:44:00+00:00,2195.11,2203.1,2194.68,2202.12,537.0
2026-06-12 06:49:00+00:00,2202.12,2205.97,2199.11,2202.85,666.0
2026-06-12 06:54:00+00:00,2202.85,2203.78,2196.76,2197.36,1182.0
2026-06-12 06:59:00+00:00,2197.36,2202.47,2196.17,2201.09,1398.0
2026-06-12 07:04:00+00:00,2201.09,2203.1,2199.17,2201.19,1903.0
2026-06-12 07:09:00+00:00,2201.19,2201.71,2200.17,2200.52,1509.0
2026-06-12 07:14:00+00:00,2200.52,2204.34,2199.54,2202.62,1344.0
2026-06-12 07:19:00+00:00,2202.62,2204.76,2198.9,2201.2,2206.0
2026-06-12 07:24:00+00:00,2201.2,2206.06,2199.73,2203.48,2093.0
2026-06-12 07:29:00+00:00,2203.48,2209.8,2188.76,2191.5,1560.0
2026-06-12 07:34:00+00:00,2191.5,2196.11,2186.59,2190.51,1383.0
2026-06-12 07:39:00+00:00,2190.51,2196.65,2180.96,2184.49,2386.0
2026-06-12 07:44:00+00:00,2184.49,2189.38,2183.43,2188.19,930.0
2026-06-12 07:49:00+00:00,2188.19,2188.6,2185.61,2186.78,2087.0
2026-06-12 07:54:00+00:00,2186.78,2187.68,2186.31,2187.1,2265.0
2026-06-12 07:59:00+00:00,2187.1,2188.99,2182.2,2186.24,1019.0
2026-06-12 08:04:00+00:00,2186.24,2186.3,2185.34,2185.37,1544.0
2026-06-12 08:09:00+00:00,2185.37,2187.74,2173.62,2178.07,1247.0
2026-06-12 08:14:00+00:00,2178.07,2188.23,2173.16,2186.88,1912.0
2026-06-12 08:19:00+00:00,2186.88,2205.4,2184.94,2202.41,2187.0
2026-06-12 08:24:00+00:00,2202.41,2205.74,2188.6,2194.81,1935.0
2026-06-12 08:29:00+00:00,2194.81,2196.6,2180.74,2182.17,1203.0
2026-06-12 08:34:00+00:00,2182.17,2184.72,2181.38,2184.07,2366.0
2026-06-12 08:39:00+00:00,2184.07,2187.34,2179.03,2180.54,2510.0
2026-06-12 08:44:00+00:00,2180.54,2191.57,2177.01,2187.59,962.0
2026-06-12 08:49:00+00:00,2187.59,2190.74,2177.75,2180.75,1067.0
2026-06-12 08:54:00+00:00,2180.75,2187.1,2179.47,2185.9,1345.0
2026-06-12 08:59:00+00:00,2185.9,2186.97,2180.88,2182.58,1305.0
2026-06-12 09:04:00+00:00,2182.58,2187.23,2182.07,2186.96,1425.0
2026-06-12 09:09:00+00:00,2186.96,2192.47,2186.92,2192.42,2449.0
2026-06-12 09:14:00+00:00,2192.42,2203.57,2172.19,2184.12,1387.0
2026-06-12 09:19:00+00:00,2184.12,2187.4,2181.49,2186.44,1495.0
2026-06-12 09:24:00+00:00,2186.44,2186.95,2182.26,2182.91,1365.0
2026-06-12 09:29:00+00:00,2182.91,2190.34,2177.41,2187.93,2027.0
2026-06-12 09:34:00+00:00,2187.93,2190.47,2182.04,2186.39,2444.0
2026-06-12 09:39:00+00:00,2186.39,2192.64,2182.84,2189.54,1435.0
2026-06-12 09:44:00+00:00,2189.54,2203.77,2185.26,2200.89,2358.0
2026-06-12 09:49:00+00:00,2200.89,2201.49,2199.33,2200.13,1882.0
2026-06-12 09:54:00+00:00,2200.13,2205.65,2189.58,2195.38,2521.0
2026-06-12 09:59:00+00:00,2195.38,2204.38,2189.81,2200.41,2356.0
2026-06-12 10:04:00+00:00,2200.41,2207.88,2193.71,2199.65,2500.0
2026-06-12 10:09:00+00:00,2199.65,2209.9,2188.33,2199.43,2283.0
2026-06-12 10:14:00+00:00,2199.43,2203.29,2191.42,2194.8,2096.0
2026-06-12 10:19:00+00:00,2194.8,2200.81,2194.27,2199.85,1562.0
2026-06-12 10:24:00+00:00,2199.85,2202.48,2195.38,2198.9,883.0
2026-06-12 10:29:00+00:00,2198.9,2199.73,2198.2,2199.43,1900.0
2026-06-12 10:34:00+00:00,2199.43,2201.78,2189.88,2192.36,1772.0
2026-06-12 10:39:00+00:00,2192.36,2192.6,2186.08,2186.54,2236.0
2026-06-12 10:44:00+00:00,2186.54,2191.63,2182.63,2188.8,2122.0
2026-06-12 10:49:00+00:00,2188.8,2193.62,2184.46,2189.81,2254.0
2026-06-12 10:54:00+00:00,2189.81,2195.94,2187.66,2192.21,1322.0
2026-06-12 10:59:00+00:00,2192.21,2192.52,2190.1,2190.26,2076.0
2026-06-12 11:04:00+00:00,2190.26,2193.91,2186.98,2188.34,2428.0
2026-06-12 11:09:00+00:00,2188.34,2188.5,2176.75,2176.81,1406.0
2026-06-12 11:14:00+00:00,2176.81,2186.52,2173.83,2184.22,2297.0
2026-06-12 11:19:00+00:00,2184.22,2187.76,2184.2,2187.73,2136.0
2026-06-12 11:24:00+00:00,2187.73,2193.66,2185.88,2187.92,2393.0
2026-06-12 11:29:00+00:00,2187.92,2193.97,2187.16,2191.73,1280.0
2026-06-12 11:34:00+00:00,2191.73,2198.42,2187.01,2195.46,2267.0
2026-06-12 11:39:00+00:00,2195.46,2198.1,2189.06,2191.63,2166.0
2026-06-12 11:44:00+00:00,2191.63,2196.98,2189.02,2192.47,1799.0
2026-06-12 11:49:00+00:00,2192.47,2203.62,2191.23,2201.24,2276.0
2026-06-12 11:54:00+00:00,2201.24,2205.79,2199.9,2203.59,2127.0
2026-06-12 11:59:00+00:00,2203.59,2203.8,2199.31,2199.38,1907.0
2026-06-12 12:04:00+00:00,2199.38,2203.86,2197.95,2202.86,865.0
2026-06-12 12:09:00+00:00,2202.86,2207.78,2188.76,2192.44,1400.0
2026-06-12 12:14:00+00:00,2192.44,2192.9,2186.89,2187.37,895.0
2026-06-12 12:19:00+00:00,2187.37,2188.08,2185.55,2185.88,1793.0
2026-06-12 12:24:00+00:00,2185.88,2196.5,2181.59,2191.18,1819.0
2026-06-12 12:29:00+00:00,2191.18,2198.36,2188.07,2194.67,1435.0
2026-06-12 12:34:00+00:00,2194.67,2196.56,2187.73,2193.67,1079.0
2026-06-12 12:39:00+00:00,2193.67,2196.47,2192.93,2195.47,1774.0
2026-06-12 12:44:00+00:00,2195.47,2205.46,2182.06,2187.61,1422.0
2026-06-12 12:49:00+00:00,2187.61,2192.98,2176.93,2181.89,1821.0
2026-06-12 12:54:00+00:00,2181.89,2189.1,2180.81,2188.78,1558.0
2026-06-12 12:59:00+00:00,2188.78,2191.2,2185.54,2186.92,1639.0
2026-06-12 13:04:00+00:00,2186.92,2189.63,2185.62,2187.87,2232.0
2026-06-12 13:09:00+00:00,2187.87,2189.99,2186.1,2188.18,1810.0
2026-06-12 13:14:00+00:00,2188.18,2189.21,2187.91,2189.06,1459.0
2026-06-12 13:19:00+00:00,2189.06,2202.28,2186.16,2198.7,1680.0
2026-06-12 13:24:00+00:00,2198.7,2202.26,2190.67,2196.16,1928.0
2026-06-12 13:29:00+00:00,2196.16,2217.45,2186.37,2206.45,1544.0
2026-06-12 13:34:00+00:00,2206.45,2207.31,2190.85,2192.23,1270.0
2026-06-12 13:39:00+00:00,2192.23,2195.15,2185.92,2187.77,1183.0
2026-06-12 13:44:00+00:00,2187.77,2188.13,2186.57,2187.18,1595.0
2026-06-12 13:49:00+00:00,2187.18,2189.13,2174.03,2182.19,1805.0
2026-06-12 13:54:00+00:00,2182.19,2188.88,2178.21,2187.48,1938.0
2026-06-12 13:59:00+00:00,2187.48,2192.79,2176.93,2184.31,1676.0
2026-06-12 14:04:00+00:00,2184.31,2185.2,2181.7,2182.09,1415.0
2026-06-12 14:09:00+00:00,2182.09,2188.02,2174.61,2179.06,2520.0
2026-06-12 14:14:00+00:00,2179.06,2187.75,2174.57,2181.11,1302.0
2026-06-12 14:19:00+00:00,2181.11,2185.68,2178.92,2183.78,1838.0
2026-06-12 14:24:00+00:00,2183.78,2184.89,2178.65,2179.12,881.0
2026-06-12 14:29:00+00:00,2179.12,2192.29,2175.2,2190.8,2138.0
2026-06-12 14:34:00+00:00,2190.8,2193.39,2189.93,2192.67,1870.0
2026-06-12 14:39:00+00:00,2192.67,2200.62,2192.44,2200.16,2160.0
2026-06-12 14:44:00+00:00,2200.16,2203.75,2196.52,2201.74,1053.0
2026-06-12 14:49:00+00:00,2201.74,2211.9,2197.32,2206.34,2415.0
2026-06-12 14:54:00+00:00,2206.34,2207.89,2205.84,2207.46,1649.0
2026-06-12 14:59:00+00:00,2207.46,2208.87,2202.92,2205.37,2107.0
2026-06-12 15:04:00+00:00,2205.37,2209.47,2190.5,2196.0,2432.0
2026-06-12 15:09:00+00:00,2196.0,2201.31,2188.9,2192.3,1557.0
2026-06-12 15:14:00+00:00,2192.3,2198.89,2176.85,2189.06,1779.0
2026-06-12 15:19:00+00:00,2189.06,2196.24,2186.62,2195.6,1063.0
2026-06-12 15:24:00+00:00,2195.6,2198.52,2195.37,2197.93,2188.0
2026-06-12 15:29:00+00:00,2197.93,2203.63,2195.44,2202.07,1267.0
2026-06-12 15:34:00+00:00,2202.07,2203.46,2200.67,2201.17,2222.0
2026-06-12 15:39:00+00:00,2201.17,2204.96,2200.1,2204.38,1530.0
2026-06-12 15:44:00+00:00,2204.38,2208.44,2195.01,2199.21,1856.0
2026-06-12 15:49:00+00:00,2199.21,2213.19,2195.0,2210.6,2334.0
2026-06-12 15:54:00+00:00,2210.6,2216.27,2197.09,2202.29,2328.0
2026-06-12 15:59:00+00:00,2202.29,2205.05,2196.47,2197.16,885.0
2026-06-12 16:04:00+00:00,2197.16,2202.79,2195.9,2201.86,2005.0
2026-06-12 16:09:00+00:00,2201.86,2203.06,2199.25,2200.53,1190.0
2026-06-12 16:14:00+00:00,2200.53,2209.2,2189.21,2196.48,1217.0
2026-06-12 16:19:00+00:00,2196.48,2197.12,2186.97,2188.03,2520.0
2026-06-12 16:24:00+00:00,2188.03,2198.22,2187.22,2195.01,1848.0
2026-06-12 16:29:00+00:00,2195.01,2196.28,2189.63,2190.98,1357.0
2026-06-12 16:34:00+00:00,2190.98,2195.66,2184.55,2187.78,1886.0
2026-06-12 16:39:00+00:00,2187.78,2192.34,2185.09,2190.69,1981.0
2026-06-12 16:44:00+00:00,2190.69,2195.8,2187.73,2192.38,2535.0
2026-06-12 16:49:00+00:00,2192.38,2200.6,2190.51,2198.73,1712.0
2026-06-12 16:54:00+00:00,2198.73,2217.7,2187.98,2205.15,1775.0
2026-06-12 16:59:00+00:00,2205.15,2206.25,2204.53,2205.94,1681.0
2026-06-12 17:04:00+00:00,2205.94,2208.97,2203.64,2206.91,994.0
2026-06-12 17:09:00+00:00,2206.91,2206.99,2206.12,2206.34,1043.0
2026-06-12 17:14:00+00:00,2206.34,2209.21,2196.82,2199.26,1186.0
2026-06-12 17:19:00+00:00,2199.26,2199.48,2194.22,2194.33,1027.0
2026-06-12 17:24:00+00:00,2194.33,2198.07,2184.65,2187.05,1181.0
2026-06-12 17:29:00+00:00,2187.05,2188.43,2172.66,2173.52,1353.0
2026-06-12 17:34:00+00:00,2173.52,2176.38,2167.08,2174.6,1202.0
2026-06-12 17:39:00+00:00,2174.6,2181.55,2172.1,2178.78,788.0
2026-06-12 17:44:00+00:00,2178.78,2180.91,2169.58,2171.27,818.0
2026-06-12 17:49:00+00:00,2171.27,2180.36,2169.55,2175.21,1422.0
2026-06-12 17:54:00+00:00,2175.21,2176.02,2170.2,2171.01,680.0
2026-06-12 17:59:00+00:00,2171.01,2178.86,2169.15,2176.93,1435.0
2026-06-12 18:04:00+00:00,2176.93,2184.53,2162.84,2167.0,1448.0
2026-06-12 18:09:00+00:00,2167.0,2170.63,2163.4,2166.68,1052.0
2026-06-12 18:14:00+00:00,2166.68,2166.95,2162.48,2162.7,697.0
2026-06-12 18:19:00+00:00,2162.7,2165.54,2156.81,2160.05,727.0
2026-06-12 18:24:00+00:00,2160.05,2166.23,2154.27,2158.26,999.0
2026-06-12 18:29:00+00:00,2158.26,2165.94,2154.85,2162.03,691.0
2026-06-12 18:34:00+00:00,2162.03,2164.0,2149.77,2153.66,1076.0
2026-06-12 18:39:00+00:00,2153.66,2153.99,2147.51,2148.02,656.0
2026-06-12 18:44:00+00:00,2148.02,2148.23,2145.23,2145.82,498.0
2026-06-12 18:49:00+00:00,2145.82,2147.95,2144.34,2145.73,1160.0
2026-06-12 18:54:00+00:00,2145.73,2147.61,2138.01,2140.24,1340.0
2026-06-12 18:59:00+00:00,2140.24,2147.11,2136.83,2143.67,545.0
2026-06-12 19:04:00+00:00,2143.67,2150.59,2142.34,2148.2,783.0
2026-06-12 19:09:00+00:00,2148.2,2159.29,2145.85,2154.96,1046.0
2026-06-12 19:14:00+00:00,2154.96,2158.51,2150.44,2152.71,1459.0
2026-06-12 19:19:00+00:00,2152.71,2160.09,2145.97,2154.92,1146.0
2026-06-12 19:24:00+00:00,2154.92,2155.62,2141.44,2144.5,766.0
2026-06-12 19:29:00+00:00,2144.5,2146.41,2129.75,2133.72,1414.0
2026-06-12 19:34:00+00:00,2133.72,2134.78,2130.85,2132.41,707.0
2026-06-12 19:39:00+00:00,2132.41,2139.94,2129.37,2133.92,966.0
2026-06-12 19:44:00+00:00,2133.92,2135.93,2122.4,2127.01,1290.0
2026-06-12 19:49:00+00:00,2127.01,2129.17,2113.76,2117.38,737.0
2026-06-12 19:54:00+00:00,2117.38,2122.89,2106.98,2113.9,738.0
2026-06-12 19:59:00+00:00,2113.9,2126.1,2112.13,2124.52,627.0
2026-06-12 20:04:00+00:00,2124.52,2125.45,2120.42,2121.61,1262.0
2026-06-12 20:09:00+00:00,2121.61,2133.92,2112.76,2118.39,1154.0
2026-06-12 20:14:00+00:00,2118.39,2120.85,2109.67,2112.18,514.0
2026-06-12 20:19:00+00:00,2112.18,2115.65,2111.72,2115.42,1328.0
2026-06-12 20:24:00+00:00,2115.42,2116.2,2112.23,2113.22,1069.0
2026-06-12 20:29:00+00:00,2113.22,2114.44,2109.15,2110.35,1350.0
2026-06-12 20:34:00+00:00,2110.35,2110.37,2107.78,2107.81,919.0
2026-06-12 20:39:00+00:00,2107.81,2109.04,2099.4,2100.22,786.0
2026-06-12 20:44:00+00:00,2100.22,2101.56,2091.3,2092.59,563.0
2026-06-12 20:49:00+00:00,2092.59,2097.19,2084.72,2087.4,1241.0
2026-06-12 20:54:00+00:00,2087.4,2094.96,2087.24,2094.42,891.0
2026-06-12 20:59:00+00:00,2094.42,2097.21,2094.2,2097.02,517.0
2026-06-12 21:04:00+00:00,2097.02,2101.24,2090.37,2092.05,526.0
2026-06-12 21:09:00+00:00,2092.05,2093.66,2088.29,2092.34,823.0
2026-06-12 21:14:00+00:00,2092.34,2096.56,2081.21,2091.68,1025.0
2026-06-12 21:19:00+00:00,2091.68,2098.27,2090.13,2095.71,1124.0
2026-06-12 21:24:00+00:00,2095.71,2097.34,2094.03,2095.12,786.0
2026-06-12 21:29:00+00:00,2095.12,2096.55,2091.07,2092.89,1189.0
2026-06-12 21:34:00+00:00,2092.89,2104.51,2080.63,2087.33,1422.0
2026-06-12 21:39:00+00:00,2087.33,2100.43,2085.08,2092.42,1319.0
2026-06-12 21:44:00+00:00,2092.42,2092.66,2088.77,2089.05,781.0
2026-06-12 21:49:00+00:00,2089.05,2089.74,2081.46,2084.28,758.0
2026-06-12 21:54:00+00:00,2084.28,2090.73,2083.23,2090.12,778.0
2026-06-12 21:59:00+00:00,2090.12,2091.64,2090.11,2091.63,975.0
2026-06-12 22:04:00+00:00,2091.63,2107.45,2088.68,2103.73,665.0
2026-06-12 22:09:00+00:00,2103.73,2110.38,2100.47,2108.84,596.0
2026-06-12 22:14:00+00:00,2108.84,2117.07,2103.43,2113.58,1045.0
2026-06-12 22:19:00+00:00,2113.58,2116.31,2112.85,2115.11,626.0
2026-06-12 22:24:00+00:00,2115.11,2118.51,2112.79,2115.0,642.0
2026-06-12 22:29:00+00:00,2115.0,2115.49,2113.46,2114.76,540.0
2026-06-12 22:34:00+00:00,2114.76,2122.66,2109.71,2114.89,1056.0
2026-06-12 22:39:00+00:00,2114.89,2124.24,2111.0,2121.39,819.0
2026-06-12 22:44:00+00:00,2121.39,2121.45,2109.16,2109.43,542.0
2026-06-12 22:49:00+00:00,2109.43,2111.72,2108.77,2111.2,719.0
2026-06-12 22:54:00+00:00,2111.2,2120.98,2106.82,2114.43,836.0
2026-06-12 22:59:00+00:00,2114.43,2115.54,2102.63,2104.5,748.0
2026-06-12 23:04:00+00:00,2104.5,2105.53,2093.43,2093.96,1354.0
2026-06-12 23:09:00+00:00,2093.96,2097.96,2092.94,2094.94,499.0
2026-06-12 23:14:00+00:00,2094.94,2095.53,2091.12,2092.33,1470.0
2026-06-12 23:19:00+00:00,2092.33,2093.64,2081.15,2081.71,1360.0
2026-06-12 23:24:00+00:00,2081.71,2087.01,2079.94,2084.81,773.0
2026-06-12 23:29:00+00:00,2084.81,2094.5,2081.55,2090.43,910.0
2026-06-12 23:34:00+00:00,2090.43,2101.11,2076.52,2097.58,1056.0
2026-06-12 23:39:00+00:00,2097.58,2101.67,2096.36,2101.12,913.0
2026-06-12 23:44:00+00:00,2101.12,2104.96,2097.38,2103.18,779.0
2026-06-12 23:49:00+00:00,2103.18,2109.02,2100.99,2106.46,618.0
2026-06-12 23:54:00+00:00,2106.46,2109.11,2102.97,2103.99,589.0
2026-06-12 23:59:00+00:00,2103.99,2107.33,2102.58,2104.39,720.0
2026-06-13 00:04:00+00:00,2104.39,2109.68,2103.86,2108.62,675.0
2026-06-13 00:09:00+00:00,2108.62,2108.89,2104.11,2104.43,423.0
2026-06-13 00:14:00+00:00,2104.43,2104.6,2100.63,2100.83,803.0
2026-06-13 00:19:00+00:00,2100.83,2104.04,2100.05,2103.02,756.0
2026-06-13 00:24:00+00:00,2103.02,2103.98,2097.88,2098.63,491.0
2026-06-13 00:29:00+00:00,2098.63,2100.73,2098.62,2100.71,798.0
2026-06-13 00:34:00+00:00,2100.71,2100.98,2098.88,2099.08,886.0
2026-06-13 00:39:00+00:00,2099.08,2109.26,2096.7,2104.56,520.0
2026-06-13 00:44:00+00:00,2104.56,2106.87,2104.5,2106.75,672.0
2026-06-13 00:49:00+00:00,2106.75,2116.27,2101.79,2112.55,429.0
2026-06-13 00:54:00+00:00,2112.55,2115.44,2106.46,2107.95,697.0
2026-06-13 00:59:00+00:00,2107.95,2110.27,2102.02,2105.94,375.0
2026-06-13 01:04:00+00:00,2105.94,2113.83,2094.17,2097.83,844.0
2026-06-13 01:09:00+00:00,2097.83,2101.07,2097.28,2099.71,674.0
2026-06-13 01:14:00+00:00,2099.71,2100.43,2092.94,2094.2,482.0
2026-06-13 01:19:00+00:00,2094.2,2095.22,2092.5,2093.6,1003.0
2026-06-13 01:24:00+00:00,2093.6,2094.57,2086.02,2086.5,494.0
2026-06-13 01:29:00+00:00,2086.5,2089.18,2086.21,2088.89,623.0
2026-06-13 01:34:00+00:00,2088.89,2095.85,2087.55,2092.51,419.0
2026-06-13 01:39:00+00:00,2092.51,2095.41,2091.69,2094.32,648.0
2026-06-13 01:44:00+00:00,2094.32,2094.96,2090.96,2091.51,749.0
2026-06-13 01:49:00+00:00,2091.51,2092.18,2091.44,2092.16,668.0
2026-06-13 01:54:00+00:00,2092.16,2092.48,2089.2,2089.45,648.0
2026-06-13 01:59:00+00:00,2089.45,2092.84,2085.82,2091.66,784.0
2026-06-13 02:04:00+00:00,2091.66,2092.15,2085.52,2086.26,381.0
2026-06-13 02:09:00+00:00,2086.26,2090.66,2082.41,2087.53,789.0
2026-06-13 02:14:00+00:00,2087.53,2088.37,2084.4,2087.33,801.0
2026-06-13 02:19:00+00:00,2087.33,2093.09,2079.81,2083.4,723.0
2026-06-13 02:24:00+00:00,2083.4,2095.43,2077.36,2090.83,734.0
2026-06-13 02:29:00+00:00,2090.83,2091.02,2083.84,2084.1,969.0
2026-06-13 02:34:00+00:00,2084.1,2084.37,2080.62,2081.42,859.0
2026-06-13 02:39:00+00:00,2081.42,2082.99,2081.35,2082.91,861.0
2026-06-13 02:44:00+00:00,2082.91,2083.29,2082.09,2082.53,777.0
2026-06-13 02:49:00+00:00,2082.53,2085.7,2081.74,2085.24,440.0
2026-06-13 02:54:00+00:00,2085.24,2086.44,2083.99,2085.69,487.0
2026-06-13 02:59:00+00:00,2085.69,2090.31,2084.85,2089.77,870.0
2026-06-13 03:04:00+00:00,2089.77,2092.79,2088.76,2091.03,1002.0
2026-06-13 03:09:00+00:00,2091.03,2093.0,2090.84,2092.95,606.0
2026-06-13 03:14:00+00:00,2092.95,2093.6,2090.22,2091.36,362.0
2026-06-13 03:19:00+00:00,2091.36,2094.91,2090.06,2093.35,480.0
2026-06-13 03:24:00+00:00,2093.35,2100.87,2091.26,2098.4,794.0
2026-06-13 03:29:00+00:00,2098.4,2103.81,2096.32,2101.06,897.0
2026-06-13 03:34:00+00:00,2101.06,2103.07,2097.35,2098.6,561.0
2026-06-13 03:39:00+00:00,2098.6,2102.82,2093.44,2097.7,744.0
2026-06-13 03:44:00+00:00,2097.7,2100.25,2093.74,2096.24,783.0
2026-06-13 03:49:00+00:00,2096.24,2097.98,2092.09,2094.58,414.0
2026-06-13 03:54:00+00:00,2094.58,2098.87,2092.18,2095.92,675.0
2026-06-13 03:59:00+00:00,2095.92,2099.78,2094.98,2097.96,801.0
2026-06-13 04:04:00+00:00,2097.96,2099.25,2089.22,2093.21,875.0
2026-06-13 04:09:00+00:00,2093.21,2093.99,2090.74,2092.83,670.0
2026-06-13 04:14:00+00:00,2092.83,2096.59,2092.7,2096.48,620.0
2026-06-13 04:19:00+00:00,2096.48,2111.64,2090.99,2100.73,964.0
2026-06-13 04:24:00+00:00,2100.73,2102.43,2095.84,2098.83,374.0
2026-06-13 04:29:00+00:00,2098.83,2104.07,2094.19,2097.59,894.0
2026-06-13 04:34:00+00:00,2097.59,2103.83,2097.11,2102.14,646.0
2026-06-13 04:39:00+00:00,2102.14,2105.47,2095.22,2097.8,571.0
2026-06-13 04:44:00+00:00,2097.8,2103.53,2097.36,2103.07,575.0
2026-06-13 04:49:00+00:00,2103.07,2103.46,2100.6,2101.42,935.0
2026-06-13 04:54:00+00:00,2101.42,2103.29,2100.2,2100.69,437.0
2026-06-13 04:59:00+00:00,2100.69,2102.54,2099.72,2101.45,421.0
2026-06-13 05:04:00+00:00,2101.45,2102.51,2097.97,2098.48,862.0
2026-06-13 05:09:00+00:00,2098.48,2098.65,2094.31,2094.62,870.0
2026-06-13 05:14:00+00:00,2094.62,2097.0,2091.27,2092.37,442.0
2026-06-13 05:19:00+00:00,2092.37,2099.7,2087.7,2094.6,1014.0
2026-06-13 05:24:00+00:00,2094.6,2096.31,2094.25,2095.25,846.0
2026-06-13 05:29:00+00:00,2095.25,2097.58,2094.3,2096.2,540.0
2026-06-13 05:34:00+00:00,2096.2,2097.61,2094.9,2096.24,981.0
2026-06-13 05:39:00+00:00,2096.24,2101.75,2093.85,2100.56,400.0
2026-06-13 05:44:00+00:00,2100.56,2111.52,2089.57,2096.66,650.0
2026-06-13 05:49:00+00:00,2096.66,2099.31,2094.37,2095.7,475.0
2026-06-13 05:54:00+00:00,2095.7,2097.56,2088.41,2090.15,631.0
2026-06-13 05:59:00+00:00,2090.15,2092.41,2086.78,2088.84,590.0
2026-06-13 06:04:00+00:00,2088.84,2095.66,2088.75,2095.59,970.0
2026-06-13 06:09:00+00:00,2095.59,2099.36,2091.66,2093.71,898.0
2026-06-13 06:14:00+00:00,2093.71,2097.75,2089.81,2092.22,475.0
2026-06-13 06:19:00+00:00,2092.22,2098.64,2085.13,2091.12,509.0
2026-06-13 06:24:00+00:00,2091.12,2091.39,2086.24,2086.85,638.0
2026-06-13 06:29:00+00:00,2086.85,2087.74,2086.77,2087.56,855.0
2026-06-13 06:34:00+00:00,2087.56,2094.77,2086.31,2093.22,580.0
2026-06-13 06:39:00+00:00,2093.22,2094.3,2088.38,2088.99,756.0
2026-06-13 06:44:00+00:00,2088.99,2094.33,2084.75,2090.24,798.0
2026-06-13 06:49:00+00:00,2090.24,2096.76,2086.52,2095.74,830.0
2026-06-13 06:54:00+00:00,2095.74,2096.44,2092.39,2092.84,372.0
2026-06-13 06:59:00+00:00,2092.84,2093.95,2092.36,2093.08,891.0
2026-06-13 07:04:00+00:00,2093.08,2093.46,2087.26,2088.74,1483.0
2026-06-13 07:09:00+00:00,2088.74,2096.56,2088.61,2096.15,1113.0
2026-06-13 07:14:00+00:00,2096.15,2101.1,2088.71,2095.77,1030.0
2026-06-13 07:19:00+00:00,2095.77,2099.79,2092.91,2096.83,1026.0
2026-06-13 07:24:00+00:00,2096.83,2103.57,2094.57,2098.22,840.0
2026-06-13 07:29:00+00:00,2098.22,2105.66,2096.13,2103.52,1385.0
2026-06-13 07:34:00+00:00,2103.52,2104.17,2097.94,2098.7,673.0
2026-06-13 07:39:00+00:00,2098.7,2100.15,2097.23,2099.14,836.0
2026-06-13 07:44:00+00:00,2099.14,2102.06,2092.14,2094.42,1106.0
2026-06-13 07:49:00+00:00,2094.42,2095.52,2088.43,2093.14,1670.0
2026-06-13 07:54:00+00:00,2093.14,2093.73,2092.41,2092.93,872.0
2026-06-13 07:59:00+00:00,2092.93,2098.05,2091.74,2097.05,1749.0
2026-06-13 08:04:00+00:00,2097.05,2098.68,2096.69,2097.69,1032.0
2026-06-13 08:09:00+00:00,2097.69,2098.48,2090.57,2091.57,949.0
2026-06-13 08:14:00+00:00,2091.57,2096.98,2088.83,2094.44,1716.0
2026-06-13 08:19:00+00:00,2094.44,2095.0,2091.39,2093.03,1250.0
2026-06-13 08:24:00+00:00,2093.03,2093.05,2089.67,2089.71,983.0
2026-06-13 08:29:00+00:00,2089.71,2091.18,2087.97,2089.19,1326.0
2026-06-13 08:34:00+00:00,2089.19,2091.78,2085.88,2089.57,993.0
2026-06-13 08:39:00+00:00,2089.57,2092.04,2088.93,2091.03,1333.0
2026-06-13 08:44:00+00:00,2091.03,2091.46,2086.9,2088.1,1376.0
2026-06-13 08:49:00+00:00,2088.1,2088.44,2084.42,2085.36,1792.0
2026-06-13 08:54:00+00:00,2085.36,2091.46,2084.75,2090.77,1375.0
2026-06-13 08:59:00+00:00,2090.77,2094.09,2090.48,2093.59,764.0
2026-06-13 09:04:00+00:00,2093.59,2094.79,2088.7,2090.72,1765.0
2026-06-13 09:09:00+00:00,2090.72,2092.03,2085.06,2088.85,1567.0
2026-06-13 09:14:00+00:00,2088.85,2088.87,2083.33,2083.37,811.0
2026-06-13 09:19:00+00:00,2083.37,2086.21,2076.82,2078.64,988.0
2026-06-13 09:24:00+00:00,2078.64,2080.81,2073.51,2075.46,1261.0
2026-06-13 09:29:00+00:00,2075.46,2077.78,2068.96,2072.25,1408.0
2026-06-13 09:34:00+00:00,2072.25,2076.03,2070.54,2074.36,700.0
2026-06-13 09:39:00+00:00,2074.36,2075.38,2070.62,2073.01,973.0
2026-06-13 09:44:00+00:00,2073.01,2074.14,2066.03,2067.22,1079.0
2026-06-13 09:49:00+00:00,2067.22,2067.51,2066.54,2066.86,1553.0
2026-06-13 09:54:00+00:00,2066.86,2068.18,2060.69,2061.88,1772.0
2026-06-13 09:59:00+00:00,2061.88,2068.53,2061.08,2065.8,1609.0
2026-06-13 10:04:00+00:00,2065.8,2076.56,2064.53,2074.11,1292.0
2026-06-13 10:09:00+00:00,2074.11,2074.78,2070.96,2071.84,750.0
2026-06-13 10:14:00+00:00,2071.84,2072.5,2071.2,2071.94,829.0
2026-06-13 10:19:00+00:00,2071.94,2072.16,2068.41,2068.68,696.0
2026-06-13 10:24:00+00:00,2068.68,2073.16,2067.55,2072.23,888.0
2026-06-13 10:29:00+00:00,2072.23,2073.21,2071.67,2072.38,1449.0
2026-06-13 10:34:00+00:00,2072.38,2077.8,2066.4,2071.64,1326.0
2026-06-13 10:39:00+00:00,2071.64,2074.04,2068.6,2071.69,1498.0
2026-06-13 10:44:00+00:00,2071.69,2073.69,2071.6,2073.59,1152.0
2026-06-13 10:49:00+00:00,2073.59,2074.8,2069.88,2071.69,938.0
2026-06-13 10:54:00+00:00,2071.69,2073.86,2063.42,2065.73,624.0
2026-06-13 10:59:00+00:00,2065.73,2071.4,2058.03,2061.61,1322.0
2026-06-13 11:04:00+00:00,2061.61,2062.52,2058.46,2059.22,1327.0
2026-06-13 11:09:00+00:00,2059.22,2060.67,2051.66,2052.31,1611.0
2026-06-13 11:14:00+00:00,2052.31,2061.31,2049.39,2059.79,1177.0
2026-06-13 11:19:00+00:00,2059.79,2069.14,2057.98,2067.72,1245.0
2026-06-13 11:24:00+00:00,2067.72,2068.58,2065.49,2065.74,939.0
2026-06-13 11:29:00+00:00,2065.74,2068.63,2065.02,2066.98,1546.0
2026-06-13 11:34:00+00:00,2066.98,2073.95,2065.09,2072.56,1687.0
2026-06-13 11:39:00+00:00,2072.56,2074.86,2070.81,2071.93,804.0
2026-06-13 11:44:00+00:00,2071.93,2077.11,2071.77,2076.85,1196.0
2026-06-13 11:49:00+00:00,2076.85,2079.12,2075.63,2076.81,829.0
2026-06-13 11:54:00+00:00,2076.81,2081.42,2074.45,2078.4,788.0
2026-06-13 11:59:00+00:00,2078.4,2082.81,2075.93,2077.26,798.0
2026-06-13 12:04:00+00:00,2077.26,2080.97,2075.22,2078.95,606.0
2026-06-13 12:09:00+00:00,2078.95,2082.94,2076.34,2081.62,1047.0
2026-06-13 12:14:00+00:00,2081.62,2082.92,2081.06,2082.64,1240.0
2026-06-13 12:19:00+00:00,2082.64,2085.97,2080.93,2085.28,1036.0
2026-06-13 12:24:00+00:00,2085.28,2089.36,2084.29,2088.03,781.0
2026-06-13 12:29:00+00:00,2088.03,2088.45,2085.16,2085.66,1523.0
2026-06-13 12:34:00+00:00,2085.66,2085.66,2084.58,2084.58,1425.0
2026-06-13 12:39:00+00:00,2084.58,2085.43,2082.4,2083.28,1728.0
2026-06-13 12:44:00+00:00,2083.28,2094.49,2076.38,2088.91,1309.0
2026-06-13 12:49:00+00:00,2088.91,2094.52,2086.85,2091.29,1747.0
2026-06-13 12:54:00+00:00,2091.29,2091.63,2089.52,2089.84,955.0
2026-06-13 12:59:00+00:00,2089.84,2093.28,2077.7,2082.01,1121.0
2026-06-13 13:04:00+00:00,2082.01,2088.2,2081.3,2085.77,1474.0
2026-06-13 13:09:00+00:00,2085.77,2089.11,2083.99,2087.41,668.0
2026-06-13 13:14:00+00:00,2087.41,2095.16,2082.47,2090.19,711.0
2026-06-13 13:19:00+00:00,2090.19,2093.69,2079.15,2084.18,921.0
2026-06-13 13:24:00+00:00,2084.18,2086.34,2079.8,2081.33,1098.0
2026-06-13 13:29:00+00:00,2081.33,2083.16,2074.88,2077.02,784.0
2026-06-13 13:34:00+00:00,2077.02,2087.05,2075.32,2085.6,1770.0
2026-06-13 13:39:00+00:00,2085.6,2090.76,2084.16,2087.69,1644.0
2026-06-13 13:44:00+00:00,2087.69,2088.21,2084.93,2085.37,1672.0
2026-06-13 13:49:00+00:00,2085.37,2085.92,2082.39,2083.38,1037.0
2026-06-13 13:54:00+00:00,2083.38,2088.14,2082.23,2087.17,813.0
2026-06-13 13:59:00+00:00,2087.17,2091.71,2083.42,2086.91,1000.0
2026-06-13 14:04:00+00:00,2086.91,2089.76,2085.24,2087.81,1768.0
2026-06-13 14:09:00+00:00,2087.81,2088.5,2077.54,2079.61,685.0
2026-06-13 14:14:00+00:00,2079.61,2082.27,2075.46,2077.73,1707.0
2026-06-13 14:19:00+00:00,2077.73,2080.73,2077.6,2080.62,1547.0
2026-06-13 14:24:00+00:00,2080.62,2084.53,2077.53,2082.37,1578.0
2026-06-13 14:29:00+00:00,2082.37,2083.22,2079.44,2080.05,767.0
2026-06-13 14:34:00+00:00,2080.05,2082.29,2072.06,2073.97,785.0
2026-06-13 14:39:00+00:00,2073.97,2079.54,2071.65,2073.08,987.0
2026-06-13 14:44:00+00:00,2073.08,2077.99,2071.87,2077.61,1518.0
2026-06-13 14:49:00+00:00,2077.61,2080.27,2074.86,2078.93,1008.0
2026-06-13 14:54:00+00:00,2078.93,2079.58,2077.18,2078.05,1137.0
2026-06-13 14:59:00+00:00,2078.05,2078.29,2071.91,2072.51,1638.0
2026-06-13 15:04:00+00:00,2072.51,2073.83,2065.27,2067.58,1525.0
2026-06-13 15:09:00+00:00,2067.58,2072.37,2065.61,2069.79,1203.0
2026-06-13 15:14:00+00:00,2069.79,2076.99,2068.26,2073.93,1487.0
2026-06-13 15:19:00+00:00,2073.93,2075.68,2064.62,2069.41,1124.0
2026-06-13 15:24:00+00:00,2069.41,2069.76,2060.46,2061.62,1086.0
2026-06-13 15:29:00+00:00,2061.62,2064.52,2053.83,2057.58,1092.0
2026-06-13 15:34:00+00:00,2057.58,2057.84,2051.91,2052.11,1648.0
2026-06-13 15:39:00+00:00,2052.11,2054.22,2046.26,2049.06,1378.0
2026-06-13 15:44:00+00:00,2049.06,2051.95,2046.0,2048.1,851.0
2026-06-13 15:49:00+00:00,2048.1,2051.99,2043.05,2047.71,722.0
2026-06-13 15:54:00+00:00,2047.71,2051.05,2042.09,2045.84,1497.0
2026-06-13 15:59:00+00:00,2045.84,2055.64,2044.29,2054.22,1439.0
2026-06-13 16:04:00+00:00,2054.22,2059.26,2049.96,2058.31,1371.0
2026-06-13 16:09:00+00:00,2058.31,2063.14,2050.57,2055.14,1480.0
2026-06-13 16:14:00+00:00,2055.14,2058.09,2052.23,2055.66,729.0
2026-06-13 16:19:00+00:00,2055.66,2060.93,2049.61,2057.53,1529.0
2026-06-13 16:24:00+00:00,2057.53,2058.72,2052.68,2053.01,1281.0
2026-06-13 16:29:00+00:00,2053.01,2059.63,2051.41,2056.89,1291.0
2026-06-13 16:34:00+00:00,2056.89,2061.03,2056.43,2060.3,1201.0
2026-06-13 16:39:00+00:00,2060.3,2064.77,2060.24,2064.72,1214.0
2026-06-13 16:44:00+00:00,2064.72,2064.95,2060.24,2060.42,767.0
2026-06-13 16:49:00+00:00,2060.42,2063.97,2058.4,2061.39,1011.0
2026-06-13 16:54:00+00:00,2061.39,2062.19,2058.2,2058.53,1065.0
2026-06-13 16:59:00+00:00,2058.53,2059.03,2054.54,2055.76,609.0
2026-06-13 17:04:00+00:00,2055.76,2057.36,2050.63,2053.28,455.0
2026-06-13 17:09:00+00:00,2053.28,2055.45,2052.03,2054.4,869.0
2026-06-13 17:14:00+00:00,2054.4,2056.14,2048.39,2050.69,583.0
2026-06-13 17:19:00+00:00,2050.69,2053.64,2050.44,2052.79,997.0
2026-06-13 17:24:00+00:00,2052.79,2053.32,2052.7,2053.11,808.0
2026-06-13 17:29:00+00:00,2053.11,2055.56,2046.09,2050.91,727.0
2026-06-13 17:34:00+00:00,2050.91,2055.03,2045.72,2047.67,683.0
2026-06-13 17:39:00+00:00,2047.67,2052.72,2036.96,2041.94,476.0
2026-06-13 17:44:00+00:00,2041.94,2047.25,2038.96,2041.39,494.0
2026-06-13 17:49:00+00:00,2041.39,2044.78,2039.53,2043.86,718.0
2026-06-13 17:54:00+00:00,2043.86,2045.48,2041.08,2042.21,502.0
2026-06-13 17:59:00+00:00,2042.21,2043.62,2030.97,2033.98,952.0
2026-06-13 18:04:00+00:00,2033.98,2037.53,2024.51,2028.28,670.0
2026-06-13 18:09:00+00:00,2028.28,2034.57,2017.63,2022.06,429.0
2026-06-13 18:14:00+00:00,2022.06,2023.26,2021.18,2021.51,910.0
2026-06-13 18:19:00+00:00,2021.51,2022.3,2018.79,2019.55,560.0
2026-06-13 18:24:00+00:00,2019.55,2023.78,2009.15,2012.86,729.0
2026-06-13 18:29:00+00:00,2012.86,2013.2,2012.07,2012.39,795.0
2026-06-13 18:34:00+00:00,2012.39,2014.6,2008.63,2010.87,707.0
2026-06-13 18:39:00+00:00,2010.87,2012.29,2008.38,2010.17,828.0
2026-06-13 18:44:00+00:00,2010.17,2013.61,2005.79,2011.58,572.0
2026-06-13 18:49:00+00:00,2011.58,2012.67,2003.79,2004.28,594.0
2026-06-13 18:54:00+00:00,2004.28,2004.96,2000.98,2002.23,591.0
2026-06-13 18:59:00+00:00,2002.23,2002.68,1999.7,2000.0,615.0
2026-06-13 19:04:00+00:00,2000.0,2001.72,1999.86,2001.53,957.0
2026-06-13 19:09:00+00:00,2001.53,2008.52,1998.84,2006.27,945.0
2026-06-13 19:14:00+00:00,2006.27,2006.62,2006.08,2006.56,452.0
2026-06-13 19:19:00+00:00,2006.56,2011.73,2005.76,2010.2,917.0
2026-06-13 19:24:00+00:00,2010.2,2016.81,2004.78,2010.08,634.0
2026-06-13 19:29:00+00:00,2010.08,2010.09,2007.21,2007.23,574.0
2026-06-13 19:34:00+00:00,2007.23,2007.74,2007.13,2007.7,534.0
2026-06-13 19:39:00+00:00,2007.7,2009.49,2003.49,2005.39,505.0
2026-06-13 19:44:00+00:00,2005.39,2006.69,2003.51,2004.55,1007.0
2026-06-13 19:49:00+00:00,2004.55,2008.55,2000.18,2002.82,602.0
2026-06-13 19:54:00+00:00,2002.82,2004.78,2001.24,2002.63,782.0
2026-06-13 19:59:00+00:00,2002.63,2003.13,1998.0,1998.56,974.0
2026-06-13 20:04:00+00:00,1998.56,2000.42,1998.2,1999.81,471.0
2026-06-13 20:09:00+00:00,1999.81,2002.97,1992.45,1996.12,918.0
2026-06-13 20:14:00+00:00,1996.12,1998.3,1985.53,1987.2,577.0
2026-06-13 20:19:00+00:00,1987.2,1988.68,1981.21,1983.4,860.0
2026-06-13 20:24:00+00:00,1983.4,1989.9,1981.72,1985.2,473.0
2026-06-13 20:29:00+00:00,1985.2,1987.07,1983.83,1985.36,830.0
2026-06-13 20:34:00+00:00,1985.36,1986.76,1978.05,1978.8,1029.0
2026-06-13 20:39:00+00:00,1978.8,1978.85,1973.86,1973.97,898.0
2026-06-13 20:44:00+00:00,1973.97,1977.76,1970.11,1972.49,452.0
2026-06-13 20:49:00+00:00,1972.49,1975.38,1965.35,1967.15,542.0
2026-06-13 20:54:00+00:00,1967.15,1970.24,1966.1,1966.95,873.0
2026-06-13 20:59:00+00:00,1966.95,1975.66,1964.57,1972.65,922.0
2026-06-13 21:04:00+00:00,1972.65,1973.56,1966.76,1968.66,790.0
2026-06-13 21:09:00+00:00,1968.66,1970.84,1967.33,1970.27,947.0
2026-06-13 21:14:00+00:00,1970.27,1972.01,1968.14,1970.91,984.0
2026-06-13 21:19:00+00:00,1970.91,1972.47,1966.94,1968.84,683.0
2026-06-13 21:24:00+00:00,1968.84,1973.01,1967.31,1971.9,701.0
2026-06-13 21:29:00+00:00,1971.9,1973.14,1969.99,1970.8,803.0
2026-06-13 21:34:00+00:00,1970.8,1974.17,1970.31,1973.25,998.0
2026-06-13 21:39:00+00:00,1973.25,1974.06,1970.45,1970.85,726.0
2026-06-13 21:44:00+00:00,1970.85,1980.19,1966.89,1974.25,761.0
2026-06-13 21:49:00+00:00,1974.25,1974.42,1973.87,1974.03,628.0
2026-06-13 21:54:00+00:00,1974.03,1978.56,1972.63,1975.1,932.0
2026-06-13 21:59:00+00:00,1975.1,1976.94,1974.9,1976.68,836.0
2026-06-13 22:04:00+00:00,1976.68,1976.74,1974.0,1974.03,685.0
2026-06-13 22:09:00+00:00,1974.03,1975.58,1973.76,1975.19,766.0
2026-06-13 22:14:00+00:00,1975.19,1982.15,1974.8,1981.68,951.0
2026-06-13 22:19:00+00:00,1981.68,1986.79,1979.15,1984.71,361.0
2026-06-13 22:24:00+00:00,1984.71,1987.28,1977.99,1981.63,993.0
2026-06-13 22:29:00+00:00,1981.63,1983.81,1971.0,1977.41,740.0
2026-06-13 22:34:00+00:00,1977.41,1979.59,1966.43,1973.17,376.0
2026-06-13 22:39:00+00:00,1973.17,1977.1,1966.57,1971.48,942.0
2026-06-13 22:44:00+00:00,1971.48,1976.77,1971.46,1976.74,766.0
2026-06-13 22:49:00+00:00,1976.74,1980.24,1974.19,1977.96,535.0
2026-06-13 22:54:00+00:00,1977.96,1984.87,1977.03,1982.49,449.0
2026-06-13 22:59:00+00:00,1982.49,1985.48,1980.62,1984.48,998.0
2026-06-13 23:04:00+00:00,1984.48,1986.49,1981.4,1982.19,448.0
2026-06-13 23:09:00+00:00,1982.19,1986.15,1981.37,1985.11,510.0
2026-06-13 23:14:00+00:00,1985.11,1991.47,1980.26,1985.84,860.0
2026-06-13 23:19:00+00:00,1985.84,1995.16,1984.53,1994.75,591.0
2026-06-13 23:24:00+00:00,1994.75,1995.59,1993.77,1995.09,402.0
2026-06-13 23:29:00+00:00,1995.09,1996.14,1992.34,1994.96,481.0
2026-06-13 23:34:00+00:00,1994.96,1995.68,1993.68,1994.38,960.0
2026-06-13 23:39:00+00:00,1994.38,1995.15,1984.48,1985.35,731.0
2026-06-13 23:44:00+00:00,1985.35,1994.53,1975.93,1983.78,990.0
2026-06-13 23:49:00+00:00,1983.78,1986.72,1983.54,1986.54,418.0
2026-06-13 23:54:00+00:00,1986.54,1990.43,1985.25,1988.99,473.0
2026-06-13 23:59:00+00:00,1988.99,1989.69,1987.44,1988.64,494.0
2026-06-14 00:04:00+00:00,1988.64,1990.86,1983.8,1989.56,677.0
2026-06-14 00:09:00+00:00,1989.56,1990.39,1985.03,1986.44,738.0
2026-06-14 00:14:00+00:00,1986.44,1990.69,1986.26,1990.5,832.0
2026-06-14 00:19:00+00:00,1990.5,1991.25,1984.78,1986.09,470.0
2026-06-14 00:24:00+00:00,1986.09,1987.09,1984.89,1985.42,683.0
2026-06-14 00:29:00+00:00,1985.42,1990.31,1980.14,1987.83,799.0
2026-06-14 00:34:00+00:00,1987.83,1988.17,1985.04,1985.26,970.0
2026-06-14 00:39:00+00:00,1985.26,1988.85,1984.15,1986.65,829.0
2026-06-14 00:44:00+00:00,1986.65,1986.88,1985.18,1985.85,604.0
2026-06-14 00:49:00+00:00,1985.85,1990.59,1985.5,1989.73,929.0
2026-06-14 00:54:00+00:00,1989.73,1994.13,1985.19,1987.48,678.0
2026-06-14 00:59:00+00:00,1987.48,1992.61,1985.62,1990.67,872.0
2026-06-14 01:04:00+00:00,1990.67,1991.89,1988.5,1989.36,350.0
2026-06-14 01:09:00+00:00,1989.36,1991.78,1988.12,1990.88,789.0
2026-06-14 01:14:00+00:00,1990.88,1993.18,1989.65,1991.38,1010.0
2026-06-14 01:19:00+00:00,1991.38,1992.97,1979.35,1982.08,373.0
2026-06-14 01:24:00+00:00,1982.08,1982.78,1980.75,1981.31,706.0
2026-06-14 01:29:00+00:00,1981.31,1982.98,1980.36,1981.79,1019.0
2026-06-14 01:34:00+00:00,1981.79,1982.07,1977.23,1977.41,460.0
2026-06-14 01:39:00+00:00,1977.41,1977.74,1971.45,1971.72,585.0
2026-06-14 01:44:00+00:00,1971.72,1980.91,1967.5,1976.63,1006.0
2026-06-14 01:49:00+00:00,1976.63,1982.83,1975.93,1981.94,671.0
2026-06-14 01:54:00+00:00,1981.94,1983.33,1977.87,1979.09,823.0
2026-06-14 01:59:00+00:00,1979.09,1980.58,1978.15,1979.5,779.0
2026-06-14 02:04:00+00:00,1979.5,1981.11,1979.02,1980.44,541.0
2026-06-14 02:09:00+00:00,1980.44,1983.08,1976.31,1979.39,353.0
2026-06-14 02:14:00+00:00,1979.39,1981.25,1978.36,1980.25,944.0
2026-06-14 02:19:00+00:00,1980.25,1981.82,1976.02,1976.53,786.0
2026-06-14 02:24:00+00:00,1976.53,1976.58,1976.16,1976.18,546.0
2026-06-14 02:29:00+00:00,1976.18,1982.12,1974.41,1981.16,371.0
2026-06-14 02:34:00+00:00,1981.16,1985.25,1979.31,1983.25,559.0
2026-06-14 02:39:00+00:00,1983.25,1985.75,1980.37,1981.75,606.0
2026-06-14 02:44:00+00:00,1981.75,1986.28,1977.99,1983.51,967.0
2026-06-14 02:49:00+00:00,1983.51,1989.46,1982.87,1989.06,844.0
2026-06-14 02:54:00+00:00,1989.06,1989.52,1987.32,1988.49,461.0
2026-06-14 02:59:00+00:00,1988.49,1988.89,1984.63,1985.07,927.0
2026-06-14 03:04:00+00:00,1985.07,1985.24,1983.63,1983.91,921.0
2026-06-14 03:09:00+00:00,1983.91,1985.4,1977.1,1978.18,376.0
2026-06-14 03:14:00+00:00,1978.18,1983.76,1975.7,1980.95,700.0
2026-06-14 03:19:00+00:00,1980.95,1984.54,1974.75,1978.36,876.0
2026-06-14 03:24:00+00:00,1978.36,1980.31,1973.99,1976.54,694.0
2026-06-14 03:29:00+00:00,1976.54,1976.71,1972.6,1972.97,365.0
2026-06-14 03:34:00+00:00,1972.97,1973.99,1972.27,1973.66,620.0
2026-06-14 03:39:00+00:00,1973.66,1976.74,1972.6,1974.32,858.0
2026-06-14 03:44:00+00:00,1974.32,1983.39,1972.41,1982.11,562.0
2026-06-14 03:49:00+00:00,1982.11,1983.12,1977.75,1979.34,702.0
2026-06-14 03:54:00+00:00,1979.34,1981.73,1978.91,1981.33,770.0
2026-06-14 03:59:00+00:00,1981.33,1984.19,1980.15,1982.42,494.0
2026-06-14 04:04:00+00:00,1982.42,1985.68,1980.62,1982.43,500.0
2026-06-14 04:09:00+00:00,1982.43,1982.48,1975.02,1975.23,501.0
2026-06-14 04:14:00+00:00,1975.23,1975.68,1972.49,1972.91,530.0
2026-06-14 04:19:00+00:00,1972.91,1976.32,1971.4,1974.3,428.0
2026-06-14 04:24:00+00:00,1974.3,1980.26,1971.37,1978.89,524.0
2026-06-14 04:29:00+00:00,1978.89,1981.29,1978.54,1980.71,1020.0
2026-06-14 04:34:00+00:00,1980.71,1983.24,1976.5,1978.59,528.0
2026-06-14 04:39:00+00:00,1978.59,1983.43,1977.55,1982.07,562.0
2026-06-14 04:44:00+00:00,1982.07,1982.19,1979.14,1979.25,513.0
2026-06-14 04:49:00+00:00,1979.25,1979.93,1973.19,1974.66,878.0
2026-06-14 04:54:00+00:00,1974.66,1975.36,1968.9,1971.05,635.0
2026-06-14 04:59:00+00:00,1971.05,1973.92,1970.34,1973.23,558.0
2026-06-14 05:04:00+00:00,1973.23,1977.53,1970.76,1975.24,855.0
2026-06-14 05:09:00+00:00,1975.24,1976.04,1973.15,1973.97,634.0
2026-06-14 05:14:00+00:00,1973.97,1977.74,1973.74,1977.68,778.0
2026-06-14 05:19:00+00:00,1977.68,1981.1,1977.42,1980.67,503.0
2026-06-14 05:24:00+00:00,1980.67,1983.88,1980.3,1983.33,945.0
2026-06-14 05:29:00+00:00,1983.33,1985.85,1983.23,1985.62,578.0
2026-06-14 05:34:00+00:00,1985.62,1986.85,1985.56,1986.78,754.0
2026-06-14 05:39:00+00:00,1986.78,1989.84,1980.4,1985.8,478.0
2026-06-14 05:44:00+00:00,1985.8,1990.54,1985.76,1990.53,378.0
2026-06-14 05:49:00+00:00,1990.53,1990.53,1985.59,1985.59,1030.0
2026-06-14 05:54:00+00:00,1985.59,1991.84,1984.82,1990.4,949.0
2026-06-14 05:59:00+00:00,1990.4,2000.25,1988.41,1997.92,687.0
2026-06-14 06:04:00+00:00,1997.92,1998.99,1992.19,1993.3,576.0
2026-06-14 06:09:00+00:00,1993.3,1994.76,1991.91,1993.23,875.0
2026-06-14 06:14:00+00:00,1993.23,1995.75,1991.28,1994.06,734.0
2026-06-14 06:19:00+00:00,1994.06,1995.46,1989.49,1993.58,865.0
2026-06-14 06:24:00+00:00,1993.58,1999.95,1989.65,1997.33,898.0
2026-06-14 06:29:00+00:00,1997.33,1997.71,1994.6,1995.08,670.0
2026-06-14 06:34:00+00:00,1995.08,2001.84,1993.75,2000.59,825.0
2026-06-14 06:39:00+00:00,2000.59,2008.71,1990.29,1998.9,907.0
2026-06-14 06:44:00+00:00,1998.9,2004.51,1997.11,2000.04,708.0
2026-06-14 06:49:00+00:00,2000.04,2001.08,1993.9,1998.62,707.0
2026-06-14 06:54:00+00:00,1998.62,2000.76,1996.72,1998.87,693.0
2026-06-14 06:59:00+00:00,1998.87,2000.44,1996.66,1998.25,811.0
2026-06-14 07:04:00+00:00,1998.25,2005.1,1995.02,2001.93,727.0
2026-06-14 07:09:00+00:00,2001.93,2004.16,1999.79,2003.36,760.0
2026-06-14 07:14:00+00:00,2003.36,2005.75,2001.99,2005.33,1546.0
2026-06-14 07:19:00+00:00,2005.33,2005.66,2004.3,2004.66,1131.0
2026-06-14 07:24:00+00:00,2004.66,2007.27,2002.35,2004.08,1102.0
2026-06-14 07:29:00+00:00,2004.08,2013.14,2003.5,2012.53,1369.0
2026-06-14 07:34:00+00:00,2012.53,2012.55,2010.22,2010.28,1418.0
2026-06-14 07:39:00+00:00,2010.28,2015.5,2008.96,2014.84,1387.0
2026-06-14 07:44:00+00:00,2014.84,2015.14,2005.96,2006.67,1389.0
2026-06-14 07:49:00+00:00,2006.67,2013.01,1995.49,2002.29,944.0
2026-06-14 07:54:00+00:00,2002.29,2008.45,1997.75,2004.52,906.0
2026-06-14 07:59:00+00:00,2004.52,2009.27,2002.38,2008.17,1254.0
2026-06-14 08:04:00+00:00,2008.17,2009.45,2005.88,2006.87,1194.0
2026-06-14 08:09:00+00:00,2006.87,2006.96,2006.11,2006.15,1393.0
2026-06-14 08:14:00+00:00,2006.15,2008.45,1999.04,2002.5,707.0
2026-06-14 08:19:00+00:00,2002.5,2006.23,1995.56,2000.37,605.0
2026-06-14 08:24:00+00:00,2000.37,2003.69,1995.39,1999.29,672.0
2026-06-14 08:29:00+00:00,1999.29,1999.99,1997.82,1998.56,844.0
2026-06-14 08:34:00+00:00,1998.56,2001.03,1993.52,1997.24,1022.0
2026-06-14 08:39:00+00:00,1997.24,2001.91,1987.92,1992.11,1642.0
2026-06-14 08:44:00+00:00,1992.11,1993.42,1984.08,1985.35,1243.0
2026-06-14 08:49:00+00:00,1985.35,1991.28,1971.96,1976.48,1511.0
2026-06-14 08:54:00+00:00,1976.48,1978.05,1975.21,1977.56,916.0
2026-06-14 08:59:00+00:00,1977.56,1983.21,1977.53,1983.16,1211.0
2026-06-14 09:04:00+00:00,1983.16,1987.06,1981.62,1985.29,1386.0
2026-06-14 09:09:00+00:00,1985.29,1989.69,1984.91,1988.68,948.0
2026-06-14 09:14:00+00:00,1988.68,1993.28,1983.19,1987.5,1364.0
2026-06-14 09:19:00+00:00,1987.5,1992.58,1987.01,1991.92,878.0
2026-06-14 09:24:00+00:00,1991.92,1992.93,1990.94,1992.15,1575.0
2026-06-14 09:29:00+00:00,1992.15,1995.2,1992.13,1995.16,1051.0
2026-06-14 09:34:00+00:00,1995.16,2000.89,1989.22,1994.75,865.0
2026-06-14 09:39:00+00:00,1994.75,1995.51,1992.05,1993.95,1711.0
2026-06-14 09:44:00+00:00,1993.95,1994.55,1992.23,1993.62,1737.0
2026-06-14 09:49:00+00:00,1993.62,1994.22,1987.59,1989.23,918.0
2026-06-14 09:54:00+00:00,1989.23,1989.26,1987.08,1987.15,1340.0
2026-06-14 09:59:00+00:00,1987.15,1991.41,1980.62,1983.32,900.0
2026-06-14 10:04:00+00:00,1983.32,1983.35,1983.01,1983.04,1274.0
2026-06-14 10:09:00+00:00,1983.04,1984.19,1977.55,1979.13,1604.0
2026-06-14 10:14:00+00:00,1979.13,1981.86,1970.46,1973.64,788.0
2026-06-14 10:19:00+00:00,1973.64,1975.9,1973.58,1975.87,1320.0
2026-06-14 10:24:00+00:00,1975.87,1976.32,1972.74,1973.67,944.0
2026-06-14 10:29:00+00:00,1973.67,1975.99,1966.91,1968.42,701.0
2026-06-14 10:34:00+00:00,1968.42,1969.53,1966.15,1966.65,1257.0
2026-06-14 10:39:00+00:00,1966.65,1967.56,1965.31,1966.02,1805.0
2026-06-14 10:44:00+00:00,1966.02,1970.16,1964.61,1968.4,1711.0
2026-06-14 10:49:00+00:00,1968.4,1970.07,1960.56,1962.17,700.0
2026-06-14 10:54:00+00:00,1962.17,1964.9,1961.96,1964.67,1093.0
2026-06-14 10:59:00+00:00,1964.67,1964.86,1963.87,1964.0,1050.0
2026-06-14 11:04:00+00:00,1964.0,1964.38,1962.31,1962.42,942.0
2026-06-14 11:09:00+00:00,1962.42,1968.13,1959.92,1964.78,1798.0
2026-06-14 11:14:00+00:00,1964.78,1969.76,1963.64,1967.54,1127.0
2026-06-14 11:19:00+00:00,1967.54,1970.13,1960.06,1962.61,1049.0
2026-06-14 11:24:00+00:00,1962.61,1963.7,1960.94,1961.43,1579.0
2026-06-14 11:29:00+00:00,1961.43,1966.6,1958.92,1963.65,689.0
2026-06-14 11:34:00+00:00,1963.65,1964.66,1961.41,1962.01,1112.0
2026-06-14 11:39:00+00:00,1962.01,1964.82,1961.45,1963.83,1742.0
2026-06-14 11:44:00+00:00,1963.83,1967.88,1959.06,1961.14,1392.0
2026-06-14 11:49:00+00:00,1961.14,1961.18,1954.07,1954.15,1011.0
2026-06-14 11:54:00+00:00,1954.15,1957.49,1952.65,1956.37,902.0
2026-06-14 11:59:00+00:00,1956.37,1958.65,1948.97,1951.39,1600.0
2026-06-14 12:04:00+00:00,1951.39,1955.38,1950.57,1954.57,1054.0
2026-06-14 12:09:00+00:00,1954.57,1955.3,1950.86,1951.24,735.0
2026-06-14 12:14:00+00:00,1951.24,1953.25,1949.2,1952.74,1719.0
2026-06-14 12:19:00+00:00,1952.74,1955.86,1946.46,1948.32,1144.0
2026-06-14 12:24:00+00:00,1948.32,1950.82,1939.55,1944.2,977.0
2026-06-14 12:29:00+00:00,1944.2,1946.99,1941.63,1943.47,731.0
2026-06-14 12:34:00+00:00,1943.47,1944.33,1943.39,1944.03,1796.0
2026-06-14 12:39:00+00:00,1944.03,1944.91,1939.34,1939.9,1184.0
2026-06-14 12:44:00+00:00,1939.9,1943.5,1935.22,1938.24,1387.0
2026-06-14 12:49:00+00:00,1938.24,1940.57,1934.84,1938.77,1736.0
2026-06-14 12:54:00+00:00,1938.77,1943.3,1932.98,1937.14,1394.0
2026-06-14 12:59:00+00:00,1937.14,1937.37,1935.4,1935.79,606.0
2026-06-14 13:04:00+00:00,1935.79,1939.76,1929.06,1934.39,783.0
2026-06-14 13:09:00+00:00,1934.39,1935.14,1930.49,1930.74,749.0
2026-06-14 13:14:00+00:00,1930.74,1931.86,1923.87,1929.11,1630.0
2026-06-14 13:19:00+00:00,1929.11,1930.17,1925.4,1926.24,1508.0
2026-06-14 13:24:00+00:00,1926.24,1927.23,1925.25,1926.37,1313.0
2026-06-14 13:29:00+00:00,1926.37,1926.88,1921.03,1921.42,1722.0
2026-06-14 13:34:00+00:00,1921.42,1922.08,1920.2,1921.35,1156.0
2026-06-14 13:39:00+00:00,1921.35,1922.69,1920.09,1920.41,776.0
2026-06-14 13:44:00+00:00,1920.41,1923.87,1919.82,1923.23,1326.0
2026-06-14 13:49:00+00:00,1923.23,1926.17,1922.84,1924.95,1319.0
2026-06-14 13:54:00+00:00,1924.95,1926.89,1922.37,1925.53,1558.0
2026-06-14 13:59:00+00:00,1925.53,1929.34,1924.12,1928.23,1721.0
2026-06-14 14:04:00+00:00,1928.23,1928.98,1925.2,1925.44,603.0
2026-06-14 14:09:00+00:00,1925.44,1925.89,1922.89,1923.24,1746.0
2026-06-14 14:14:00+00:00,1923.24,1926.03,1922.54,1925.23,914.0
2026-06-14 14:19:00+00:00,1925.23,1927.99,1923.46,1926.3,678.0
2026-06-14 14:24:00+00:00,1926.3,1927.18,1921.46,1923.04,1603.0
2026-06-14 14:29:00+00:00,1923.04,1923.44,1915.09,1915.41,1506.0
2026-06-14 14:34:00+00:00,1915.41,1916.07,1911.71,1912.1,1190.0
2026-06-14 14:39:00+00:00,1912.1,1918.14,1911.68,1917.53,1070.0
2026-06-14 14:44:00+00:00,1917.53,1918.15,1913.83,1914.34,1554.0
2026-06-14 14:49:00+00:00,1914.34,1916.95,1912.23,1915.3,903.0
2026-06-14 14:54:00+00:00,1915.3,1917.61,1908.9,1911.89,659.0
2026-06-14 14:59:00+00:00,1911.89,1913.0,1907.63,1908.3,1698.0
2026-06-14 15:04:00+00:00,1908.3,1911.52,1899.37,1901.65,672.0
2026-06-14 15:09:00+00:00,1901.65,1903.02,1897.69,1898.33,988.0
2026-06-14 15:14:00+00:00,1898.33,1900.48,1898.25,1900.33,1603.0
2026-06-14 15:19:00+00:00,1900.33,1904.16,1895.12,1898.7,1337.0
2026-06-14 15:24:00+00:00,1898.7,1901.46,1898.26,1900.93,1606.0
2026-06-14 15:29:00+00:00,1900.93,1901.87,1897.29,1898.26,1754.0
2026-06-14 15:34:00+00:00,1898.26,1900.95,1897.26,1899.72,1525.0
2026-06-14 15:39:00+00:00,1899.72,1899.97,1896.96,1897.41,965.0
2026-06-14 15:44:00+00:00,1897.41,1898.05,1891.25,1892.74,1120.0
2026-06-14 15:49:00+00:00,1892.74,1892.91,1886.68,1887.47,1326.0
2026-06-14 15:54:00+00:00,1887.47,1888.66,1881.87,1882.92,1488.0
2026-06-14 15:59:00+00:00,1882.92,1885.85,1879.47,1883.55,843.0
2026-06-14 16:04:00+00:00,1883.55,1883.91,1878.54,1878.79,1130.0
2026-06-14 16:09:00+00:00,1878.79,1879.69,1877.02,1878.53,612.0
2026-06-14 16:14:00+00:00,1878.53,1879.38,1878.28,1878.57,841.0
2026-06-14 16:19:00+00:00,1878.57,1880.37,1872.54,1876.8,1539.0
2026-06-14 16:24:00+00:00,1876.8,1879.85,1872.19,1873.18,1686.0
2026-06-14 16:29:00+00:00,1873.18,1876.41,1870.15,1875.21,986.0
2026-06-14 16:34:00+00:00,1875.21,1880.79,1869.03,1875.28,1091.0
2026-06-14 16:39:00+00:00,1875.28,1875.5,1873.89,1874.16,1351.0
2026-06-14 16:44:00+00:00,1874.16,1875.78,1866.81,1871.09,1345.0
2026-06-14 16:49:00+00:00,1871.09,1875.23,1868.72,1873.14,1460.0
2026-06-14 16:54:00+00:00,1873.14,1877.12,1868.29,1869.31,682.0
2026-06-14 16:59:00+00:00,1869.31,1870.22,1865.88,1866.59,885.0
2026-06-14 17:04:00+00:00,1866.59,1866.73,1865.44,1865.5,1014.0
2026-06-14 17:09:00+00:00,1865.5,1866.91,1863.93,1864.91,863.0
2026-06-14 17:14:00+00:00,1864.91,1869.75,1864.29,1869.25,676.0
2026-06-14 17:19:00+00:00,1869.25,1870.14,1865.84,1866.55,406.0
2026-06-14 17:24:00+00:00,1866.55,1867.63,1862.04,1864.52,853.0
2026-06-14 17:29:00+00:00,1864.52,1866.0,1864.06,1864.61,876.0
2026-06-14 17:34:00+00:00,1864.61,1869.51,1864.02,1868.67,666.0
2026-06-14 17:39:00+00:00,1868.67,1873.15,1867.55,1871.74,428.0
2026-06-14 17:44:00+00:00,1871.74,1872.49,1869.13,1869.57,742.0
2026-06-14 17:49:00+00:00,1869.57,1873.46,1869.47,1873.32,858.0
2026-06-14 17:54:00+00:00,1873.32,1878.6,1871.49,1876.7,954.0
2026-06-14 17:59:00+00:00,1876.7,1879.84,1869.8,1871.1,421.0
2026-06-14 18:04:00+00:00,1871.1,1871.6,1868.83,1869.29,803.0
2026-06-14 18:09:00+00:00,1869.29,1871.66,1861.82,1863.09,652.0
2026-06-14 18:14:00+00:00,1863.09,1863.72,1857.43,1858.35,1028.0
2026-06-14 18:19:00+00:00,1858.35,1858.83,1854.66,1855.72,503.0
2026-06-14 18:24:00+00:00,1855.72,1855.74,1853.05,1853.09,606.0
2026-06-14 18:29:00+00:00,1853.09,1855.44,1851.53,1854.03,820.0
2026-06-14 18:34:00+00:00,1854.03,1857.59,1852.74,1856.54,1008.0
2026-06-14 18:39:00+00:00,1856.54,1859.0,1853.66,1855.15,633.0
2026-06-14 18:44:00+00:00,1855.15,1855.34,1851.66,1851.76,830.0
2026-06-14 18:49:00+00:00,1851.76,1853.41,1846.29,1847.74,584.0
2026-06-14 18:54:00+00:00,1847.74,1849.05,1845.63,1847.29,1007.0
2026-06-14 18:59:00+00:00,1847.29,1848.08,1843.82,1845.24,535.0
2026-06-14 19:04:00+00:00,1845.24,1845.54,1839.55,1839.72,843.0
2026-06-14 19:09:00+00:00,1839.72,1841.66,1834.75,1836.43,787.0
2026-06-14 19:14:00+00:00,1836.43,1839.17,1832.8,1836.36,707.0
2026-06-14 19:19:00+00:00,1836.36,1836.96,1834.71,1835.03,577.0
2026-06-14 19:24:00+00:00,1835.03,1836.47,1832.4,1833.79,828.0
2026-06-14 19:29:00+00:00,1833.79,1836.1,1832.01,1834.37,1020.0
2026-06-14 19:34:00+00:00,1834.37,1834.57,1828.42,1829.19,559.0
2026-06-14 19:39:00+00:00,1829.19,1830.44,1823.96,1827.8,844.0
2026-06-14 19:44:00+00:00,1827.8,1828.57,1827.73,1828.46,460.0
2026-06-14 19:49:00+00:00,1828.46,1830.3,1823.38,1825.31,348.0
2026-06-14 19:54:00+00:00,1825.31,1828.17,1823.5,1825.7,390.0
2026-06-14 19:59:00+00:00,1825.7,1835.36,1823.4,1831.5,874.0
2026-06-14 20:04:00+00:00,1831.5,1834.22,1829.81,1832.2,381.0
2026-06-14 20:09:00+00:00,1832.2,1833.67,1830.35,1831.27,964.0
2026-06-14 20:14:00+00:00,1831.27,1834.81,1830.02,1833.48,1003.0
2026-06-14 20:19:00+00:00,1833.48,1834.12,1825.46,1826.63,778.0
2026-06-14 20:24:00+00:00,1826.63,1827.12,1823.06,1823.4,583.0
2026-06-14 20:29:00+00:00,1823.4,1828.08,1813.41,1821.2,537.0
2026-06-14 20:34:00+00:00,1821.2,1821.82,1816.29,1816.92,451.0
2026-06-14 20:39:00+00:00,1816.92,1817.51,1814.64,1815.63,398.0
2026-06-14 20:44:00+00:00,1815.63,1816.68,1815.53,1816.51,361.0
2026-06-14 20:49:00+00:00,1816.51,1817.57,1812.94,1813.92,781.0
2026-06-14 20:54:00+00:00,1813.92,1818.88,1813.21,1818.04,426.0
2026-06-14 20:59:00+00:00,1818.04,1818.99,1812.19,1814.05,955.0
2026-06-14 21:04:00+00:00,1814.05,1816.32,1812.22,1814.16,493.0
2026-06-14 21:09:00+00:00,1814.16,1822.75,1810.25,1816.82,566.0
2026-06-14 21:14:00+00:00,1816.82,1817.25,1815.78,1816.55,528.0
2026-06-14 21:19:00+00:00,1816.55,1819.03,1808.88,1815.39,833.0
2026-06-14 21:24:00+00:00,1815.39,1817.8,1814.38,1815.61,533.0
2026-06-14 21:29:00+00:00,1815.61,1820.86,1813.71,1818.33,818.0
2026-06-14 21:34:00+00:00,1818.33,1823.57,1815.06,1820.05,874.0
2026-06-14 21:39:00+00:00,1820.05,1822.2,1819.61,1821.57,742.0
2026-06-14 21:44:00+00:00,1821.57,1822.59,1821.33,1822.26,425.0
2026-06-14 21:49:00+00:00,1822.26,1824.54,1818.77,1820.67,774.0
2026-06-14 21:54:00+00:00,1820.67,1825.31,1818.83,1822.25,591.0
2026-06-14 21:59:00+00:00,1822.25,1828.15,1820.11,1824.51,993.0
2026-06-14 22:04:00+00:00,1824.51,1825.19,1824.09,1824.82,902.0
2026-06-14 22:09:00+00:00,1824.82,1826.82,1822.96,1826.15,899.0
2026-06-14 22:14:00+00:00,1826.15,1826.98,1822.38,1822.92,724.0
2026-06-14 22:19:00+00:00,1822.92,1825.12,1817.5,1819.8,991.0
2026-06-14 22:24:00+00:00,1819.8,1820.64,1817.32,1817.72,1009.0
2026-06-14 22:29:00+00:00,1817.72,1820.52,1817.09,1820.25,997.0
2026-06-14 22:34:00+00:00,1820.25,1825.75,1816.72,1822.89,692.0
2026-06-14 22:39:00+00:00,1822.89,1823.24,1821.17,1822.34,463.0
2026-06-14 22:44:00+00:00,1822.34,1828.57,1820.35,1824.7,658.0
2026-06-14 22:49:00+00:00,1824.7,1825.67,1823.0,1824.53,813.0
2026-06-14 22:54:00+00:00,1824.53,1826.54,1823.46,1825.15,548.0
2026-06-14 22:59:00+00:00,1825.15,1829.68,1818.56,1822.01,826.0
2026-06-14 23:04:00+00:00,1822.01,1822.45,1821.5,1822.17,567.0
2026-06-14 23:09:00+00:00,1822.17,1827.38,1819.15,1824.13,795.0
2026-06-14 23:14:00+00:00,1824.13,1824.18,1823.69,1823.72,582.0
2026-06-14 23:19:00+00:00,1823.72,1827.26,1822.53,1825.45,743.0
2026-06-14 23:24:00+00:00,1825.45,1830.89,1822.5,1828.35,892.0
2026-06-14 23:29:00+00:00,1828.35,1835.48,1827.31,1833.01,869.0
2026-06-14 23:34:00+00:00,1833.01,1837.6,1827.45,1832.15,381.0
2026-06-14 23:39:00+00:00,1832.15,1834.26,1831.01,1833.94,765.0
2026-06-14 23:44:00+00:00,1833.94,1837.14,1833.59,1836.28,938.0
2026-06-14 23:49:00+00:00,1836.28,1840.0,1834.23,1838.01,394.0
2026-06-14 23:54:00+00:00,1838.01,1839.28,1834.47,1835.9,805.0
2026-06-14 23:59:00+00:00,1835.9,1837.62,1832.54,1834.05,482.0
2026-06-15 00:04:00+00:00,1834.05,1837.73,1830.62,1831.99,753.0
2026-06-15 00:09:00+00:00,1831.99,1832.85,1830.31,1830.68,849.0
2026-06-15 00:14:00+00:00,1830.68,1833.04,1829.35,1830.43,597.0
2026-06-15 00:19:00+00:00,1830.43,1833.08,1828.5,1829.51,698.0
2026-06-15 00:24:00+00:00,1829.51,1831.41,1829.34,1831.19,1020.0
2026-06-15 00:29:00+00:00,1831.19,1834.71,1830.28,1833.28,523.0
2026-06-15 00:34:00+00:00,1833.28,1836.2,1831.86,1835.19,954.0
2026-06-15 00:39:00+00:00,1835.19,1837.13,1832.66,1835.41,367.0
2026-06-15 00:44:00+00:00,1835.41,1843.25,1831.8,1838.57,964.0
2026-06-15 00:49:00+00:00,1838.57,1839.23,1835.22,1835.92,534.0
2026-06-15 00:54:00+00:00,1835.92,1836.17,1835.03,1835.41,874.0
2026-06-15 00:59:00+00:00,1835.41,1837.71,1830.87,1832.46,451.0
2026-06-15 01:04:00+00:00,1832.46,1832.87,1829.08,1830.52,412.0
2026-06-15 01:09:00+00:00,1830.52,1831.78,1825.17,1826.77,874.0
2026-06-15 01:14:00+00:00,1826.77,1831.55,1825.3,1829.54,503.0
2026-06-15 01:19:00+00:00,1829.54,1829.58,1827.67,1827.69,558.0
2026-06-15 01:24:00+00:00,1827.69,1828.79,1827.08,1828.26,601.0
2026-06-15 01:29:00+00:00,1828.26,1832.51,1827.15,1830.5,458.0
2026-06-15 01:34:00+00:00,1830.5,1832.13,1830.04,1830.98,842.0
2026-06-15 01:39:00+00:00,1830.98,1833.55,1824.67,1827.22,802.0
2026-06-15 01:44:00+00:00,1827.22,1828.08,1818.15,1820.1,946.0
2026-06-15 01:49:00+00:00,1820.1,1824.71,1817.72,1824.06,641.0
2026-06-15 01:54:00+00:00,1824.06,1834.1,1823.43,1833.56,604.0
2026-06-15 01:59:00+00:00,1833.56,1834.27,1826.56,1827.45,906.0
2026-06-15 02:04:00+00:00,1827.45,1829.36,1821.02,1823.43,644.0
2026-06-15 02:09:00+00:00,1823.43,1824.52,1823.42,1824.51,613.0
2026-06-15 02:14:00+00:00,1824.51,1826.78,1823.16,1826.0,833.0
2026-06-15 02:19:00+00:00,1826.0,1828.06,1821.61,1823.14,987.0
2026-06-15 02:24:00+00:00,1823.14,1823.67,1821.61,1821.79,832.0
2026-06-15 02:29:00+00:00,1821.79,1826.61,1821.2,1825.49,926.0
2026-06-15 02:34:00+00:00,1825.49,1826.11,1825.38,1825.97,603.0
2026-06-15 02:39:00+00:00,1825.97,1832.86,1821.28,1830.49,545.0
2026-06-15 02:44:00+00:00,1830.49,1831.08,1828.09,1828.68,401.0
2026-06-15 02:49:00+00:00,1828.68,1832.79,1818.91,1821.36,831.0
2026-06-15 02:54:00+00:00,1821.36,1822.53,1820.82,1821.78,600.0
2026-06-15 02:59:00+00:00,1821.78,1823.6,1816.39,1819.8,986.0
2026-06-15 03:04:00+00:00,1819.8,1820.73,1816.99,1817.99,990.0
2026-06-15 03:09:00+00:00,1817.99,1820.8,1816.39,1820.05,364.0
2026-06-15 03:14:00+00:00,1820.05,1821.82,1819.19,1821.18,1012.0
2026-06-15 03:19:00+00:00,1821.18,1821.96,1817.01,1819.73,368.0
2026-06-15 03:24:00+00:00,1819.73,1821.27,1814.65,1815.51,538.0
2026-06-15 03:29:00+00:00,1815.51,1821.98,1814.69,1820.05,420.0
2026-06-15 03:34:00+00:00,1820.05,1823.26,1813.36,1814.74,478.0
2026-06-15 03:39:00+00:00,1814.74,1818.51,1809.43,1813.74,786.0
2026-06-15 03:44:00+00:00,1813.74,1816.31,1811.22,1813.83,871.0
2026-06-15 03:49:00+00:00,1813.83,1821.53,1812.89,1820.49,368.0
2026-06-15 03:54:00+00:00,1820.49,1821.2,1816.69,1816.91,408.0
2026-06-15 03:59:00+00:00,1816.91,1818.25,1810.6,1811.8,646.0
2026-06-15 04:04:00+00:00,1811.8,1812.34,1806.4,1807.39,998.0
2026-06-15 04:09:00+00:00,1807.39,1809.39,1803.6,1806.19,638.0
2026-06-15 04:14:00+00:00,1806.19,1807.8,1806.14,1807.6,344.0
2026-06-15 04:19:00+00:00,1807.6,1807.84,1806.25,1806.43,990.0
2026-06-15 04:24:00+00:00,1806.43,1811.89,1804.18,1809.93,987.0
2026-06-15 04:29:00+00:00,1809.93,1810.33,1807.38,1807.98,777.0
2026-06-15 04:34:00+00:00,1807.98,1811.67,1807.56,1811.11,696.0
2026-06-15 04:39:00+00:00,1811.11,1811.73,1803.42,1803.94,766.0
2026-06-15 04:44:00+00:00,1803.94,1804.33,1800.44,1800.86,827.0
2026-06-15 04:49:00+00:00,1800.86,1802.28,1794.43,1797.36,442.0
2026-06-15 04:54:00+00:00,1797.36,1798.92,1796.19,1798.54,813.0
2026-06-15 04:59:00+00:00,1798.54,1803.7,1794.26,1799.41,798.0
2026-06-15 05:04:00+00:00,1799.41,1806.28,1796.15,1804.88,522.0
2026-06-15 05:09:00+00:00,1804.88,1808.31,1799.82,1801.3,450.0
2026-06-15 05:14:00+00:00,1801.3,1801.6,1794.53,1794.66,801.0
2026-06-15 05:19:00+00:00,1794.66,1795.55,1793.64,1794.76,891.0
2026-06-15 05:24:00+00:00,1794.76,1798.47,1793.6,1797.38,488.0
2026-06-15 05:29:00+00:00,1797.38,1798.33,1796.91,1797.75,635.0
2026-06-15 05:34:00+00:00,1797.75,1801.14,1795.73,1798.47,414.0
2026-06-15 05:39:00+00:00,1798.47,1803.62,1795.43,1800.58,788.0
2026-06-15 05:44:00+00:00,1800.58,1801.44,1796.05,1797.14,454.0
2026-06-15 05:49:00+00:00,1797.14,1798.09,1797.06,1797.99,1010.0
2026-06-15 05:54:00+00:00,1797.99,1799.23,1792.91,1793.91,958.0
2026-06-15 05:59:00+00:00,1793.91,1794.59,1790.04,1790.43,310.0
2026-06-15 06:04:00+00:00,1790.43,1792.05,1787.12,1789.63,678.0
2026-06-15 06:09:00+00:00,1789.63,1793.25,1788.09,1791.43,564.0
2026-06-15 06:14:00+00:00,1791.43,1794.95,1789.35,1794.09,348.0
2026-06-15 06:19:00+00:00,1794.09,1796.58,1793.89,1795.85,308.0
2026-06-15 06:24:00+00:00,1795.85,1799.21,1791.12,1795.34,740.0
2026-06-15 06:29:00+00:00,1795.34,1795.78,1790.17,1790.64,606.0
2026-06-15 06:34:00+00:00,1790.64,1790.87,1789.45,1789.81,611.0
2026-06-15 06:39:00+00:00,1789.81,1791.63,1789.1,1790.62,732.0
2026-06-15 06:44:00+00:00,1790.62,1790.71,1790.33,1790.6,724.0
2026-06-15 06:49:00+00:00,1790.6,1794.62,1789.13,1792.6,262.0
2026-06-15 06:54:00+00:00,1792.6,1792.68,1788.49,1788.58,729.0
2026-06-15 06:59:00+00:00,1788.58,1791.71,1786.87,1791.22,566.0
2026-06-15 07:04:00+00:00,1791.22,1792.52,1790.33,1790.87,494.0
2026-06-15 07:09:00+00:00,1790.87,1791.23,1786.33,1786.45,1149.0
2026-06-15 07:14:00+00:00,1786.45,1786.5,1783.77,1783.81,528.0
2026-06-15 07:19:00+00:00,1783.81,1784.52,1783.77,1784.5,1289.0
2026-06-15 07:24:00+00:00,1784.5,1787.06,1781.44,1785.71,1000.0
2026-06-15 07:29:00+00:00,1785.71,1786.05,1785.21,1785.59,480.0
2026-06-15 07:34:00+00:00,1785.59,1788.4,1783.53,1786.93,525.0
2026-06-15 07:39:00+00:00,1786.93,1788.76,1785.78,1787.63,676.0
2026-06-15 07:44:00+00:00,1787.63,1788.06,1786.01,1786.33,885.0
2026-06-15 07:49:00+00:00,1786.33,1788.72,1784.75,1785.98,1250.0
2026-06-15 07:54:00+00:00,1785.98,1787.43,1783.16,1784.27,543.0
2026-06-15 07:59:00+00:00,1784.27,1785.23,1783.85,1784.83,935.0
2026-06-15 08:04:00+00:00,1784.83,1788.34,1783.04,1786.61,484.0
2026-06-15 08:09:00+00:00,1786.61,1787.17,1785.41,1786.18,596.0
2026-06-15 08:14:00+00:00,1786.18,1787.56,1786.12,1787.4,491.0
2026-06-15 08:19:00+00:00,1787.4,1788.14,1787.14,1787.83,1133.0
2026-06-15 08:24:00+00:00,1787.83,1787.93,1786.59,1786.64,1016.0
2026-06-15 08:29:00+00:00,1786.64,1788.58,1786.2,1788.31,1046.0
2026-06-15 08:34:00+00:00,1788.31,1792.14,1780.89,1785.2,928.0
2026-06-15 08:39:00+00:00,1785.2,1787.66,1780.63,1782.43,1014.0
2026-06-15 08:44:00+00:00,1782.43,1787.03,1776.49,1781.2,885.0
2026-06-15 08:49:00+00:00,1781.2,1786.3,1780.09,1785.44,1194.0
2026-06-15 08:54:00+00:00,1785.44,1786.23,1782.99,1784.82,591.0
2026-06-15 08:59:00+00:00,1784.82,1785.58,1784.05,1784.7,1051.0
2026-06-15 09:04:00+00:00,1784.7,1784.87,1783.22,1783.44,1270.0
2026-06-15 09:09:00+00:00,1783.44,1785.5,1782.69,1784.95,1308.0
2026-06-15 09:14:00+00:00,1784.95,1786.29,1780.18,1783.93,1084.0
2026-06-15 09:19:00+00:00,1783.93,1785.98,1782.63,1784.51,1049.0
2026-06-15 09:24:00+00:00,1784.51,1787.5,1779.31,1781.5,493.0
2026-06-15 09:29:00+00:00,1781.5,1784.79,1779.71,1782.3,955.0
2026-06-15 09:34:00+00:00,1782.3,1784.62,1779.26,1780.52,953.0
2026-06-15 09:39:00+00:00,1780.52,1785.54,1778.91,1783.68,1036.0
2026-06-15 09:44:00+00:00,1783.68,1784.43,1783.55,1784.39,860.0
2026-06-15 09:49:00+00:00,1784.39,1785.16,1781.45,1783.53,567.0
2026-06-15 09:54:00+00:00,1783.53,1785.47,1782.93,1784.75,532.0
2026-06-15 09:59:00+00:00,1784.75,1787.17,1783.96,1785.15,542.0
2026-06-15 10:04:00+00:00,1785.15,1789.39,1784.03,1788.18,1351.0
2026-06-15 10:09:00+00:00,1788.18,1789.57,1786.42,1787.71,1091.0
2026-06-15 10:14:00+00:00,1787.71,1788.25,1784.27,1785.35,766.0
2026-06-15 10:19:00+00:00,1785.35,1791.72,1783.05,1790.34,482.0
2026-06-15 10:24:00+00:00,1790.34,1790.45,1787.5,1787.59,939.0
2026-06-15 10:29:00+00:00,1787.59,1789.26,1780.08,1781.29,573.0
2026-06-15 10:34:00+00:00,1781.29,1782.59,1779.18,1779.67,839.0
2026-06-15 10:39:00+00:00,1779.67,1782.61,1778.58,1782.32,718.0
2026-06-15 10:44:00+00:00,1782.32,1782.52,1782.12,1782.24,1103.0
2026-06-15 10:49:00+00:00,1782.24,1783.08,1780.49,1781.75,813.0
2026-06-15 10:54:00+00:00,1781.75,1782.0,1781.63,1781.91,914.0
2026-06-15 10:59:00+00:00,1781.91,1782.81,1779.51,1780.04,610.0
2026-06-15 11:04:00+00:00,1780.04,1784.76,1775.83,1781.22,1172.0
2026-06-15 11:09:00+00:00,1781.22,1783.33,1778.17,1780.13,718.0
2026-06-15 11:14:00+00:00,1780.13,1780.65,1777.94,1778.52,1096.0
2026-06-15 11:19:00+00:00,1778.52,1778.69,1777.06,1777.62,494.0
2026-06-15 11:24:00+00:00,1777.62,1779.28,1776.2,1778.37,881.0
2026-06-15 11:29:00+00:00,1778.37,1781.94,1776.07,1777.62,647.0
2026-06-15 11:34:00+00:00,1777.62,1777.97,1773.01,1773.78,1183.0
2026-06-15 11:39:00+00:00,1773.78,1774.66,1769.92,1770.48,475.0
2026-06-15 11:44:00+00:00,1770.48,1771.26,1769.07,1769.35,526.0
2026-06-15 11:49:00+00:00,1769.35,1769.63,1765.9,1766.84,720.0
2026-06-15 11:54:00+00:00,1766.84,1768.12,1766.37,1767.4,1194.0
2026-06-15 11:59:00+00:00,1767.4,1771.89,1762.86,1767.27,1063.0
2026-06-15 12:04:00+00:00,1767.27,1767.57,1765.92,1766.02,708.0
2026-06-15 12:09:00+00:00,1766.02,1767.42,1764.27,1765.13,1210.0
2026-06-15 12:14:00+00:00,1765.13,1765.7,1762.43,1762.9,1159.0
2026-06-15 12:19:00+00:00,1762.9,1764.46,1762.85,1764.41,627.0
2026-06-15 12:24:00+00:00,1764.41,1770.77,1764.19,1770.45,1085.0
2026-06-15 12:29:00+00:00,1770.45,1771.14,1769.69,1770.86,813.0
2026-06-15 12:34:00+00:00,1770.86,1772.18,1768.54,1769.71,543.0
2026-06-15 12:39:00+00:00,1769.71,1771.37,1769.45,1771.19,1043.0
2026-06-15 12:44:00+00:00,1771.19,1773.17,1768.22,1771.56,918.0
2026-06-15 12:49:00+00:00,1771.56,1772.47,1767.4,1768.96,1051.0
2026-06-15 12:54:00+00:00,1768.96,1769.07,1768.25,1768.38,636.0
2026-06-15 12:59:00+00:00,1768.38,1768.61,1767.51,1767.65,764.0
2026-06-15 13:04:00+00:00,1767.65,1767.82,1763.36,1763.84,1113.0
2026-06-15 13:09:00+00:00,1763.84,1766.68,1760.02,1763.19,683.0
2026-06-15 13:14:00+00:00,1763.19,1768.17,1762.67,1766.5,1088.0
2026-06-15 13:19:00+00:00,1766.5,1766.68,1765.2,1765.25,848.0
2026-06-15 13:24:00+00:00,1765.25,1765.26,1764.86,1764.87,623.0
2026-06-15 13:29:00+00:00,1764.87,1766.29,1760.58,1761.36,955.0
2026-06-15 13:34:00+00:00,1761.36,1761.39,1759.21,1759.27,843.0
2026-06-15 13:39:00+00:00,1759.27,1760.83,1757.46,1759.32,977.0
2026-06-15 13:44:00+00:00,1759.32,1760.35,1755.61,1757.5,1285.0
2026-06-15 13:49:00+00:00,1757.5,1761.23,1756.3,1759.66,1333.0
2026-06-15 13:54:00+00:00,1759.66,1761.56,1756.87,1758.85,542.0
2026-06-15 13:59:00+00:00,1758.85,1760.18,1757.72,1759.31,519.0
2026-06-15 14:04:00+00:00,1759.31,1759.9,1755.02,1755.71,757.0
2026-06-15 14:09:00+00:00,1755.71,1756.44,1750.37,1751.32,483.0
2026-06-15 14:14:00+00:00,1751.32,1752.69,1750.9,1752.18,1099.0
2026-06-15 14:19:00+00:00,1752.18,1756.05,1750.08,1751.6,977.0
2026-06-15 14:24:00+00:00,1751.6,1754.98,1750.31,1753.57,759.0
2026-06-15 14:29:00+00:00,1753.57,1754.03,1752.52,1752.79,1315.0
2026-06-15 14:34:00+00:00,1752.79,1756.44,1752.39,1755.89,1061.0
2026-06-15 14:39:00+00:00,1755.89,1757.4,1752.23,1753.83,582.0
2026-06-15 14:44:00+00:00,1753.83,1754.29,1749.49,1750.57,484.0
2026-06-15 14:49:00+00:00,1750.57,1750.98,1748.31,1748.77,910.0
2026-06-15 14:54:00+00:00,1748.77,1751.42,1744.28,1749.47,693.0
2026-06-15 14:59:00+00:00,1749.47,1749.95,1747.89,1748.62,1330.0
2026-06-15 15:04:00+00:00,1748.62,1750.16,1746.36,1747.05,832.0
2026-06-15 15:09:00+00:00,1747.05,1747.91,1746.25,1747.06,764.0
2026-06-15 15:14:00+00:00,1747.06,1749.57,1744.31,1748.48,785.0
2026-06-15 15:19:00+00:00,1748.48,1749.09,1742.63,1743.92,1275.0
2026-06-15 15:24:00+00:00,1743.92,1746.12,1743.06,1745.6,1077.0
2026-06-15 15:29:00+00:00,1745.6,1746.64,1743.64,1745.75,689.0
2026-06-15 15:34:00+00:00,1745.75,1748.48,1743.62,1745.39,721.0
2026-06-15 15:39:00+00:00,1745.39,1748.0,1745.18,1747.77,1274.0
2026-06-15 15:44:00+00:00,1747.77,1752.11,1747.41,1751.28,476.0
2026-06-15 15:49:00+00:00,1751.28,1760.13,1749.95,1754.08,1247.0
2026-06-15 15:54:00+00:00,1754.08,1757.0,1753.57,1756.74,799.0
2026-06-15 15:59:00+00:00,1756.74,1761.5,1755.09,1759.12,790.0
2026-06-15 16:04:00+00:00,1759.12,1760.23,1758.46,1759.73,687.0
2026-06-15 16:09:00+00:00,1759.73,1763.44,1752.49,1755.94,1316.0
2026-06-15 16:14:00+00:00,1755.94,1758.35,1754.83,1757.67,1155.0
2026-06-15 16:19:00+00:00,1757.67,1759.29,1757.2,1758.43,1000.0
2026-06-15 16:24:00+00:00,1758.43,1759.55,1757.05,1758.57,1068.0
2026-06-15 16:29:00+00:00,1758.57,1761.59,1757.25,1760.7,799.0
2026-06-15 16:34:00+00:00,1760.7,1763.8,1759.06,1760.7,546.0
2026-06-15 16:39:00+00:00,1760.7,1761.0,1758.63,1759.11,1277.0
2026-06-15 16:44:00+00:00,1759.11,1763.11,1758.6,1761.61,1039.0
2026-06-15 16:49:00+00:00,1761.61,1763.95,1759.94,1762.41,479.0
2026-06-15 16:54:00+00:00,1762.41,1764.13,1760.09,1761.29,528.0
2026-06-15 16:59:00+00:00,1761.29,1765.09,1759.74,1763.25,827.0
2026-06-15 17:04:00+00:00,1763.25,1763.8,1762.97,1763.46,623.0
2026-06-15 17:09:00+00:00,1763.46,1764.66,1763.25,1764.22,431.0
2026-06-15 17:14:00+00:00,1764.22,1765.21,1759.64,1761.58,570.0
2026-06-15 17:19:00+00:00,1761.58,1765.48,1761.37,1765.26,267.0
2026-06-15 17:24:00+00:00,1765.26,1767.39,1764.01,1765.57,279.0
2026-06-15 17:29:00+00:00,1765.57,1766.03,1762.65,1763.22,756.0
2026-06-15 17:34:00+00:00,1763.22,1765.14,1760.35,1762.13,692.0
2026-06-15 17:39:00+00:00,1762.13,1767.31,1761.59,1766.09,659.0
2026-06-15 17:44:00+00:00,1766.09,1767.1,1764.24,1765.34,302.0
2026-06-15 17:49:00+00:00,1765.34,1766.66,1764.41,1765.28,624.0
2026-06-15 17:54:00+00:00,1765.28,1767.74,1765.09,1767.63,727.0
2026-06-15 17:59:00+00:00,1767.63,1767.99,1767.08,1767.36,329.0
2026-06-15 18:04:00+00:00,1767.36,1768.06,1767.29,1767.98,699.0
2026-06-15 18:09:00+00:00,1767.98,1771.52,1767.82,1771.38,682.0
2026-06-15 18:14:00+00:00,1771.38,1771.58,1767.14,1767.65,270.0
2026-06-15 18:19:00+00:00,1767.65,1773.16,1761.94,1767.87,771.0
2026-06-15 18:24:00+00:00,1767.87,1768.17,1765.22,1765.53,624.0
2026-06-15 18:29:00+00:00,1765.53,1766.45,1764.88,1765.59,770.0
2026-06-15 18:34:00+00:00,1765.59,1766.86,1760.42,1762.54,523.0
2026-06-15 18:39:00+00:00,1762.54,1766.22,1761.08,1765.05,523.0
2026-06-15 18:44:00+00:00,1765.05,1768.03,1761.64,1765.5,422.0
2026-06-15 18:49:00+00:00,1765.5,1765.79,1763.57,1764.01,491.0
2026-06-15 18:54:00+00:00,1764.01,1765.91,1758.33,1760.78,311.0
2026-06-15 18:59:00+00:00,1760.78,1763.87,1758.77,1762.49,665.0
2026-06-15 19:04:00+00:00,1762.49,1763.26,1759.13,1759.75,654.0
2026-06-15 19:09:00+00:00,1759.75,1759.85,1757.19,1757.41,759.0
2026-06-15 19:14:00+00:00,1757.41,1758.46,1754.13,1754.62,568.0
2026-06-15 19:19:00+00:00,1754.62,1757.29,1753.75,1755.07,314.0
2026-06-15 19:24:00+00:00,1755.07,1755.4,1754.91,1755.32,673.0
2026-06-15 19:29:00+00:00,1755.32,1759.38,1754.3,1757.26,436.0
2026-06-15 19:34:00+00:00,1757.26,1759.41,1756.72,1757.68,446.0
2026-06-15 19:39:00+00:00,1757.68,1758.27,1756.52,1757.07,377.0
2026-06-15 19:44:00+00:00,1757.07,1759.99,1749.66,1754.21,614.0
2026-06-15 19:49:00+00:00,1754.21,1757.87,1750.24,1751.71,726.0
2026-06-15 19:54:00+00:00,1751.71,1751.71,1749.68,1749.68,266.0
2026-06-15 19:59:00+00:00,1749.68,1753.5,1749.21,1752.89,669.0
2026-06-15 20:04:00+00:00,1752.89,1753.48,1751.47,1752.46,518.0
2026-06-15 20:09:00+00:00,1752.46,1752.59,1750.51,1750.63,390.0
2026-06-15 20:14:00+00:00,1750.63,1752.19,1747.65,1749.5,509.0
2026-06-15 20:19:00+00:00,1749.5,1750.66,1746.49,1748.17,374.0
2026-06-15 20:24:00+00:00,1748.17,1749.3,1747.82,1748.97,516.0
2026-06-15 20:29:00+00:00,1748.97,1751.79,1748.3,1751.19,722.0
2026-06-15 20:34:00+00:00,1751.19,1755.64,1747.06,1751.98,541.0
2026-06-15 20:39:00+00:00,1751.98,1752.18,1748.48,1748.65,564.0
2026-06-15 20:44:00+00:00,1748.65,1748.84,1747.07,1747.75,611.0
2026-06-15 20:49:00+00:00,1747.75,1748.15,1747.04,1747.44,496.0
2026-06-15 20:54:00+00:00,1747.44,1748.57,1746.72,1748.06,726.0
2026-06-15 20:59:00+00:00,1748.06,1752.6,1743.74,1751.57,498.0
2026-06-15 21:04:00+00:00,1751.57,1754.73,1749.97,1754.11,742.0
2026-06-15 21:09:00+00:00,1754.11,1759.35,1749.76,1757.05,473.0
2026-06-15 21:14:00+00:00,1757.05,1757.05,1756.54,1756.54,654.0
2026-06-15 21:19:00+00:00,1756.54,1756.84,1755.71,1756.05,554.0
2026-06-15 21:24:00+00:00,1756.05,1757.61,1752.01,1753.77,735.0
2026-06-15 21:29:00+00:00,1753.77,1756.76,1752.37,1755.51,366.0
2026-06-15 21:34:00+00:00,1755.51,1760.0,1755.35,1759.72,720.0
2026-06-15 21:39:00+00:00,1759.72,1761.29,1758.1,1759.23,724.0
2026-06-15 21:44:00+00:00,1759.23,1763.43,1757.98,1761.87,610.0
2026-06-15 21:49:00+00:00,1761.87,1762.13,1758.36,1759.31,705.0
2026-06-15 21:54:00+00:00,1759.31,1764.8,1758.11,1763.58,430.0
2026-06-15 21:59:00+00:00,1763.58,1765.32,1762.13,1764.1,377.0
2026-06-15 22:04:00+00:00,1764.1,1768.15,1761.97,1766.51,265.0
2026-06-15 22:09:00+00:00,1766.51,1767.66,1763.59,1764.42,702.0
2026-06-15 22:14:00+00:00,1764.42,1768.9,1763.3,1766.59,542.0
2026-06-15 22:19:00+00:00,1766.59,1767.13,1766.3,1766.99,626.0
2026-06-15 22:24:00+00:00,1766.99,1770.15,1765.15,1767.93,468.0
2026-06-15 22:29:00+00:00,1767.93,1768.63,1767.64,1768.23,524.0
2026-06-15 22:34:00+00:00,1768.23,1769.62,1765.93,1766.76,730.0
2026-06-15 22:39:00+00:00,1766.76,1771.14,1764.55,1768.08,423.0
2026-06-15 22:44:00+00:00,1768.08,1772.82,1767.79,1771.97,506.0
2026-06-15 22:49:00+00:00,1771.97,1773.24,1770.46,1771.29,407.0
2026-06-15 22:54:00+00:00,1771.29,1772.97,1767.9,1768.77,484.0
2026-06-15 22:59:00+00:00,1768.77,1771.76,1766.78,1769.84,726.0
2026-06-15 23:04:00+00:00,1769.84,1773.23,1765.84,1770.28,319.0
2026-06-15 23:09:00+00:00,1770.28,1772.31,1769.54,1771.36,287.0
2026-06-15 23:14:00+00:00,1771.36,1771.89,1769.66,1770.19,584.0
2026-06-15 23:19:00+00:00,1770.19,1772.33,1769.84,1771.87,658.0
2026-06-15 23:24:00+00:00,1771.87,1772.52,1768.27,1768.73,546.0
2026-06-15 23:29:00+00:00,1768.73,1769.79,1764.05,1765.12,570.0
2026-06-15 23:34:00+00:00,1765.12,1765.16,1763.11,1763.28,612.0
2026-06-15 23:39:00+00:00,1763.28,1765.26,1761.14,1764.05,653.0
2026-06-15 23:44:00+00:00,1764.05,1769.11,1763.77,1768.83,596.0
2026-06-15 23:49:00+00:00,1768.83,1770.67,1764.58,1765.93,406.0
2026-06-15 23:54:00+00:00,1765.93,1772.49,1765.13,1770.63,287.0
2026-06-15 23:59:00+00:00,1770.63,1772.39,1765.12,1767.52,506.0
2026-06-16 00:04:00+00:00,1767.52,1769.0,1766.88,1768.12,738.0
2026-06-16 00:09:00+00:00,1768.12,1768.15,1764.84,1764.94,700.0
2026-06-16 00:14:00+00:00,1764.94,1767.21,1764.4,1766.13,404.0
2026-06-16 00:19:00+00:00,1766.13,1770.41,1764.85,1766.59,550.0
2026-06-16 00:24:00+00:00,1766.59,1767.27,1765.79,1766.72,532.0
2026-06-16 00:29:00+00:00,1766.72,1771.47,1764.78,1770.24,489.0
2026-06-16 00:34:00+00:00,1770.24,1774.15,1768.82,1773.31,575.0
2026-06-16 00:39:00+00:00,1773.31,1774.25,1769.05,1770.08,420.0
2026-06-16 00:44:00+00:00,1770.08,1770.68,1767.72,1767.96,590.0
2026-06-16 00:49:00+00:00,1767.96,1773.27,1766.96,1770.6,318.0
2026-06-16 00:54:00+00:00,1770.6,1773.52,1769.44,1772.89,271.0
2026-06-16 00:59:00+00:00,1772.89,1774.79,1771.52,1772.7,597.0
2026-06-16 01:04:00+00:00,1772.7,1780.66,1767.82,1775.65,265.0
2026-06-16 01:09:00+00:00,1775.65,1777.87,1773.97,1776.16,742.0
2026-06-16 01:14:00+00:00,1776.16,1777.59,1772.96,1774.12,694.0
2026-06-16 01:19:00+00:00,1774.12,1775.2,1772.07,1773.48,467.0
2026-06-16 01:24:00+00:00,1773.48,1774.74,1769.37,1769.72,760.0
2026-06-16 01:29:00+00:00,1769.72,1771.73,1769.45,1771.57,266.0
2026-06-16 01:34:00+00:00,1771.57,1773.47,1770.82,1772.84,266.0
2026-06-16 01:39:00+00:00,1772.84,1774.05,1772.71,1773.81,558.0
2026-06-16 01:44:00+00:00,1773.81,1776.14,1772.8,1774.9,562.0
2026-06-16 01:49:00+00:00,1774.9,1775.37,1773.48,1773.91,270.0
2026-06-16 01:54:00+00:00,1773.91,1774.31,1771.35,1771.69,448.0
2026-06-16 01:59:00+00:00,1771.69,1775.94,1768.44,1773.83,688.0
2026-06-16 02:04:00+00:00,1773.83,1775.94,1769.87,1772.11,370.0
2026-06-16 02:09:00+00:00,1772.11,1772.64,1768.33,1769.87,772.0
2026-06-16 02:14:00+00:00,1769.87,1772.17,1769.17,1771.58,629.0
2026-06-16 02:19:00+00:00,1771.58,1772.43,1769.33,1770.18,765.0
2026-06-16 02:24:00+00:00,1770.18,1771.34,1769.75,1771.02,658.0
2026-06-16 02:29:00+00:00,1771.02,1772.6,1768.75,1769.71,687.0
2026-06-16 02:34:00+00:00,1769.71,1770.62,1765.95,1767.09,298.0
2026-06-16 02:39:00+00:00,1767.09,1768.17,1767.03,1768.0,454.0
2026-06-16 02:44:00+00:00,1768.0,1769.62,1767.79,1769.44,617.0
2026-06-16 02:49:00+00:00,1769.44,1771.53,1768.16,1770.92,506.0
2026-06-16 02:54:00+00:00,1770.92,1771.32,1769.65,1770.59,654.0
2026-06-16 02:59:00+00:00,1770.59,1775.11,1766.6,1768.43,539.0
2026-06-16 03:04:00+00:00,1768.43,1772.86,1767.61,1771.7,585.0
2026-06-16 03:09:00+00:00,1771.7,1772.16,1769.31,1769.79,369.0
2026-06-16 03:14:00+00:00,1769.79,1772.67,1768.24,1771.78,641.0
2026-06-16 03:19:00+00:00,1771.78,1776.22,1770.64,1772.42,644.0
2026-06-16 03:24:00+00:00,1772.42,1776.67,1771.31,1774.15,564.0
2026-06-16 03:29:00+00:00,1774.15,1775.05,1768.63,1771.63,767.0
2026-06-16 03:34:00+00:00,1771.63,1773.56,1771.3,1773.02,558.0
2026-06-16 03:39:00+00:00,1773.02,1774.99,1773.01,1774.98,750.0
2026-06-16 03:44:00+00:00,1774.98,1777.86,1773.54,1776.32,429.0
2026-06-16 03:49:00+00:00,1776.32,1777.15,1776.31,1777.13,491.0
2026-06-16 03:54:00+00:00,1777.13,1778.31,1776.78,1778.01,272.0
2026-06-16 03:59:00+00:00,1778.01,1782.0,1771.93,1775.55,735.0
2026-06-16 04:04:00+00:00,1775.55,1776.04,1771.78,1772.27,532.0
2026-06-16 04:09:00+00:00,1772.27,1775.6,1769.0,1771.13,562.0
2026-06-16 04:14:00+00:00,1771.13,1771.53,1770.36,1770.76,464.0
2026-06-16 04:19:00+00:00,1770.76,1772.32,1769.65,1771.15,532.0
2026-06-16 04:24:00+00:00,1771.15,1773.98,1768.6,1772.57,370.0
2026-06-16 04:29:00+00:00,1772.57,1772.75,1771.67,1771.85,505.0
2026-06-16 04:34:00+00:00,1771.85,1773.73,1771.75,1773.61,481.0
2026-06-16 04:39:00+00:00,1773.61,1775.04,1772.99,1774.37,686.0
2026-06-16 04:44:00+00:00,1774.37,1775.65,1768.94,1770.14,720.0
2026-06-16 04:49:00+00:00,1770.14,1770.6,1768.71,1769.49,750.0
2026-06-16 04:54:00+00:00,1769.49,1772.61,1769.06,1772.26,600.0
2026-06-16 04:59:00+00:00,1772.26,1773.75,1769.65,1771.16,481.0
2026-06-16 05:04:00+00:00,1771.16,1773.49,1770.31,1772.81,502.0
2026-06-16 05:09:00+00:00,1772.81,1773.47,1769.81,1770.93,260.0
2026-06-16 05:14:00+00:00,1770.93,1771.2,1769.68,1770.02,536.0
2026-06-16 05:19:00+00:00,1770.02,1771.1,1769.83,1770.61,406.0
2026-06-16 05:24:00+00:00,1770.61,1772.53,1769.12,1771.51,713.0
2026-06-16 05:29:00+00:00,1771.51,1771.66,1768.7,1768.78,378.0
2026-06-16 05:34:00+00:00,1768.78,1769.53,1765.54,1768.28,519.0
2026-06-16 05:39:00+00:00,1768.28,1769.19,1764.84,1767.61,732.0
2026-06-16 05:44:00+00:00,1767.61,1770.34,1766.2,1768.55,559.0
2026-06-16 05:49:00+00:00,1768.55,1771.12,1768.2,1770.51,511.0
2026-06-16 05:54:00+00:00,1770.51,1771.58,1765.47,1768.14,770.0
2026-06-16 05:59:00+00:00,1768.14,1772.19,1766.2,1770.96,280.0
2026-06-16 06:04:00+00:00,1770.96,1771.12,1767.37,1767.54,369.0
2026-06-16 06:09:00+00:00,1767.54,1769.71,1765.43,1766.53,366.0
2026-06-16 06:14:00+00:00,1766.53,1770.16,1766.5,1770.14,638.0
2026-06-16 06:19:00+00:00,1770.14,1771.99,1765.42,1766.23,593.0
2026-06-16 06:24:00+00:00,1766.23,1766.49,1763.34,1763.59,641.0
2026-06-16 06:29:00+00:00,1763.59,1764.52,1757.6,1760.09,554.0
2026-06-16 06:34:00+00:00,1760.09,1760.45,1756.96,1757.68,477.0
2026-06-16 06:39:00+00:00,1757.68,1757.71,1754.35,1754.42,585.0
2026-06-16 06:44:00+00:00,1754.42,1755.0,1749.39,1749.6,621.0
2026-06-16 06:49:00+00:00,1749.6,1751.51,1749.58,1751.47,458.0
2026-06-16 06:54:00+00:00,1751.47,1752.99,1749.56,1750.46,501.0
2026-06-16 06:59:00+00:00,1750.46,1755.34,1746.2,1747.74,679.0
2026-06-16 07:04:00+00:00,1747.74,1749.22,1741.87,1743.58,903.0
2026-06-16 07:09:00+00:00,1743.58,1743.9,1742.79,1743.02,567.0
2026-06-16 07:14:00+00:00,1743.02,1743.08,1739.42,1739.64,948.0
2026-06-16 07:19:00+00:00,1739.64,1740.41,1737.57,1738.45,708.0
2026-06-16 07:24:00+00:00,1738.45,1738.73,1737.72,1738.21,466.0
2026-06-16 07:29:00+00:00,1738.21,1742.92,1737.59,1741.41,1142.0
2026-06-16 07:34:00+00:00,1741.41,1744.76,1740.99,1744.57,1050.0
2026-06-16 07:39:00+00:00,1744.57,1751.57,1743.18,1750.93,931.0
2026-06-16 07:44:00+00:00,1750.93,1754.55,1749.41,1752.18,1040.0
2026-06-16 07:49:00+00:00,1752.18,1752.79,1749.58,1750.14,809.0
2026-06-16 07:54:00+00:00,1750.14,1756.73,1747.24,1751.53,855.0
2026-06-16 07:59:00+00:00,1751.53,1752.91,1748.56,1752.13,1260.0
2026-06-16 08:04:00+00:00,1752.13,1753.51,1745.41,1747.43,1334.0
2026-06-16 08:09:00+00:00,1747.43,1750.21,1746.87,1749.22,946.0
2026-06-16 08:14:00+00:00,1749.22,1749.87,1748.64,1749.17,1263.0
2026-06-16 08:19:00+00:00,1749.17,1749.35,1746.38,1747.23,865.0
2026-06-16 08:24:00+00:00,1747.23,1747.42,1746.98,1747.17,529.0
2026-06-16 08:29:00+00:00,1747.17,1748.7,1742.2,1745.26,664.0
2026-06-16 08:34:00+00:00,1745.26,1747.24,1739.41,1743.24,1249.0
2026-06-16 08:39:00+00:00,1743.24,1743.55,1737.9,1739.31,588.0
2026-06-16 08:44:00+00:00,1739.31,1741.19,1738.62,1739.26,641.0
2026-06-16 08:49:00+00:00,1739.26,1741.56,1738.56,1740.28,720.0
2026-06-16 08:54:00+00:00,1740.28,1741.64,1737.42,1738.67,1282.0
2026-06-16 08:59:00+00:00,1738.67,1739.34,1737.34,1737.92,1081.0
2026-06-16 09:04:00+00:00,1737.92,1739.15,1735.52,1736.48,454.0
2026-06-16 09:09:00+00:00,1736.48,1740.67,1735.27,1739.54,967.0
2026-06-16 09:14:00+00:00,1739.54,1743.2,1736.47,1742.17,1142.0
2026-06-16 09:19:00+00:00,1742.17,1744.79,1740.69,1743.7,853.0
2026-06-16 09:24:00+00:00,1743.7,1744.96,1741.65,1743.72,735.0
2026-06-16 09:29:00+00:00,1743.72,1747.99,1743.59,1747.77,477.0
2026-06-16 09:34:00+00:00,1747.77,1751.85,1747.27,1750.51,528.0
2026-06-16 09:39:00+00:00,1750.51,1751.96,1749.83,1751.14,762.0
2026-06-16 09:44:00+00:00,1751.14,1751.38,1747.36,1747.63,1137.0
2026-06-16 09:49:00+00:00,1747.63,1749.62,1746.58,1747.87,1012.0
2026-06-16 09:54:00+00:00,1747.87,1748.33,1744.82,1746.07,1298.0
2026-06-16 09:59:00+00:00,1746.07,1749.44,1744.27,1748.81,706.0
2026-06-16 10:04:00+00:00,1748.81,1752.19,1748.31,1751.63,1037.0
2026-06-16 10:09:00+00:00,1751.63,1753.58,1747.79,1749.81,1308.0
2026-06-16 10:14:00+00:00,1749.81,1755.95,1746.37,1752.95,1182.0
2026-06-16 10:19:00+00:00,1752.95,1754.44,1752.66,1754.28,612.0
2026-06-16 10:24:00+00:00,1754.28,1754.98,1752.43,1753.88,731.0
2026-06-16 10:29:00+00:00,1753.88,1755.43,1750.18,1751.74,521.0
2026-06-16 10:34:00+00:00,1751.74,1755.69,1751.4,1755.41,829.0
2026-06-16 10:39:00+00:00,1755.41,1758.47,1754.17,1757.46,1036.0
2026-06-16 10:44:00+00:00,1757.46,1757.91,1755.53,1756.17,658.0
2026-06-16 10:49:00+00:00,1756.17,1757.71,1756.05,1757.6,620.0
2026-06-16 10:54:00+00:00,1757.6,1758.31,1757.15,1757.75,1089.0
2026-06-16 10:59:00+00:00,1757.75,1760.34,1757.36,1759.55,1294.0
2026-06-16 11:04:00+00:00,1759.55,1762.24,1758.52,1761.15,1044.0
2026-06-16 11:09:00+00:00,1761.15,1762.4,1760.7,1761.51,1077.0
2026-06-16 11:14:00+00:00,1761.51,1762.25,1758.45,1758.75,822.0
2026-06-16 11:19:00+00:00,1758.75,1761.03,1758.31,1759.17,854.0
2026-06-16 11:24:00+00:00,1759.17,1761.27,1758.6,1760.71,1140.0
2026-06-16 11:29:00+00:00,1760.71,1764.42,1760.7,1764.42,1152.0
2026-06-16 11:34:00+00:00,1764.42,1767.49,1762.83,1767.05,1334.0
2026-06-16 11:39:00+00:00,1767.05,1767.32,1764.48,1764.81,896.0
2026-06-16 11:44:00+00:00,1764.81,1766.44,1764.11,1766.05,1256.0
2026-06-16 11:49:00+00:00,1766.05,1766.95,1760.84,1763.01,1065.0
2026-06-16 11:54:00+00:00,1763.01,1765.12,1762.05,1763.24,1317.0
2026-06-16 11:59:00+00:00,1763.24,1763.96,1758.01,1759.77,475.0
2026-06-16 12:04:00+00:00,1759.77,1759.83,1759.56,1759.63,1154.0
2026-06-16 12:09:00+00:00,1759.63,1760.8,1757.1,1758.8,1198.0
2026-06-16 12:14:00+00:00,1758.8,1763.15,1758.25,1762.68,997.0
2026-06-16 12:19:00+00:00,1762.68,1763.35,1762.43,1763.21,1131.0
2026-06-16 12:24:00+00:00,1763.21,1763.77,1759.19,1760.34,1340.0
2026-06-16 12:29:00+00:00,1760.34,1760.93,1759.56,1759.86,694.0
2026-06-16 12:34:00+00:00,1759.86,1759.87,1756.87,1756.88,470.0
2026-06-16 12:39:00+00:00,1756.88,1757.56,1753.48,1754.23,452.0
2026-06-16 12:44:00+00:00,1754.23,1754.96,1749.49,1749.96,1021.0
2026-06-16 12:49:00+00:00,1749.96,1752.45,1748.36,1750.56,1215.0
2026-06-16 12:54:00+00:00,1750.56,1751.16,1747.85,1748.92,696.0
2026-06-16 12:59:00+00:00,1748.92,1750.3,1745.6,1747.22,785.0
2026-06-16 13:04:00+00:00,1747.22,1747.7,1744.13,1744.65,1168.0
2026-06-16 13:09:00+00:00,1744.65,1747.89,1743.03,1745.47,820.0
2026-06-16 13:14:00+00:00,1745.47,1749.23,1745.08,1748.64,1327.0
2026-06-16 13:19:00+00:00,1748.64,1749.14,1746.99,1747.41,1354.0
2026-06-16 13:24:00+00:00,1747.41,1748.2,1746.23,1746.58,829.0
2026-06-16 13:29:00+00:00,1746.58,1750.19,1740.16,1744.16,463.0
2026-06-16 13:34:00+00:00,1744.16,1746.87,1744.06,1746.51,630.0
2026-06-16 13:39:00+00:00,1746.51,1746.87,1744.65,1744.96,739.0
2026-06-16 13:44:00+00:00,1744.96,1745.34,1743.55,1744.29,1273.0
2026-06-16 13:49:00+00:00,1744.29,1749.26,1744.28,1749.24,1051.0
2026-06-16 13:54:00+00:00,1749.24,1749.73,1748.66,1749.37,735.0
2026-06-16 13:59:00+00:00,1749.37,1750.21,1746.42,1747.05,953.0
2026-06-16 14:04:00+00:00,1747.05,1747.72,1744.19,1744.98,538.0
2026-06-16 14:09:00+00:00,1744.98,1746.77,1743.69,1745.48,1186.0
2026-06-16 14:14:00+00:00,1745.48,1746.16,1744.26,1745.02,673.0
2026-06-16 14:19:00+00:00,1745.02,1745.95,1741.19,1742.41,1112.0
2026-06-16 14:24:00+00:00,1742.41,1745.76,1742.38,1745.73,699.0
2026-06-16 14:29:00+00:00,1745.73,1747.73,1745.26,1747.23,1128.0
2026-06-16 14:34:00+00:00,1747.23,1754.78,1743.31,1750.28,459.0
2026-06-16 14:39:00+00:00,1750.28,1751.49,1746.66,1747.82,1338.0
2026-06-16 14:44:00+00:00,1747.82,1749.45,1747.77,1749.43,970.0
2026-06-16 14:49:00+00:00,1749.43,1751.28,1749.26,1751.15,1177.0
2026-06-16 14:54:00+00:00,1751.15,1753.71,1749.83,1752.89,1056.0
2026-06-16 14:59:00+00:00,1752.89,1753.85,1749.15,1750.64,820.0
2026-06-16 15:04:00+00:00,1750.64,1752.43,1749.78,1751.17,732.0
2026-06-16 15:09:00+00:00,1751.17,1753.86,1749.38,1751.94,636.0
2026-06-16 15:14:00+00:00,1751.94,1753.52,1746.8,1748.51,546.0
2026-06-16 15:19:00+00:00,1748.51,1752.02,1748.04,1750.15,981.0
2026-06-16 15:24:00+00:00,1750.15,1752.09,1749.61,1751.17,1105.0
2026-06-16 15:29:00+00:00,1751.17,1752.35,1750.92,1751.87,850.0
2026-06-16 15:34:00+00:00,1751.87,1754.71,1751.57,1754.56,955.0
2026-06-16 15:39:00+00:00,1754.56,1754.88,1753.78,1754.38,679.0
2026-06-16 15:44:00+00:00,1754.38,1755.55,1751.97,1752.64,669.0
2026-06-16 15:49:00+00:00,1752.64,1752.86,1752.6,1752.81,930.0
2026-06-16 15:54:00+00:00,1752.81,1753.32,1752.77,1753.29,813.0
2026-06-16 15:59:00+00:00,1753.29,1755.3,1752.99,1755.07,882.0
2026-06-16 16:04:00+00:00,1755.07,1758.85,1753.98,1757.34,426.0
2026-06-16 16:09:00+00:00,1757.34,1759.03,1753.43,1755.11,470.0
2026-06-16 16:14:00+00:00,1755.11,1755.79,1752.16,1754.73,486.0
2026-06-16 16:19:00+00:00,1754.73,1755.77,1752.79,1754.11,546.0
2026-06-16 16:24:00+00:00,1754.11,1754.94,1752.08,1753.42,927.0
2026-06-16 16:29:00+00:00,1753.42,1753.46,1752.21,1752.24,699.0
2026-06-16 16:34:00+00:00,1752.24,1753.65,1749.63,1750.47,490.0
2026-06-16 16:39:00+00:00,1750.47,1754.84,1749.8,1753.94,610.0
2026-06-16 16:44:00+00:00,1753.94,1756.44,1753.61,1756.18,475.0
2026-06-16 16:49:00+00:00,1756.18,1758.48,1754.23,1756.9,466.0
2026-06-16 16:54:00+00:00,1756.9,1758.03,1756.65,1757.86,1026.0
2026-06-16 16:59:00+00:00,1757.86,1758.22,1755.3,1755.81,715.0
2026-06-16 17:04:00+00:00,1755.81,1756.35,1755.66,1756.12,256.0
2026-06-16 17:09:00+00:00,1756.12,1756.94,1753.27,1754.76,376.0
2026-06-16 17:14:00+00:00,1754.76,1754.87,1754.32,1754.5,481.0
2026-06-16 17:19:00+00:00,1754.5,1756.21,1753.34,1754.43,484.0
2026-06-16 17:24:00+00:00,1754.43,1757.28,1753.57,1756.36,442.0
2026-06-16 17:29:00+00:00,1756.36,1760.47,1755.07,1759.0,460.0
2026-06-16 17:34:00+00:00,1759.0,1759.3,1758.65,1759.11,398.0
2026-06-16 17:39:00+00:00,1759.11,1759.41,1757.22,1757.38,277.0
2026-06-16 17:44:00+00:00,1757.38,1758.64,1755.76,1757.29,246.0
2026-06-16 17:49:00+00:00,1757.29,1761.0,1755.58,1757.08,544.0
2026-06-16 17:54:00+00:00,1757.08,1758.23,1754.41,1756.66,414.0
2026-06-16 17:59:00+00:00,1756.66,1758.06,1756.36,1757.49,638.0
2026-06-16 18:04:00+00:00,1757.49,1759.43,1756.79,1759.14,294.0
2026-06-16 18:09:00+00:00,1759.14,1760.84,1759.13,1760.83,288.0
2026-06-16 18:14:00+00:00,1760.83,1761.17,1757.18,1757.53,577.0
2026-06-16 18:19:00+00:00,1757.53,1759.0,1755.21,1756.15,280.0
2026-06-16 18:24:00+00:00,1756.15,1757.16,1755.83,1756.99,327.0
2026-06-16 18:29:00+00:00,1756.99,1759.49,1755.57,1757.38,310.0
2026-06-16 18:34:00+00:00,1757.38,1758.09,1756.16,1757.47,640.0
2026-06-16 18:39:00+00:00,1757.47,1757.94,1756.15,1757.22,468.0
2026-06-16 18:44:00+00:00,1757.22,1757.25,1756.74,1756.8,567.0
2026-06-16 18:49:00+00:00,1756.8,1761.58,1756.18,1761.05,510.0
2026-06-16 18:54:00+00:00,1761.05,1761.32,1758.6,1759.03,522.0
2026-06-16 18:59:00+00:00,1759.03,1759.14,1756.31,1756.47,604.0
2026-06-16 19:04:00+00:00,1756.47,1758.1,1754.8,1757.04,402.0
2026-06-16 19:09:00+00:00,1757.04,1759.61,1755.93,1758.87,238.0
2026-06-16 19:14:00+00:00,1758.87,1759.17,1756.08,1756.37,557.0
2026-06-16 19:19:00+00:00,1756.37,1759.16,1755.06,1757.88,427.0
2026-06-16 19:24:00+00:00,1757.88,1758.17,1755.97,1756.37,296.0
2026-06-16 19:29:00+00:00,1756.37,1756.81,1755.17,1756.16,434.0
2026-06-16 19:34:00+00:00,1756.16,1757.26,1754.8,1756.75,527.0
2026-06-16 19:39:00+00:00,1756.75,1757.63,1756.49,1757.15,618.0
2026-06-16 19:44:00+00:00,1757.15,1757.62,1757.06,1757.55,598.0
2026-06-16 19:49:00+00:00,1757.55,1757.88,1753.79,1753.98,423.0
2026-06-16 19:54:00+00:00,1753.98,1755.36,1748.81,1750.19,408.0
2026-06-16 19:59:00+00:00,1750.19,1752.56,1749.76,1751.85,377.0
2026-06-16 20:04:00+00:00,1751.85,1751.86,1751.81,1751.82,445.0
2026-06-16 20:09:00+00:00,1751.82,1752.97,1751.58,1752.65,276.0
2026-06-16 20:14:00+00:00,1752.65,1754.98,1751.5,1753.69,352.0
2026-06-16 20:19:00+00:00,1753.69,1759.1,1750.79,1757.85,524.0
2026-06-16 20:24:00+00:00,1757.85,1757.85,1756.85,1756.85,310.0
2026-06-16 20:29:00+00:00,1756.85,1758.71,1756.82,1758.66,283.0
2026-06-16 20:34:00+00:00,1758.66,1761.09,1756.35,1758.12,350.0
2026-06-16 20:39:00+00:00,1758.12,1758.86,1755.92,1757.41,500.0
2026-06-16 20:44:00+00:00,1757.41,1761.5,1755.95,1759.76,357.0
2026-06-16 20:49:00+00:00,1759.76,1762.81,1759.18,1762.62,246.0
2026-06-16 20:54:00+00:00,1762.62,1765.39,1759.11,1760.17,653.0
2026-06-16 20:59:00+00:00,1760.17,1763.39,1759.42,1762.68,380.0
2026-06-16 21:04:00+00:00,1762.68,1763.53,1762.58,1763.27,257.0
2026-06-16 21:09:00+00:00,1763.27,1764.56,1762.96,1763.85,584.0
2026-06-16 21:14:00+00:00,1763.85,1764.34,1763.04,1763.43,395.0
2026-06-16 21:19:00+00:00,1763.43,1764.63,1762.84,1763.73,554.0
2026-06-16 21:24:00+00:00,1763.73,1765.46,1761.67,1762.99,269.0
2026-06-16 21:29:00+00:00,1762.99,1763.7,1762.04,1762.52,294.0
2026-06-16 21:34:00+00:00,1762.52,1762.9,1760.88,1761.21,282.0
2026-06-16 21:39:00+00:00,1761.21,1762.23,1758.98,1761.33,318.0
2026-06-16 21:44:00+00:00,1761.33,1761.72,1758.66,1759.24,579.0
2026-06-16 21:49:00+00:00,1759.24,1759.69,1757.86,1758.21,228.0
2026-06-16 21:54:00+00:00,1758.21,1761.58,1757.94,1761.11,447.0
2026-06-16 21:59:00+00:00,1761.11,1764.32,1760.2,1763.58,514.0
2026-06-16 22:04:00+00:00,1763.58,1764.61,1761.42,1762.19,344.0
2026-06-16 22:09:00+00:00,1762.19,1762.95,1761.55,1762.06,347.0
2026-06-16 22:14:00+00:00,1762.06,1763.49,1757.66,1759.55,442.0
2026-06-16 22:19:00+00:00,1759.55,1760.09,1758.85,1759.85,480.0
2026-06-16 22:24:00+00:00,1759.85,1761.65,1759.42,1760.03,447.0
2026-06-16 22:29:00+00:00,1760.03,1760.63,1759.74,1760.4,581.0
2026-06-16 22:34:00+00:00,1760.4,1760.61,1758.87,1759.04,400.0
2026-06-16 22:39:00+00:00,1759.04,1762.13,1757.07,1761.45,590.0
2026-06-16 22:44:00+00:00,1761.45,1764.08,1761.02,1762.96,540.0
2026-06-16 22:49:00+00:00,1762.96,1765.6,1761.84,1764.96,564.0
2026-06-16 22:54:00+00:00,1764.96,1766.99,1762.89,1766.4,362.0
2026-06-16 22:59:00+00:00,1766.4,1770.27,1766.18,1770.18,596.0
2026-06-16 23:04:00+00:00,1770.18,1770.55,1769.27,1769.69,325.0
2026-06-16 23:09:00+00:00,1769.69,1770.04,1767.46,1767.73,351.0
2026-06-16 23:14:00+00:00,1767.73,1768.19,1762.46,1762.87,480.0
2026-06-16 23:19:00+00:00,1762.87,1765.54,1761.47,1764.25,362.0
2026-06-16 23:24:00+00:00,1764.25,1764.69,1760.91,1762.0,369.0
2026-06-16 23:29:00+00:00,1762.0,1765.68,1761.63,1764.79,478.0
2026-06-16 23:34:00+00:00,1764.79,1764.87,1763.55,1763.62,499.0
2026-06-16 23:39:00+00:00,1763.62,1766.3,1762.49,1765.01,474.0
2026-06-16 23:44:00+00:00,1765.01,1765.64,1761.92,1763.03,289.0
2026-06-16 23:49:00+00:00,1763.03,1768.09,1761.78,1767.04,590.0
2026-06-16 23:54:00+00:00,1767.04,1768.96,1760.76,1762.63,596.0
2026-06-16 23:59:00+00:00,1762.63,1765.15,1762.21,1764.75,306.0
2026-06-17 00:04:00+00:00,1764.75,1765.91,1761.82,1762.8,430.0
2026-06-17 00:09:00+00:00,1762.8,1764.63,1761.35,1762.45,478.0
2026-06-17 00:14:00+00:00,1762.45,1762.45,1762.18,1762.18,462.0
2026-06-17 00:19:00+00:00,1762.18,1765.27,1761.03,1763.87,496.0
2026-06-17 00:24:00+00:00,1763.87,1768.2,1762.54,1766.68,554.0
2026-06-17 00:29:00+00:00,1766.68,1769.03,1763.02,1767.51,372.0
2026-06-17 00:34:00+00:00,1767.51,1767.99,1765.88,1766.62,407.0
2026-06-17 00:39:00+00:00,1766.62,1766.63,1765.92,1765.94,437.0
2026-06-17 00:44:00+00:00,1765.94,1766.95,1764.4,1765.54,599.0
2026-06-17 00:49:00+00:00,1765.54,1768.58,1763.78,1768.04,658.0
2026-06-17 00:54:00+00:00,1768.04,1769.66,1767.59,1768.49,538.0
2026-06-17 00:59:00+00:00,1768.49,1769.03,1766.52,1767.56,580.0
2026-06-17 01:04:00+00:00,1767.56,1769.18,1766.69,1768.58,298.0
2026-06-17 01:09:00+00:00,1768.58,1769.6,1765.61,1767.47,362.0
2026-06-17 01:14:00+00:00,1767.47,1767.8,1765.95,1766.85,226.0
2026-06-17 01:19:00+00:00,1766.85,1769.13,1765.82,1768.59,269.0
2026-06-17 01:24:00+00:00,1768.59,1768.86,1765.86,1766.62,463.0
2026-06-17 01:29:00+00:00,1766.62,1767.02,1761.18,1762.67,511.0
2026-06-17 01:34:00+00:00,1762.67,1764.64,1762.51,1764.42,465.0
2026-06-17 01:39:00+00:00,1764.42,1766.85,1761.24,1762.82,282.0
2026-06-17 01:44:00+00:00,1762.82,1762.96,1761.84,1761.92,616.0
2026-06-17 01:49:00+00:00,1761.92,1762.1,1759.01,1759.67,299.0
2026-06-17 01:54:00+00:00,1759.67,1763.56,1758.74,1763.11,653.0
2026-06-17 01:59:00+00:00,1763.11,1765.36,1761.6,1764.05,272.0
2026-06-17 02:04:00+00:00,1764.05,1764.58,1763.12,1763.38,351.0
2026-06-17 02:09:00+00:00,1763.38,1763.68,1761.06,1761.76,447.0
2026-06-17 02:14:00+00:00,1761.76,1762.64,1756.06,1757.02,290.0
2026-06-17 02:19:00+00:00,1757.02,1759.13,1756.44,1758.89,391.0
2026-06-17 02:24:00+00:00,1758.89,1760.57,1757.48,1759.38,461.0
2026-06-17 02:29:00+00:00,1759.38,1763.03,1759.12,1762.52,494.0
2026-06-17 02:34:00+00:00,1762.52,1762.97,1760.84,1761.26,235.0
2026-06-17 02:39:00+00:00,1761.26,1764.39,1758.46,1761.09,381.0
2026-06-17 02:44:00+00:00,1761.09,1764.99,1758.95,1763.46,638.0
2026-06-17 02:49:00+00:00,1763.46,1764.76,1761.48,1763.47,626.0
2026-06-17 02:54:00+00:00,1763.47,1764.81,1760.89,1761.61,472.0
2026-06-17 02:59:00+00:00,1761.61,1765.04,1761.23,1764.28,646.0
2026-06-17 03:04:00+00:00,1764.28,1766.63,1763.66,1766.13,395.0
2026-06-17 03:09:00+00:00,1766.13,1768.37,1763.45,1766.66,473.0
2026-06-17 03:14:00+00:00,1766.66,1769.07,1765.13,1767.29,226.0
2026-06-17 03:19:00+00:00,1767.29,1768.93,1766.7,1768.0,221.0
2026-06-17 03:24:00+00:00,1768.0,1769.59,1764.78,1765.62,415.0
2026-06-17 03:29:00+00:00,1765.62,1765.83,1764.8,1764.89,403.0
2026-06-17 03:34:00+00:00,1764.89,1768.21,1762.76,1766.09,325.0
2026-06-17 03:39:00+00:00,1766.09,1766.84,1763.17,1764.46,473.0
2026-06-17 03:44:00+00:00,1764.46,1769.01,1763.26,1768.72,299.0
2026-06-17 03:49:00+00:00,1768.72,1769.31,1767.0,1767.9,407.0
2026-06-17 03:54:00+00:00,1767.9,1769.11,1765.72,1767.66,465.0
2026-06-17 03:59:00+00:00,1767.66,1770.25,1767.12,1769.81,435.0
2026-06-17 04:04:00+00:00,1769.81,1772.06,1769.63,1771.94,454.0
2026-06-17 04:09:00+00:00,1771.94,1772.46,1770.52,1771.88,565.0
2026-06-17 04:14:00+00:00,1771.88,1773.83,1771.41,1773.54,644.0
2026-06-17 04:19:00+00:00,1773.54,1776.25,1772.71,1775.29,267.0
2026-06-17 04:24:00+00:00,1775.29,1776.39,1773.37,1773.88,473.0
2026-06-17 04:29:00+00:00,1773.88,1774.48,1771.67,1771.95,298.0
2026-06-17 04:34:00+00:00,1771.95,1772.78,1769.06,1770.49,238.0
2026-06-17 04:39:00+00:00,1770.49,1771.52,1766.22,1768.77,532.0
2026-06-17 04:44:00+00:00,1768.77,1771.05,1763.09,1765.82,630.0
2026-06-17 04:49:00+00:00,1765.82,1770.78,1764.81,1769.07,650.0
2026-06-17 04:54:00+00:00,1769.07,1770.53,1766.75,1767.83,410.0
2026-06-17 04:59:00+00:00,1767.83,1768.08,1766.64,1766.72,538.0
2026-06-17 05:04:00+00:00,1766.72,1767.93,1762.75,1764.56,518.0
2026-06-17 05:09:00+00:00,1764.56,1765.56,1762.99,1764.95,650.0
2026-06-17 05:14:00+00:00,1764.95,1766.68,1764.81,1766.53,340.0
2026-06-17 05:19:00+00:00,1766.53,1770.14,1765.34,1768.45,519.0
2026-06-17 05:24:00+00:00,1768.45,1771.94,1767.39,1770.22,528.0
2026-06-17 05:29:00+00:00,1770.22,1772.1,1768.89,1770.04,625.0
2026-06-17 05:34:00+00:00,1770.04,1772.17,1769.74,1771.97,594.0
2026-06-17 05:39:00+00:00,1771.97,1776.35,1770.76,1775.42,304.0
2026-06-17 05:44:00+00:00,1775.42,1775.6,1774.66,1774.76,413.0
2026-06-17 05:49:00+00:00,1774.76,1774.78,1774.03,1774.05,310.0
2026-06-17 05:54:00+00:00,1774.05,1775.92,1771.97,1772.94,474.0
2026-06-17 05:59:00+00:00,1772.94,1776.74,1772.3,1776.15,491.0
2026-06-17 06:04:00+00:00,1776.15,1777.11,1776.0,1776.94,328.0
2026-06-17 06:09:00+00:00,1776.94,1777.3,1774.33,1774.95,578.0
2026-06-17 06:14:00+00:00,1774.95,1776.51,1774.13,1775.54,313.0
2026-06-17 06:19:00+00:00,1775.54,1779.72,1771.53,1776.38,242.0
2026-06-17 06:24:00+00:00,1776.38,1777.8,1774.33,1775.4,400.0
2026-06-17 06:29:00+00:00,1775.4,1775.71,1774.85,1775.23,436.0
2026-06-17 06:34:00+00:00,1775.23,1777.48,1773.54,1775.45,271.0
2026-06-17 06:39:00+00:00,1775.45,1775.85,1774.6,1775.28,366.0
2026-06-17 06:44:00+00:00,1775.28,1775.76,1773.4,1773.9,455.0
2026-06-17 06:49:00+00:00,1773.9,1775.68,1772.81,1775.28,323.0
2026-06-17 06:54:00+00:00,1775.28,1776.4,1774.24,1775.01,598.0
2026-06-17 06:59:00+00:00,1775.01,1778.8,1773.89,1778.1,559.0
2026-06-17 07:04:00+00:00,1778.1,1778.45,1775.45,1775.73,865.0
2026-06-17 07:09:00+00:00,1775.73,1776.93,1774.82,1776.23,988.0
2026-06-17 07:14:00+00:00,1776.23,1776.92,1776.04,1776.65,447.0
2026-06-17 07:19:00+00:00,1776.65,1778.7,1776.15,1777.25,795.0
2026-06-17 07:24:00+00:00,1777.25,1779.09,1776.55,1777.94,692.0
2026-06-17 07:29:00+00:00,1777.94,1778.01,1777.13,1777.25,402.0
2026-06-17 07:34:00+00:00,1777.25,1778.23,1772.61,1773.09,634.0
2026-06-17 07:39:00+00:00,1773.09,1774.39,1769.87,1771.04,595.0
2026-06-17 07:44:00+00:00,1771.04,1773.27,1770.41,1772.32,1089.0
2026-06-17 07:49:00+00:00,1772.32,1776.61,1772.03,1775.96,945.0
2026-06-17 07:54:00+00:00,1775.96,1778.75,1775.61,1778.59,1152.0
2026-06-17 07:59:00+00:00,1778.59,1780.04,1770.65,1773.3,428.0
2026-06-17 08:04:00+00:00,1773.3,1773.34,1772.97,1773.05,647.0
2026-06-17 08:09:00+00:00,1773.05,1773.16,1773.04,1773.15,900.0
2026-06-17 08:14:00+00:00,1773.15,1773.84,1767.46,1767.87,552.0
2026-06-17 08:19:00+00:00,1767.87,1770.27,1766.71,1769.06,578.0
2026-06-17 08:24:00+00:00,1769.06,1770.9,1766.79,1767.73,1036.0
2026-06-17 08:29:00+00:00,1767.73,1770.06,1766.25,1767.47,1128.0
2026-06-17 08:34:00+00:00,1767.47,1767.84,1765.37,1765.92,813.0
2026-06-17 08:39:00+00:00,1765.92,1767.0,1765.73,1766.78,454.0
2026-06-17 08:44:00+00:00,1766.78,1771.64,1765.29,1767.3,713.0
2026-06-17 08:49:00+00:00,1767.3,1768.78,1766.24,1767.36,875.0
2026-06-17 08:54:00+00:00,1767.36,1768.53,1766.66,1767.42,945.0
2026-06-17 08:59:00+00:00,1767.42,1768.55,1762.67,1763.48,470.0
2026-06-17 09:04:00+00:00,1763.48,1764.4,1762.44,1763.44,734.0
2026-06-17 09:09:00+00:00,1763.44,1768.43,1762.54,1768.12,757.0
2026-06-17 09:14:00+00:00,1768.12,1768.16,1765.96,1766.06,682.0
2026-06-17 09:19:00+00:00,1766.06,1767.45,1765.72,1767.06,722.0
2026-06-17 09:24:00+00:00,1767.06,1767.07,1766.03,1766.05,1107.0
2026-06-17 09:29:00+00:00,1766.05,1767.74,1765.77,1767.06,1008.0
2026-06-17 09:34:00+00:00,1767.06,1769.08,1766.36,1768.14,861.0
2026-06-17 09:39:00+00:00,1768.14,1774.9,1766.71,1772.81,675.0
2026-06-17 09:44:00+00:00,1772.81,1773.77,1770.15,1771.36,454.0
2026-06-17 09:49:00+00:00,1771.36,1771.83,1769.52,1771.12,762.0
2026-06-17 09:54:00+00:00,1771.12,1774.44,1770.59,1773.11,780.0
2026-06-17 09:59:00+00:00,1773.11,1774.73,1772.72,1774.19,958.0
2026-06-17 10:04:00+00:00,1774.19,1774.74,1771.9,1772.31,962.0
2026-06-17 10:09:00+00:00,1772.31,1773.18,1771.17,1772.47,682.0
2026-06-17 10:14:00+00:00,1772.47,1773.17,1770.77,1771.1,1081.0
2026-06-17 10:19:00+00:00,1771.1,1771.4,1770.4,1770.63,633.0
2026-06-17 10:24:00+00:00,1770.63,1772.02,1770.02,1770.97,972.0
2026-06-17 10:29:00+00:00,1770.97,1771.31,1769.73,1770.26,633.0
2026-06-17 10:34:00+00:00,1770.26,1771.73,1769.36,1771.28,832.0
2026-06-17 10:39:00+00:00,1771.28,1771.76,1763.42,1765.33,412.0
2026-06-17 10:44:00+00:00,1765.33,1768.16,1761.48,1765.07,920.0
2026-06-17 10:49:00+00:00,1765.07,1766.22,1764.85,1766.03,687.0
2026-06-17 10:54:00+00:00,1766.03,1767.76,1764.55,1765.48,609.0
2026-06-17 10:59:00+00:00,1765.48,1766.11,1764.21,1764.95,447.0
2026-06-17 11:04:00+00:00,1764.95,1766.32,1764.89,1766.3,603.0
2026-06-17 11:09:00+00:00,1766.3,1771.5,1766.06,1770.78,594.0
2026-06-17 11:14:00+00:00,1770.78,1771.35,1769.53,1770.51,498.0
2026-06-17 11:19:00+00:00,1770.51,1774.51,1769.87,1773.75,799.0
2026-06-17 11:24:00+00:00,1773.75,1774.67,1769.7,1770.18,651.0
2026-06-17 11:29:00+00:00,1770.18,1772.92,1769.59,1772.43,986.0
2026-06-17 11:34:00+00:00,1772.43,1773.64,1765.98,1767.77,1130.0
2026-06-17 11:39:00+00:00,1767.77,1769.25,1764.13,1765.0,844.0
2026-06-17 11:44:00+00:00,1765.0,1768.97,1764.72,1768.8,735.0
2026-06-17 11:49:00+00:00,1768.8,1768.82,1765.42,1765.43,948.0
2026-06-17 11:54:00+00:00,1765.43,1766.13,1761.77,1762.1,482.0
2026-06-17 11:59:00+00:00,1762.1,1763.35,1758.77,1760.17,731.0
2026-06-17 12:04:00+00:00,1760.17,1761.03,1760.04,1760.86,889.0
2026-06-17 12:09:00+00:00,1760.86,1762.26,1760.67,1762.1,559.0
2026-06-17 12:14:00+00:00,1762.1,1764.75,1757.66,1759.09,874.0
2026-06-17 12:19:00+00:00,1759.09,1759.62,1754.04,1754.2,669.0
2026-06-17 12:24:00+00:00,1754.2,1754.35,1753.74,1753.9,1030.0
2026-06-17 12:29:00+00:00,1753.9,1755.49,1753.07,1754.53,846.0
2026-06-17 12:34:00+00:00,1754.53,1755.26,1752.76,1753.53,1093.0
2026-06-17 12:39:00+00:00,1753.53,1753.65,1751.68,1751.91,665.0
2026-06-17 12:44:00+00:00,1751.91,1752.28,1751.29,1751.4,658.0
2026-06-17 12:49:00+00:00,1751.4,1752.04,1749.93,1750.62,479.0
2026-06-17 12:54:00+00:00,1750.62,1751.79,1747.37,1748.64,686.0
2026-06-17 12:59:00+00:00,1748.64,1750.22,1745.19,1745.76,822.0
2026-06-17 13:04:00+00:00,1745.76,1745.77,1744.57,1744.59,595.0
2026-06-17 13:09:00+00:00,1744.59,1750.32,1743.47,1749.49,987.0
2026-06-17 13:14:00+00:00,1749.49,1752.2,1748.43,1751.24,1110.0
2026-06-17 13:19:00+00:00,1751.24,1751.49,1749.41,1749.72,1007.0
2026-06-17 13:24:00+00:00,1749.72,1749.95,1747.62,1748.21,507.0
2026-06-17 13:29:00+00:00,1748.21,1748.75,1746.33,1746.69,707.0
2026-06-17 13:34:00+00:00,1746.69,1748.07,1746.39,1747.73,820.0
2026-06-17 13:39:00+00:00,1747.73,1748.85,1745.01,1746.32,543.0
2026-06-17 13:44:00+00:00,1746.32,1746.85,1742.05,1742.52,560.0
2026-06-17 13:49:00+00:00,1742.52,1744.02,1737.64,1739.61,1068.0
2026-06-17 13:54:00+00:00,1739.61,1740.75,1737.45,1738.39,728.0
2026-06-17 13:59:00+00:00,1738.39,1738.8,1735.93,1736.86,969.0
2026-06-17 14:04:00+00:00,1736.86,1737.96,1736.85,1737.95,683.0
2026-06-17 14:09:00+00:00,1737.95,1738.16,1735.14,1735.42,981.0
2026-06-17 14:14:00+00:00,1735.42,1736.55,1735.22,1736.35,574.0
2026-06-17 14:19:00+00:00,1736.35,1738.91,1735.94,1738.28,934.0
2026-06-17 14:24:00+00:00,1738.28,1739.45,1737.35,1738.36,550.0
2026-06-17 14:29:00+00:00,1738.36,1740.36,1737.05,1738.02,756.0
2026-06-17 14:34:00+00:00,1738.02,1738.35,1737.15,1738.09,1001.0
2026-06-17 14:39:00+00:00,1738.09,1740.66,1736.88,1738.94,1103.0
2026-06-17 14:44:00+00:00,1738.94,1741.63,1737.26,1739.64,840.0
2026-06-17 14:49:00+00:00,1739.64,1741.04,1738.99,1740.69,861.0
2026-06-17 14:54:00+00:00,1740.69,1741.61,1738.71,1739.15,1082.0
2026-06-17 14:59:00+00:00,1739.15,1743.49,1738.05,1742.5,602.0
2026-06-17 15:04:00+00:00,1742.5,1746.53,1739.6,1742.59,500.0
2026-06-17 15:09:00+00:00,1742.59,1743.76,1738.73,1739.9,1106.0
2026-06-17 15:14:00+00:00,1739.9,1741.44,1739.47,1740.26,409.0
2026-06-17 15:19:00+00:00,1740.26,1741.62,1740.08,1741.45,902.0
2026-06-17 15:24:00+00:00,1741.45,1744.83,1739.35,1742.67,473.0
2026-06-17 15:29:00+00:00,1742.67,1748.74,1741.5,1747.61,1121.0
2026-06-17 15:34:00+00:00,1747.61,1749.08,1745.95,1748.14,683.0
2026-06-17 15:39:00+00:00,1748.14,1748.53,1747.82,1748.03,539.0
2026-06-17 15:44:00+00:00,1748.03,1750.53,1747.76,1750.2,456.0
2026-06-17 15:49:00+00:00,1750.2,1751.49,1748.88,1750.45,729.0
2026-06-17 15:54:00+00:00,1750.45,1756.25,1750.41,1756.18,640.0
2026-06-17 15:59:00+00:00,1756.18,1756.73,1754.21,1755.06,942.0
2026-06-17 16:04:00+00:00,1755.06,1755.98,1754.37,1755.1,662.0
2026-06-17 16:09:00+00:00,1755.1,1755.25,1754.24,1754.67,1140.0
2026-06-17 16:14:00+00:00,1754.67,1758.03,1753.72,1757.45,932.0
2026-06-17 16:19:00+00:00,1757.45,1757.76,1754.75,1755.19,658.0
2026-06-17 16:24:00+00:00,1755.19,1757.96,1754.71,1756.99,617.0
2026-06-17 16:29:00+00:00,1756.99,1759.54,1756.59,1759.12,634.0
2026-06-17 16:34:00+00:00,1759.12,1760.17,1758.98,1759.92,1127.0
2026-06-17 16:39:00+00:00,1759.92,1759.96,1759.18,1759.22,818.0
2026-06-17 16:44:00+00:00,1759.22,1765.14,1757.07,1763.2,837.0
2026-06-17 16:49:00+00:00,1763.2,1763.76,1761.44,1762.22,935.0
2026-06-17 16:54:00+00:00,1762.22,1763.29,1762.17,1763.23,1064.0
2026-06-17 16:59:00+00:00,1763.23,1763.45,1762.98,1763.26,874.0
2026-06-17 17:04:00+00:00,1763.26,1766.39,1761.83,1765.12,616.0
2026-06-17 17:09:00+00:00,1765.12,1767.64,1764.64,1766.86,535.0
2026-06-17 17:14:00+00:00,1766.86,1769.03,1765.58,1768.29,535.0
2026-06-17 17:19:00+00:00,1768.29,1768.54,1766.27,1766.91,562.0
2026-06-17 17:24:00+00:00,1766.91,1768.61,1765.6,1766.7,260.0
2026-06-17 17:29:00+00:00,1766.7,1768.11,1765.36,1767.12,654.0
2026-06-17 17:34:00+00:00,1767.12,1771.09,1766.73,1770.59,418.0
2026-06-17 17:39:00+00:00,1770.59,1771.73,1769.9,1770.39,635.0
2026-06-17 17:44:00+00:00,1770.39,1770.78,1769.7,1769.98,482.0
2026-06-17 17:49:00+00:00,1769.98,1770.15,1768.59,1768.75,623.0
2026-06-17 17:54:00+00:00,1768.75,1769.09,1766.84,1768.26,609.0
2026-06-17 17:59:00+00:00,1768.26,1769.1,1765.68,1766.48,474.0
2026-06-17 18:04:00+00:00,1766.48,1766.65,1765.59,1765.67,331.0
2026-06-17 18:09:00+00:00,1765.67,1769.38,1764.96,1769.02,478.0
2026-06-17 18:14:00+00:00,1769.02,1771.03,1766.54,1769.44,636.0
2026-06-17 18:19:00+00:00,1769.44,1770.0,1769.05,1769.86,498.0
2026-06-17 18:24:00+00:00,1769.86,1770.87,1769.35,1770.71,533.0
2026-06-17 18:29:00+00:00,1770.71,1772.54,1767.65,1769.34,368.0
2026-06-17 18:34:00+00:00,1769.34,1770.78,1767.29,1768.13,224.0
2026-06-17 18:39:00+00:00,1768.13,1770.87,1765.91,1769.12,313.0
2026-06-17 18:44:00+00:00,1769.12,1769.47,1769.05,1769.44,551.0
2026-06-17 18:49:00+00:00,1769.44,1770.3,1766.9,1767.46,274.0
2026-06-17 18:54:00+00:00,1767.46,1770.76,1766.66,1769.28,360.0
2026-06-17 18:59:00+00:00,1769.28,1770.68,1768.93,1769.81,283.0
2026-06-17 19:04:00+00:00,1769.81,1773.2,1768.08,1771.29,350.0
2026-06-17 19:09:00+00:00,1771.29,1771.88,1767.36,1768.24,610.0
2026-06-17 19:14:00+00:00,1768.24,1768.69,1766.66,1767.94,499.0
2026-06-17 19:19:00+00:00,1767.94,1770.73,1766.73,1769.95,322.0
2026-06-17 19:24:00+00:00,1769.95,1773.85,1768.53,1772.93,452.0
2026-06-17 19:29:00+00:00,1772.93,1773.62,1771.83,1772.22,611.0
2026-06-17 19:34:00+00:00,1772.22,1772.28,1771.56,1771.69,610.0
2026-06-17 19:39:00+00:00,1771.69,1774.4,1770.6,1773.37,386.0
2026-06-17 19:44:00+00:00,1773.37,1774.75,1768.39,1770.92,280.0
2026-06-17 19:49:00+00:00,1770.92,1772.62,1770.09,1771.77,270.0
2026-06-17 19:54:00+00:00,1771.77,1772.76,1771.08,1771.93,350.0
2026-06-17 19:59:00+00:00,1771.93,1773.26,1770.88,1771.51,614.0
2026-06-17 20:04:00+00:00,1771.51,1773.57,1771.07,1772.55,243.0
2026-06-17 20:09:00+00:00,1772.55,1777.54,1769.81,1775.35,636.0
2026-06-17 20:14:00+00:00,1775.35,1778.72,1773.53,1777.47,1054.0
2026-06-17 20:19:00+00:00,1777.47,1777.86,1777.21,1777.57,662.0
2026-06-17 20:24:00+00:00,1777.57,1784.42,1775.04,1779.18,766.0
2026-06-17 20:29:00+00:00,1779.18,1780.69,1772.36,1774.5,903.0
2026-06-17 20:34:00+00:00,1774.5,1778.21,1772.96,1777.05,669.0
2026-06-17 20:39:00+00:00,1777.05,1778.37,1774.28,1776.76,684.0
2026-06-17 20:44:00+00:00,1776.76,1777.78,1766.78,1768.05,1072.0
2026-06-17 20:49:00+00:00,1768.05,1768.43,1764.12,1764.87,889.0
2026-06-17 20:54:00+00:00,1764.87,1765.41,1760.39,1761.95,555.0
2026-06-17 20:59:00+00:00,1761.95,1764.45,1760.97,1761.73,938.0
2026-06-17 21:04:00+00:00,1761.73,1762.63,1761.01,1762.42,1038.0
2026-06-17 21:09:00+00:00,1762.42,1766.45,1761.53,1762.94,1001.0
2026-06-17 21:14:00+00:00,1762.94,1770.45,1758.22,1765.99,1002.0
2026-06-17 21:19:00+00:00,1765.99,1768.85,1764.81,1767.12,879.0
2026-06-17 21:24:00+00:00,1767.12,1768.17,1765.14,1766.57,1022.0
2026-06-17 21:29:00+00:00,1766.57,1766.86,1765.8,1766.22,482.0
2026-06-17 21:34:00+00:00,1766.22,1769.72,1766.21,1769.71,755.0
2026-06-17 21:39:00+00:00,1769.71,1771.79,1767.17,1768.0,654.0
2026-06-17 21:44:00+00:00,1768.0,1771.87,1763.87,1768.43,614.0
2026-06-17 21:49:00+00:00,1768.43,1769.2,1764.68,1766.01,1005.0
2026-06-17 21:54:00+00:00,1766.01,1769.71,1765.02,1767.14,788.0
2026-06-17 21:59:00+00:00,1767.14,1772.04,1765.32,1770.23,460.0
2026-06-17 22:04:00+00:00,1770.23,1771.9,1769.99,1771.76,758.0
2026-06-17 22:09:00+00:00,1771.76,1772.0,1768.4,1768.67,914.0
2026-06-17 22:14:00+00:00,1768.67,1776.87,1765.99,1776.26,454.0
2026-06-17 22:19:00+00:00,1776.26,1780.27,1771.25,1772.95,736.0
2026-06-17 22:24:00+00:00,1772.95,1773.08,1772.63,1772.76,905.0
2026-06-17 22:29:00+00:00,1772.76,1773.66,1768.92,1771.94,888.0
2026-06-17 22:34:00+00:00,1771.94,1774.3,1771.82,1774.18,623.0
2026-06-17 22:39:00+00:00,1774.18,1776.6,1768.05,1770.63,560.0
2026-06-17 22:44:00+00:00,1770.63,1773.95,1766.42,1768.84,523.0
2026-06-17 22:49:00+00:00,1768.84,1769.05,1764.86,1765.18,806.0
2026-06-17 22:54:00+00:00,1765.18,1765.86,1764.31,1764.7,485.0
2026-06-17 22:59:00+00:00,1764.7,1770.37,1762.89,1767.58,765.0
2026-06-17 23:04:00+00:00,1767.58,1770.66,1767.22,1770.33,1037.0
2026-06-17 23:09:00+00:00,1770.33,1774.12,1765.61,1768.36,733.0
2026-06-17 23:14:00+00:00,1768.36,1771.47,1759.35,1761.83,526.0
2026-06-17 23:19:00+00:00,1761.83,1766.92,1757.75,1761.55,785.0
2026-06-17 23:24:00+00:00,1761.55,1771.74,1752.66,1760.45,536.0
2026-06-17 23:29:00+00:00,1760.45,1764.01,1756.85,1759.13,758.0
2026-06-17 23:34:00+00:00,1759.13,1759.13,1754.79,1754.79,969.0
2026-06-17 23:39:00+00:00,1754.79,1757.58,1747.07,1751.51,725.0
2026-06-17 23:44:00+00:00,1751.51,1753.76,1745.79,1747.18,555.0
2026-06-17 23:49:00+00:00,1747.18,1750.19,1739.03,1741.05,1078.0
2026-06-17 23:54:00+00:00,1741.05,1748.73,1736.73,1744.43,1035.0
2026-06-17 23:59:00+00:00,1744.43,1746.02,1743.39,1745.0,461.0
2026-06-18 00:04:00+00:00,1745.0,1747.02,1743.99,1745.46,850.0
2026-06-18 00:09:00+00:00,1745.46,1752.86,1743.73,1750.36,686.0
2026-06-18 00:14:00+00:00,1750.36,1753.49,1750.1,1752.64,491.0
2026-06-18 00:19:00+00:00,1752.64,1754.16,1746.99,1748.14,951.0
2026-06-18 00:24:00+00:00,1748.14,1748.22,1738.65,1738.88,928.0
2026-06-18 00:29:00+00:00,1738.88,1743.45,1730.77,1732.72,876.0
2026-06-18 00:34:00+00:00,1732.72,1732.81,1731.53,1731.71,593.0
2026-06-18 00:39:00+00:00,1731.71,1732.05,1729.31,1729.94,422.0
2026-06-18 00:44:00+00:00,1729.94,1738.29,1728.76,1736.05,593.0
2026-06-18 00:49:00+00:00,1736.05,1736.14,1734.04,1734.17,880.0
2026-06-18 00:54:00+00:00,1734.17,1734.5,1732.83,1733.4,1034.0
2026-06-18 00:59:00+00:00,1733.4,1735.51,1732.94,1734.89,1073.0
2026-06-18 01:04:00+00:00,1734.89,1736.34,1731.07,1734.79,808.0
2026-06-18 01:09:00+00:00,1734.79,1734.89,1732.73,1732.77,528.0
2026-06-18 01:14:00+00:00,1732.77,1733.71,1732.67,1733.6,1011.0
2026-06-18 01:19:00+00:00,1733.6,1734.83,1732.93,1734.3,477.0
2026-06-18 01:24:00+00:00,1734.3,1740.78,1733.11,1737.49,506.0
2026-06-18 01:29:00+00:00,1737.49,1740.62,1729.14,1733.06,512.0
2026-06-18 01:34:00+00:00,1733.06,1736.95,1732.82,1735.95,726.0
2026-06-18 01:39:00+00:00,1735.95,1738.03,1732.66,1735.63,1041.0
2026-06-18 01:44:00+00:00,1735.63,1736.1,1730.04,1731.07,590.0
2026-06-18 01:49:00+00:00,1731.07,1731.15,1728.71,1729.01,730.0
2026-06-18 01:54:00+00:00,1729.01,1729.44,1725.75,1726.2,391.0
2026-06-18 01:59:00+00:00,1726.2,1730.32,1723.83,1728.63,836.0
2026-06-18 02:04:00+00:00,1728.63,1734.58,1725.52,1733.16,492.0
2026-06-18 02:09:00+00:00,1733.16,1735.83,1730.7,1732.01,486.0
2026-06-18 02:14:00+00:00,1732.01,1734.24,1720.95,1728.77,1010.0
2026-06-18 02:19:00+00:00,1728.77,1732.24,1728.49,1731.8,524.0
2026-06-18 02:24:00+00:00,1731.8,1732.09,1730.19,1731.29,886.0
2026-06-18 02:29:00+00:00,1731.29,1731.57,1725.24,1726.18,699.0
2026-06-18 02:34:00+00:00,1726.18,1727.43,1724.54,1725.52,416.0
2026-06-18 02:39:00+00:00,1725.52,1730.17,1724.09,1727.76,958.0
2026-06-18 02:44:00+00:00,1727.76,1729.0,1721.3,1723.04,808.0
2026-06-18 02:49:00+00:00,1723.04,1730.32,1718.93,1723.94,464.0
2026-06-18 02:54:00+00:00,1723.94,1727.43,1722.97,1725.02,1033.0
2026-06-18 02:59:00+00:00,1725.02,1725.74,1724.85,1725.55,848.0
2026-06-18 03:04:00+00:00,1725.55,1726.26,1721.39,1722.51,630.0
2026-06-18 03:09:00+00:00,1722.51,1724.76,1721.58,1724.32,640.0
2026-06-18 03:14:00+00:00,1724.32,1729.2,1721.11,1726.1,699.0
2026-06-18 03:19:00+00:00,1726.1,1728.87,1710.1,1714.85,862.0
2026-06-18 03:24:00+00:00,1714.85,1716.1,1712.49,1712.89,635.0
2026-06-18 03:29:00+00:00,1712.89,1714.44,1711.12,1713.28,366.0
2026-06-18 03:34:00+00:00,1713.28,1718.18,1712.53,1717.34,674.0
2026-06-18 03:39:00+00:00,1717.34,1718.04,1714.3,1714.48,1016.0
2026-06-18 03:44:00+00:00,1714.48,1720.1,1710.01,1715.54,629.0
2026-06-18 03:49:00+00:00,1715.54,1719.24,1714.09,1717.92,1027.0
2026-06-18 03:54:00+00:00,1717.92,1718.38,1717.25,1717.72,1026.0
2026-06-18 03:59:00+00:00,1717.72,1719.29,1715.73,1716.65,930.0
2026-06-18 04:04:00+00:00,1716.65,1717.6,1715.57,1717.18,886.0
2026-06-18 04:09:00+00:00,1717.18,1717.73,1713.36,1713.96,364.0
2026-06-18 04:14:00+00:00,1713.96,1714.91,1713.69,1714.17,640.0
2026-06-18 04:19:00+00:00,1714.17,1721.14,1711.92,1718.12,878.0
2026-06-18 04:24:00+00:00,1718.12,1721.21,1717.89,1720.84,881.0
2026-06-18 04:29:00+00:00,1720.84,1721.5,1718.17,1719.97,807.0
2026-06-18 04:34:00+00:00,1719.97,1721.16,1719.47,1720.41,958.0
2026-06-18 04:39:00+00:00,1720.41,1722.96,1720.03,1722.08,668.0
2026-06-18 04:44:00+00:00,1722.08,1727.14,1721.89,1727.01,393.0
2026-06-18 04:49:00+00:00,1727.01,1731.0,1725.41,1727.61,442.0
2026-06-18 04:54:00+00:00,1727.61,1732.5,1726.06,1731.05,700.0
2026-06-18 04:59:00+00:00,1731.05,1735.94,1730.62,1734.85,693.0
2026-06-18 05:04:00+00:00,1734.85,1736.96,1734.59,1736.35,1062.0
2026-06-18 05:09:00+00:00,1736.35,1739.63,1736.04,1739.43,768.0
2026-06-18 05:14:00+00:00,1739.43,1742.72,1736.34,1739.56,703.0
2026-06-18 05:19:00+00:00,1739.56,1741.48,1736.6,1737.9,889.0
2026-06-18 05:24:00+00:00,1737.9,1746.83,1734.37,1742.93,698.0
2026-06-18 05:29:00+00:00,1742.93,1745.47,1740.33,1741.49,858.0
2026-06-18 05:34:00+00:00,1741.49,1744.56,1736.67,1742.17,546.0
2026-06-18 05:39:00+00:00,1742.17,1746.16,1740.08,1744.83,486.0
2026-06-18 05:44:00+00:00,1744.83,1746.8,1743.87,1745.76,675.0
2026-06-18 05:49:00+00:00,1745.76,1747.01,1744.78,1746.47,401.0
2026-06-18 05:54:00+00:00,1746.47,1747.89,1744.84,1745.37,592.0
2026-06-18 05:59:00+00:00,1745.37,1745.45,1739.57,1739.63,732.0
2026-06-18 06:04:00+00:00,1739.63,1744.72,1739.52,1744.67,828.0
2026-06-18 06:09:00+00:00,1744.67,1745.97,1742.63,1743.36,702.0
2026-06-18 06:14:00+00:00,1743.36,1747.75,1742.74,1746.23,824.0
2026-06-18 06:19:00+00:00,1746.23,1747.57,1741.52,1745.67,1023.0
2026-06-18 06:24:00+00:00,1745.67,1746.49,1742.67,1745.32,1004.0
2026-06-18 06:29:00+00:00,1745.32,1750.45,1745.09,1749.62,556.0
2026-06-18 06:34:00+00:00,1749.62,1754.92,1749.39,1754.42,646.0
2026-06-18 06:39:00+00:00,1754.42,1754.84,1752.35,1753.02,369.0
2026-06-18 06:44:00+00:00,1753.02,1756.24,1750.9,1754.09,611.0
2026-06-18 06:49:00+00:00,1754.09,1760.21,1752.2,1759.73,460.0
2026-06-18 06:54:00+00:00,1759.73,1761.46,1758.4,1761.05,498.0
2026-06-18 06:59:00+00:00,1761.05,1764.2,1757.2,1760.04,826.0
2026-06-18 07:04:00+00:00,1760.04,1761.55,1755.74,1757.9,792.0
2026-06-18 07:09:00+00:00,1757.9,1763.04,1750.03,1753.91,1427.0
2026-06-18 07:14:00+00:00,1753.91,1759.95,1752.28,1756.82,1631.0
2026-06-18 07:19:00+00:00,1756.82,1758.77,1754.6,1755.22,1057.0
2026-06-18 07:24:00+00:00,1755.22,1757.57,1752.66,1754.8,1109.0
2026-06-18 07:29:00+00:00,1754.8,1761.76,1750.54,1758.27,794.0
2026-06-18 07:34:00+00:00,1758.27,1767.46,1753.9,1761.65,1828.0
2026-06-18 07:39:00+00:00,1761.65,1763.14,1756.36,1758.18,1666.0
2026-06-18 07:44:00+00:00,1758.18,1762.94,1751.65,1756.42,813.0
2026-06-18 07:49:00+00:00,1756.42,1764.75,1754.86,1762.34,976.0
2026-06-18 07:54:00+00:00,1762.34,1767.35,1760.43,1766.02,1840.0
2026-06-18 07:59:00+00:00,1766.02,1767.71,1764.01,1766.9,1246.0
2026-06-18 08:04:00+00:00,1766.9,1774.91,1765.2,1773.71,704.0
2026-06-18 08:09:00+00:00,1773.71,1774.57,1771.7,1772.89,823.0
2026-06-18 08:14:00+00:00,1772.89,1780.69,1770.6,1778.62,1702.0
2026-06-18 08:19:00+00:00,1778.62,1779.21,1774.44,1775.6,1075.0
2026-06-18 08:24:00+00:00,1775.6,1779.47,1774.03,1777.24,1806.0
2026-06-18 08:29:00+00:00,1777.24,1786.0,1774.74,1783.65,701.0
2026-06-18 08:34:00+00:00,1783.65,1786.56,1782.42,1783.46,1547.0
2026-06-18 08:39:00+00:00,1783.46,1785.26,1780.36,1783.89,1364.0
2026-06-18 08:44:00+00:00,1783.89,1784.15,1781.05,1781.68,764.0
2026-06-18 08:49:00+00:00,1781.68,1788.63,1778.15,1784.76,1231.0
2026-06-18 08:54:00+00:00,1784.76,1785.4,1781.75,1782.66,1474.0
2026-06-18 08:59:00+00:00,1782.66,1784.12,1781.05,1782.18,1490.0
2026-06-18 09:04:00+00:00,1782.18,1785.91,1773.1,1776.52,1625.0
2026-06-18 09:09:00+00:00,1776.52,1779.45,1776.16,1778.71,1824.0
2026-06-18 09:14:00+00:00,1778.71,1788.24,1776.78,1782.28,1161.0
2026-06-18 09:19:00+00:00,1782.28,1787.66,1780.55,1784.95,1763.0
2026-06-18 09:24:00+00:00,1784.95,1785.79,1780.06,1780.94,1564.0
2026-06-18 09:29:00+00:00,1780.94,1781.76,1777.73,1778.53,1064.0
2026-06-18 09:34:00+00:00,1778.53,1782.44,1778.05,1781.35,1162.0
2026-06-18 09:39:00+00:00,1781.35,1782.54,1775.83,1778.05,811.0
2026-06-18 09:44:00+00:00,1778.05,1782.07,1773.87,1780.87,1492.0
2026-06-18 09:49:00+00:00,1780.87,1790.17,1779.05,1787.91,1621.0
2026-06-18 09:54:00+00:00,1787.91,1790.18,1782.12,1783.65,1172.0
2026-06-18 09:59:00+00:00,1783.65,1785.14,1782.48,1784.33,1135.0
2026-06-18 10:04:00+00:00,1784.33,1786.5,1782.95,1785.31,944.0
2026-06-18 10:09:00+00:00,1785.31,1791.77,1783.71,1789.25,847.0
2026-06-18 10:14:00+00:00,1789.25,1789.87,1787.58,1788.33,1494.0
2026-06-18 10:19:00+00:00,1788.33,1788.38,1783.54,1783.58,1348.0
2026-06-18 10:24:00+00:00,1783.58,1789.79,1777.22,1783.3,717.0
2026-06-18 10:29:00+00:00,1783.3,1785.6,1780.75,1782.84,1109.0
2026-06-18 10:34:00+00:00,1782.84,1785.95,1781.61,1784.59,1702.0
2026-06-18 10:39:00+00:00,1784.59,1788.83,1777.15,1780.63,1009.0
2026-06-18 10:44:00+00:00,1780.63,1786.6,1778.74,1785.08,1457.0
2026-06-18 10:49:00+00:00,1785.08,1786.86,1784.39,1786.22,876.0
2026-06-18 10:54:00+00:00,1786.22,1788.96,1783.32,1787.81,1130.0
2026-06-18 10:59:00+00:00,1787.81,1790.81,1787.25,1790.61,658.0
2026-06-18 11:04:00+00:00,1790.61,1793.4,1787.11,1791.76,973.0
2026-06-18 11:09:00+00:00,1791.76,1791.78,1790.86,1790.88,1168.0
2026-06-18 11:14:00+00:00,1790.88,1794.29,1790.02,1793.66,1698.0
2026-06-18 11:19:00+00:00,1793.66,1794.26,1789.71,1790.57,1725.0
2026-06-18 11:24:00+00:00,1790.57,1794.5,1789.86,1793.01,1322.0
2026-06-18 11:29:00+00:00,1793.01,1798.29,1788.77,1796.37,953.0
2026-06-18 11:34:00+00:00,1796.37,1797.58,1792.93,1793.96,1481.0
2026-06-18 11:39:00+00:00,1793.96,1795.14,1792.2,1794.38,1245.0
2026-06-18 11:44:00+00:00,1794.38,1795.82,1793.99,1794.78,685.0
2026-06-18 11:49:00+00:00,1794.78,1801.17,1791.17,1797.64,1614.0
2026-06-18 11:54:00+00:00,1797.64,1799.26,1797.26,1799.13,1049.0
2026-06-18 11:59:00+00:00,1799.13,1804.3,1798.34,1804.04,1763.0
2026-06-18 12:04:00+00:00,1804.04,1807.21,1802.95,1805.52,1428.0
2026-06-18 12:09:00+00:00,1805.52,1805.86,1801.61,1802.34,1068.0
2026-06-18 12:14:00+00:00,1802.34,1804.59,1794.57,1796.53,778.0
2026-06-18 12:19:00+00:00,1796.53,1798.08,1791.25,1795.05,839.0
2026-06-18 12:24:00+00:00,1795.05,1797.8,1794.77,1797.74,1684.0
2026-06-18 12:29:00+00:00,1797.74,1804.14,1795.31,1802.33,755.0
2026-06-18 12:34:00+00:00,1802.33,1805.16,1802.23,1805.03,787.0
2026-06-18 12:39:00+00:00,1805.03,1811.41,1793.66,1800.27,830.0
2026-06-18 12:44:00+00:00,1800.27,1802.75,1796.36,1801.33,806.0
2026-06-18 12:49:00+00:00,1801.33,1811.88,1798.95,1810.31,1008.0
2026-06-18 12:54:00+00:00,1810.31,1812.24,1807.93,1810.25,1232.0
2026-06-18 12:59:00+00:00,1810.25,1814.35,1806.31,1812.08,1064.0
2026-06-18 13:04:00+00:00,1812.08,1813.73,1806.5,1807.55,1837.0
2026-06-18 13:09:00+00:00,1807.55,1811.58,1806.07,1807.19,1077.0
2026-06-18 13:14:00+00:00,1807.19,1808.72,1804.87,1807.5,955.0
2026-06-18 13:19:00+00:00,1807.5,1810.74,1804.46,1808.33,1509.0
2026-06-18 13:24:00+00:00,1808.33,1810.84,1806.85,1808.33,1137.0
2026-06-18 13:29:00+00:00,1808.33,1810.32,1807.39,1809.05,1138.0
2026-06-18 13:34:00+00:00,1809.05,1811.06,1805.43,1806.08,1870.0
2026-06-18 13:39:00+00:00,1806.08,1810.0,1804.31,1807.88,1485.0
2026-06-18 13:44:00+00:00,1807.88,1809.61,1807.21,1808.46,1634.0
2026-06-18 13:49:00+00:00,1808.46,1811.91,1805.13,1809.16,682.0
2026-06-18 13:54:00+00:00,1809.16,1815.71,1807.92,1814.72,1172.0
2026-06-18 13:59:00+00:00,1814.72,1815.94,1813.42,1814.84,1749.0
2026-06-18 14:04:00+00:00,1814.84,1818.46,1814.79,1818.44,981.0
2026-06-18 14:09:00+00:00,1818.44,1821.56,1816.97,1818.96,1764.0
2026-06-18 14:14:00+00:00,1818.96,1827.19,1815.4,1826.0,1057.0
2026-06-18 14:19:00+00:00,1826.0,1827.46,1821.96,1824.82,1316.0
2026-06-18 14:24:00+00:00,1824.82,1825.92,1821.09,1823.1,1250.0
2026-06-18 14:29:00+00:00,1823.1,1823.21,1819.23,1819.31,680.0
2026-06-18 14:34:00+00:00,1819.31,1821.27,1817.16,1818.87,1397.0
2026-06-18 14:39:00+00:00,1818.87,1819.08,1817.54,1818.07,1495.0
2026-06-18 14:44:00+00:00,1818.07,1818.47,1816.76,1817.53,1834.0
2026-06-18 14:49:00+00:00,1817.53,1819.49,1814.02,1815.09,899.0
2026-06-18 14:54:00+00:00,1815.09,1815.58,1814.09,1814.71,1135.0
2026-06-18 14:59:00+00:00,1814.71,1817.07,1812.29,1813.83,673.0
2026-06-18 15:04:00+00:00,1813.83,1815.63,1813.01,1815.35,1177.0
2026-06-18 15:09:00+00:00,1815.35,1821.89,1813.74,1820.82,1882.0
2026-06-18 15:14:00+00:00,1820.82,1824.74,1819.67,1823.81,850.0
2026-06-18 15:19:00+00:00,1823.81,1831.14,1823.14,1830.31,1758.0
2026-06-18 15:24:00+00:00,1830.31,1831.95,1829.78,1831.34,1421.0
2026-06-18 15:29:00+00:00,1831.34,1832.97,1823.94,1825.6,974.0
2026-06-18 15:34:00+00:00,1825.6,1825.86,1824.15,1824.47,1655.0
2026-06-18 15:39:00+00:00,1824.47,1828.01,1815.46,1819.51,638.0
2026-06-18 15:44:00+00:00,1819.51,1825.86,1818.62,1824.91,1471.0
2026-06-18 15:49:00+00:00,1824.91,1825.85,1824.63,1825.72,1789.0
2026-06-18 15:54:00+00:00,1825.72,1840.08,1823.23,1836.86,1393.0
2026-06-18 15:59:00+00:00,1836.86,1838.22,1834.53,1836.27,763.0
2026-06-18 16:04:00+00:00,1836.27,1838.53,1834.94,1837.76,1344.0
2026-06-18 16:09:00+00:00,1837.76,1839.79,1837.7,1839.73,1351.0
2026-06-18 16:14:00+00:00,1839.73,1844.25,1838.0,1842.24,1421.0
2026-06-18 16:19:00+00:00,1842.24,1845.13,1842.22,1845.12,1403.0
2026-06-18 16:24:00+00:00,1845.12,1846.94,1841.11,1843.47,1887.0
2026-06-18 16:29:00+00:00,1843.47,1845.93,1841.47,1845.4,917.0
2026-06-18 16:34:00+00:00,1845.4,1845.64,1840.32,1841.37,1593.0
2026-06-18 16:39:00+00:00,1841.37,1844.8,1840.61,1842.92,1610.0
2026-06-18 16:44:00+00:00,1842.92,1845.11,1835.35,1839.58,1491.0
2026-06-18 16:49:00+00:00,1839.58,1841.48,1838.88,1840.38,777.0
2026-06-18 16:54:00+00:00,1840.38,1843.15,1840.2,1842.98,1747.0
2026-06-18 16:59:00+00:00,1842.98,1845.94,1841.95,1844.96,1669.0
2026-06-18 17:04:00+00:00,1844.96,1846.61,1844.61,1846.07,422.0
2026-06-18 17:09:00+00:00,1846.07,1846.79,1837.38,1837.96,441.0
2026-06-18 17:14:00+00:00,1837.96,1848.6,1833.87,1844.34,1025.0
2026-06-18 17:19:00+00:00,1844.34,1844.84,1840.99,1841.65,429.0
2026-06-18 17:24:00+00:00,1841.65,1845.08,1838.51,1843.19,866.0
2026-06-18 17:29:00+00:00,1843.19,1843.52,1842.59,1842.95,958.0
2026-06-18 17:34:00+00:00,1842.95,1843.34,1838.15,1838.65,490.0
2026-06-18 17:39:00+00:00,1838.65,1841.3,1833.4,1834.26,499.0
2026-06-18 17:44:00+00:00,1834.26,1835.33,1833.74,1834.98,781.0
2026-06-18 17:49:00+00:00,1834.98,1844.19,1833.64,1842.78,398.0
2026-06-18 17:54:00+00:00,1842.78,1843.9,1842.73,1843.85,874.0
2026-06-18 17:59:00+00:00,1843.85,1846.6,1839.14,1841.67,612.0
2026-06-18 18:04:00+00:00,1841.67,1841.68,1833.82,1833.83,902.0
2026-06-18 18:09:00+00:00,1833.83,1838.54,1831.31,1832.94,646.0
2026-06-18 18:14:00+00:00,1832.94,1834.0,1828.67,1829.46,569.0
2026-06-18 18:19:00+00:00,1829.46,1833.49,1828.4,1831.58,452.0
2026-06-18 18:24:00+00:00,1831.58,1838.26,1830.6,1836.47,970.0
2026-06-18 18:29:00+00:00,1836.47,1837.81,1833.6,1835.96,534.0
2026-06-18 18:34:00+00:00,1835.96,1845.7,1835.53,1845.37,459.0
2026-06-18 18:39:00+00:00,1845.37,1846.49,1843.6,1844.27,716.0
2026-06-18 18:44:00+00:00,1844.27,1846.98,1841.76,1842.93,707.0
2026-06-18 18:49:00+00:00,1842.93,1843.99,1837.41,1838.87,986.0
2026-06-18 18:54:00+00:00,1838.87,1843.8,1838.57,1843.55,412.0
2026-06-18 18:59:00+00:00,1843.55,1843.82,1839.02,1839.49,1045.0
2026-06-18 19:04:00+00:00,1839.49,1843.16,1833.49,1836.72,515.0
2026-06-18 19:09:00+00:00,1836.72,1844.7,1831.95,1838.8,894.0
2026-06-18 19:14:00+00:00,1838.8,1845.22,1838.22,1843.75,1058.0
2026-06-18 19:19:00+00:00,1843.75,1844.92,1843.48,1844.59,498.0
2026-06-18 19:24:00+00:00,1844.59,1848.45,1842.84,1846.45,949.0
2026-06-18 19:29:00+00:00,1846.45,1850.31,1844.94,1847.36,780.0
2026-06-18 19:34:00+00:00,1847.36,1853.06,1846.2,1851.46,534.0
2026-06-18 19:39:00+00:00,1851.46,1856.13,1849.91,1854.26,788.0
2026-06-18 19:44:00+00:00,1854.26,1860.55,1852.45,1859.48,668.0
2026-06-18 19:49:00+00:00,1859.48,1861.57,1859.08,1861.24,793.0
2026-06-18 19:54:00+00:00,1861.24,1865.67,1861.05,1865.57,774.0
2026-06-18 19:59:00+00:00,1865.57,1867.23,1861.58,1862.29,899.0
2026-06-18 20:04:00+00:00,1862.29,1868.06,1861.46,1864.61,405.0
2026-06-18 20:09:00+00:00,1864.61,1865.97,1860.9,1862.41,682.0
2026-06-18 20:14:00+00:00,1862.41,1864.99,1858.03,1858.69,599.0
2026-06-18 20:19:00+00:00,1858.69,1860.42,1858.55,1860.16,1034.0
2026-06-18 20:24:00+00:00,1860.16,1865.04,1859.0,1862.77,794.0
2026-06-18 20:29:00+00:00,1862.77,1868.71,1860.87,1867.62,1007.0
2026-06-18 20:34:00+00:00,1867.62,1869.91,1867.05,1867.89,750.0
2026-06-18 20:39:00+00:00,1867.89,1877.37,1863.43,1872.85,990.0
2026-06-18 20:44:00+00:00,1872.85,1873.46,1872.77,1873.43,1014.0
2026-06-18 20:49:00+00:00,1873.43,1874.65,1864.67,1867.03,512.0
2026-06-18 20:54:00+00:00,1867.03,1871.35,1863.07,1868.2,938.0
2026-06-18 20:59:00+00:00,1868.2,1870.09,1865.05,1866.05,513.0
2026-06-18 21:04:00+00:00,1866.05,1867.88,1861.32,1862.74,1078.0
2026-06-18 21:09:00+00:00,1862.74,1870.54,1861.54,1868.83,431.0
2026-06-18 21:14:00+00:00,1868.83,1869.86,1868.21,1869.48,907.0
2026-06-18 21:19:00+00:00,1869.48,1869.89,1869.24,1869.57,853.0
2026-06-18 21:24:00+00:00,1869.57,1871.24,1864.52,1865.53,674.0
2026-06-18 21:29:00+00:00,1865.53,1866.14,1862.2,1862.78,947.0
2026-06-18 21:34:00+00:00,1862.78,1865.57,1862.54,1864.73,366.0
2026-06-18 21:39:00+00:00,1864.73,1868.31,1855.29,1860.37,438.0
2026-06-18 21:44:00+00:00,1860.37,1865.93,1859.21,1863.89,923.0
2026-06-18 21:49:00+00:00,1863.89,1864.55,1858.8,1859.12,793.0
2026-06-18 21:54:00+00:00,1859.12,1861.68,1848.92,1853.08,934.0
2026-06-18 21:59:00+00:00,1853.08,1857.26,1852.89,1856.66,891.0
2026-06-18 22:04:00+00:00,1856.66,1860.6,1856.39,1859.86,786.0
2026-06-18 22:09:00+00:00,1859.86,1863.77,1859.55,1863.28,859.0
2026-06-18 22:14:00+00:00,1863.28,1863.57,1860.52,1860.72,846.0
2026-06-18 22:19:00+00:00,1860.72,1865.58,1859.56,1865.02,911.0
2026-06-18 22:24:00+00:00,1865.02,1869.43,1864.42,1868.22,377.0
2026-06-18 22:29:00+00:00,1868.22,1870.86,1864.12,1866.62,714.0
2026-06-18 22:34:00+00:00,1866.62,1868.9,1856.82,1858.23,876.0
2026-06-18 22:39:00+00:00,1858.23,1861.94,1856.54,1859.77,997.0
2026-06-18 22:44:00+00:00,1859.77,1863.09,1858.36,1861.71,1045.0
2026-06-18 22:49:00+00:00,1861.71,1863.61,1860.05,1861.7,934.0
2026-06-18 22:54:00+00:00,1861.7,1869.57,1858.58,1866.33,1008.0
2026-06-18 22:59:00+00:00,1866.33,1867.12,1865.45,1866.06,1043.0
2026-06-18 23:04:00+00:00,1866.06,1866.97,1861.89,1863.14,422.0
2026-06-18 23:09:00+00:00,1863.14,1869.73,1859.35,1865.55,615.0
2026-06-18 23:14:00+00:00,1865.55,1865.91,1865.2,1865.58,866.0
2026-06-18 23:19:00+00:00,1865.58,1870.19,1865.25,1870.0,658.0
2026-06-18 23:24:00+00:00,1870.0,1872.16,1867.48,1870.75,786.0
2026-06-18 23:29:00+00:00,1870.75,1874.76,1866.42,1871.86,834.0
2026-06-18 23:34:00+00:00,1871.86,1874.49,1863.77,1868.11,616.0
2026-06-18 23:39:00+00:00,1868.11,1874.34,1867.68,1874.02,451.0
2026-06-18 23:44:00+00:00,1874.02,1874.1,1873.6,1873.68,594.0
2026-06-18 23:49:00+00:00,1873.68,1879.86,1873.18,1879.15,1029.0
2026-06-18 23:54:00+00:00,1879.15,1879.54,1873.51,1874.09,423.0
2026-06-18 23:59:00+00:00,1874.09,1876.57,1872.88,1875.78,746.0
2026-06-19 00:04:00+00:00,1875.78,1876.94,1874.5,1876.53,495.0
2026-06-19 00:09:00+00:00,1876.53,1876.88,1876.05,1876.71,659.0
2026-06-19 00:14:00+00:00,1876.71,1881.04,1875.93,1879.65,1068.0
2026-06-19 00:19:00+00:00,1879.65,1880.12,1879.18,1879.73,782.0
2026-06-19 00:24:00+00:00,1879.73,1882.56,1878.84,1880.55,1018.0
2026-06-19 00:29:00+00:00,1880.55,1882.47,1876.4,1877.11,463.0
2026-06-19 00:34:00+00:00,1877.11,1877.73,1875.48,1876.33,894.0
2026-06-19 00:39:00+00:00,1876.33,1876.78,1876.23,1876.43,552.0
2026-06-19 00:44:00+00:00,1876.43,1878.68,1874.46,1878.11,814.0
2026-06-19 00:49:00+00:00,1878.11,1879.58,1875.4,1878.08,514.0
2026-06-19 00:54:00+00:00,1878.08,1879.6,1876.53,1877.46,521.0
2026-06-19 00:59:00+00:00,1877.46,1881.07,1871.23,1877.22,1010.0
2026-06-19 01:04:00+00:00,1877.22,1885.2,1875.09,1881.88,858.0
2026-06-19 01:09:00+00:00,1881.88,1892.91,1874.27,1886.07,565.0
2026-06-19 01:14:00+00:00,1886.07,1889.96,1884.55,1885.39,960.0
2026-06-19 01:19:00+00:00,1885.39,1891.44,1884.49,1889.47,719.0
2026-06-19 01:24:00+00:00,1889.47,1890.89,1887.1,1889.17,1055.0
2026-06-19 01:29:00+00:00,1889.17,1894.66,1887.15,1890.63,1045.0
2026-06-19 01:34:00+00:00,1890.63,1895.74,1890.1,1894.51,478.0
2026-06-19 01:39:00+00:00,1894.51,1897.65,1893.02,1894.86,812.0
2026-06-19 01:44:00+00:00,1894.86,1898.09,1893.61,1895.86,1036.0
2026-06-19 01:49:00+00:00,1895.86,1899.68,1895.69,1899.33,414.0
2026-06-19 01:54:00+00:00,1899.33,1900.6,1898.01,1898.79,908.0
2026-06-19 01:59:00+00:00,1898.79,1899.89,1898.57,1899.65,519.0
2026-06-19 02:04:00+00:00,1899.65,1900.04,1897.7,1897.83,649.0
2026-06-19 02:09:00+00:00,1897.83,1898.8,1893.02,1893.9,791.0
2026-06-19 02:14:00+00:00,1893.9,1896.46,1891.76,1895.19,784.0
2026-06-19 02:19:00+00:00,1895.19,1898.27,1895.02,1897.74,804.0
2026-06-19 02:24:00+00:00,1897.74,1901.45,1897.4,1899.98,844.0
2026-06-19 02:29:00+00:00,1899.98,1902.55,1899.16,1901.9,824.0
2026-06-19 02:34:00+00:00,1901.9,1907.65,1901.55,1906.83,616.0
2026-06-19 02:39:00+00:00,1906.83,1908.42,1905.73,1907.67,595.0
2026-06-19 02:44:00+00:00,1907.67,1911.62,1907.37,1911.03,866.0
2026-06-19 02:49:00+00:00,1911.03,1914.11,1906.11,1912.24,490.0
2026-06-19 02:54:00+00:00,1912.24,1912.27,1911.38,1911.42,966.0
2026-06-19 02:59:00+00:00,1911.42,1915.95,1909.99,1911.94,629.0
2026-06-19 03:04:00+00:00,1911.94,1916.47,1910.33,1914.43,472.0
2026-06-19 03:09:00+00:00,1914.43,1918.05,1913.11,1916.51,1013.0
2026-06-19 03:14:00+00:00,1916.51,1917.09,1915.38,1915.78,814.0
2026-06-19 03:19:00+00:00,1915.78,1916.54,1911.53,1912.44,618.0
2026-06-19 03:24:00+00:00,1912.44,1918.05,1911.22,1913.27,399.0
2026-06-19 03:29:00+00:00,1913.27,1914.1,1907.91,1909.44,502.0
2026-06-19 03:34:00+00:00,1909.44,1913.7,1908.72,1912.82,702.0
2026-06-19 03:39:00+00:00,1912.82,1913.36,1908.97,1909.66,593.0
2026-06-19 03:44:00+00:00,1909.66,1913.28,1907.21,1909.6,763.0
2026-06-19 03:49:00+00:00,1909.6,1912.86,1909.49,1912.76,820.0
2026-06-19 03:54:00+00:00,1912.76,1913.33,1909.18,1909.9,738.0
2026-06-19 03:59:00+00:00,1909.9,1917.0,1906.38,1915.89,869.0
2026-06-19 04:04:00+00:00,1915.89,1917.04,1914.87,1916.29,1072.0
2026-06-19 04:09:00+00:00,1916.29,1924.38,1911.93,1918.83,629.0
2026-06-19 04:14:00+00:00,1918.83,1920.56,1918.01,1918.68,409.0
2026-06-19 04:19:00+00:00,1918.68,1918.8,1916.92,1917.07,1054.0
2026-06-19 04:24:00+00:00,1917.07,1918.54,1911.44,1912.64,998.0
2026-06-19 04:29:00+00:00,1912.64,1913.36,1911.53,1912.58,1006.0
2026-06-19 04:34:00+00:00,1912.58,1912.94,1907.0,1907.22,946.0
2026-06-19 04:39:00+00:00,1907.22,1909.79,1905.78,1908.79,990.0
2026-06-19 04:44:00+00:00,1908.79,1911.11,1905.08,1907.96,790.0
2026-06-19 04:49:00+00:00,1907.96,1909.44,1906.66,1908.46,723.0
2026-06-19 04:54:00+00:00,1908.46,1908.97,1904.84,1906.02,612.0
2026-06-19 04:59:00+00:00,1906.02,1906.03,1898.21,1898.22,727.0
2026-06-19 05:04:00+00:00,1898.22,1901.38,1897.9,1900.38,447.0
2026-06-19 05:09:00+00:00,1900.38,1900.69,1897.39,1897.86,602.0
2026-06-19 05:14:00+00:00,1897.86,1901.8,1896.81,1899.5,910.0
2026-06-19 05:19:00+00:00,1899.5,1902.8,1895.19,1898.45,700.0
2026-06-19 05:24:00+00:00,1898.45,1906.87,1895.41,1900.7,625.0
2026-06-19 05:29:00+00:00,1900.7,1903.51,1900.19,1902.31,524.0
2026-06-19 05:34:00+00:00,1902.31,1908.34,1901.97,1907.83,369.0
2026-06-19 05:39:00+00:00,1907.83,1907.84,1903.08,1903.1,753.0
2026-06-19 05:44:00+00:00,1903.1,1905.25,1902.96,1904.68,537.0
2026-06-19 05:49:00+00:00,1904.68,1906.21,1904.05,1905.78,963.0
2026-06-19 05:54:00+00:00,1905.78,1908.86,1903.92,1905.36,921.0
2026-06-19 05:59:00+00:00,1905.36,1906.75,1903.36,1904.35,425.0
2026-06-19 06:04:00+00:00,1904.35,1910.08,1904.33,1910.03,885.0
2026-06-19 06:09:00+00:00,1910.03,1916.85,1908.49,1916.0,1020.0
2026-06-19 06:14:00+00:00,1916.0,1917.6,1914.77,1916.88,875.0
2026-06-19 06:19:00+00:00,1916.88,1922.87,1916.63,1922.69,684.0
2026-06-19 06:24:00+00:00,1922.69,1925.73,1916.26,1918.52,806.0
2026-06-19 06:29:00+00:00,1918.52,1918.98,1917.11,1917.46,727.0
2026-06-19 06:34:00+00:00,1917.46,1919.1,1913.35,1914.31,1060.0
2026-06-19 06:39:00+00:00,1914.31,1914.37,1910.1,1910.12,542.0
2026-06-19 06:44:00+00:00,1910.12,1912.33,1903.99,1905.05,1055.0
2026-06-19 06:49:00+00:00,1905.05,1906.38,1901.77,1902.6,920.0
2026-06-19 06:54:00+00:00,1902.6,1907.22,1894.59,1898.88,466.0
2026-06-19 06:59:00+00:00,1898.88,1903.9,1894.81,1901.38,954.0
2026-06-19 07:04:00+00:00,1901.38,1907.24,1900.39,1906.2,872.0
2026-06-19 07:09:00+00:00,1906.2,1914.43,1905.67,1913.56,1796.0
2026-06-19 07:14:00+00:00,1913.56,1918.36,1910.29,1914.39,1081.0
2026-06-19 07:19:00+00:00,1914.39,1917.1,1913.9,1916.97,1600.0
2026-06-19 07:24:00+00:00,1916.97,1926.52,1907.2,1916.45,1774.0
2026-06-19 07:29:00+00:00,1916.45,1919.57,1910.82,1913.92,1264.0
2026-06-19 07:34:00+00:00,1913.92,1915.58,1913.35,1914.91,1077.0
2026-06-19 07:39:00+00:00,1914.91,1919.0,1910.89,1915.0,1141.0
2026-06-19 07:44:00+00:00,1915.0,1916.35,1909.67,1910.98,1256.0
2026-06-19 07:49:00+00:00,1910.98,1915.0,1905.56,1912.26,1092.0
2026-06-19 07:54:00+00:00,1912.26,1913.87,1909.88,1911.89,826.0
2026-06-19 07:59:00+00:00,1911.89,1911.92,1910.05,1910.09,1205.0
2026-06-19 08:04:00+00:00,1910.09,1917.19,1907.83,1914.89,1032.0
2026-06-19 08:09:00+00:00,1914.89,1915.4,1914.84,1915.36,1645.0
2026-06-19 08:14:00+00:00,1915.36,1917.25,1909.1,1910.49,1107.0
2026-06-19 08:19:00+00:00,1910.49,1916.77,1909.7,1915.74,1053.0
2026-06-19 08:24:00+00:00,1915.74,1916.22,1912.6,1913.67,1253.0
2026-06-19 08:29:00+00:00,1913.67,1918.44,1910.22,1916.18,979.0
2026-06-19 08:34:00+00:00,1916.18,1916.78,1911.14,1911.63,708.0
2026-06-19 08:39:00+00:00,1911.63,1916.83,1910.52,1914.92,839.0
2026-06-19 08:44:00+00:00,1914.92,1915.05,1914.08,1914.4,1763.0
2026-06-19 08:49:00+00:00,1914.4,1918.72,1911.78,1916.0,1840.0
2026-06-19 08:54:00+00:00,1916.0,1916.04,1915.77,1915.84,1333.0
2026-06-19 08:59:00+00:00,1915.84,1916.2,1912.1,1913.19,1761.0
2026-06-19 09:04:00+00:00,1913.19,1914.76,1912.6,1914.39,1628.0
2026-06-19 09:09:00+00:00,1914.39,1914.81,1913.73,1914.6,1021.0
2026-06-19 09:14:00+00:00,1914.6,1916.23,1907.28,1909.99,727.0
2026-06-19 09:19:00+00:00,1909.99,1913.21,1907.0,1911.43,1788.0
2026-06-19 09:24:00+00:00,1911.43,1914.04,1911.38,1914.02,1431.0
2026-06-19 09:29:00+00:00,1914.02,1922.14,1912.86,1920.58,769.0
2026-06-19 09:34:00+00:00,1920.58,1920.92,1920.44,1920.79,963.0
2026-06-19 09:39:00+00:00,1920.79,1923.89,1919.2,1922.9,1039.0
2026-06-19 09:44:00+00:00,1922.9,1925.21,1919.34,1920.86,1698.0
2026-06-19 09:49:00+00:00,1920.86,1926.15,1918.08,1923.59,913.0
2026-06-19 09:54:00+00:00,1923.59,1931.8,1923.09,1930.78,647.0
2026-06-19 09:59:00+00:00,1930.78,1935.69,1928.68,1932.6,1231.0
2026-06-19 10:04:00+00:00,1932.6,1935.12,1926.16,1930.81,1525.0
2026-06-19 10:09:00+00:00,1930.81,1934.32,1930.67,1934.16,1700.0
2026-06-19 10:14:00+00:00,1934.16,1936.34,1930.9,1933.07,1565.0
2026-06-19 10:19:00+00:00,1933.07,1933.55,1930.63,1931.24,1869.0
2026-06-19 10:24:00+00:00,1931.24,1931.44,1929.19,1929.57,1774.0
2026-06-19 10:29:00+00:00,1929.57,1931.21,1929.18,1930.53,951.0
2026-06-19 10:34:00+00:00,1930.53,1931.5,1925.11,1925.68,1527.0
2026-06-19 10:39:00+00:00,1925.68,1929.89,1922.59,1927.57,1866.0
2026-06-19 10:44:00+00:00,1927.57,1928.84,1922.38,1924.97,855.0
2026-06-19 10:49:00+00:00,1924.97,1926.32,1919.79,1920.92,1504.0
2026-06-19 10:54:00+00:00,1920.92,1925.97,1920.45,1924.94,1616.0
2026-06-19 10:59:00+00:00,1924.94,1925.27,1923.8,1924.92,1334.0
2026-06-19 11:04:00+00:00,1924.92,1925.17,1919.4,1919.92,1504.0
2026-06-19 11:09:00+00:00,1919.92,1920.54,1918.66,1919.83,1406.0
2026-06-19 11:14:00+00:00,1919.83,1928.49,1919.15,1928.06,1042.0
2026-06-19 11:19:00+00:00,1928.06,1929.92,1926.49,1928.97,1627.0
2026-06-19 11:24:00+00:00,1928.97,1933.23,1928.09,1932.64,784.0
2026-06-19 11:29:00+00:00,1932.64,1937.4,1930.06,1936.2,1758.0
2026-06-19 11:34:00+00:00,1936.2,1942.56,1925.25,1930.81,980.0
2026-06-19 11:39:00+00:00,1930.81,1934.32,1930.05,1931.68,1263.0
2026-06-19 11:44:00+00:00,1931.68,1933.35,1925.0,1928.8,1667.0
2026-06-19 11:49:00+00:00,1928.8,1936.08,1928.66,1935.71,1173.0
2026-06-19 11:54:00+00:00,1935.71,1937.43,1935.16,1936.8,1302.0
2026-06-19 11:59:00+00:00,1936.8,1938.02,1933.2,1934.98,1855.0
2026-06-19 12:04:00+00:00,1934.98,1936.59,1934.51,1935.71,1681.0
2026-06-19 12:09:00+00:00,1935.71,1937.44,1933.1,1934.43,1610.0
2026-06-19 12:14:00+00:00,1934.43,1935.77,1934.31,1935.58,1628.0
2026-06-19 12:19:00+00:00,1935.58,1935.84,1932.61,1933.31,916.0
2026-06-19 12:24:00+00:00,1933.31,1933.45,1929.79,1929.92,1572.0
2026-06-19 12:29:00+00:00,1929.92,1933.5,1924.08,1927.37,685.0
2026-06-19 12:34:00+00:00,1927.37,1931.15,1922.54,1923.96,948.0
2026-06-19 12:39:00+00:00,1923.96,1941.01,1921.79,1937.66,669.0
2026-06-19 12:44:00+00:00,1937.66,1942.4,1928.76,1933.6,903.0
2026-06-19 12:49:00+00:00,1933.6,1933.62,1930.89,1930.97,1665.0
2026-06-19 12:54:00+00:00,1930.97,1932.31,1930.08,1930.72,1106.0
2026-06-19 12:59:00+00:00,1930.72,1932.25,1926.03,1929.71,706.0
2026-06-19 13:04:00+00:00,1929.71,1936.97,1925.96,1930.46,636.0
2026-06-19 13:09:00+00:00,1930.46,1933.21,1924.66,1928.04,741.0
2026-06-19 13:14:00+00:00,1928.04,1932.02,1925.9,1931.23,1599.0
2026-06-19 13:19:00+00:00,1931.23,1934.81,1920.12,1925.04,739.0
2026-06-19 13:24:00+00:00,1925.04,1930.78,1923.87,1929.48,636.0
2026-06-19 13:29:00+00:00,1929.48,1932.25,1923.22,1925.14,750.0
2026-06-19 13:34:00+00:00,1925.14,1927.35,1919.68,1920.94,1191.0
2026-06-19 13:39:00+00:00,1920.94,1920.95,1917.5,1917.51,1765.0
2026-06-19 13:44:00+00:00,1917.51,1919.17,1912.57,1914.76,892.0
2026-06-19 13:49:00+00:00,1914.76,1914.8,1913.91,1913.99,1862.0
2026-06-19 13:54:00+00:00,1913.99,1919.29,1913.3,1917.77,1630.0
2026-06-19 13:59:00+00:00,1917.77,1918.82,1915.93,1917.66,1088.0
2026-06-19 14:04:00+00:00,1917.66,1919.19,1914.31,1916.02,994.0
2026-06-19 14:09:00+00:00,1916.02,1917.62,1915.7,1917.36,816.0
2026-06-19 14:14:00+00:00,1917.36,1921.88,1914.7,1921.22,694.0
2026-06-19 14:19:00+00:00,1921.22,1923.56,1919.86,1922.57,909.0
2026-06-19 14:24:00+00:00,1922.57,1925.07,1918.45,1922.2,1225.0
2026-06-19 14:29:00+00:00,1922.2,1929.43,1921.31,1928.57,1128.0
2026-06-19 14:34:00+00:00,1928.57,1930.53,1927.12,1929.83,665.0
2026-06-19 14:39:00+00:00,1929.83,1935.55,1927.6,1932.53,1264.0
2026-06-19 14:44:00+00:00,1932.53,1934.63,1925.85,1928.02,1274.0
2026-06-19 14:49:00+00:00,1928.02,1928.77,1924.43,1924.93,1663.0
2026-06-19 14:54:00+00:00,1924.93,1926.4,1924.93,1926.4,1085.0
2026-06-19 14:59:00+00:00,1926.4,1930.22,1925.11,1929.2,795.0
2026-06-19 15:04:00+00:00,1929.2,1929.75,1924.47,1925.59,1452.0
2026-06-19 15:09:00+00:00,1925.59,1925.74,1923.97,1924.27,1084.0
2026-06-19 15:14:00+00:00,1924.27,1933.53,1918.05,1927.89,1324.0
2026-06-19 15:19:00+00:00,1927.89,1932.01,1927.29,1930.68,1770.0
2026-06-19 15:24:00+00:00,1930.68,1938.11,1924.47,1931.97,741.0
2026-06-19 15:29:00+00:00,1931.97,1936.9,1931.3,1936.03,1236.0
2026-06-19 15:34:00+00:00,1936.03,1936.27,1933.49,1933.66,1291.0
2026-06-19 15:39:00+00:00,1933.66,1940.36,1933.07,1939.74,671.0
2026-06-19 15:44:00+00:00,1939.74,1939.78,1934.42,1934.44,1590.0
2026-06-19 15:49:00+00:00,1934.44,1934.98,1930.39,1931.16,1393.0
2026-06-19 15:54:00+00:00,1931.16,1933.67,1930.96,1933.05,1816.0
2026-06-19 15:59:00+00:00,1933.05,1939.82,1929.44,1936.17,794.0
2026-06-19 16:04:00+00:00,1936.17,1938.04,1932.98,1933.89,812.0
2026-06-19 16:09:00+00:00,1933.89,1934.85,1933.71,1934.48,1170.0
2026-06-19 16:14:00+00:00,1934.48,1935.5,1934.03,1934.24,1142.0
2026-06-19 16:19:00+00:00,1934.24,1938.54,1933.99,1938.03,1014.0
2026-06-19 16:24:00+00:00,1938.03,1940.47,1931.88,1935.5,896.0
2026-06-19 16:29:00+00:00,1935.5,1936.8,1934.64,1935.2,638.0
2026-06-19 16:34:00+00:00,1935.2,1936.39,1933.15,1933.56,647.0
2026-06-19 16:39:00+00:00,1933.56,1936.07,1928.82,1931.44,707.0
2026-06-19 16:44:00+00:00,1931.44,1934.66,1929.93,1932.86,1446.0
2026-06-19 16:49:00+00:00,1932.86,1940.13,1931.63,1934.32,1562.0
2026-06-19 16:54:00+00:00,1934.32,1935.32,1930.02,1930.57,1726.0
2026-06-19 16:59:00+00:00,1930.57,1933.36,1929.87,1931.96,1233.0
2026-06-19 17:04:00+00:00,1931.96,1933.22,1929.94,1931.04,986.0
2026-06-19 17:09:00+00:00,1931.04,1931.5,1927.18,1927.62,958.0
2026-06-19 17:14:00+00:00,1927.62,1932.43,1926.47,1931.54,506.0
2026-06-19 17:19:00+00:00,1931.54,1939.6,1929.7,1936.45,691.0
2026-06-19 17:24:00+00:00,1936.45,1939.28,1931.83,1934.75,549.0
2026-06-19 17:29:00+00:00,1934.75,1937.65,1933.91,1936.39,806.0
2026-06-19 17:34:00+00:00,1936.39,1940.28,1929.1,1933.49,990.0
2026-06-19 17:39:00+00:00,1933.49,1938.29,1932.03,1934.98,830.0
2026-06-19 17:44:00+00:00,1934.98,1940.58,1932.44,1937.55,888.0
2026-06-19 17:49:00+00:00,1937.55,1938.15,1934.03,1935.59,902.0
2026-06-19 17:54:00+00:00,1935.59,1941.34,1934.83,1939.99,421.0
2026-06-19 17:59:00+00:00,1939.99,1941.55,1932.29,1937.22,881.0
2026-06-19 18:04:00+00:00,1937.22,1941.99,1937.0,1941.51,366.0
2026-06-19 18:09:00+00:00,1941.51,1945.18,1941.03,1944.53,874.0
2026-06-19 18:14:00+00:00,1944.53,1945.46,1940.69,1942.94,1041.0
2026-06-19 18:19:00+00:00,1942.94,1945.04,1937.31,1943.35,735.0
2026-06-19 18:24:00+00:00,1943.35,1948.25,1942.5,1945.61,804.0
2026-06-19 18:29:00+00:00,1945.61,1947.78,1944.55,1945.98,461.0
2026-06-19 18:34:00+00:00,1945.98,1953.44,1945.48,1951.99,873.0
2026-06-19 18:39:00+00:00,1951.99,1955.7,1949.62,1951.99,601.0
2026-06-19 18:44:00+00:00,1951.99,1952.1,1948.28,1948.47,614.0
2026-06-19 18:49:00+00:00,1948.47,1952.83,1948.26,1952.49,977.0
2026-06-19 18:54:00+00:00,1952.49,1961.29,1948.88,1958.47,902.0
2026-06-19 18:59:00+00:00,1958.47,1960.4,1951.44,1955.15,793.0
2026-06-19 19:04:00+00:00,1955.15,1956.46,1953.5,1955.05,811.0
2026-06-19 19:09:00+00:00,1955.05,1958.43,1952.31,1955.41,493.0
2026-06-19 19:14:00+00:00,1955.41,1956.38,1953.13,1954.77,643.0
2026-06-19 19:19:00+00:00,1954.77,1960.12,1954.64,1959.67,513.0
2026-06-19 19:24:00+00:00,1959.67,1960.09,1956.67,1956.99,407.0
2026-06-19 19:29:00+00:00,1956.99,1960.49,1955.65,1958.99,373.0
2026-06-19 19:34:00+00:00,1958.99,1959.42,1955.02,1956.02,698.0
2026-06-19 19:39:00+00:00,1956.02,1956.37,1951.41,1951.68,981.0
2026-06-19 19:44:00+00:00,1951.68,1953.42,1943.73,1949.05,902.0
2026-06-19 19:49:00+00:00,1949.05,1950.2,1948.76,1949.44,643.0
2026-06-19 19:54:00+00:00,1949.44,1960.93,1948.5,1957.45,834.0
2026-06-19 19:59:00+00:00,1957.45,1973.66,1956.11,1969.58,819.0
2026-06-19 20:04:00+00:00,1969.58,1971.38,1966.27,1968.98,566.0
2026-06-19 20:09:00+00:00,1968.98,1975.58,1966.62,1974.86,670.0
2026-06-19 20:14:00+00:00,1974.86,1979.02,1971.39,1976.6,677.0
2026-06-19 20:19:00+00:00,1976.6,1982.82,1974.76,1981.7,840.0
2026-06-19 20:24:00+00:00,1981.7,1982.28,1981.5,1982.12,1068.0
2026-06-19 20:29:00+00:00,1982.12,1983.69,1981.64,1983.24,478.0
2026-06-19 20:34:00+00:00,1983.24,1983.96,1980.37,1981.21,753.0
2026-06-19 20:39:00+00:00,1981.21,1981.6,1980.94,1981.45,755.0
2026-06-19 20:44:00+00:00,1981.45,1986.17,1979.89,1985.2,920.0
2026-06-19 20:49:00+00:00,1985.2,1989.2,1983.78,1988.66,468.0
2026-06-19 20:54:00+00:00,1988.66,1990.54,1984.76,1986.23,660.0
2026-06-19 20:59:00+00:00,1986.23,1988.39,1984.03,1985.11,646.0
2026-06-19 21:04:00+00:00,1985.11,1988.9,1985.08,1988.88,371.0
2026-06-19 21:09:00+00:00,1988.88,1993.76,1987.55,1989.35,617.0
2026-06-19 21:14:00+00:00,1989.35,1991.55,1988.95,1990.0,760.0
2026-06-19 21:19:00+00:00,1990.0,1996.47,1989.87,1996.2,438.0
2026-06-19 21:24:00+00:00,1996.2,1997.98,1990.69,1992.7,960.0
2026-06-19 21:29:00+00:00,1992.7,1998.61,1991.14,1996.66,714.0
2026-06-19 21:34:00+00:00,1996.66,1998.22,1990.6,1991.58,829.0
2026-06-19 21:39:00+00:00,1991.58,1995.68,1989.84,1994.17,899.0
2026-06-19 21:44:00+00:00,1994.17,1997.9,1990.07,1993.21,431.0
2026-06-19 21:49:00+00:00,1993.21,1995.46,1990.93,1993.18,1026.0
2026-06-19 21:54:00+00:00,1993.18,1996.31,1992.28,1993.29,518.0
2026-06-19 21:59:00+00:00,1993.29,2000.5,1991.57,1997.25,779.0
2026-06-19 22:04:00+00:00,1997.25,1997.65,1996.61,1996.95,396.0
2026-06-19 22:09:00+00:00,1996.95,1997.49,1993.31,1993.98,419.0
2026-06-19 22:14:00+00:00,1993.98,1998.74,1993.48,1998.04,962.0
2026-06-19 22:19:00+00:00,1998.04,2005.12,1995.81,2000.7,624.0
2026-06-19 22:24:00+00:00,2000.7,2005.33,1995.79,2002.72,1048.0
2026-06-19 22:29:00+00:00,2002.72,2006.95,2000.99,2006.46,1026.0
2026-06-19 22:34:00+00:00,2006.46,2008.03,2001.35,2003.01,981.0
2026-06-19 22:39:00+00:00,2003.01,2008.94,1999.24,2004.37,832.0
2026-06-19 22:44:00+00:00,2004.37,2006.1,2000.28,2001.87,428.0
2026-06-19 22:49:00+00:00,2001.87,2005.07,1996.28,2000.0,569.0
2026-06-19 22:54:00+00:00,2000.0,2003.72,1997.78,1998.72,782.0
2026-06-19 22:59:00+00:00,1998.72,2008.53,1992.88,2000.62,442.0
2026-06-19 23:04:00+00:00,2000.62,2001.93,2000.12,2001.31,392.0
2026-06-19 23:09:00+00:00,2001.31,2007.57,2000.59,2006.76,458.0
2026-06-19 23:14:00+00:00,2006.76,2007.16,2003.15,2003.71,733.0
2026-06-19 23:19:00+00:00,2003.71,2012.5,2002.41,2009.7,909.0
2026-06-19 23:24:00+00:00,2009.7,2010.5,2007.72,2008.9,363.0
2026-06-19 23:29:00+00:00,2008.9,2009.05,2008.8,2008.9,802.0
2026-06-19 23:34:00+00:00,2008.9,2014.52,2002.78,2012.51,497.0
2026-06-19 23:39:00+00:00,2012.51,2013.51,2004.42,2006.31,379.0
2026-06-19 23:44:00+00:00,2006.31,2011.11,2005.74,2010.54,654.0
2026-06-19 23:49:00+00:00,2010.54,2012.66,2009.84,2011.83,539.0
2026-06-19 23:54:00+00:00,2011.83,2012.78,2007.42,2010.66,986.0
2026-06-19 23:59:00+00:00,2010.66,2013.83,2007.85,2011.8,536.0
2026-06-20 00:04:00+00:00,2011.8,2015.95,2004.85,2006.8,670.0
2026-06-20 00:09:00+00:00,2006.8,2009.94,2005.31,2008.28,806.0
2026-06-20 00:14:00+00:00,2008.28,2009.24,2003.55,2004.13,760.0
2026-06-20 00:19:00+00:00,2004.13,2008.6,1996.24,2002.01,402.0
2026-06-20 00:24:00+00:00,2002.01,2006.59,1998.24,2000.13,422.0
2026-06-20 00:29:00+00:00,2000.13,2003.8,1997.52,2000.97,506.0
2026-06-20 00:34:00+00:00,2000.97,2008.26,1998.8,2004.0,586.0
2026-06-20 00:39:00+00:00,2004.0,2004.87,2003.08,2004.19,532.0
2026-06-20 00:44:00+00:00,2004.19,2007.85,2000.39,2005.09,427.0
2026-06-20 00:49:00+00:00,2005.09,2008.32,1999.08,2003.13,643.0
2026-06-20 00:54:00+00:00,2003.13,2007.67,2001.6,2006.65,746.0
2026-06-20 00:59:00+00:00,2006.65,2007.42,2004.38,2004.76,506.0
2026-06-20 01:04:00+00:00,2004.76,2014.41,1999.39,2010.03,920.0
2026-06-20 01:09:00+00:00,2010.03,2016.34,2006.62,2015.34,800.0
2026-06-20 01:14:00+00:00,2015.34,2022.06,2013.9,2019.3,857.0
2026-06-20 01:19:00+00:00,2019.3,2024.03,2017.26,2022.32,414.0
2026-06-20 01:24:00+00:00,2022.32,2026.23,2022.13,2026.06,378.0
2026-06-20 01:29:00+00:00,2026.06,2028.65,2025.32,2027.98,510.0
2026-06-20 01:34:00+00:00,2027.98,2028.7,2026.16,2026.7,604.0
2026-06-20 01:39:00+00:00,2026.7,2036.16,2024.44,2035.29,713.0
2026-06-20 01:44:00+00:00,2035.29,2041.27,2030.12,2040.16,398.0
2026-06-20 01:49:00+00:00,2040.16,2041.82,2036.99,2038.59,435.0
2026-06-20 01:54:00+00:00,2038.59,2043.13,2033.03,2038.29,352.0
2026-06-20 01:59:00+00:00,2038.29,2040.72,2035.4,2038.39,727.0
2026-06-20 02:04:00+00:00,2038.39,2039.86,2036.86,2039.48,885.0
2026-06-20 02:09:00+00:00,2039.48,2040.82,2038.11,2039.43,950.0
2026-06-20 02:14:00+00:00,2039.43,2043.91,2038.51,2042.2,846.0
2026-06-20 02:19:00+00:00,2042.2,2043.87,2038.11,2038.98,356.0
2026-06-20 02:24:00+00:00,2038.98,2046.8,2037.0,2043.17,593.0
2026-06-20 02:29:00+00:00,2043.17,2046.09,2036.25,2040.7,935.0
2026-06-20 02:34:00+00:00,2040.7,2041.78,2038.33,2039.78,812.0
2026-06-20 02:39:00+00:00,2039.78,2042.83,2035.86,2037.58,990.0
2026-06-20 02:44:00+00:00,2037.58,2042.29,2037.29,2042.18,496.0
2026-06-20 02:49:00+00:00,2042.18,2043.89,2036.97,2039.54,396.0
2026-06-20 02:54:00+00:00,2039.54,2046.27,2037.7,2042.77,967.0
2026-06-20 02:59:00+00:00,2042.77,2042.97,2042.16,2042.44,876.0
2026-06-20 03:04:00+00:00,2042.44,2044.73,2041.94,2044.26,982.0
2026-06-20 03:09:00+00:00,2044.26,2044.96,2040.73,2041.43,944.0
2026-06-20 03:14:00+00:00,2041.43,2046.49,2040.19,2043.22,866.0
2026-06-20 03:19:00+00:00,2043.22,2049.14,2042.37,2048.16,831.0
2026-06-20 03:24:00+00:00,2048.16,2049.7,2047.22,2047.9,986.0
2026-06-20 03:29:00+00:00,2047.9,2048.3,2043.19,2044.5,483.0
2026-06-20 03:34:00+00:00,2044.5,2051.33,2042.37,2049.05,746.0
2026-06-20 03:39:00+00:00,2049.05,2057.43,2047.41,2055.5,344.0
2026-06-20 03:44:00+00:00,2055.5,2065.04,2053.97,2062.38,641.0
2026-06-20 03:49:00+00:00,2062.38,2068.27,2060.64,2063.31,595.0
2026-06-20 03:54:00+00:00,2063.31,2069.19,2058.9,2062.75,732.0
2026-06-20 03:59:00+00:00,2062.75,2064.71,2061.79,2064.02,386.0
2026-06-20 04:04:00+00:00,2064.02,2066.44,2062.65,2064.7,930.0
2026-06-20 04:09:00+00:00,2064.7,2066.99,2061.2,2062.58,434.0
2026-06-20 04:14:00+00:00,2062.58,2063.18,2058.73,2059.69,818.0
2026-06-20 04:19:00+00:00,2059.69,2062.77,2056.32,2058.72,385.0
2026-06-20 04:24:00+00:00,2058.72,2064.65,2050.22,2053.58,466.0
2026-06-20 04:29:00+00:00,2053.58,2054.2,2051.25,2051.92,598.0
2026-06-20 04:34:00+00:00,2051.92,2053.58,2048.42,2052.29,454.0
2026-06-20 04:39:00+00:00,2052.29,2056.74,2052.21,2056.7,823.0
2026-06-20 04:44:00+00:00,2056.7,2060.69,2054.7,2058.65,958.0
2026-06-20 04:49:00+00:00,2058.65,2061.47,2054.74,2059.38,598.0
2026-06-20 04:54:00+00:00,2059.38,2064.16,2049.18,2059.57,745.0
2026-06-20 04:59:00+00:00,2059.57,2061.3,2056.39,2057.27,772.0
2026-06-20 05:04:00+00:00,2057.27,2059.22,2053.75,2055.87,481.0
2026-06-20 05:09:00+00:00,2055.87,2058.39,2054.04,2057.85,960.0
2026-06-20 05:14:00+00:00,2057.85,2060.0,2057.45,2059.52,570.0
2026-06-20 05:19:00+00:00,2059.52,2059.62,2054.94,2055.03,566.0
2026-06-20 05:24:00+00:00,2055.03,2058.01,2053.98,2057.0,566.0
2026-06-20 05:29:00+00:00,2057.0,2060.21,2056.76,2060.07,922.0
2026-06-20 05:34:00+00:00,2060.07,2062.74,2059.14,2061.74,941.0
2026-06-20 05:39:00+00:00,2061.74,2064.19,2057.81,2059.72,647.0
2026-06-20 05:44:00+00:00,2059.72,2066.76,2055.88,2063.52,855.0
2026-06-20 05:49:00+00:00,2063.52,2069.48,2061.92,2068.2,763.0
2026-06-20 05:54:00+00:00,2068.2,2072.28,2064.81,2069.59,834.0
2026-06-20 05:59:00+00:00,2069.59,2070.91,2066.81,2067.95,430.0
2026-06-20 06:04:00+00:00,2067.95,2072.93,2067.28,2070.54,579.0
2026-06-20 06:09:00+00:00,2070.54,2074.5,2067.05,2072.8,634.0
2026-06-20 06:14:00+00:00,2072.8,2075.18,2071.25,2073.45,354.0
2026-06-20 06:19:00+00:00,2073.45,2079.98,2071.77,2075.48,336.0
2026-06-20 06:24:00+00:00,2075.48,2080.05,2075.39,2079.96,346.0
2026-06-20 06:29:00+00:00,2079.96,2082.67,2075.79,2080.43,862.0
2026-06-20 06:34:00+00:00,2080.43,2080.92,2079.44,2080.33,941.0
2026-06-20 06:39:00+00:00,2080.33,2089.91,2078.74,2084.78,766.0
2026-06-20 06:44:00+00:00,2084.78,2089.82,2081.4,2085.56,933.0
2026-06-20 06:49:00+00:00,2085.56,2092.72,2085.0,2091.97,398.0
2026-06-20 06:54:00+00:00,2091.97,2092.33,2089.61,2089.81,644.0
2026-06-20 06:59:00+00:00,2089.81,2091.18,2086.78,2087.71,576.0
2026-06-20 07:04:00+00:00,2087.71,2087.99,2086.77,2086.95,1334.0
2026-06-20 07:09:00+00:00,2086.95,2092.51,2086.84,2092.32,1392.0
2026-06-20 07:14:00+00:00,2092.32,2096.26,2091.76,2095.35,784.0
2026-06-20 07:19:00+00:00,2095.35,2103.6,2087.47,2093.7,1620.0
2026-06-20 07:24:00+00:00,2093.7,2102.49,2090.94,2100.61,1256.0
2026-06-20 07:29:00+00:00,2100.61,2103.44,2100.29,2102.33,1302.0
2026-06-20 07:34:00+00:00,2102.33,2105.48,2102.04,2105.35,640.0
2026-06-20 07:39:00+00:00,2105.35,2108.7,2102.5,2104.8,588.0
2026-06-20 07:44:00+00:00,2104.8,2113.16,2104.74,2113.09,1301.0
2026-06-20 07:49:00+00:00,2113.09,2114.88,2112.38,2114.63,1284.0
2026-06-20 07:54:00+00:00,2114.63,2116.16,2114.39,2115.64,1448.0
2026-06-20 07:59:00+00:00,2115.64,2122.79,2113.92,2119.31,1705.0
2026-06-20 08:04:00+00:00,2119.31,2122.0,2118.34,2119.51,773.0
2026-06-20 08:09:00+00:00,2119.51,2119.82,2115.19,2115.73,913.0
2026-06-20 08:14:00+00:00,2115.73,2116.11,2112.47,2113.59,1256.0
2026-06-20 08:19:00+00:00,2113.59,2119.86,2107.34,2113.29,1156.0
2026-06-20 08:24:00+00:00,2113.29,2115.4,2111.69,2114.87,801.0
2026-06-20 08:29:00+00:00,2114.87,2120.69,2109.59,2116.13,1008.0
2026-06-20 08:34:00+00:00,2116.13,2119.36,2114.88,2118.05,1705.0
2026-06-20 08:39:00+00:00,2118.05,2119.24,2113.12,2114.98,1418.0
2026-06-20 08:44:00+00:00,2114.98,2115.93,2110.6,2111.09,1336.0
2026-06-20 08:49:00+00:00,2111.09,2114.89,2109.36,2114.23,1663.0
2026-06-20 08:54:00+00:00,2114.23,2115.99,2113.12,2114.51,717.0
2026-06-20 08:59:00+00:00,2114.51,2114.91,2113.15,2113.64,679.0
2026-06-20 09:04:00+00:00,2113.64,2115.65,2109.7,2114.44,1667.0
2026-06-20 09:09:00+00:00,2114.44,2117.89,2110.79,2115.51,1702.0
2026-06-20 09:14:00+00:00,2115.51,2115.82,2110.69,2110.81,846.0
2026-06-20 09:19:00+00:00,2110.81,2116.33,2109.6,2115.9,1218.0
2026-06-20 09:24:00+00:00,2115.9,2121.15,2112.54,2119.62,1457.0
2026-06-20 09:29:00+00:00,2119.62,2123.03,2118.37,2121.41,690.0
2026-06-20 09:34:00+00:00,2121.41,2124.33,2118.19,2123.05,1602.0
2026-06-20 09:39:00+00:00,2123.05,2126.49,2122.28,2125.23,1313.0
2026-06-20 09:44:00+00:00,2125.23,2128.94,2124.34,2127.81,1448.0
2026-06-20 09:49:00+00:00,2127.81,2130.53,2124.31,2125.6,1064.0
2026-06-20 09:54:00+00:00,2125.6,2134.67,2122.63,2131.23,1492.0
2026-06-20 09:59:00+00:00,2131.23,2133.41,2127.79,2131.07,1453.0
2026-06-20 10:04:00+00:00,2131.07,2142.79,2125.84,2139.56,1021.0
2026-06-20 10:09:00+00:00,2139.56,2140.08,2139.23,2139.91,1543.0
2026-06-20 10:14:00+00:00,2139.91,2140.12,2134.62,2134.87,1061.0
2026-06-20 10:19:00+00:00,2134.87,2139.88,2133.71,2137.86,788.0
2026-06-20 10:24:00+00:00,2137.86,2142.99,2137.05,2142.42,685.0
2026-06-20 10:29:00+00:00,2142.42,2148.65,2136.33,2138.99,1494.0
2026-06-20 10:34:00+00:00,2138.99,2143.21,2136.83,2140.42,1548.0
2026-06-20 10:39:00+00:00,2140.42,2141.53,2133.92,2136.35,1541.0
2026-06-20 10:44:00+00:00,2136.35,2139.37,2135.91,2139.16,1722.0
2026-06-20 10:49:00+00:00,2139.16,2145.2,2137.72,2144.57,1693.0
2026-06-20 10:54:00+00:00,2144.57,2147.61,2142.53,2144.27,722.0
2026-06-20 10:59:00+00:00,2144.27,2147.2,2140.62,2144.93,899.0
2026-06-20 11:04:00+00:00,2144.93,2150.67,2139.95,2148.05,626.0
2026-06-20 11:09:00+00:00,2148.05,2156.83,2147.02,2153.86,1233.0
2026-06-20 11:14:00+00:00,2153.86,2154.55,2152.84,2153.96,1194.0
2026-06-20 11:19:00+00:00,2153.96,2154.13,2149.22,2149.31,876.0
2026-06-20 11:24:00+00:00,2149.31,2153.44,2145.21,2146.89,1225.0
2026-06-20 11:29:00+00:00,2146.89,2151.26,2144.28,2148.45,792.0
2026-06-20 11:34:00+00:00,2148.45,2151.23,2147.65,2150.22,1385.0
2026-06-20 11:39:00+00:00,2150.22,2153.19,2149.71,2152.77,1355.0
2026-06-20 11:44:00+00:00,2152.77,2156.48,2152.24,2155.12,1481.0
2026-06-20 11:49:00+00:00,2155.12,2160.02,2150.35,2154.22,717.0
2026-06-20 11:54:00+00:00,2154.22,2157.7,2154.02,2157.41,651.0
2026-06-20 11:59:00+00:00,2157.41,2158.84,2152.27,2152.91,878.0
2026-06-20 12:04:00+00:00,2152.91,2163.15,2149.19,2160.88,1548.0
2026-06-20 12:09:00+00:00,2160.88,2162.3,2156.84,2158.23,1701.0
2026-06-20 12:14:00+00:00,2158.23,2158.68,2156.39,2157.73,1161.0
2026-06-20 12:19:00+00:00,2157.73,2158.25,2156.99,2157.59,615.0
2026-06-20 12:24:00+00:00,2157.59,2162.04,2156.54,2161.37,1733.0
2026-06-20 12:29:00+00:00,2161.37,2162.12,2157.76,2158.39,865.0
2026-06-20 12:34:00+00:00,2158.39,2160.39,2151.19,2153.17,1674.0
2026-06-20 12:39:00+00:00,2153.17,2153.59,2152.05,2152.31,582.0
2026-06-20 12:44:00+00:00,2152.31,2154.53,2151.1,2151.99,630.0
2026-06-20 12:49:00+00:00,2151.99,2152.29,2147.33,2147.58,1312.0
2026-06-20 12:54:00+00:00,2147.58,2151.6,2146.92,2151.25,1358.0
2026-06-20 12:59:00+00:00,2151.25,2152.28,2150.29,2151.72,1541.0
2026-06-20 13:04:00+00:00,2151.72,2155.31,2146.62,2148.79,1669.0
2026-06-20 13:09:00+00:00,2148.79,2149.62,2143.22,2145.14,1277.0
2026-06-20 13:14:00+00:00,2145.14,2147.2,2143.73,2145.0,1127.0
2026-06-20 13:19:00+00:00,2145.0,2145.88,2141.4,2142.57,638.0
2026-06-20 13:24:00+00:00,2142.57,2146.67,2135.93,2138.88,1177.0
2026-06-20 13:29:00+00:00,2138.88,2140.49,2136.79,2137.53,1329.0
2026-06-20 13:34:00+00:00,2137.53,2140.3,2134.36,2138.85,637.0
2026-06-20 13:39:00+00:00,2138.85,2142.24,2137.69,2140.98,1354.0
2026-06-20 13:44:00+00:00,2140.98,2142.46,2135.27,2139.97,1709.0
2026-06-20 13:49:00+00:00,2139.97,2144.44,2138.04,2142.8,1313.0
2026-06-20 13:54:00+00:00,2142.8,2144.84,2136.59,2139.02,1186.0
2026-06-20 13:59:00+00:00,2139.02,2141.23,2135.77,2137.99,760.0
2026-06-20 14:04:00+00:00,2137.99,2147.78,2135.68,2142.96,1597.0
2026-06-20 14:09:00+00:00,2142.96,2146.47,2142.08,2145.98,1686.0
2026-06-20 14:14:00+00:00,2145.98,2148.37,2144.96,2146.66,1700.0
2026-06-20 14:19:00+00:00,2146.66,2148.89,2146.2,2148.07,683.0
2026-06-20 14:24:00+00:00,2148.07,2151.36,2145.34,2146.67,615.0
2026-06-20 14:29:00+00:00,2146.67,2146.82,2145.14,2145.57,976.0
2026-06-20 14:34:00+00:00,2145.57,2147.39,2143.02,2146.56,732.0
2026-06-20 14:39:00+00:00,2146.56,2147.91,2138.07,2139.25,949.0
2026-06-20 14:44:00+00:00,2139.25,2140.27,2128.62,2131.55,934.0
2026-06-20 14:49:00+00:00,2131.55,2135.18,2128.35,2130.35,1210.0
2026-06-20 14:54:00+00:00,2130.35,2133.49,2126.0,2129.24,582.0
2026-06-20 14:59:00+00:00,2129.24,2132.79,2127.58,2130.85,1375.0
2026-06-20 15:04:00+00:00,2130.85,2131.4,2127.73,2129.84,864.0
2026-06-20 15:09:00+00:00,2129.84,2130.3,2129.27,2129.42,1036.0
2026-06-20 15:14:00+00:00,2129.42,2130.19,2124.07,2125.49,1072.0
2026-06-20 15:19:00+00:00,2125.49,2130.87,2117.47,2120.89,836.0
2026-06-20 15:24:00+00:00,2120.89,2123.18,2117.56,2121.9,1564.0
2026-06-20 15:29:00+00:00,2121.9,2124.03,2120.33,2122.17,1737.0
2026-06-20 15:34:00+00:00,2122.17,2124.48,2119.47,2122.22,864.0
2026-06-20 15:39:00+00:00,2122.22,2128.24,2121.18,2127.9,756.0
2026-06-20 15:44:00+00:00,2127.9,2131.24,2120.78,2123.07,1515.0
2026-06-20 15:49:00+00:00,2123.07,2123.28,2119.34,2119.48,1028.0
2026-06-20 15:54:00+00:00,2119.48,2127.58,2117.67,2125.5,853.0
2026-06-20 15:59:00+00:00,2125.5,2126.02,2116.0,2116.18,977.0
2026-06-20 16:04:00+00:00,2116.18,2128.16,2115.29,2126.86,1364.0
2026-06-20 16:09:00+00:00,2126.86,2128.87,2125.85,2127.23,1334.0
2026-06-20 16:14:00+00:00,2127.23,2128.65,2126.66,2127.74,955.0
2026-06-20 16:19:00+00:00,2127.74,2128.79,2125.68,2126.97,864.0
2026-06-20 16:24:00+00:00,2126.97,2129.46,2125.29,2128.13,666.0
2026-06-20 16:29:00+00:00,2128.13,2130.51,2127.94,2130.28,731.0
2026-06-20 16:34:00+00:00,2130.28,2137.57,2120.82,2128.15,1480.0
2026-06-20 16:39:00+00:00,2128.15,2129.31,2126.58,2127.61,888.0
2026-06-20 16:44:00+00:00,2127.61,2137.13,2122.71,2132.58,1273.0
2026-06-20 16:49:00+00:00,2132.58,2132.75,2130.74,2131.08,1487.0
2026-06-20 16:54:00+00:00,2131.08,2135.19,2128.92,2132.87,1715.0
2026-06-20 16:59:00+00:00,2132.87,2135.14,2127.71,2128.43,1560.0
2026-06-20 17:04:00+00:00,2128.43,2141.41,2127.44,2139.95,478.0
2026-06-20 17:09:00+00:00,2139.95,2140.79,2139.9,2140.69,671.0
2026-06-20 17:14:00+00:00,2140.69,2142.39,2135.01,2139.61,395.0
2026-06-20 17:19:00+00:00,2139.61,2142.9,2138.74,2141.23,350.0
2026-06-20 17:24:00+00:00,2141.23,2148.13,2141.06,2147.57,967.0
2026-06-20 17:29:00+00:00,2147.57,2152.84,2141.05,2146.93,576.0
2026-06-20 17:34:00+00:00,2146.93,2153.17,2146.09,2152.04,557.0
2026-06-20 17:39:00+00:00,2152.04,2152.6,2150.3,2150.96,887.0
2026-06-20 17:44:00+00:00,2150.96,2155.38,2149.62,2152.1,676.0
2026-06-20 17:49:00+00:00,2152.1,2154.52,2150.66,2151.6,392.0
2026-06-20 17:54:00+00:00,2151.6,2152.41,2149.53,2150.06,989.0
2026-06-20 17:59:00+00:00,2150.06,2150.24,2148.05,2148.9,461.0
2026-06-20 18:04:00+00:00,2148.9,2159.16,2144.97,2156.21,834.0
2026-06-20 18:09:00+00:00,2156.21,2156.84,2155.93,2156.38,938.0
2026-06-20 18:14:00+00:00,2156.38,2158.14,2149.64,2150.68,623.0
2026-06-20 18:19:00+00:00,2150.68,2154.5,2148.71,2150.78,850.0
2026-06-20 18:24:00+00:00,2150.78,2153.51,2145.95,2147.37,809.0
2026-06-20 18:29:00+00:00,2147.37,2147.44,2145.71,2145.92,555.0
2026-06-20 18:34:00+00:00,2145.92,2146.61,2136.68,2137.37,418.0
2026-06-20 18:39:00+00:00,2137.37,2149.78,2135.73,2142.01,370.0
2026-06-20 18:44:00+00:00,2142.01,2148.81,2130.79,2136.19,568.0
2026-06-20 18:49:00+00:00,2136.19,2139.33,2131.23,2138.05,349.0
2026-06-20 18:54:00+00:00,2138.05,2138.24,2132.81,2133.02,449.0
2026-06-20 18:59:00+00:00,2133.02,2135.45,2130.04,2131.12,378.0
2026-06-20 19:04:00+00:00,2131.12,2132.26,2127.44,2127.82,602.0
2026-06-20 19:09:00+00:00,2127.82,2130.71,2127.52,2130.12,889.0
2026-06-20 19:14:00+00:00,2130.12,2132.53,2121.37,2129.7,563.0
2026-06-20 19:19:00+00:00,2129.7,2132.38,2129.11,2131.53,850.0
2026-06-20 19:24:00+00:00,2131.53,2138.2,2130.86,2136.43,339.0
2026-06-20 19:29:00+00:00,2136.43,2137.6,2134.14,2135.44,877.0
2026-06-20 19:34:00+00:00,2135.44,2138.84,2135.43,2138.83,665.0
2026-06-20 19:39:00+00:00,2138.83,2142.19,2138.21,2141.4,898.0
2026-06-20 19:44:00+00:00,2141.4,2142.54,2135.32,2137.92,530.0
2026-06-20 19:49:00+00:00,2137.92,2139.12,2135.4,2137.53,769.0
2026-06-20 19:54:00+00:00,2137.53,2138.59,2129.12,2129.86,811.0
2026-06-20 19:59:00+00:00,2129.86,2129.99,2129.72,2129.78,732.0
2026-06-20 20:04:00+00:00,2129.78,2134.41,2125.8,2127.28,604.0
2026-06-20 20:09:00+00:00,2127.28,2128.39,2124.31,2126.56,586.0
2026-06-20 20:14:00+00:00,2126.56,2131.47,2120.11,2127.92,606.0
2026-06-20 20:19:00+00:00,2127.92,2128.82,2125.9,2128.05,647.0
2026-06-20 20:24:00+00:00,2128.05,2129.94,2118.49,2122.38,718.0
2026-06-20 20:29:00+00:00,2122.38,2125.98,2122.31,2125.9,485.0
2026-06-20 20:34:00+00:00,2125.9,2126.78,2125.28,2126.2,813.0
2026-06-20 20:39:00+00:00,2126.2,2131.28,2124.39,2129.54,986.0
2026-06-20 20:44:00+00:00,2129.54,2131.25,2118.45,2123.55,506.0
2026-06-20 20:49:00+00:00,2123.55,2123.98,2121.41,2122.16,398.0
2026-06-20 20:54:00+00:00,2122.16,2125.95,2121.44,2125.36,549.0
2026-06-20 20:59:00+00:00,2125.36,2128.63,2124.53,2127.84,501.0
2026-06-20 21:04:00+00:00,2127.84,2132.95,2127.3,2131.94,634.0
2026-06-20 21:09:00+00:00,2131.94,2135.71,2129.94,2134.64,345.0
2026-06-20 21:14:00+00:00,2134.64,2135.73,2133.89,2134.95,554.0
2026-06-20 21:19:00+00:00,2134.95,2135.47,2131.34,2132.25,638.0
2026-06-20 21:24:00+00:00,2132.25,2133.47,2125.87,2127.98,618.0
2026-06-20 21:29:00+00:00,2127.98,2129.49,2118.77,2121.4,696.0
2026-06-20 21:34:00+00:00,2121.4,2125.32,2119.47,2122.17,542.0
2026-06-20 21:39:00+00:00,2122.17,2127.47,2118.91,2124.55,694.0
2026-06-20 21:44:00+00:00,2124.55,2126.63,2123.15,2125.42,966.0
2026-06-20 21:49:00+00:00,2125.42,2126.37,2123.75,2124.86,688.0
2026-06-20 21:54:00+00:00,2124.86,2125.78,2121.15,2121.55,785.0
2026-06-20 21:59:00+00:00,2121.55,2129.67,2117.45,2128.29,506.0
2026-06-20 22:04:00+00:00,2128.29,2137.19,2125.36,2133.84,334.0
2026-06-20 22:09:00+00:00,2133.84,2139.86,2132.91,2137.67,918.0
2026-06-20 22:14:00+00:00,2137.67,2138.02,2136.64,2137.33,801.0
2026-06-20 22:19:00+00:00,2137.33,2138.87,2134.94,2137.08,435.0
2026-06-20 22:24:00+00:00,2137.08,2137.37,2129.52,2130.48,570.0
2026-06-20 22:29:00+00:00,2130.48,2141.52,2127.08,2136.63,811.0
2026-06-20 22:34:00+00:00,2136.63,2139.41,2136.22,2138.54,724.0
2026-06-20 22:39:00+00:00,2138.54,2139.02,2135.07,2135.65,370.0
2026-06-20 22:44:00+00:00,2135.65,2138.8,2135.41,2138.56,827.0
2026-06-20 22:49:00+00:00,2138.56,2142.74,2136.03,2140.56,826.0
2026-06-20 22:54:00+00:00,2140.56,2141.57,2136.55,2139.26,828.0
2026-06-20 22:59:00+00:00,2139.26,2140.54,2136.22,2137.05,396.0
2026-06-20 23:04:00+00:00,2137.05,2140.87,2130.89,2132.4,880.0
2026-06-20 23:09:00+00:00,2132.4,2138.88,2128.36,2129.94,516.0
2026-06-20 23:14:00+00:00,2129.94,2130.53,2125.7,2127.73,755.0
2026-06-20 23:19:00+00:00,2127.73,2127.84,2127.51,2127.64,606.0
2026-06-20 23:24:00+00:00,2127.64,2132.26,2125.17,2130.4,389.0
2026-06-20 23:29:00+00:00,2130.4,2135.02,2123.22,2128.37,990.0
2026-06-20 23:34:00+00:00,2128.37,2129.45,2127.21,2128.84,948.0
2026-06-20 23:39:00+00:00,2128.84,2134.88,2125.68,2130.68,344.0
2026-06-20 23:44:00+00:00,2130.68,2133.18,2129.88,2130.63,610.0
2026-06-20 23:49:00+00:00,2130.63,2136.12,2128.37,2133.79,875.0
2026-06-20 23:54:00+00:00,2133.79,2135.8,2130.75,2132.16,482.0
2026-06-20 23:59:00+00:00,2132.16,2135.85,2128.58,2132.81,798.0
2026-06-21 00:04:00+00:00,2132.81,2135.05,2128.21,2129.77,774.0
2026-06-21 00:09:00+00:00,2129.77,2131.23,2126.95,2127.79,848.0
2026-06-21 00:14:00+00:00,2127.79,2134.17,2120.02,2125.47,376.0
2026-06-21 00:19:00+00:00,2125.47,2125.73,2125.46,2125.67,592.0
2026-06-21 00:24:00+00:00,2125.67,2130.22,2123.78,2124.87,900.0
2026-06-21 00:29:00+00:00,2124.87,2125.88,2119.19,2120.14,701.0
2026-06-21 00:34:00+00:00,2120.14,2126.34,2118.83,2124.93,854.0
2026-06-21 00:39:00+00:00,2124.93,2127.31,2121.42,2124.43,710.0
2026-06-21 00:44:00+00:00,2124.43,2127.2,2123.26,2124.43,774.0
2026-06-21 00:49:00+00:00,2124.43,2126.93,2123.81,2126.43,596.0
2026-06-21 00:54:00+00:00,2126.43,2129.7,2114.59,2118.02,446.0
2026-06-21 00:59:00+00:00,2118.02,2123.25,2112.16,2117.67,646.0
2026-06-21 01:04:00+00:00,2117.67,2120.21,2116.43,2119.51,366.0
2026-06-21 01:09:00+00:00,2119.51,2120.08,2117.09,2119.56,584.0
2026-06-21 01:14:00+00:00,2119.56,2127.83,2116.61,2122.87,433.0
2026-06-21 01:19:00+00:00,2122.87,2130.98,2121.6,2130.21,911.0
2026-06-21 01:24:00+00:00,2130.21,2140.01,2127.86,2138.4,368.0
2026-06-21 01:29:00+00:00,2138.4,2139.93,2132.19,2135.05,646.0
2026-06-21 01:34:00+00:00,2135.05,2136.07,2132.94,2134.14,730.0
2026-06-21 01:39:00+00:00,2134.14,2135.72,2127.64,2130.82,875.0
2026-06-21 01:44:00+00:00,2130.82,2133.39,2130.8,2133.39,551.0
2026-06-21 01:49:00+00:00,2133.39,2135.88,2130.84,2133.75,458.0
2026-06-21 01:54:00+00:00,2133.75,2133.85,2131.05,2131.38,814.0
2026-06-21 01:59:00+00:00,2131.38,2132.58,2130.81,2132.07,522.0
2026-06-21 02:04:00+00:00,2132.07,2133.05,2128.47,2129.3,831.0
2026-06-21 02:09:00+00:00,2129.3,2131.21,2122.03,2124.19,686.0
2026-06-21 02:14:00+00:00,2124.19,2127.05,2120.3,2123.82,744.0
2026-06-21 02:19:00+00:00,2123.82,2125.53,2117.94,2119.97,375.0
2026-06-21 02:24:00+00:00,2119.97,2124.31,2118.93,2123.05,836.0
2026-06-21 02:29:00+00:00,2123.05,2126.4,2122.0,2125.36,433.0
2026-06-21 02:34:00+00:00,2125.36,2125.95,2121.27,2122.36,990.0
2026-06-21 02:39:00+00:00,2122.36,2123.97,2118.18,2122.48,550.0
2026-06-21 02:44:00+00:00,2122.48,2123.47,2122.0,2123.32,973.0
2026-06-21 02:49:00+00:00,2123.32,2125.64,2121.24,2123.94,1096.0
2026-06-21 02:54:00+00:00,2123.94,2128.52,2120.72,2125.75,546.0
2026-06-21 02:59:00+00:00,2125.75,2129.22,2120.18,2123.73,939.0
2026-06-21 03:04:00+00:00,2123.73,2125.77,2123.48,2125.2,993.0
2026-06-21 03:09:00+00:00,2125.2,2135.48,2125.03,2135.39,771.0
2026-06-21 03:14:00+00:00,2135.39,2142.29,2134.59,2140.05,393.0
2026-06-21 03:19:00+00:00,2140.05,2143.98,2138.82,2141.55,828.0
2026-06-21 03:24:00+00:00,2141.55,2143.99,2141.44,2143.86,762.0
2026-06-21 03:29:00+00:00,2143.86,2152.22,2142.67,2150.88,551.0
2026-06-21 03:34:00+00:00,2150.88,2152.21,2147.1,2148.09,1136.0
2026-06-21 03:39:00+00:00,2148.09,2155.02,2146.03,2153.48,398.0
2026-06-21 03:44:00+00:00,2153.48,2157.93,2152.07,2153.76,973.0
2026-06-21 03:49:00+00:00,2153.76,2159.33,2150.25,2156.07,750.0
2026-06-21 03:54:00+00:00,2156.07,2157.91,2149.98,2151.61,635.0
2026-06-21 03:59:00+00:00,2151.61,2157.78,2150.3,2156.16,394.0
2026-06-21 04:04:00+00:00,2156.16,2163.67,2154.92,2161.63,830.0
2026-06-21 04:09:00+00:00,2161.63,2163.11,2158.64,2161.41,1156.0
2026-06-21 04:14:00+00:00,2161.41,2161.76,2150.79,2151.97,449.0
2026-06-21 04:19:00+00:00,2151.97,2156.77,2149.57,2155.13,986.0
2026-06-21 04:24:00+00:00,2155.13,2155.69,2149.89,2150.68,728.0
2026-06-21 04:29:00+00:00,2150.68,2167.18,2149.84,2163.54,422.0
2026-06-21 04:34:00+00:00,2163.54,2164.43,2163.03,2164.2,783.0
2026-06-21 04:39:00+00:00,2164.2,2167.7,2156.89,2157.92,417.0
2026-06-21 04:44:00+00:00,2157.92,2158.0,2157.06,2157.1,493.0
2026-06-21 04:49:00+00:00,2157.1,2158.91,2153.77,2154.92,941.0
2026-06-21 04:54:00+00:00,2154.92,2158.97,2153.79,2158.11,654.0
2026-06-21 04:59:00+00:00,2158.11,2160.69,2156.53,2158.76,992.0
2026-06-21 05:04:00+00:00,2158.76,2159.4,2158.67,2159.07,653.0
2026-06-21 05:09:00+00:00,2159.07,2162.57,2158.34,2161.94,400.0
2026-06-21 05:14:00+00:00,2161.94,2167.89,2159.93,2165.49,611.0
2026-06-21 05:19:00+00:00,2165.49,2169.45,2164.02,2168.45,746.0
2026-06-21 05:24:00+00:00,2168.45,2170.57,2168.42,2170.54,434.0
2026-06-21 05:29:00+00:00,2170.54,2177.95,2160.17,2167.94,426.0
2026-06-21 05:34:00+00:00,2167.94,2168.74,2164.07,2164.5,606.0
2026-06-21 05:39:00+00:00,2164.5,2167.76,2161.24,2165.89,1026.0
2026-06-21 05:44:00+00:00,2165.89,2166.56,2165.61,2166.42,770.0
2026-06-21 05:49:00+00:00,2166.42,2171.47,2163.99,2169.05,709.0
2026-06-21 05:54:00+00:00,2169.05,2172.73,2164.18,2168.57,1013.0
2026-06-21 05:59:00+00:00,2168.57,2169.17,2158.06,2159.8,568.0
2026-06-21 06:04:00+00:00,2159.8,2164.01,2156.94,2163.05,878.0
2026-06-21 06:09:00+00:00,2163.05,2163.44,2158.37,2158.72,772.0
2026-06-21 06:14:00+00:00,2158.72,2160.11,2157.76,2158.6,875.0
2026-06-21 06:19:00+00:00,2158.6,2160.92,2155.98,2158.11,570.0
2026-06-21 06:24:00+00:00,2158.11,2158.94,2152.01,2154.46,1043.0
2026-06-21 06:29:00+00:00,2154.46,2155.06,2149.93,2151.13,1030.0
2026-06-21 06:34:00+00:00,2151.13,2151.32,2150.08,2150.76,921.0
2026-06-21 06:39:00+00:00,2150.76,2154.64,2149.48,2151.68,750.0
2026-06-21 06:44:00+00:00,2151.68,2151.94,2149.38,2149.48,790.0
2026-06-21 06:49:00+00:00,2149.48,2159.17,2149.21,2159.08,641.0
2026-06-21 06:54:00+00:00,2159.08,2168.93,2157.51,2165.93,566.0
2026-06-21 06:59:00+00:00,2165.93,2166.7,2165.37,2166.35,975.0
2026-06-21 07:04:00+00:00,2166.35,2166.8,2164.41,2165.52,1099.0
2026-06-21 07:09:00+00:00,2165.52,2168.78,2164.82,2168.34,1688.0
2026-06-21 07:14:00+00:00,2168.34,2169.34,2164.74,2165.81,939.0
2026-06-21 07:19:00+00:00,2165.81,2175.9,2163.16,2174.26,1614.0
2026-06-21 07:24:00+00:00,2174.26,2175.4,2168.89,2171.81,1137.0
2026-06-21 07:29:00+00:00,2171.81,2176.84,2163.92,2167.04,1271.0
2026-06-21 07:34:00+00:00,2167.04,2170.86,2163.65,2164.9,1921.0
2026-06-21 07:39:00+00:00,2164.9,2167.15,2164.32,2166.6,1681.0
2026-06-21 07:44:00+00:00,2166.6,2175.06,2163.48,2172.61,1483.0
2026-06-21 07:49:00+00:00,2172.61,2173.13,2168.57,2169.27,844.0
2026-06-21 07:54:00+00:00,2169.27,2171.55,2160.1,2161.6,1271.0
2026-06-21 07:59:00+00:00,2161.6,2169.98,2160.88,2168.49,1046.0
2026-06-21 08:04:00+00:00,2168.49,2168.87,2166.86,2167.67,1417.0
2026-06-21 08:09:00+00:00,2167.67,2170.84,2159.47,2163.86,1023.0
2026-06-21 08:14:00+00:00,2163.86,2173.83,2161.37,2170.74,1070.0
2026-06-21 08:19:00+00:00,2170.74,2175.92,2168.22,2174.01,1452.0
2026-06-21 08:24:00+00:00,2174.01,2179.37,2170.2,2171.7,1305.0
2026-06-21 08:29:00+00:00,2171.7,2172.89,2166.62,2167.4,1884.0
2026-06-21 08:34:00+00:00,2167.4,2175.37,2164.87,2174.14,1910.0
2026-06-21 08:39:00+00:00,2174.14,2182.04,2172.11,2180.24,1957.0
2026-06-21 08:44:00+00:00,2180.24,2180.28,2178.3,2178.35,1932.0
2026-06-21 08:49:00+00:00,2178.35,2181.7,2177.24,2181.19,1492.0
2026-06-21 08:54:00+00:00,2181.19,2184.97,2180.54,2184.43,993.0
2026-06-21 08:59:00+00:00,2184.43,2188.38,2181.62,2186.68,1985.0
2026-06-21 09:04:00+00:00,2186.68,2189.51,2180.01,2182.18,769.0
2026-06-21 09:09:00+00:00,2182.18,2185.41,2181.65,2183.28,1553.0
2026-06-21 09:14:00+00:00,2183.28,2186.13,2180.49,2181.23,958.0
2026-06-21 09:19:00+00:00,2181.23,2184.95,2178.72,2180.82,749.0
2026-06-21 09:24:00+00:00,2180.82,2181.79,2178.09,2179.92,1716.0
2026-06-21 09:29:00+00:00,2179.92,2180.56,2178.64,2179.67,820.0
2026-06-21 09:34:00+00:00,2179.67,2180.65,2179.05,2180.43,832.0
2026-06-21 09:39:00+00:00,2180.43,2181.91,2174.48,2176.37,1814.0
2026-06-21 09:44:00+00:00,2176.37,2177.14,2169.48,2170.79,1784.0
2026-06-21 09:49:00+00:00,2170.79,2176.43,2161.35,2166.65,1708.0
2026-06-21 09:54:00+00:00,2166.65,2168.03,2162.0,2163.5,1546.0
2026-06-21 09:59:00+00:00,2163.5,2165.7,2158.79,2162.37,1343.0
2026-06-21 10:04:00+00:00,2162.37,2167.92,2156.75,2162.91,1488.0
2026-06-21 10:09:00+00:00,2162.91,2171.71,2156.46,2166.12,1799.0
2026-06-21 10:14:00+00:00,2166.12,2176.46,2161.88,2168.71,1827.0
2026-06-21 10:19:00+00:00,2168.71,2171.27,2168.25,2171.08,1561.0
2026-06-21 10:24:00+00:00,2171.08,2173.47,2171.04,2173.41,1480.0
2026-06-21 10:29:00+00:00,2173.41,2180.81,2168.43,2175.54,952.0
2026-06-21 10:34:00+00:00,2175.54,2178.07,2175.1,2176.15,1726.0
2026-06-21 10:39:00+00:00,2176.15,2179.5,2170.77,2176.5,883.0
2026-06-21 10:44:00+00:00,2176.5,2183.45,2175.15,2182.53,984.0
2026-06-21 10:49:00+00:00,2182.53,2182.67,2182.47,2182.57,683.0
2026-06-21 10:54:00+00:00,2182.57,2187.87,2180.85,2184.69,834.0
2026-06-21 10:59:00+00:00,2184.69,2189.27,2181.48,2188.16,1567.0
2026-06-21 11:04:00+00:00,2188.16,2188.93,2181.57,2183.56,1803.0
2026-06-21 11:09:00+00:00,2183.56,2191.66,2181.59,2185.88,1022.0
2026-06-21 11:14:00+00:00,2185.88,2194.23,2185.06,2193.18,1828.0
2026-06-21 11:19:00+00:00,2193.18,2197.83,2191.11,2193.17,1259.0
2026-06-21 11:24:00+00:00,2193.17,2198.99,2192.1,2195.32,1628.0
2026-06-21 11:29:00+00:00,2195.32,2196.9,2192.06,2195.46,1651.0
2026-06-21 11:34:00+00:00,2195.46,2197.65,2194.85,2197.1,2002.0
2026-06-21 11:39:00+00:00,2197.1,2197.99,2192.12,2194.38,1975.0
2026-06-21 11:44:00+00:00,2194.38,2197.35,2186.58,2188.91,1294.0
2026-06-21 11:49:00+00:00,2188.91,2191.67,2188.48,2191.15,1625.0
2026-06-21 11:54:00+00:00,2191.15,2193.49,2190.77,2191.93,1058.0
2026-06-21 11:59:00+00:00,2191.93,2192.17,2190.24,2190.55,1154.0
2026-06-21 12:04:00+00:00,2190.55,2193.21,2190.03,2192.81,1620.0
2026-06-21 12:09:00+00:00,2192.81,2193.27,2189.6,2190.7,1560.0
2026-06-21 12:14:00+00:00,2190.7,2191.91,2186.52,2187.51,1970.0
2026-06-21 12:19:00+00:00,2187.51,2192.12,2186.27,2188.47,907.0
2026-06-21 12:24:00+00:00,2188.47,2191.06,2185.33,2188.24,2005.0
2026-06-21 12:29:00+00:00,2188.24,2188.3,2185.88,2185.94,1574.0
2026-06-21 12:34:00+00:00,2185.94,2188.93,2183.3,2187.37,1378.0
2026-06-21 12:39:00+00:00,2187.37,2188.54,2182.98,2184.24,718.0
2026-06-21 12:44:00+00:00,2184.24,2185.3,2181.66,2184.05,1390.0
2026-06-21 12:49:00+00:00,2184.05,2186.49,2183.19,2185.19,1672.0
2026-06-21 12:54:00+00:00,2185.19,2186.02,2179.75,2180.8,1638.0
2026-06-21 12:59:00+00:00,2180.8,2182.26,2177.57,2179.96,1747.0
2026-06-21 13:04:00+00:00,2179.96,2184.19,2177.99,2182.82,757.0
2026-06-21 13:09:00+00:00,2182.82,2193.87,2176.12,2184.76,1368.0
2026-06-21 13:14:00+00:00,2184.76,2188.08,2183.5,2185.71,1512.0
2026-06-21 13:19:00+00:00,2185.71,2186.24,2185.56,2186.11,1488.0
2026-06-21 13:24:00+00:00,2186.11,2187.46,2183.95,2184.97,1681.0
2026-06-21 13:29:00+00:00,2184.97,2188.88,2182.59,2186.96,1611.0
2026-06-21 13:34:00+00:00,2186.96,2188.63,2186.6,2187.9,1226.0
2026-06-21 13:39:00+00:00,2187.9,2188.84,2181.54,2182.22,1886.0
2026-06-21 13:44:00+00:00,2182.22,2186.11,2179.91,2184.15,1743.0
2026-06-21 13:49:00+00:00,2184.15,2184.45,2180.6,2180.94,1985.0
2026-06-21 13:54:00+00:00,2180.94,2181.62,2179.19,2179.94,1483.0
2026-06-21 13:59:00+00:00,2179.94,2189.45,2178.59,2185.45,1936.0
2026-06-21 14:04:00+00:00,2185.45,2185.65,2185.39,2185.63,790.0
2026-06-21 14:09:00+00:00,2185.63,2188.5,2182.44,2183.68,773.0
2026-06-21 14:14:00+00:00,2183.68,2190.63,2179.37,2188.58,687.0
2026-06-21 14:19:00+00:00,2188.58,2196.58,2185.73,2194.48,951.0
2026-06-21 14:24:00+00:00,2194.48,2198.98,2191.23,2195.16,886.0
2026-06-21 14:29:00+00:00,2195.16,2196.44,2190.97,2194.36,960.0
2026-06-21 14:34:00+00:00,2194.36,2197.8,2192.24,2196.08,841.0
2026-06-21 14:39:00+00:00,2196.08,2197.95,2190.76,2191.7,1425.0
2026-06-21 14:44:00+00:00,2191.7,2198.62,2187.83,2193.5,1042.0
2026-06-21 14:49:00+00:00,2193.5,2196.17,2192.58,2195.64,1096.0
2026-06-21 14:54:00+00:00,2195.64,2196.04,2189.2,2189.41,1364.0
2026-06-21 14:59:00+00:00,2189.41,2192.31,2175.47,2182.39,1989.0
2026-06-21 15:04:00+00:00,2182.39,2194.27,2178.89,2189.02,897.0
2026-06-21 15:09:00+00:00,2189.02,2190.85,2186.1,2188.17,997.0
2026-06-21 15:14:00+00:00,2188.17,2189.37,2184.79,2185.56,1016.0
2026-06-21 15:19:00+00:00,2185.56,2187.59,2178.39,2182.59,1638.0
2026-06-21 15:24:00+00:00,2182.59,2187.03,2181.79,2186.52,1457.0
2026-06-21 15:29:00+00:00,2186.52,2190.09,2180.26,2181.99,1379.0
2026-06-21 15:34:00+00:00,2181.99,2182.38,2178.21,2178.75,1771.0
2026-06-21 15:39:00+00:00,2178.75,2182.61,2177.78,2181.17,892.0
2026-06-21 15:44:00+00:00,2181.17,2185.0,2176.89,2180.48,1256.0
2026-06-21 15:49:00+00:00,2180.48,2182.61,2179.18,2181.09,1369.0
2026-06-21 15:54:00+00:00,2181.09,2184.18,2180.7,2183.92,935.0
2026-06-21 15:59:00+00:00,2183.92,2188.89,2183.71,2188.71,1576.0
2026-06-21 16:04:00+00:00,2188.71,2191.2,2188.4,2190.55,1802.0
2026-06-21 16:09:00+00:00,2190.55,2191.2,2186.2,2187.1,812.0
2026-06-21 16:14:00+00:00,2187.1,2190.54,2184.07,2185.04,1646.0
2026-06-21 16:19:00+00:00,2185.04,2185.57,2177.22,2177.47,1092.0
2026-06-21 16:24:00+00:00,2177.47,2186.17,2176.5,2185.13,820.0
2026-06-21 16:29:00+00:00,2185.13,2189.54,2176.05,2179.24,1459.0
2026-06-21 16:34:00+00:00,2179.24,2180.86,2174.24,2179.08,853.0
2026-06-21 16:39:00+00:00,2179.08,2182.45,2178.71,2182.18,1606.0
2026-06-21 16:44:00+00:00,2182.18,2182.38,2178.16,2178.45,1386.0
2026-06-21 16:49:00+00:00,2178.45,2181.44,2176.76,2178.28,839.0
2026-06-21 16:54:00+00:00,2178.28,2178.44,2175.14,2175.59,1709.0
2026-06-21 16:59:00+00:00,2175.59,2183.02,2161.47,2172.12,1564.0
2026-06-21 17:04:00+00:00,2172.12,2178.14,2167.6,2176.42,814.0
2026-06-21 17:09:00+00:00,2176.42,2192.99,2174.27,2189.06,826.0
2026-06-21 17:14:00+00:00,2189.06,2190.09,2186.01,2186.42,918.0
2026-06-21 17:19:00+00:00,2186.42,2191.2,2184.4,2189.29,782.0
2026-06-21 17:24:00+00:00,2189.29,2197.71,2187.69,2197.26,662.0
2026-06-21 17:29:00+00:00,2197.26,2207.49,2195.27,2200.97,891.0
2026-06-21 17:34:00+00:00,2200.97,2206.1,2193.72,2202.07,651.0
2026-06-21 17:39:00+00:00,2202.07,2204.9,2199.44,2203.0,670.0
2026-06-21 17:44:00+00:00,2203.0,2203.58,2198.71,2199.53,1047.0
2026-06-21 17:49:00+00:00,2199.53,2209.72,2198.68,2208.67,969.0
2026-06-21 17:54:00+00:00,2208.67,2209.89,2201.99,2202.71,842.0
2026-06-21 17:59:00+00:00,2202.71,2207.05,2200.49,2203.47,1059.0
2026-06-21 18:04:00+00:00,2203.47,2207.13,2197.66,2204.54,882.0
2026-06-21 18:09:00+00:00,2204.54,2212.09,2203.08,2209.89,1078.0
2026-06-21 18:14:00+00:00,2209.89,2213.07,2209.75,2212.88,896.0
2026-06-21 18:19:00+00:00,2212.88,2218.75,2204.7,2210.51,828.0
2026-06-21 18:24:00+00:00,2210.51,2212.14,2208.57,2210.74,1072.0
2026-06-21 18:29:00+00:00,2210.74,2210.85,2205.14,2205.23,1134.0
2026-06-21 18:34:00+00:00,2205.23,2209.76,2204.24,2209.42,429.0
2026-06-21 18:39:00+00:00,2209.42,2215.93,2201.95,2207.9,556.0
2026-06-21 18:44:00+00:00,2207.9,2211.12,2207.76,2210.67,546.0
2026-06-21 18:49:00+00:00,2210.67,2216.88,2210.39,2216.25,698.0
2026-06-21 18:54:00+00:00,2216.25,2217.08,2210.08,2211.52,1054.0
2026-06-21 18:59:00+00:00,2211.52,2221.9,2210.53,2220.91,929.0
2026-06-21 19:04:00+00:00,2220.91,2222.95,2213.51,2217.44,479.0
2026-06-21 19:09:00+00:00,2217.44,2222.75,2212.95,2217.06,1062.0
2026-06-21 19:14:00+00:00,2217.06,2218.61,2212.13,2215.47,1103.0
2026-06-21 19:19:00+00:00,2215.47,2216.32,2211.68,2212.03,537.0
2026-06-21 19:24:00+00:00,2212.03,2212.93,2210.51,2211.54,764.0
2026-06-21 19:29:00+00:00,2211.54,2215.85,2209.94,2211.92,1107.0
2026-06-21 19:34:00+00:00,2211.92,2215.69,2211.31,2214.93,733.0
2026-06-21 19:39:00+00:00,2214.93,2226.52,2207.81,2218.53,637.0
2026-06-21 19:44:00+00:00,2218.53,2219.25,2216.13,2216.35,558.0
2026-06-21 19:49:00+00:00,2216.35,2229.17,2210.15,2220.24,906.0
2026-06-21 19:54:00+00:00,2220.24,2221.77,2220.05,2221.45,538.0
2026-06-21 19:59:00+00:00,2221.45,2227.82,2217.32,2226.35,964.0
2026-06-21 20:04:00+00:00,2226.35,2227.07,2219.05,2219.37,665.0
2026-06-21 20:09:00+00:00,2219.37,2226.96,2216.09,2222.43,785.0
2026-06-21 20:14:00+00:00,2222.43,2222.48,2222.21,2222.25,882.0
2026-06-21 20:19:00+00:00,2222.25,2226.3,2221.78,2225.78,990.0
2026-06-21 20:24:00+00:00,2225.78,2232.63,2223.96,2229.7,819.0
2026-06-21 20:29:00+00:00,2229.7,2233.18,2229.48,2233.08,614.0
2026-06-21 20:34:00+00:00,2233.08,2234.44,2229.74,2231.53,968.0
2026-06-21 20:39:00+00:00,2231.53,2240.2,2231.31,2240.02,565.0
2026-06-21 20:44:00+00:00,2240.02,2244.28,2235.57,2236.82,467.0
2026-06-21 20:49:00+00:00,2236.82,2239.72,2229.94,2230.96,781.0
2026-06-21 20:54:00+00:00,2230.96,2237.94,2226.07,2232.58,752.0
2026-06-21 20:59:00+00:00,2232.58,2235.42,2228.09,2233.52,638.0
2026-06-21 21:04:00+00:00,2233.52,2235.11,2229.33,2232.18,758.0
2026-06-21 21:09:00+00:00,2232.18,2236.23,2226.82,2229.04,624.0
2026-06-21 21:14:00+00:00,2229.04,2231.77,2219.52,2221.6,510.0
2026-06-21 21:19:00+00:00,2221.6,2225.79,2220.65,2222.57,869.0
2026-06-21 21:24:00+00:00,2222.57,2222.77,2220.97,2221.53,569.0
2026-06-21 21:29:00+00:00,2221.53,2226.11,2220.54,2223.57,387.0
2026-06-21 21:34:00+00:00,2223.57,2227.06,2222.69,2224.25,542.0
2026-06-21 21:39:00+00:00,2224.25,2226.73,2223.43,2224.27,1013.0
2026-06-21 21:44:00+00:00,2224.27,2226.14,2220.26,2223.01,606.0
2026-06-21 21:49:00+00:00,2223.01,2227.27,2219.55,2223.07,742.0
2026-06-21 21:54:00+00:00,2223.07,2235.23,2219.1,2233.26,491.0
2026-06-21 21:59:00+00:00,2233.26,2233.75,2227.74,2228.94,669.0
2026-06-21 22:04:00+00:00,2228.94,2230.8,2223.15,2225.97,975.0
2026-06-21 22:09:00+00:00,2225.97,2228.43,2222.39,2223.6,1076.0
2026-06-21 22:14:00+00:00,2223.6,2225.83,2222.46,2223.53,934.0
2026-06-21 22:19:00+00:00,2223.53,2223.95,2221.59,2222.89,952.0
2026-06-21 22:24:00+00:00,2222.89,2226.55,2222.18,2225.22,1030.0
2026-06-21 22:29:00+00:00,2225.22,2226.11,2223.05,2223.76,614.0
2026-06-21 22:34:00+00:00,2223.76,2227.54,2223.26,2226.19,961.0
2026-06-21 22:39:00+00:00,2226.19,2230.06,2221.38,2226.46,567.0
2026-06-21 22:44:00+00:00,2226.46,2228.35,2218.48,2219.2,439.0
2026-06-21 22:49:00+00:00,2219.2,2220.9,2205.5,2208.25,643.0
2026-06-21 22:54:00+00:00,2208.25,2210.08,2197.62,2199.89,674.0
2026-06-21 22:59:00+00:00,2199.89,2202.61,2194.2,2196.65,1068.0
2026-06-21 23:04:00+00:00,2196.65,2203.89,2193.87,2201.19,634.0
2026-06-21 23:09:00+00:00,2201.19,2204.68,2195.5,2201.6,728.0
2026-06-21 23:14:00+00:00,2201.6,2203.52,2197.17,2200.43,1110.0
2026-06-21 23:19:00+00:00,2200.43,2204.06,2198.52,2201.4,1084.0
2026-06-21 23:24:00+00:00,2201.4,2214.36,2199.53,2212.86,606.0
2026-06-21 23:29:00+00:00,2212.86,2212.97,2207.53,2207.56,771.0
2026-06-21 23:34:00+00:00,2207.56,2210.7,2206.56,2209.19,818.0
2026-06-21 23:39:00+00:00,2209.19,2213.17,2207.6,2211.32,432.0
2026-06-21 23:44:00+00:00,2211.32,2212.36,2210.87,2211.97,1072.0
2026-06-21 23:49:00+00:00,2211.97,2212.49,2210.0,2211.15,1082.0
2026-06-21 23:54:00+00:00,2211.15,2211.24,2210.29,2210.32,945.0
2026-06-21 23:59:00+00:00,2210.32,2216.26,2207.72,2210.48,842.0
2026-06-22 00:04:00+00:00,2210.48,2213.6,2207.26,2210.49,1069.0
2026-06-22 00:09:00+00:00,2210.49,2212.62,2210.48,2212.6,611.0
2026-06-22 00:14:00+00:00,2212.6,2214.14,2212.31,2214.04,751.0
2026-06-22 00:19:00+00:00,2214.04,2220.72,2210.73,2216.92,998.0
2026-06-22 00:24:00+00:00,2216.92,2218.03,2210.97,2212.17,1145.0
2026-06-22 00:29:00+00:00,2212.17,2218.77,2202.29,2207.6,389.0
2026-06-22 00:34:00+00:00,2207.6,2207.74,2205.33,2205.75,1098.0
2026-06-22 00:39:00+00:00,2205.75,2205.84,2204.76,2204.88,818.0
2026-06-22 00:44:00+00:00,2204.88,2216.45,2203.49,2215.82,771.0
2026-06-22 00:49:00+00:00,2215.82,2220.62,2210.54,2218.65,521.0
2026-06-22 00:54:00+00:00,2218.65,2219.43,2209.96,2211.75,502.0
2026-06-22 00:59:00+00:00,2211.75,2222.41,2211.06,2221.21,399.0
2026-06-22 01:04:00+00:00,2221.21,2221.25,2212.39,2212.41,851.0
2026-06-22 01:09:00+00:00,2212.41,2213.28,2212.07,2213.19,766.0
2026-06-22 01:14:00+00:00,2213.19,2214.03,2213.06,2213.87,555.0
2026-06-22 01:19:00+00:00,2213.87,2216.36,2211.15,2212.33,459.0
2026-06-22 01:24:00+00:00,2212.33,2216.71,2210.88,2213.31,1003.0
2026-06-22 01:29:00+00:00,2213.31,2213.99,2209.44,2210.2,976.0
2026-06-22 01:34:00+00:00,2210.2,2211.4,2205.24,2207.9,1061.0
2026-06-22 01:39:00+00:00,2207.9,2223.05,2203.06,2221.5,930.0
2026-06-22 01:44:00+00:00,2221.5,2221.83,2209.43,2210.09,965.0
2026-06-22 01:49:00+00:00,2210.09,2216.17,2209.38,2214.35,822.0
2026-06-22 01:54:00+00:00,2214.35,2222.97,2210.0,2218.67,641.0
2026-06-22 01:59:00+00:00,2218.67,2226.39,2217.57,2225.43,895.0
2026-06-22 02:04:00+00:00,2225.43,2228.74,2225.19,2228.37,834.0
2026-06-22 02:09:00+00:00,2228.37,2228.66,2226.45,2226.76,1096.0
2026-06-22 02:14:00+00:00,2226.76,2231.79,2217.9,2221.39,696.0
2026-06-22 02:19:00+00:00,2221.39,2224.12,2210.95,2213.51,638.0
2026-06-22 02:24:00+00:00,2213.51,2215.47,2212.77,2214.17,688.0
2026-06-22 02:29:00+00:00,2214.17,2218.33,2213.13,2217.16,999.0
2026-06-22 02:34:00+00:00,2217.16,2217.65,2213.83,2214.45,720.0
2026-06-22 02:39:00+00:00,2214.45,2223.65,2208.72,2218.97,1103.0
2026-06-22 02:44:00+00:00,2218.97,2225.24,2216.77,2224.2,994.0
2026-06-22 02:49:00+00:00,2224.2,2224.57,2219.48,2219.57,1043.0
2026-06-22 02:54:00+00:00,2219.57,2219.71,2216.01,2216.18,587.0
2026-06-22 02:59:00+00:00,2216.18,2226.09,2205.96,2223.65,931.0
2026-06-22 03:04:00+00:00,2223.65,2240.77,2220.08,2234.5,1798.0
2026-06-22 03:09:00+00:00,2234.5,2246.55,2212.69,2224.53,1443.0
2026-06-22 03:14:00+00:00,2224.53,2231.63,2204.29,2215.51,981.0
2026-06-22 03:19:00+00:00,2215.51,2218.23,2203.74,2211.56,1302.0
2026-06-22 03:24:00+00:00,2211.56,2223.94,2208.39,2217.55,1074.0
2026-06-22 03:29:00+00:00,2217.55,2226.18,2217.04,2225.79,1489.0
2026-06-22 03:34:00+00:00,2225.79,2230.07,2223.93,2228.77,2063.0
2026-06-22 03:39:00+00:00,2228.77,2243.74,2214.85,2239.25,2174.0
2026-06-22 03:44:00+00:00,2239.25,2242.49,2237.94,2242.1,956.0
2026-06-22 03:49:00+00:00,2242.1,2243.13,2239.36,2241.46,1485.0
2026-06-22 03:54:00+00:00,2241.46,2249.83,2240.14,2246.41,1174.0
2026-06-22 03:59:00+00:00,2246.41,2253.35,2243.0,2248.69,2377.0
2026-06-22 04:04:00+00:00,2248.69,2250.2,2244.83,2247.53,1434.0
2026-06-22 04:09:00+00:00,2247.53,2250.44,2235.85,2243.6,1475.0
2026-06-22 04:14:00+00:00,2243.6,2245.55,2236.67,2239.83,1890.0
2026-06-22 04:19:00+00:00,2239.83,2242.15,2216.06,2217.94,1644.0
2026-06-22 04:24:00+00:00,2217.94,2222.23,2202.01,2204.46,1826.0
2026-06-22 04:29:00+00:00,2204.46,2212.07,2199.26,2205.14,1000.0
2026-06-22 04:34:00+00:00,2205.14,2206.46,2199.43,2201.14,1537.0
2026-06-22 04:39:00+00:00,2201.14,2209.47,2190.74,2202.64,1263.0
2026-06-22 04:44:00+00:00,2202.64,2209.13,2178.14,2188.27,2330.0
2026-06-22 04:49:00+00:00,2188.27,2188.72,2167.51,2168.08,1044.0
2026-06-22 04:54:00+00:00,2168.08,2170.23,2152.4,2157.97,1511.0
2026-06-22 04:59:00+00:00,2157.97,2158.67,2143.19,2144.27,2398.0
2026-06-22 05:04:00+00:00,2144.27,2158.5,2140.29,2152.76,2008.0
2026-06-22 05:09:00+00:00,2152.76,2154.05,2129.41,2129.79,1828.0
2026-06-22 05:14:00+00:00,2129.79,2135.72,2117.01,2125.67,2365.0
2026-06-22 05:19:00+00:00,2125.67,2126.15,2115.64,2116.24,1358.0
2026-06-22 05:24:00+00:00,2116.24,2116.47,2107.41,2107.6,2125.0
2026-06-22 05:29:00+00:00,2107.6,2128.86,2104.92,2125.25,1810.0
2026-06-22 05:34:00+00:00,2125.25,2126.18,2117.63,2118.91,1280.0
2026-06-22 05:39:00+00:00,2118.91,2125.66,2117.68,2125.15,1560.0
2026-06-22 05:44:00+00:00,2125.15,2134.28,2124.44,2133.14,2349.0
2026-06-22 05:49:00+00:00,2133.14,2139.51,2130.08,2135.43,1122.0
2026-06-22 05:54:00+00:00,2135.43,2143.21,2127.92,2138.98,854.0
2026-06-22 05:59:00+00:00,2138.98,2149.22,2121.24,2132.28,1145.0
2026-06-22 06:04:00+00:00,2132.28,2134.09,2123.99,2126.49,1877.0
2026-06-22 06:09:00+00:00,2126.49,2132.02,2104.8,2112.87,2181.0
2026-06-22 06:14:00+00:00,2112.87,2136.96,2107.38,2127.53,2053.0
2026-06-22 06:19:00+00:00,2127.53,2131.9,2117.24,2123.22,2044.0
2026-06-22 06:24:00+00:00,2123.22,2128.77,2122.59,2128.29,1414.0
2026-06-22 06:29:00+00:00,2128.29,2138.24,2126.74,2134.05,1068.0
2026-06-22 06:34:00+00:00,2134.05,2136.3,2125.32,2127.84,1897.0
2026-06-22 06:39:00+00:00,2127.84,2145.13,2124.53,2130.93,2050.0
2026-06-22 06:44:00+00:00,2130.93,2134.04,2120.22,2125.2,1373.0
2026-06-22 06:49:00+00:00,2125.2,2129.12,2118.3,2122.23,1433.0
2026-06-22 06:54:00+00:00,2122.23,2129.6,2099.25,2111.75,1860.0
2026-06-22 06:59:00+00:00,2111.75,2113.31,2109.08,2110.87,830.0
2026-06-22 07:04:00+00:00,2110.87,2119.69,2108.63,2118.11,1928.0
2026-06-22 07:09:00+00:00,2118.11,2127.77,2109.27,2119.69,2099.0
2026-06-22 07:14:00+00:00,2119.69,2125.91,2097.6,2099.99,2810.0
2026-06-22 07:19:00+00:00,2099.99,2110.62,2098.58,2110.24,3937.0
2026-06-22 07:24:00+00:00,2110.24,2119.84,2109.72,2119.4,1974.0
2026-06-22 07:29:00+00:00,2119.4,2125.96,2115.28,2116.94,3881.0
2026-06-22 07:34:00+00:00,2116.94,2132.5,2110.94,2129.43,2947.0
2026-06-22 07:39:00+00:00,2129.43,2139.12,2128.82,2138.18,2601.0
2026-06-22 07:44:00+00:00,2138.18,2144.9,2135.24,2142.63,3858.0
2026-06-22 07:49:00+00:00,2142.63,2155.13,2141.38,2152.67,2745.0
2026-06-22 07:54:00+00:00,2152.67,2176.24,2146.08,2172.78,1506.0
2026-06-22 07:59:00+00:00,2172.78,2173.01,2158.74,2159.07,2358.0
2026-06-22 08:04:00+00:00,2159.07,2160.55,2153.87,2155.14,1725.0
2026-06-22 08:09:00+00:00,2155.14,2162.37,2138.62,2142.99,3755.0
2026-06-22 08:14:00+00:00,2142.99,2144.7,2134.88,2139.02,1828.0
2026-06-22 08:19:00+00:00,2139.02,2154.6,2118.65,2126.19,1824.0
2026-06-22 08:24:00+00:00,2126.19,2136.52,2123.9,2133.95,1667.0
2026-06-22 08:29:00+00:00,2133.95,2144.71,2128.82,2138.12,2863.0
2026-06-22 08:34:00+00:00,2138.12,2140.28,2135.68,2137.41,2937.0
2026-06-22 08:39:00+00:00,2137.41,2141.31,2120.5,2125.72,3746.0
2026-06-22 08:44:00+00:00,2125.72,2136.49,2121.93,2132.71,3084.0
2026-06-22 08:49:00+00:00,2132.71,2154.21,2125.77,2147.52,2213.0
2026-06-22 08:54:00+00:00,2147.52,2152.71,2144.92,2146.89,3270.0
2026-06-22 08:59:00+00:00,2146.89,2151.1,2145.8,2147.53,1924.0
2026-06-22 09:04:00+00:00,2147.53,2158.83,2144.78,2153.24,4080.0
2026-06-22 09:09:00+00:00,2153.24,2163.29,2147.64,2158.86,1518.0
2026-06-22 09:14:00+00:00,2158.86,2159.9,2145.46,2148.0,2695.0
2026-06-22 09:19:00+00:00,2148.0,2155.22,2146.04,2152.81,3934.0
2026-06-22 09:24:00+00:00,2152.81,2162.26,2147.49,2158.89,3809.0
2026-06-22 09:29:00+00:00,2158.89,2165.09,2155.97,2161.15,3744.0
2026-06-22 09:34:00+00:00,2161.15,2163.7,2157.65,2160.48,2121.0
2026-06-22 09:39:00+00:00,2160.48,2164.17,2159.87,2163.49,3175.0
2026-06-22 09:44:00+00:00,2163.49,2179.47,2162.48,2176.83,3370.0
2026-06-22 09:49:00+00:00,2176.83,2196.09,2170.83,2184.81,3343.0
2026-06-22 09:54:00+00:00,2184.81,2195.72,2181.19,2189.65,1854.0
2026-06-22 09:59:00+00:00,2189.65,2202.81,2188.3,2202.42,4017.0
2026-06-22 10:04:00+00:00,2202.42,2206.93,2201.23,2204.47,2818.0
2026-06-22 10:09:00+00:00,2204.47,2209.61,2190.27,2194.25,2514.0
2026-06-22 10:14:00+00:00,2194.25,2194.79,2183.92,2185.4,1957.0
2026-06-22 10:19:00+00:00,2185.4,2194.55,2183.14,2189.32,3769.0
2026-06-22 10:24:00+00:00,2189.32,2194.45,2181.13,2183.38,2075.0
2026-06-22 10:29:00+00:00,2183.38,2184.78,2173.04,2173.5,2478.0
2026-06-22 10:34:00+00:00,2173.5,2179.36,2172.39,2174.5,2832.0
2026-06-22 10:39:00+00:00,2174.5,2177.8,2171.04,2174.61,3581.0
2026-06-22 10:44:00+00:00,2174.61,2180.88,2156.38,2164.37,3107.0
2026-06-22 10:49:00+00:00,2164.37,2176.75,2158.46,2170.24,4207.0
2026-06-22 10:54:00+00:00,2170.24,2173.87,2158.59,2161.75,4267.0
2026-06-22 10:59:00+00:00,2161.75,2172.78,2157.84,2171.32,1980.0
2026-06-22 11:04:00+00:00,2171.32,2171.7,2166.92,2167.49,2159.0
2026-06-22 11:09:00+00:00,2167.49,2169.19,2150.42,2151.44,3046.0
2026-06-22 11:14:00+00:00,2151.44,2154.78,2150.77,2154.33,1561.0
2026-06-22 11:19:00+00:00,2154.33,2162.58,2154.21,2162.07,1522.0
2026-06-22 11:24:00+00:00,2162.07,2169.72,2159.21,2168.39,3632.0
2026-06-22 11:29:00+00:00,2168.39,2175.2,2168.02,2173.78,1950.0
2026-06-22 11:34:00+00:00,2173.78,2188.23,2171.51,2186.11,3989.0
2026-06-22 11:39:00+00:00,2186.11,2199.57,2183.48,2194.53,1926.0
2026-06-22 11:44:00+00:00,2194.53,2203.1,2175.11,2187.63,2895.0
2026-06-22 11:49:00+00:00,2187.63,2189.53,2183.5,2185.29,1904.0
2026-06-22 11:54:00+00:00,2185.29,2187.14,2170.52,2172.94,1743.0
2026-06-22 11:59:00+00:00,2172.94,2183.47,2169.93,2174.51,2575.0
2026-06-22 12:04:00+00:00,2174.51,2184.97,2171.59,2181.66,2593.0
2026-06-22 12:09:00+00:00,2181.66,2188.37,2164.27,2170.19,1890.0
2026-06-22 12:14:00+00:00,2170.19,2181.34,2168.41,2179.81,4056.0
2026-06-22 12:19:00+00:00,2179.81,2186.55,2174.69,2183.1,2867.0
2026-06-22 12:24:00+00:00,2183.1,2184.14,2176.54,2178.54,3312.0
2026-06-22 12:29:00+00:00,2178.54,2184.29,2167.38,2173.74,3525.0
2026-06-22 12:34:00+00:00,2173.74,2179.17,2152.67,2164.39,1602.0
2026-06-22 12:39:00+00:00,2164.39,2170.63,2163.75,2169.89,4214.0
2026-06-22 12:44:00+00:00,2169.89,2190.21,2160.75,2176.87,3395.0
2026-06-22 12:49:00+00:00,2176.87,2178.0,2173.67,2174.09,2593.0
2026-06-22 12:54:00+00:00,2174.09,2196.46,2167.93,2185.81,2345.0
2026-06-22 12:59:00+00:00,2185.81,2210.39,2185.05,2208.83,3338.0
2026-06-22 13:04:00+00:00,2208.83,2216.28,2203.23,2213.69,1912.0
2026-06-22 13:09:00+00:00,2213.69,2218.05,2212.66,2216.56,2152.0
2026-06-22 13:14:00+00:00,2216.56,2217.69,2206.28,2207.35,2115.0
2026-06-22 13:19:00+00:00,2207.35,2224.05,2183.49,2197.8,3164.0
2026-06-22 13:24:00+00:00,2197.8,2198.53,2185.11,2185.52,1593.0
2026-06-22 13:29:00+00:00,2185.52,2187.59,2168.85,2170.11,2292.0
2026-06-22 13:34:00+00:00,2170.11,2180.04,2168.55,2174.22,2118.0
2026-06-22 13:39:00+00:00,2174.22,2186.55,2170.68,2183.68,2537.0
2026-06-22 13:44:00+00:00,2183.68,2202.23,2176.8,2194.24,1666.0
2026-06-22 13:49:00+00:00,2194.24,2195.44,2187.25,2188.49,4073.0
2026-06-22 13:54:00+00:00,2188.49,2189.12,2180.91,2181.89,1469.0
2026-06-22 13:59:00+00:00,2181.89,2189.63,2154.87,2162.81,1841.0
2026-06-22 14:04:00+00:00,2162.81,2174.54,2160.36,2171.45,2835.0
2026-06-22 14:09:00+00:00,2171.45,2184.12,2169.57,2182.1,3228.0
2026-06-22 14:14:00+00:00,2182.1,2206.83,2179.2,2203.11,1628.0
2026-06-22 14:19:00+00:00,2203.11,2210.14,2193.83,2204.91,3998.0
2026-06-22 14:24:00+00:00,2204.91,2208.21,2183.91,2186.68,4257.0
2026-06-22 14:29:00+00:00,2186.68,2194.31,2184.91,2191.51,4245.0
2026-06-22 14:34:00+00:00,2191.51,2194.28,2187.11,2192.42,2981.0
2026-06-22 14:39:00+00:00,2192.42,2205.11,2181.67,2199.62,3769.0
2026-06-22 14:44:00+00:00,2199.62,2203.68,2196.62,2201.87,1922.0
2026-06-22 14:49:00+00:00,2201.87,2207.97,2185.77,2192.04,3501.0
2026-06-22 14:54:00+00:00,2192.04,2198.25,2182.04,2190.65,2078.0
2026-06-22 14:59:00+00:00,2190.65,2200.6,2184.44,2196.56,3221.0
2026-06-22 15:04:00+00:00,2196.56,2198.88,2190.63,2195.08,2006.0
2026-06-22 15:09:00+00:00,2195.08,2198.26,2188.41,2190.34,3171.0
2026-06-22 15:14:00+00:00,2190.34,2192.1,2184.38,2185.54,2191.0
2026-06-22 15:19:00+00:00,2185.54,2197.35,2174.72,2189.95,2241.0
2026-06-22 15:24:00+00:00,2189.95,2195.95,2182.08,2193.12,2257.0
2026-06-22 15:29:00+00:00,2193.12,2199.48,2175.46,2191.81,2237.0
2026-06-22 15:34:00+00:00,2191.81,2202.72,2188.72,2201.02,2274.0
2026-06-22 15:39:00+00:00,2201.02,2215.38,2189.4,2203.83,2601.0
2026-06-22 15:44:00+00:00,2203.83,2212.74,2201.01,2210.53,2008.0
2026-06-22 15:49:00+00:00,2210.53,2219.66,2200.28,2208.32,3101.0
2026-06-22 15:54:00+00:00,2208.32,2215.42,2207.98,2214.76,1646.0
2026-06-22 15:59:00+00:00,2214.76,2231.12,2202.65,2221.15,2757.0
2026-06-22 16:04:00+00:00,2221.15,2230.23,2204.5,2220.44,2838.0
2026-06-22 16:09:00+00:00,2220.44,2221.43,2219.25,2220.65,4067.0
2026-06-22 16:14:00+00:00,2220.65,2230.11,2215.46,2226.14,3111.0
2026-06-22 16:19:00+00:00,2226.14,2233.47,2220.64,2228.39,1907.0
2026-06-22 16:24:00+00:00,2228.39,2234.14,2227.27,2233.09,2855.0
2026-06-22 16:29:00+00:00,2233.09,2242.75,2221.23,2233.04,2786.0
2026-06-22 16:34:00+00:00,2233.04,2236.51,2216.3,2221.7,3139.0
2026-06-22 16:39:00+00:00,2221.7,2227.64,2207.05,2213.62,1616.0
2026-06-22 16:44:00+00:00,2213.62,2219.23,2212.61,2217.42,2806.0
2026-06-22 16:49:00+00:00,2217.42,2221.37,2214.49,2217.95,3167.0
2026-06-22 16:54:00+00:00,2217.95,2221.18,2208.32,2214.1,2983.0
2026-06-22 16:59:00+00:00,2214.1,2227.98,2206.56,2220.44,3758.0
2026-06-22 17:04:00+00:00,2220.44,2257.41,2217.59,2248.57,2067.0
2026-06-22 17:09:00+00:00,2248.57,2249.84,2236.7,2241.15,2175.0
2026-06-22 17:14:00+00:00,2241.15,2247.12,2231.89,2237.76,1660.0
2026-06-22 17:19:00+00:00,2237.76,2240.98,2221.94,2227.05,2130.0
2026-06-22 17:24:00+00:00,2227.05,2234.05,2214.95,2222.98,2426.0
2026-06-22 17:29:00+00:00,2222.98,2225.09,2222.46,2224.58,1380.0
2026-06-22 17:34:00+00:00,2224.58,2234.96,2222.23,2229.87,1867.0
2026-06-22 17:39:00+00:00,2229.87,2238.94,2215.23,2226.09,1756.0
2026-06-22 17:44:00+00:00,2226.09,2229.25,2220.98,2222.26,1112.0
2026-06-22 17:49:00+00:00,2222.26,2234.31,2201.36,2209.34,1198.0
2026-06-22 17:54:00+00:00,2209.34,2215.67,2208.0,2214.03,1186.0
2026-06-22 17:59:00+00:00,2214.03,2230.05,2178.44,2202.73,2018.0
2026-06-22 18:04:00+00:00,2202.73,2216.6,2201.17,2214.16,2258.0
2026-06-22 18:09:00+00:00,2214.16,2216.73,2204.86,2209.88,1451.0
2026-06-22 18:14:00+00:00,2209.88,2220.66,2203.84,2219.29,1217.0
2026-06-22 18:19:00+00:00,2219.29,2221.5,2203.04,2204.76,1235.0
2026-06-22 18:24:00+00:00,2204.76,2211.13,2191.16,2198.59,2201.0
2026-06-22 18:29:00+00:00,2198.59,2203.91,2175.51,2178.52,1806.0
2026-06-22 18:34:00+00:00,2178.52,2189.46,2174.1,2177.45,1989.0
2026-06-22 18:39:00+00:00,2177.45,2190.99,2174.49,2189.75,1974.0
2026-06-22 18:44:00+00:00,2189.75,2201.4,2181.85,2196.11,1261.0
2026-06-22 18:49:00+00:00,2196.11,2208.42,2188.85,2203.72,890.0
2026-06-22 18:54:00+00:00,2203.72,2207.51,2185.02,2190.22,2215.0
2026-06-22 18:59:00+00:00,2190.22,2206.38,2187.91,2202.56,1961.0
2026-06-22 19:04:00+00:00,2202.56,2207.24,2201.21,2206.16,1699.0
2026-06-22 19:09:00+00:00,2206.16,2209.27,2199.11,2202.42,1032.0
2026-06-22 19:14:00+00:00,2202.42,2203.08,2191.86,2192.39,1171.0
2026-06-22 19:19:00+00:00,2192.39,2205.68,2185.62,2200.34,2071.0
2026-06-22 19:24:00+00:00,2200.34,2200.81,2182.44,2182.86,1326.0
2026-06-22 19:29:00+00:00,2182.86,2186.02,2180.82,2185.06,1991.0
2026-06-22 19:34:00+00:00,2185.06,2188.74,2179.19,2181.72,1940.0
2026-06-22 19:39:00+00:00,2181.72,2191.34,2178.08,2186.37,2156.0
2026-06-22 19:44:00+00:00,2186.37,2193.6,2161.47,2181.0,2248.0
2026-06-22 19:49:00+00:00,2181.0,2201.47,2179.98,2198.8,1553.0
2026-06-22 19:54:00+00:00,2198.8,2200.96,2198.35,2200.49,2254.0
2026-06-22 19:59:00+00:00,2200.49,2207.4,2194.14,2202.39,1614.0
2026-06-22 20:04:00+00:00,2202.39,2203.98,2195.73,2200.72,1424.0
2026-06-22 20:09:00+00:00,2200.72,2210.58,2197.94,2206.79,1513.0
2026-06-22 20:14:00+00:00,2206.79,2220.65,2202.81,2218.09,1307.0
2026-06-22 20:19:00+00:00,2218.09,2218.53,2215.09,2215.43,2245.0
2026-06-22 20:24:00+00:00,2215.43,2218.68,2213.32,2217.63,1346.0
2026-06-22 20:29:00+00:00,2217.63,2221.35,2205.65,2209.7,1858.0
2026-06-22 20:34:00+00:00,2209.7,2213.39,2184.59,2189.37,1226.0
2026-06-22 20:39:00+00:00,2189.37,2201.83,2186.74,2196.87,1482.0
2026-06-22 20:44:00+00:00,2196.87,2216.53,2194.02,2211.52,1218.0
2026-06-22 20:49:00+00:00,2211.52,2212.57,2206.73,2207.0,2287.0
2026-06-22 20:54:00+00:00,2207.0,2208.87,2204.98,2207.27,2391.0
2026-06-22 20:59:00+00:00,2207.27,2217.03,2200.2,2207.5,2358.0
2026-06-22 21:04:00+00:00,2207.5,2210.09,2203.54,2206.9,1589.0
2026-06-22 21:09:00+00:00,2206.9,2221.72,2200.56,2215.62,846.0
2026-06-22 21:14:00+00:00,2215.62,2234.45,2212.74,2228.1,1976.0
2026-06-22 21:19:00+00:00,2228.1,2240.89,2224.99,2240.13,2089.0
2026-06-22 21:24:00+00:00,2240.13,2247.82,2237.09,2245.53,937.0
2026-06-22 21:29:00+00:00,2245.53,2257.25,2244.89,2256.53,1767.0
2026-06-22 21:34:00+00:00,2256.53,2262.97,2254.18,2260.87,1748.0
2026-06-22 21:39:00+00:00,2260.87,2270.47,2247.54,2252.19,895.0
2026-06-22 21:44:00+00:00,2252.19,2259.76,2239.4,2244.29,1794.0
2026-06-22 21:49:00+00:00,2244.29,2246.7,2243.77,2246.59,1324.0
2026-06-22 21:54:00+00:00,2246.59,2250.04,2234.65,2244.77,1942.0
2026-06-22 21:59:00+00:00,2244.77,2247.1,2229.75,2235.23,1188.0
2026-06-22 22:04:00+00:00,2235.23,2236.85,2229.65,2230.08,2398.0
2026-06-22 22:09:00+00:00,2230.08,2233.62,2223.33,2229.33,1992.0
2026-06-22 22:14:00+00:00,2229.33,2234.05,2218.39,2221.87,2153.0
2026-06-22 22:19:00+00:00,2221.87,2223.44,2210.7,2213.24,2387.0
2026-06-22 22:24:00+00:00,2213.24,2222.47,2209.61,2218.56,993.0
2026-06-22 22:29:00+00:00,2218.56,2231.0,2212.93,2225.45,1722.0
2026-06-22 22:34:00+00:00,2225.45,2226.53,2205.63,2206.38,1071.0
2026-06-22 22:39:00+00:00,2206.38,2216.61,2200.88,2212.76,886.0
2026-06-22 22:44:00+00:00,2212.76,2229.42,2208.8,2221.32,2378.0
2026-06-22 22:49:00+00:00,2221.32,2222.33,2206.07,2209.8,1774.0
2026-06-22 22:54:00+00:00,2209.8,2229.54,2202.49,2221.13,2373.0
2026-06-22 22:59:00+00:00,2221.13,2235.77,2215.81,2228.25,1754.0
2026-06-22 23:04:00+00:00,2228.25,2230.73,2214.58,2216.99,971.0
2026-06-22 23:09:00+00:00,2216.99,2226.6,2215.48,2225.37,2377.0
2026-06-22 23:14:00+00:00,2225.37,2226.57,2223.78,2225.92,1346.0
2026-06-22 23:19:00+00:00,2225.92,2231.0,2222.66,2227.95,2415.0
2026-06-22 23:24:00+00:00,2227.95,2231.76,2215.83,2217.54,1002.0
2026-06-22 23:29:00+00:00,2217.54,2219.55,2210.92,2212.6,1947.0
2026-06-22 23:34:00+00:00,2212.6,2217.24,2211.76,2216.39,1046.0
2026-06-22 23:39:00+00:00,2216.39,2230.68,2212.83,2222.33,2135.0
2026-06-22 23:44:00+00:00,2222.33,2232.19,2208.2,2218.75,1721.0
2026-06-22 23:49:00+00:00,2218.75,2220.51,2207.58,2208.3,2421.0
2026-06-22 23:54:00+00:00,2208.3,2225.99,2206.7,2223.94,1483.0
2026-06-22 23:59:00+00:00,2223.94,2224.17,2212.63,2212.7,1038.0
2026-06-23 00:04:00+00:00,2212.7,2221.5,2210.07,2218.09,2087.0
2026-06-23 00:09:00+00:00,2218.09,2239.55,2215.57,2235.79,835.0
2026-06-23 00:14:00+00:00,2235.79,2240.6,2215.47,2217.34,2002.0
2026-06-23 00:19:00+00:00,2217.34,2223.71,2212.75,2216.63,1077.0
2026-06-23 00:24:00+00:00,2216.63,2219.19,2211.95,2213.67,1797.0
2026-06-23 00:29:00+00:00,2213.67,2227.09,2209.02,2224.59,895.0
2026-06-23 00:34:00+00:00,2224.59,2224.86,2212.49,2212.64,1603.0
2026-06-23 00:39:00+00:00,2212.64,2214.62,2209.01,2211.63,1155.0
2026-06-23 00:44:00+00:00,2211.63,2230.89,2208.32,2216.57,984.0
2026-06-23 00:49:00+00:00,2216.57,2224.49,2208.67,2218.27,1194.0
2026-06-23 00:54:00+00:00,2218.27,2231.78,2217.69,2229.97,847.0
2026-06-23 00:59:00+00:00,2229.97,2232.44,2229.58,2232.12,1660.0
2026-06-23 01:04:00+00:00,2232.12,2235.6,2229.82,2233.77,2128.0
2026-06-23 01:09:00+00:00,2233.77,2251.82,2225.56,2238.76,1795.0
2026-06-23 01:14:00+00:00,2238.76,2245.74,2228.69,2236.96,1215.0
2026-06-23 01:19:00+00:00,2236.96,2237.21,2231.16,2231.42,1242.0
2026-06-23 01:24:00+00:00,2231.42,2242.5,2230.4,2241.85,2042.0
2026-06-23 01:29:00+00:00,2241.85,2245.65,2233.39,2241.01,1772.0
2026-06-23 01:34:00+00:00,2241.01,2251.83,2238.14,2250.29,2253.0
2026-06-23 01:39:00+00:00,2250.29,2250.93,2238.11,2238.99,1109.0
2026-06-23 01:44:00+00:00,2238.99,2248.09,2237.88,2244.58,1744.0
2026-06-23 01:49:00+00:00,2244.58,2248.42,2238.64,2240.4,1095.0
2026-06-23 01:54:00+00:00,2240.4,2249.18,2229.07,2236.67,2240.0
2026-06-23 01:59:00+00:00,2236.67,2254.92,2232.7,2252.79,1952.0
2026-06-23 02:04:00+00:00,2252.79,2271.86,2250.42,2267.78,2265.0
2026-06-23 02:09:00+00:00,2267.78,2268.91,2261.49,2262.59,1921.0
2026-06-23 02:14:00+00:00,2262.59,2267.69,2246.58,2249.42,1692.0
2026-06-23 02:19:00+00:00,2249.42,2257.59,2235.72,2242.05,1634.0
2026-06-23 02:24:00+00:00,2242.05,2247.46,2236.81,2244.22,2269.0
2026-06-23 02:29:00+00:00,2244.22,2248.59,2223.3,2237.99,2338.0
2026-06-23 02:34:00+00:00,2237.99,2245.27,2228.6,2241.15,1150.0
2026-06-23 02:39:00+00:00,2241.15,2241.83,2226.39,2227.67,2120.0
2026-06-23 02:44:00+00:00,2227.67,2236.24,2226.88,2234.39,2086.0
2026-06-23 02:49:00+00:00,2234.39,2241.26,2230.44,2236.81,1911.0
2026-06-23 02:54:00+00:00,2236.81,2237.14,2226.96,2227.15,1341.0
2026-06-23 02:59:00+00:00,2227.15,2233.83,2223.08,2227.58,2219.0
2026-06-23 03:04:00+00:00,2227.58,2229.97,2215.89,2217.43,818.0
2026-06-23 03:09:00+00:00,2217.43,2222.93,2200.05,2216.73,2187.0
2026-06-23 03:14:00+00:00,2216.73,2233.43,2210.64,2229.53,1218.0
2026-06-23 03:19:00+00:00,2229.53,2232.45,2214.89,2221.62,1576.0
2026-06-23 03:24:00+00:00,2221.62,2227.41,2215.45,2221.6,850.0
2026-06-23 03:29:00+00:00,2221.6,2228.88,2207.24,2218.09,1437.0
2026-06-23 03:34:00+00:00,2218.09,2218.17,2216.5,2216.61,1648.0
2026-06-23 03:39:00+00:00,2216.61,2225.7,2211.78,2222.43,1586.0
2026-06-23 03:44:00+00:00,2222.43,2240.34,2217.22,2234.96,838.0
2026-06-23 03:49:00+00:00,2234.96,2236.29,2227.82,2230.81,1278.0
2026-06-23 03:54:00+00:00,2230.81,2238.35,2229.09,2236.43,1826.0
2026-06-23 03:59:00+00:00,2236.43,2242.31,2236.03,2241.46,1610.0
2026-06-23 04:04:00+00:00,2241.46,2264.3,2237.0,2258.03,1977.0
2026-06-23 04:09:00+00:00,2258.03,2264.59,2255.87,2262.41,2077.0
2026-06-23 04:14:00+00:00,2262.41,2264.54,2227.64,2235.29,2324.0
2026-06-23 04:19:00+00:00,2235.29,2255.81,2221.87,2246.73,2318.0
2026-06-23 04:24:00+00:00,2246.73,2259.71,2246.69,2259.67,2433.0
2026-06-23 04:29:00+00:00,2259.67,2270.11,2256.52,2265.09,1014.0
2026-06-23 04:34:00+00:00,2265.09,2266.89,2263.11,2266.12,1327.0
2026-06-23 04:39:00+00:00,2266.12,2278.8,2259.6,2276.73,853.0
2026-06-23 04:44:00+00:00,2276.73,2288.15,2272.24,2275.83,1833.0
2026-06-23 04:49:00+00:00,2275.83,2281.72,2273.91,2278.1,2197.0
2026-06-23 04:54:00+00:00,2278.1,2290.54,2269.52,2287.82,1640.0
2026-06-23 04:59:00+00:00,2287.82,2293.14,2277.96,2281.97,2270.0
2026-06-23 05:04:00+00:00,2281.97,2292.85,2279.09,2289.71,2208.0
2026-06-23 05:09:00+00:00,2289.71,2290.92,2281.13,2281.82,1902.0
2026-06-23 05:14:00+00:00,2281.82,2283.08,2269.92,2271.35,1134.0
2026-06-23 05:19:00+00:00,2271.35,2272.98,2266.44,2268.71,1626.0
2026-06-23 05:24:00+00:00,2268.71,2275.01,2266.96,2273.32,918.0
2026-06-23 05:29:00+00:00,2273.32,2285.75,2260.26,2283.1,1812.0
2026-06-23 05:34:00+00:00,2283.1,2299.37,2276.51,2293.94,2360.0
2026-06-23 05:39:00+00:00,2293.94,2301.27,2279.4,2286.27,2172.0
2026-06-23 05:44:00+00:00,2286.27,2301.14,2279.06,2296.49,1085.0
2026-06-23 05:49:00+00:00,2296.49,2314.56,2294.35,2312.27,1324.0
2026-06-23 05:54:00+00:00,2312.27,2320.57,2293.3,2304.07,852.0
2026-06-23 05:59:00+00:00,2304.07,2307.78,2300.41,2304.48,1892.0
2026-06-23 06:04:00+00:00,2304.48,2306.72,2302.38,2303.77,1871.0
2026-06-23 06:09:00+00:00,2303.77,2316.24,2298.83,2313.16,1006.0
2026-06-23 06:14:00+00:00,2313.16,2322.05,2311.69,2319.55,987.0
2026-06-23 06:19:00+00:00,2319.55,2322.8,2311.57,2315.29,2074.0
2026-06-23 06:24:00+00:00,2315.29,2317.32,2300.36,2304.3,1639.0
2026-06-23 06:29:00+00:00,2304.3,2306.17,2293.42,2296.2,1272.0
2026-06-23 06:34:00+00:00,2296.2,2310.82,2286.51,2297.17,818.0
2026-06-23 06:39:00+00:00,2297.17,2297.31,2294.08,2294.24,1146.0
2026-06-23 06:44:00+00:00,2294.24,2297.55,2293.43,2297.07,1102.0
2026-06-23 06:49:00+00:00,2297.07,2301.55,2295.19,2300.99,1760.0
2026-06-23 06:54:00+00:00,2300.99,2305.36,2300.1,2304.52,1283.0
2026-06-23 06:59:00+00:00,2304.52,2313.44,2301.04,2310.91,891.0
2026-06-23 07:04:00+00:00,2310.91,2323.43,2293.3,2315.01,3749.0
2026-06-23 07:09:00+00:00,2315.01,2330.35,2309.02,2323.69,1425.0
2026-06-23 07:14:00+00:00,2323.69,2333.78,2318.98,2325.68,3520.0
2026-06-23 07:19:00+00:00,2325.68,2333.38,2325.53,2333.22,3410.0
2026-06-23 07:24:00+00:00,2333.22,2340.09,2328.82,2333.62,3814.0
2026-06-23 07:29:00+00:00,2333.62,2340.77,2326.52,2336.27,2309.0
2026-06-23 07:34:00+00:00,2336.27,2345.84,2328.77,2331.72,2478.0
2026-06-23 07:39:00+00:00,2331.72,2334.47,2320.98,2325.59,3479.0
2026-06-23 07:44:00+00:00,2325.59,2342.87,2314.63,2329.22,3123.0
2026-06-23 07:49:00+00:00,2329.22,2337.43,2306.68,2318.42,2666.0
2026-06-23 07:54:00+00:00,2318.42,2325.04,2303.96,2305.55,4229.0
2026-06-23 07:59:00+00:00,2305.55,2306.93,2305.31,2306.54,2591.0
2026-06-23 08:04:00+00:00,2306.54,2320.81,2293.85,2301.83,1848.0
2026-06-23 08:09:00+00:00,2301.83,2319.13,2278.24,2295.62,2866.0
2026-06-23 08:14:00+00:00,2295.62,2306.72,2295.18,2306.6,2720.0
2026-06-23 08:19:00+00:00,2306.6,2313.0,2295.64,2303.39,2759.0
2026-06-23 08:24:00+00:00,2303.39,2314.5,2293.68,2304.24,2299.0
2026-06-23 08:29:00+00:00,2304.24,2311.74,2303.16,2308.27,1519.0
2026-06-23 08:34:00+00:00,2308.27,2321.53,2306.99,2319.24,1641.0
2026-06-23 08:39:00+00:00,2319.24,2334.05,2310.91,2324.86,2465.0
2026-06-23 08:44:00+00:00,2324.86,2326.12,2315.96,2317.09,2680.0
2026-06-23 08:49:00+00:00,2317.09,2331.35,2315.69,2330.67,2834.0
2026-06-23 08:54:00+00:00,2330.67,2332.53,2319.77,2321.82,4071.0
2026-06-23 08:59:00+00:00,2321.82,2340.54,2306.67,2329.46,4140.0
2026-06-23 09:04:00+00:00,2329.46,2340.35,2324.63,2333.71,3037.0
2026-06-23 09:09:00+00:00,2333.71,2342.49,2330.88,2335.25,2365.0
2026-06-23 09:14:00+00:00,2335.25,2345.05,2328.02,2341.87,2197.0
2026-06-23 09:19:00+00:00,2341.87,2341.96,2330.97,2331.08,2808.0
2026-06-23 09:24:00+00:00,2331.08,2334.0,2315.15,2316.19,3989.0
2026-06-23 09:29:00+00:00,2316.19,2320.02,2303.43,2310.44,1607.0
2026-06-23 09:34:00+00:00,2310.44,2317.64,2293.34,2299.89,1947.0
2026-06-23 09:39:00+00:00,2299.89,2306.29,2293.75,2303.23,2542.0
2026-06-23 09:44:00+00:00,2303.23,2307.58,2292.8,2295.37,2519.0
2026-06-23 09:49:00+00:00,2295.37,2297.58,2287.92,2291.26,3599.0
2026-06-23 09:54:00+00:00,2291.26,2298.14,2274.06,2280.09,2590.0
2026-06-23 09:59:00+00:00,2280.09,2286.79,2271.43,2278.22,3063.0
2026-06-23 10:04:00+00:00,2278.22,2288.77,2274.78,2287.53,3028.0
2026-06-23 10:09:00+00:00,2287.53,2322.12,2281.5,2319.18,3615.0
2026-06-23 10:14:00+00:00,2319.18,2323.65,2297.18,2304.93,1778.0
2026-06-23 10:19:00+00:00,2304.93,2306.21,2301.07,2302.79,2391.0
2026-06-23 10:24:00+00:00,2302.79,2305.83,2293.94,2296.82,3781.0
2026-06-23 10:29:00+00:00,2296.82,2298.26,2287.7,2289.8,3284.0
2026-06-23 10:34:00+00:00,2289.8,2311.04,2283.15,2307.4,2388.0
2026-06-23 10:39:00+00:00,2307.4,2308.01,2303.81,2304.25,2513.0
2026-06-23 10:44:00+00:00,2304.25,2305.15,2291.78,2294.35,3513.0
2026-06-23 10:49:00+00:00,2294.35,2300.59,2273.23,2276.67,2681.0
2026-06-23 10:54:00+00:00,2276.67,2293.09,2258.46,2282.62,1700.0
2026-06-23 10:59:00+00:00,2282.62,2282.75,2281.26,2281.36,3332.0
2026-06-23 11:04:00+00:00,2281.36,2281.72,2265.94,2267.27,3158.0
2026-06-23 11:09:00+00:00,2267.27,2274.55,2258.63,2264.67,1782.0
2026-06-23 11:14:00+00:00,2264.67,2286.7,2263.38,2281.6,3364.0
2026-06-23 11:19:00+00:00,2281.6,2284.42,2274.11,2277.62,1624.0
2026-06-23 11:24:00+00:00,2277.62,2290.53,2258.45,2268.51,3062.0
2026-06-23 11:29:00+00:00,2268.51,2279.33,2262.57,2274.95,1712.0
2026-06-23 11:34:00+00:00,2274.95,2283.22,2267.83,2277.42,1635.0
2026-06-23 11:39:00+00:00,2277.42,2281.87,2275.11,2281.4,4103.0
2026-06-23 11:44:00+00:00,2281.4,2288.24,2275.55,2279.55,3088.0
2026-06-23 11:49:00+00:00,2279.55,2305.51,2273.49,2291.27,3760.0
2026-06-23 11:54:00+00:00,2291.27,2306.74,2287.85,2301.37,2380.0
2026-06-23 11:59:00+00:00,2301.37,2317.01,2292.77,2306.84,1708.0
2026-06-23 12:04:00+00:00,2306.84,2318.15,2306.35,2317.42,1627.0
2026-06-23 12:09:00+00:00,2317.42,2321.1,2301.14,2305.42,3118.0
2026-06-23 12:14:00+00:00,2305.42,2307.17,2288.77,2291.52,3431.0
2026-06-23 12:19:00+00:00,2291.52,2297.39,2259.75,2266.72,2426.0
2026-06-23 12:24:00+00:00,2266.72,2267.74,2256.71,2257.87,1436.0
2026-06-23 12:29:00+00:00,2257.87,2259.0,2252.28,2253.25,3461.0
2026-06-23 12:34:00+00:00,2253.25,2260.83,2238.09,2241.8,3251.0
2026-06-23 12:39:00+00:00,2241.8,2255.0,2237.19,2249.24,2356.0
2026-06-23 12:44:00+00:00,2249.24,2262.59,2247.72,2259.84,4052.0
2026-06-23 12:49:00+00:00,2259.84,2264.0,2259.48,2263.34,2701.0
2026-06-23 12:54:00+00:00,2263.34,2269.91,2243.49,2256.91,3794.0
2026-06-23 12:59:00+00:00,2256.91,2262.47,2251.38,2255.44,3039.0
2026-06-23 13:04:00+00:00,2255.44,2276.24,2244.84,2264.73,2008.0
2026-06-23 13:09:00+00:00,2264.73,2267.34,2256.09,2263.83,2313.0
2026-06-23 13:14:00+00:00,2263.83,2267.6,2243.81,2246.95,2226.0
2026-06-23 13:19:00+00:00,2246.95,2255.94,2229.24,2239.84,1551.0
2026-06-23 13:24:00+00:00,2239.84,2241.79,2229.95,2231.48,1875.0
2026-06-23 13:29:00+00:00,2231.48,2242.98,2220.52,2236.29,2792.0
2026-06-23 13:34:00+00:00,2236.29,2238.93,2229.49,2231.64,2122.0
2026-06-23 13:39:00+00:00,2231.64,2239.54,2220.65,2226.49,4162.0
2026-06-23 13:44:00+00:00,2226.49,2242.46,2216.41,2238.45,1645.0
2026-06-23 13:49:00+00:00,2238.45,2242.6,2238.36,2242.56,3217.0
2026-06-23 13:54:00+00:00,2242.56,2248.16,2215.98,2218.93,3786.0
2026-06-23 13:59:00+00:00,2218.93,2226.52,2192.53,2203.06,3489.0
2026-06-23 14:04:00+00:00,2203.06,2210.35,2200.76,2208.02,4166.0
2026-06-23 14:09:00+00:00,2208.02,2212.73,2204.28,2210.33,1866.0
2026-06-23 14:14:00+00:00,2210.33,2215.86,2204.33,2212.63,2932.0
2026-06-23 14:19:00+00:00,2212.63,2217.09,2203.54,2207.99,2506.0
2026-06-23 14:24:00+00:00,2207.99,2230.56,2201.53,2224.96,2257.0
2026-06-23 14:29:00+00:00,2224.96,2229.09,2212.73,2217.51,3063.0
2026-06-23 14:34:00+00:00,2217.51,2220.93,2203.92,2207.84,1616.0
2026-06-23 14:39:00+00:00,2207.84,2212.75,2194.07,2196.87,2915.0
2026-06-23 14:44:00+00:00,2196.87,2203.13,2183.81,2187.87,2320.0
2026-06-23 14:49:00+00:00,2187.87,2190.96,2176.7,2180.43,3524.0
2026-06-23 14:54:00+00:00,2180.43,2192.16,2177.51,2188.68,2143.0
2026-06-23 14:59:00+00:00,2188.68,2193.72,2175.05,2176.36,3510.0
2026-06-23 15:04:00+00:00,2176.36,2179.68,2173.66,2177.75,3024.0
2026-06-23 15:09:00+00:00,2177.75,2188.76,2175.97,2186.43,2566.0
2026-06-23 15:14:00+00:00,2186.43,2193.59,2184.32,2191.78,2211.0
2026-06-23 15:19:00+00:00,2191.78,2204.59,2184.84,2197.78,3434.0
2026-06-23 15:24:00+00:00,2197.78,2203.86,2195.1,2197.68,3668.0
2026-06-23 15:29:00+00:00,2197.68,2208.96,2197.48,2208.77,2118.0
2026-06-23 15:34:00+00:00,2208.77,2211.46,2200.83,2202.38,2811.0
2026-06-23 15:39:00+00:00,2202.38,2212.6,2194.32,2206.42,3956.0
2026-06-23 15:44:00+00:00,2206.42,2207.07,2201.73,2202.6,1985.0
2026-06-23 15:49:00+00:00,2202.6,2205.47,2195.12,2198.28,3186.0
2026-06-23 15:54:00+00:00,2198.28,2209.96,2187.73,2198.1,1677.0
2026-06-23 15:59:00+00:00,2198.1,2200.38,2189.77,2193.54,3205.0
2026-06-23 16:04:00+00:00,2193.54,2196.58,2188.12,2192.6,1975.0
2026-06-23 16:09:00+00:00,2192.6,2193.35,2186.31,2187.22,2839.0
2026-06-23 16:14:00+00:00,2187.22,2189.23,2176.51,2178.09,1761.0
2026-06-23 16:19:00+00:00,2178.09,2181.75,2171.66,2173.92,1751.0
2026-06-23 16:24:00+00:00,2173.92,2188.24,2173.24,2186.99,1448.0
2026-06-23 16:29:00+00:00,2186.99,2191.87,2177.4,2185.51,3087.0
2026-06-23 16:34:00+00:00,2185.51,2202.39,2175.33,2193.45,3549.0
2026-06-23 16:39:00+00:00,2193.45,2198.23,2192.26,2197.11,1940.0
2026-06-23 16:44:00+00:00,2197.11,2200.1,2183.55,2189.26,3923.0
2026-06-23 16:49:00+00:00,2189.26,2194.63,2168.33,2173.92,3312.0
2026-06-23 16:54:00+00:00,2173.92,2188.41,2167.35,2181.26,1673.0
2026-06-23 16:59:00+00:00,2181.26,2199.49,2179.16,2192.99,2600.0
2026-06-23 17:04:00+00:00,2192.99,2199.71,2184.23,2186.98,2220.0
2026-06-23 17:09:00+00:00,2186.98,2197.01,2174.51,2193.63,1061.0
2026-06-23 17:14:00+00:00,2193.63,2193.89,2189.94,2190.25,227.0
2026-06-23 17:19:00+00:00,2190.25,2191.83,2184.85,2186.97,294.0
2026-06-23 17:24:00+00:00,2186.97,2188.42,2186.87,2188.33,601.0
2026-06-23 17:29:00+00:00,2188.33,2188.39,2185.13,2185.21,557.0
2026-06-23 17:34:00+00:00,2185.21,2185.71,2185.05,2185.29,297.0
2026-06-23 17:39:00+00:00,2185.29,2189.16,2185.11,2189.06,263.0
2026-06-23 17:44:00+00:00,2189.06,2189.84,2188.95,2189.76,330.0
2026-06-23 17:49:00+00:00,2189.76,2190.81,2185.66,2187.63,277.0
2026-06-23 17:54:00+00:00,2187.63,2188.49,2185.25,2185.86,604.0
2026-06-23 17:59:00+00:00,2185.86,2186.41,2183.06,2184.58,410.0
2026-06-23 18:04:00+00:00,2184.58,2185.62,2179.91,2181.75,286.0
2026-06-23 18:09:00+00:00,2181.75,2182.24,2179.4,2179.62,473.0
2026-06-23 18:14:00+00:00,2179.62,2186.85,2177.88,2184.6,473.0
2026-06-23 18:19:00+00:00,2184.6,2184.91,2184.27,2184.74,550.0
2026-06-23 18:24:00+00:00,2184.74,2184.85,2179.4,2179.84,374.0
2026-06-23 18:29:00+00:00,2179.84,2180.95,2175.29,2176.25,386.0
2026-06-23 18:34:00+00:00,2176.25,2183.03,2173.92,2177.92,582.0
2026-06-23 18:39:00+00:00,2177.92,2179.92,2174.53,2176.52,282.0
2026-06-23 18:44:00+00:00,2176.52,2176.98,2172.44,2174.55,226.0
2026-06-23 18:49:00+00:00,2174.55,2174.73,2173.4,2173.57,346.0
2026-06-23 18:54:00+00:00,2173.57,2173.77,2171.75,2172.07,295.0
2026-06-23 18:59:00+00:00,2172.07,2176.08,2169.94,2173.4,494.0
2026-06-23 19:04:00+00:00,2173.4,2173.56,2170.5,2170.95,481.0
2026-06-23 19:09:00+00:00,2170.95,2174.61,2168.6,2173.35,528.0
2026-06-23 19:14:00+00:00,2173.35,2176.07,2173.19,2175.93,228.0
2026-06-23 19:19:00+00:00,2175.93,2175.95,2174.78,2174.82,528.0
2026-06-23 19:24:00+00:00,2174.82,2175.09,2173.15,2173.29,501.0
2026-06-23 19:29:00+00:00,2173.29,2174.53,2172.0,2173.14,590.0
2026-06-23 19:34:00+00:00,2173.14,2173.77,2170.27,2171.25,327.0
2026-06-23 19:39:00+00:00,2171.25,2174.2,2169.99,2171.02,473.0
2026-06-23 19:44:00+00:00,2171.02,2173.13,2170.81,2172.97,386.0
2026-06-23 19:49:00+00:00,2172.97,2173.02,2169.43,2169.51,298.0
2026-06-23 19:54:00+00:00,2169.51,2172.47,2166.94,2169.85,649.0
2026-06-23 19:59:00+00:00,2169.85,2171.85,2164.13,2165.94,650.0
2026-06-23 20:04:00+00:00,2165.94,2167.66,2164.55,2167.18,466.0
2026-06-23 20:09:00+00:00,2167.18,2167.9,2160.7,2163.11,625.0
2026-06-23 20:14:00+00:00,2163.11,2168.11,2161.58,2166.86,302.0
2026-06-23 20:19:00+00:00,2166.86,2170.5,2165.52,2168.14,498.0
2026-06-23 20:24:00+00:00,2168.14,2168.39,2166.05,2166.36,507.0
2026-06-23 20:29:00+00:00,2166.36,2170.24,2165.26,2167.22,362.0
2026-06-23 20:34:00+00:00,2167.22,2171.01,2166.51,2170.72,402.0
2026-06-23 20:39:00+00:00,2170.72,2173.54,2167.23,2170.09,386.0
2026-06-23 20:44:00+00:00,2170.09,2171.63,2162.31,2164.83,535.0
2026-06-23 20:49:00+00:00,2164.83,2166.43,2164.36,2166.16,298.0
2026-06-23 20:54:00+00:00,2166.16,2166.3,2165.15,2165.29,530.0
2026-06-23 20:59:00+00:00,2165.29,2165.48,2165.27,2165.47,523.0
2026-06-23 21:04:00+00:00,2165.47,2170.28,2163.49,2168.74,282.0
2026-06-23 21:09:00+00:00,2168.74,2173.46,2167.55,2170.97,646.0
2026-06-23 21:14:00+00:00,2170.97,2172.07,2170.68,2171.72,253.0
2026-06-23 21:19:00+00:00,2171.72,2174.69,2170.22,2173.17,388.0
2026-06-23 21:24:00+00:00,2173.17,2175.09,2173.1,2175.05,586.0
2026-06-23 21:29:00+00:00,2175.05,2176.96,2169.86,2172.18,578.0
2026-06-23 21:34:00+00:00,2172.18,2176.63,2168.44,2170.97,633.0
2026-06-23 21:39:00+00:00,2170.97,2176.11,2170.42,2173.9,618.0
2026-06-23 21:44:00+00:00,2173.9,2175.36,2173.08,2174.44,259.0
2026-06-23 21:49:00+00:00,2174.44,2180.22,2172.26,2176.86,432.0
2026-06-23 21:54:00+00:00,2176.86,2178.38,2176.32,2177.67,237.0
2026-06-23 21:59:00+00:00,2177.67,2181.92,2175.99,2180.42,370.0
2026-06-23 22:04:00+00:00,2180.42,2182.68,2178.98,2181.22,308.0
2026-06-23 22:09:00+00:00,2181.22,2184.92,2178.91,2182.13,256.0
2026-06-23 22:14:00+00:00,2182.13,2187.24,2179.88,2185.05,462.0
2026-06-23 22:19:00+00:00,2185.05,2185.82,2178.98,2181.69,565.0
2026-06-23 22:24:00+00:00,2181.69,2184.78,2179.48,2182.52,250.0
2026-06-23 22:29:00+00:00,2182.52,2184.71,2182.3,2184.44,408.0
2026-06-23 22:34:00+00:00,2184.44,2187.93,2182.82,2184.71,291.0
2026-06-23 22:39:00+00:00,2184.71,2186.55,2183.81,2186.09,234.0
2026-06-23 22:44:00+00:00,2186.09,2189.11,2184.37,2187.83,224.0
2026-06-23 22:49:00+00:00,2187.83,2189.03,2183.98,2187.0,313.0
2026-06-23 22:54:00+00:00,2187.0,2189.81,2184.97,2187.82,334.0
2026-06-23 22:59:00+00:00,2187.82,2189.75,2187.36,2189.5,222.0
2026-06-23 23:04:00+00:00,2189.5,2192.2,2189.43,2192.07,254.0
2026-06-23 23:09:00+00:00,2192.07,2192.29,2190.22,2190.38,637.0
2026-06-23 23:14:00+00:00,2190.38,2191.05,2189.19,2190.72,388.0
2026-06-23 23:19:00+00:00,2190.72,2194.93,2188.77,2193.6,614.0
2026-06-23 23:24:00+00:00,2193.6,2194.59,2187.76,2188.49,268.0
2026-06-23 23:29:00+00:00,2188.49,2189.0,2188.01,2188.71,435.0
2026-06-23 23:34:00+00:00,2188.71,2189.1,2187.39,2188.28,429.0
2026-06-23 23:39:00+00:00,2188.28,2188.57,2185.31,2185.6,438.0
2026-06-23 23:44:00+00:00,2185.6,2187.13,2183.55,2186.41,365.0
2026-06-23 23:49:00+00:00,2186.41,2187.28,2185.47,2186.1,366.0
2026-06-23 23:54:00+00:00,2186.1,2186.77,2185.37,2185.91,335.0
2026-06-23 23:59:00+00:00,2185.91,2190.43,2184.22,2190.03,419.0
2026-06-24 00:04:00+00:00,2190.03,2192.58,2189.34,2191.8,626.0
2026-06-24 00:09:00+00:00,2191.8,2192.05,2189.75,2189.98,221.0
2026-06-24 00:14:00+00:00,2189.98,2190.45,2187.15,2187.33,452.0
2026-06-24 00:19:00+00:00,2187.33,2187.55,2183.83,2184.01,479.0
2026-06-24 00:24:00+00:00,2184.01,2184.87,2183.05,2183.98,544.0
2026-06-24 00:29:00+00:00,2183.98,2184.87,2182.02,2183.63,592.0
2026-06-24 00:34:00+00:00,2183.63,2185.51,2179.79,2181.95,354.0
2026-06-24 00:39:00+00:00,2181.95,2182.92,2181.33,2182.3,474.0
2026-06-24 00:44:00+00:00,2182.3,2182.91,2178.16,2178.51,510.0
2026-06-24 00:49:00+00:00,2178.51,2181.74,2178.22,2181.22,285.0
2026-06-24 00:54:00+00:00,2181.22,2186.4,2180.09,2185.18,326.0
2026-06-24 00:59:00+00:00,2185.18,2195.79,2183.23,2189.9,314.0
2026-06-24 01:04:00+00:00,2189.9,2192.72,2188.72,2190.55,306.0
2026-06-24 01:09:00+00:00,2190.55,2191.44,2190.03,2190.82,378.0
2026-06-24 01:14:00+00:00,2190.82,2194.43,2190.34,2194.03,516.0
2026-06-24 01:19:00+00:00,2194.03,2197.35,2191.46,2194.45,386.0
2026-06-24 01:24:00+00:00,2194.45,2194.93,2191.19,2191.74,281.0
2026-06-24 01:29:00+00:00,2191.74,2191.9,2190.84,2191.23,566.0
2026-06-24 01:34:00+00:00,2191.23,2194.07,2185.74,2188.39,451.0
2026-06-24 01:39:00+00:00,2188.39,2189.74,2184.77,2188.12,416.0
2026-06-24 01:44:00+00:00,2188.12,2193.91,2187.51,2192.33,410.0
2026-06-24 01:49:00+00:00,2192.33,2193.08,2188.86,2190.02,494.0
2026-06-24 01:54:00+00:00,2190.02,2192.88,2183.16,2185.05,304.0
2026-06-24 01:59:00+00:00,2185.05,2186.4,2182.22,2183.76,434.0
2026-06-24 02:04:00+00:00,2183.76,2187.43,2181.59,2186.28,325.0
2026-06-24 02:09:00+00:00,2186.28,2187.85,2182.75,2184.07,424.0
2026-06-24 02:14:00+00:00,2184.07,2187.21,2181.56,2186.04,295.0
2026-06-24 02:19:00+00:00,2186.04,2186.47,2181.33,2181.76,598.0
2026-06-24 02:24:00+00:00,2181.76,2188.37,2180.71,2186.08,344.0
2026-06-24 02:29:00+00:00,2186.08,2188.02,2185.32,2186.96,279.0
2026-06-24 02:34:00+00:00,2186.96,2189.63,2185.05,2187.95,494.0
2026-06-24 02:39:00+00:00,2187.95,2189.4,2177.7,2184.28,533.0
2026-06-24 02:44:00+00:00,2184.28,2185.74,2183.79,2185.59,337.0
2026-06-24 02:49:00+00:00,2185.59,2186.49,2183.34,2184.11,306.0
2026-06-24 02:54:00+00:00,2184.11,2184.79,2182.61,2183.08,530.0
2026-06-24 02:59:00+00:00,2183.08,2183.44,2180.38,2180.49,308.0
2026-06-24 03:04:00+00:00,2180.49,2184.04,2180.35,2183.88,492.0
2026-06-24 03:09:00+00:00,2183.88,2186.53,2182.34,2185.32,342.0
2026-06-24 03:14:00+00:00,2185.32,2186.93,2184.49,2186.1,371.0
2026-06-24 03:19:00+00:00,2186.1,2186.52,2184.48,2184.72,494.0
2026-06-24 03:24:00+00:00,2184.72,2185.82,2181.27,2184.23,308.0
2026-06-24 03:29:00+00:00,2184.23,2185.14,2182.24,2183.25,462.0
2026-06-24 03:34:00+00:00,2183.25,2184.11,2183.12,2183.97,399.0
2026-06-24 03:39:00+00:00,2183.97,2193.53,2181.09,2191.01,298.0
2026-06-24 03:44:00+00:00,2191.01,2197.05,2187.92,2194.3,575.0
2026-06-24 03:49:00+00:00,2194.3,2198.67,2192.43,2197.76,241.0
2026-06-24 03:54:00+00:00,2197.76,2198.43,2193.05,2195.16,390.0
2026-06-24 03:59:00+00:00,2195.16,2196.67,2194.94,2196.57,360.0
2026-06-24 04:04:00+00:00,2196.57,2199.48,2195.71,2198.99,368.0
2026-06-24 04:09:00+00:00,2198.99,2199.34,2196.71,2196.98,644.0
2026-06-24 04:14:00+00:00,2196.98,2197.2,2194.46,2194.73,370.0
2026-06-24 04:19:00+00:00,2194.73,2195.44,2194.06,2194.53,409.0
2026-06-24 04:24:00+00:00,2194.53,2197.39,2194.22,2196.95,349.0
2026-06-24 04:29:00+00:00,2196.95,2199.15,2194.47,2195.59,571.0
2026-06-24 04:34:00+00:00,2195.59,2195.71,2195.34,2195.47,281.0
2026-06-24 04:39:00+00:00,2195.47,2197.88,2195.14,2197.53,461.0
2026-06-24 04:44:00+00:00,2197.53,2197.84,2195.75,2196.41,414.0
2026-06-24 04:49:00+00:00,2196.41,2198.03,2195.33,2197.14,323.0
2026-06-24 04:54:00+00:00,2197.14,2202.46,2196.78,2202.17,383.0
2026-06-24 04:59:00+00:00,2202.17,2205.07,2195.92,2199.3,218.0
2026-06-24 05:04:00+00:00,2199.3,2201.78,2199.05,2201.3,578.0
2026-06-24 05:09:00+00:00,2201.3,2206.15,2196.96,2198.23,351.0
2026-06-24 05:14:00+00:00,2198.23,2198.73,2194.29,2195.45,583.0
2026-06-24 05:19:00+00:00,2195.45,2196.92,2195.19,2196.14,642.0
2026-06-24 05:24:00+00:00,2196.14,2197.33,2190.53,2192.43,229.0
2026-06-24 05:29:00+00:00,2192.43,2192.49,2191.09,2191.14,405.0
2026-06-24 05:34:00+00:00,2191.14,2191.31,2190.45,2190.79,231.0
2026-06-24 05:39:00+00:00,2190.79,2194.93,2190.18,2192.79,508.0
2026-06-24 05:44:00+00:00,2192.79,2194.77,2192.12,2194.14,622.0
2026-06-24 05:49:00+00:00,2194.14,2201.36,2191.72,2197.23,618.0
2026-06-24 05:54:00+00:00,2197.23,2198.35,2197.1,2197.97,350.0
2026-06-24 05:59:00+00:00,2197.97,2202.05,2196.38,2201.13,471.0
2026-06-24 06:04:00+00:00,2201.13,2201.22,2200.3,2200.38,444.0
2026-06-24 06:09:00+00:00,2200.38,2201.18,2198.51,2198.72,226.0
2026-06-24 06:14:00+00:00,2198.72,2200.98,2198.18,2200.08,486.0
2026-06-24 06:19:00+00:00,2200.08,2201.35,2199.77,2200.99,493.0
2026-06-24 06:24:00+00:00,2200.99,2201.21,2197.63,2198.17,227.0
2026-06-24 06:29:00+00:00,2198.17,2200.0,2197.87,2199.84,601.0
2026-06-24 06:34:00+00:00,2199.84,2200.57,2195.63,2197.0,645.0
2026-06-24 06:39:00+00:00,2197.0,2200.82,2196.84,2200.41,640.0
2026-06-24 06:44:00+00:00,2200.41,2201.0,2194.37,2195.93,494.0
2026-06-24 06:49:00+00:00,2195.93,2200.34,2194.24,2197.44,296.0
2026-06-24 06:54:00+00:00,2197.44,2199.41,2196.77,2198.12,279.0
2026-06-24 06:59:00+00:00,2198.12,2199.92,2197.74,2199.05,422.0
2026-06-24 07:04:00+00:00,2199.05,2200.62,2197.7,2199.7,906.0
2026-06-24 07:09:00+00:00,2199.7,2199.73,2197.32,2197.44,592.0
2026-06-24 07:14:00+00:00,2197.44,2197.47,2196.1,2196.17,1037.0
2026-06-24 07:19:00+00:00,2196.17,2197.6,2196.07,2197.39,399.0
2026-06-24 07:24:00+00:00,2197.39,2198.05,2196.43,2197.37,406.0
2026-06-24 07:29:00+00:00,2197.37,2197.53,2195.79,2195.88,1137.0
2026-06-24 07:34:00+00:00,2195.88,2196.71,2195.17,2196.03,834.0
2026-06-24 07:39:00+00:00,2196.03,2197.74,2189.32,2191.55,550.0
2026-06-24 07:44:00+00:00,2191.55,2192.29,2188.83,2189.97,540.0
2026-06-24 07:49:00+00:00,2189.97,2194.08,2189.34,2193.71,836.0
2026-06-24 07:54:00+00:00,2193.71,2194.85,2192.62,2194.34,900.0
2026-06-24 07:59:00+00:00,2194.34,2195.87,2192.21,2193.29,454.0
2026-06-24 08:04:00+00:00,2193.29,2196.56,2193.18,2196.35,818.0
2026-06-24 08:09:00+00:00,2196.35,2197.38,2192.87,2194.2,458.0
2026-06-24 08:14:00+00:00,2194.2,2194.56,2189.79,2190.48,1037.0
2026-06-24 08:19:00+00:00,2190.48,2191.69,2187.27,2189.11,871.0
2026-06-24 08:24:00+00:00,2189.11,2189.99,2186.29,2187.02,1036.0
2026-06-24 08:29:00+00:00,2187.02,2187.03,2181.19,2181.2,538.0
2026-06-24 08:34:00+00:00,2181.2,2185.24,2179.59,2183.78,448.0
2026-06-24 08:39:00+00:00,2183.78,2186.57,2182.37,2184.29,546.0
2026-06-24 08:44:00+00:00,2184.29,2185.18,2181.91,2183.04,410.0
2026-06-24 08:49:00+00:00,2183.04,2183.17,2177.94,2178.04,1043.0
2026-06-24 08:54:00+00:00,2178.04,2181.53,2173.72,2175.97,392.0
2026-06-24 08:59:00+00:00,2175.97,2178.6,2172.29,2175.11,1138.0
2026-06-24 09:04:00+00:00,2175.11,2182.77,2173.76,2181.54,780.0
2026-06-24 09:09:00+00:00,2181.54,2182.03,2179.66,2180.51,988.0
2026-06-24 09:14:00+00:00,2180.51,2180.67,2179.73,2179.82,445.0
2026-06-24 09:19:00+00:00,2179.82,2181.68,2177.74,2180.89,440.0
2026-06-24 09:24:00+00:00,2180.89,2185.95,2180.02,2183.89,865.0
2026-06-24 09:29:00+00:00,2183.89,2185.07,2182.94,2184.12,917.0
2026-06-24 09:34:00+00:00,2184.12,2185.42,2182.71,2184.13,762.0
2026-06-24 09:39:00+00:00,2184.13,2186.09,2181.6,2185.35,620.0
2026-06-24 09:44:00+00:00,2185.35,2188.71,2185.0,2188.35,959.0
2026-06-24 09:49:00+00:00,2188.35,2190.09,2180.45,2181.98,886.0
2026-06-24 09:54:00+00:00,2181.98,2182.64,2179.74,2180.54,406.0
2026-06-24 09:59:00+00:00,2180.54,2184.0,2178.91,2182.23,816.0
2026-06-24 10:04:00+00:00,2182.23,2183.91,2181.55,2183.41,682.0
2026-06-24 10:09:00+00:00,2183.41,2183.58,2182.47,2182.52,1009.0
2026-06-24 10:14:00+00:00,2182.52,2183.16,2182.49,2183.11,903.0
2026-06-24 10:19:00+00:00,2183.11,2186.51,2182.13,2184.78,862.0
2026-06-24 10:24:00+00:00,2184.78,2188.23,2177.83,2180.83,1001.0
2026-06-24 10:29:00+00:00,2180.83,2182.98,2179.5,2181.88,389.0
2026-06-24 10:34:00+00:00,2181.88,2182.38,2178.68,2180.53,956.0
2026-06-24 10:39:00+00:00,2180.53,2185.71,2176.5,2182.49,414.0
2026-06-24 10:44:00+00:00,2182.49,2184.3,2182.26,2184.03,1088.0
2026-06-24 10:49:00+00:00,2184.03,2189.56,2181.62,2186.93,1086.0
2026-06-24 10:54:00+00:00,2186.93,2189.18,2186.11,2188.19,928.0
2026-06-24 10:59:00+00:00,2188.19,2188.47,2186.75,2186.88,883.0
2026-06-24 11:04:00+00:00,2186.88,2188.71,2185.72,2188.0,447.0
2026-06-24 11:09:00+00:00,2188.0,2192.15,2186.59,2190.62,1099.0
2026-06-24 11:14:00+00:00,2190.62,2192.24,2189.34,2191.02,496.0
2026-06-24 11:19:00+00:00,2191.02,2191.88,2190.95,2191.56,909.0
2026-06-24 11:24:00+00:00,2191.56,2196.03,2188.65,2193.72,799.0
2026-06-24 11:29:00+00:00,2193.72,2198.86,2192.91,2198.54,1124.0
2026-06-24 11:34:00+00:00,2198.54,2200.01,2198.02,2199.21,819.0
2026-06-24 11:39:00+00:00,2199.21,2199.74,2196.07,2196.95,661.0
2026-06-24 11:44:00+00:00,2196.95,2198.15,2196.04,2197.71,826.0
2026-06-24 11:49:00+00:00,2197.71,2201.28,2196.47,2198.88,949.0
2026-06-24 11:54:00+00:00,2198.88,2201.48,2196.22,2198.43,718.0
2026-06-24 11:59:00+00:00,2198.43,2201.39,2197.97,2200.4,948.0
2026-06-24 12:04:00+00:00,2200.4,2200.95,2194.62,2195.47,858.0
2026-06-24 12:09:00+00:00,2195.47,2195.53,2192.43,2192.46,426.0
2026-06-24 12:14:00+00:00,2192.46,2192.82,2190.56,2190.89,505.0
2026-06-24 12:19:00+00:00,2190.89,2192.44,2189.37,2189.84,875.0
2026-06-24 12:24:00+00:00,2189.84,2190.65,2189.8,2190.59,636.0
2026-06-24 12:29:00+00:00,2190.59,2191.5,2187.65,2188.06,652.0
2026-06-24 12:34:00+00:00,2188.06,2190.23,2186.75,2189.15,881.0
2026-06-24 12:39:00+00:00,2189.15,2191.4,2184.85,2186.18,556.0
2026-06-24 12:44:00+00:00,2186.18,2187.85,2182.84,2185.86,1109.0
2026-06-24 12:49:00+00:00,2185.86,2187.72,2182.88,2184.04,491.0
2026-06-24 12:54:00+00:00,2184.04,2186.2,2183.65,2185.85,843.0
2026-06-24 12:59:00+00:00,2185.85,2186.21,2181.12,2182.08,802.0
2026-06-24 13:04:00+00:00,2182.08,2183.7,2177.09,2180.37,1099.0
2026-06-24 13:09:00+00:00,2180.37,2182.84,2176.62,2179.4,750.0
2026-06-24 13:14:00+00:00,2179.4,2183.94,2176.87,2181.58,767.0
2026-06-24 13:19:00+00:00,2181.58,2184.51,2180.17,2182.92,1043.0
2026-06-24 13:24:00+00:00,2182.92,2183.94,2181.16,2182.98,602.0
2026-06-24 13:29:00+00:00,2182.98,2184.56,2180.75,2182.37,839.0
2026-06-24 13:34:00+00:00,2182.37,2184.77,2179.36,2180.55,489.0
2026-06-24 13:39:00+00:00,2180.55,2186.77,2179.42,2186.0,461.0
2026-06-24 13:44:00+00:00,2186.0,2186.54,2185.9,2186.42,438.0
2026-06-24 13:49:00+00:00,2186.42,2188.05,2184.83,2186.17,575.0
2026-06-24 13:54:00+00:00,2186.17,2186.58,2183.08,2184.16,706.0
2026-06-24 13:59:00+00:00,2184.16,2185.39,2182.83,2183.39,888.0
2026-06-24 14:04:00+00:00,2183.39,2185.11,2182.51,2183.87,1068.0
2026-06-24 14:09:00+00:00,2183.87,2187.86,2179.86,2185.65,440.0
2026-06-24 14:14:00+00:00,2185.65,2187.29,2185.35,2187.04,951.0
2026-06-24 14:19:00+00:00,2187.04,2187.54,2186.4,2186.57,1051.0
2026-06-24 14:24:00+00:00,2186.57,2186.93,2183.16,2183.54,1000.0
2026-06-24 14:29:00+00:00,2183.54,2185.79,2177.85,2180.92,658.0
2026-06-24 14:34:00+00:00,2180.92,2181.03,2179.38,2179.47,1116.0
2026-06-24 14:39:00+00:00,2179.47,2179.57,2175.04,2175.14,1092.0
2026-06-24 14:44:00+00:00,2175.14,2176.21,2172.99,2174.98,965.0
2026-06-24 14:49:00+00:00,2174.98,2178.75,2174.23,2178.18,711.0
2026-06-24 14:54:00+00:00,2178.18,2179.11,2177.96,2178.82,932.0
2026-06-24 14:59:00+00:00,2178.82,2181.0,2175.02,2177.97,988.0
2026-06-24 15:04:00+00:00,2177.97,2178.24,2174.28,2174.38,721.0
2026-06-24 15:09:00+00:00,2174.38,2175.69,2173.41,2174.39,1060.0
2026-06-24 15:14:00+00:00,2174.39,2176.02,2173.91,2175.66,1050.0
2026-06-24 15:19:00+00:00,2175.66,2177.77,2175.04,2177.32,988.0
2026-06-24 15:24:00+00:00,2177.32,2178.32,2168.37,2169.22,991.0
2026-06-24 15:29:00+00:00,2169.22,2171.67,2166.51,2168.6,1009.0
2026-06-24 15:34:00+00:00,2168.6,2169.76,2166.44,2167.17,412.0
2026-06-24 15:39:00+00:00,2167.17,2173.25,2166.12,2171.5,938.0
2026-06-24 15:44:00+00:00,2171.5,2172.11,2167.28,2167.58,1056.0
2026-06-24 15:49:00+00:00,2167.58,2167.68,2165.64,2165.84,1071.0
2026-06-24 15:54:00+00:00,2165.84,2166.45,2165.81,2166.38,1077.0
2026-06-24 15:59:00+00:00,2166.38,2169.46,2165.13,2165.91,752.0
2026-06-24 16:04:00+00:00,2165.91,2167.22,2165.14,2166.9,627.0
2026-06-24 16:09:00+00:00,2166.9,2169.0,2163.75,2168.09,671.0
2026-06-24 16:14:00+00:00,2168.09,2169.04,2168.06,2168.98,503.0
2026-06-24 16:19:00+00:00,2168.98,2169.97,2165.56,2167.29,935.0
2026-06-24 16:24:00+00:00,2167.29,2168.31,2167.12,2167.82,525.0
2026-06-24 16:29:00+00:00,2167.82,2169.47,2164.82,2166.54,802.0
2026-06-24 16:34:00+00:00,2166.54,2167.73,2165.95,2167.16,948.0
2026-06-24 16:39:00+00:00,2167.16,2167.61,2163.69,2165.2,749.0
2026-06-24 16:44:00+00:00,2165.2,2167.37,2162.43,2165.95,865.0
2026-06-24 16:49:00+00:00,2165.95,2169.3,2158.73,2159.98,1074.0
2026-06-24 16:54:00+00:00,2159.98,2162.73,2158.44,2161.07,792.0
2026-06-24 16:59:00+00:00,2161.07,2162.08,2157.96,2159.25,942.0
2026-06-24 17:04:00+00:00,2159.25,2159.29,2157.03,2157.12,550.0
2026-06-24 17:09:00+00:00,2157.12,2158.52,2153.49,2154.94,494.0
2026-06-24 17:14:00+00:00,2154.94,2156.33,2152.93,2154.0,451.0
2026-06-24 17:19:00+00:00,2154.0,2155.01,2153.47,2154.26,396.0
2026-06-24 17:24:00+00:00,2154.26,2158.47,2153.45,2157.41,580.0
2026-06-24 17:29:00+00:00,2157.41,2160.29,2151.16,2155.01,563.0
2026-06-24 17:34:00+00:00,2155.01,2155.88,2154.09,2155.03,488.0
2026-06-24 17:39:00+00:00,2155.03,2156.43,2154.7,2156.12,608.0
2026-06-24 17:44:00+00:00,2156.12,2158.28,2152.88,2154.95,479.0
2026-06-24 17:49:00+00:00,2154.95,2155.61,2152.53,2152.89,270.0
2026-06-24 17:54:00+00:00,2152.89,2152.98,2151.6,2151.9,518.0
2026-06-24 17:59:00+00:00,2151.9,2161.01,2148.01,2156.93,552.0
2026-06-24 18:04:00+00:00,2156.93,2157.99,2156.56,2157.62,446.0
2026-06-24 18:09:00+00:00,2157.62,2159.17,2155.19,2156.11,278.0
2026-06-24 18:14:00+00:00,2156.11,2158.65,2155.48,2156.35,485.0
2026-06-24 18:19:00+00:00,2156.35,2158.59,2151.24,2153.42,304.0
2026-06-24 18:24:00+00:00,2153.42,2155.79,2153.08,2155.02,603.0
2026-06-24 18:29:00+00:00,2155.02,2155.65,2153.8,2154.08,416.0
2026-06-24 18:34:00+00:00,2154.08,2156.09,2148.35,2151.46,409.0
2026-06-24 18:39:00+00:00,2151.46,2152.2,2151.32,2152.03,378.0
2026-06-24 18:44:00+00:00,2152.03,2152.76,2151.15,2151.72,624.0
2026-06-24 18:49:00+00:00,2151.72,2152.08,2150.17,2150.55,611.0
2026-06-24 18:54:00+00:00,2150.55,2154.4,2146.72,2150.57,246.0
2026-06-24 18:59:00+00:00,2150.57,2151.38,2149.94,2150.51,239.0
2026-06-24 19:04:00+00:00,2150.51,2150.68,2148.62,2148.87,230.0
2026-06-24 19:09:00+00:00,2148.87,2151.82,2148.03,2150.22,568.0
2026-06-24 19:14:00+00:00,2150.22,2152.04,2149.55,2151.31,354.0
2026-06-24 19:19:00+00:00,2151.31,2152.87,2151.08,2152.09,481.0
2026-06-24 19:24:00+00:00,2152.09,2153.6,2149.82,2152.5,557.0
2026-06-24 19:29:00+00:00,2152.5,2157.32,2151.15,2156.33,540.0
2026-06-24 19:34:00+00:00,2156.33,2160.39,2156.16,2160.25,438.0
2026-06-24 19:39:00+00:00,2160.25,2162.78,2158.76,2160.85,545.0
2026-06-24 19:44:00+00:00,2160.85,2161.18,2158.35,2158.74,527.0
2026-06-24 19:49:00+00:00,2158.74,2165.19,2156.22,2162.29,569.0
2026-06-24 19:54:00+00:00,2162.29,2164.81,2160.77,2163.37,354.0
2026-06-24 19:59:00+00:00,2163.37,2165.68,2161.24,2164.55,526.0
2026-06-24 20:04:00+00:00,2164.55,2165.98,2163.14,2163.67,489.0
2026-06-24 20:09:00+00:00,2163.67,2165.1,2162.95,2163.24,438.0
2026-06-24 20:14:00+00:00,2163.24,2165.14,2162.56,2163.75,644.0
2026-06-24 20:19:00+00:00,2163.75,2165.21,2160.35,2160.98,392.0
2026-06-24 20:24:00+00:00,2160.98,2161.52,2160.88,2161.19,509.0
2026-06-24 20:29:00+00:00,2161.19,2162.27,2160.06,2161.41,567.0
2026-06-24 20:34:00+00:00,2161.41,2161.66,2156.67,2157.27,558.0
2026-06-24 20:39:00+00:00,2157.27,2160.5,2153.96,2156.06,502.0
2026-06-24 20:44:00+00:00,2156.06,2157.24,2152.79,2154.83,590.0
2026-06-24 20:49:00+00:00,2154.83,2155.98,2152.54,2154.01,626.0
2026-06-24 20:54:00+00:00,2154.01,2155.75,2153.14,2154.45,518.0
2026-06-24 20:59:00+00:00,2154.45,2156.71,2153.63,2154.56,278.0
2026-06-24 21:04:00+00:00,2154.56,2154.69,2154.01,2154.1,416.0
2026-06-24 21:09:00+00:00,2154.1,2157.72,2153.17,2156.38,598.0
2026-06-24 21:14:00+00:00,2156.38,2156.49,2151.06,2151.32,224.0
2026-06-24 21:19:00+00:00,2151.32,2151.47,2150.76,2151.01,486.0
2026-06-24 21:24:00+00:00,2151.01,2152.16,2150.48,2151.44,640.0
2026-06-24 21:29:00+00:00,2151.44,2155.28,2148.73,2150.7,341.0
2026-06-24 21:34:00+00:00,2150.7,2154.84,2149.56,2153.56,218.0
2026-06-24 21:39:00+00:00,2153.56,2154.09,2150.44,2150.89,566.0
2026-06-24 21:44:00+00:00,2150.89,2154.13,2150.23,2152.88,253.0
2026-06-24 21:49:00+00:00,2152.88,2154.98,2152.27,2154.78,244.0
2026-06-24 21:54:00+00:00,2154.78,2158.83,2154.04,2157.39,554.0
2026-06-24 21:59:00+00:00,2157.39,2157.63,2155.49,2155.75,594.0
2026-06-24 22:04:00+00:00,2155.75,2156.05,2149.77,2150.83,301.0
2026-06-24 22:09:00+00:00,2150.83,2152.24,2145.78,2147.32,502.0
2026-06-24 22:14:00+00:00,2147.32,2149.14,2145.57,2148.05,422.0
2026-06-24 22:19:00+00:00,2148.05,2150.56,2147.88,2150.49,638.0
2026-06-24 22:24:00+00:00,2150.49,2151.46,2145.91,2146.64,295.0
2026-06-24 22:29:00+00:00,2146.64,2150.18,2146.2,2149.91,385.0
2026-06-24 22:34:00+00:00,2149.91,2150.07,2149.09,2149.43,342.0
2026-06-24 22:39:00+00:00,2149.43,2150.89,2146.54,2149.64,481.0
2026-06-24 22:44:00+00:00,2149.64,2152.44,2148.98,2152.16,435.0
2026-06-24 22:49:00+00:00,2152.16,2155.0,2145.75,2150.12,390.0
2026-06-24 22:54:00+00:00,2150.12,2150.59,2148.17,2149.33,642.0
2026-06-24 22:59:00+00:00,2149.33,2149.58,2145.36,2145.65,305.0
2026-06-24 23:04:00+00:00,2145.65,2146.09,2138.86,2140.3,228.0
2026-06-24 23:09:00+00:00,2140.3,2141.27,2137.17,2138.41,388.0
2026-06-24 23:14:00+00:00,2138.41,2141.32,2137.19,2139.9,498.0
2026-06-24 23:19:00+00:00,2139.9,2140.09,2136.21,2136.3,442.0
2026-06-24 23:24:00+00:00,2136.3,2136.32,2136.17,2136.22,381.0
2026-06-24 23:29:00+00:00,2136.22,2137.36,2134.67,2134.98,222.0
2026-06-24 23:34:00+00:00,2134.98,2138.31,2132.76,2135.54,546.0
2026-06-24 23:39:00+00:00,2135.54,2136.43,2134.63,2136.09,446.0
2026-06-24 23:44:00+00:00,2136.09,2138.24,2135.8,2137.35,341.0
2026-06-24 23:49:00+00:00,2137.35,2137.86,2136.76,2137.7,586.0
2026-06-24 23:54:00+00:00,2137.7,2138.05,2135.61,2135.8,624.0
2026-06-24 23:59:00+00:00,2135.8,2137.73,2133.34,2135.77,609.0
2026-06-25 00:04:00+00:00,2135.77,2137.63,2133.22,2133.95,245.0
2026-06-25 00:09:00+00:00,2133.95,2134.0,2131.91,2131.94,640.0
2026-06-25 00:14:00+00:00,2131.94,2134.34,2131.82,2134.17,558.0
2026-06-25 00:19:00+00:00,2134.17,2135.64,2132.23,2133.36,489.0
2026-06-25 00:24:00+00:00,2133.36,2135.04,2130.34,2132.48,497.0
2026-06-25 00:29:00+00:00,2132.48,2133.32,2127.75,2128.88,370.0
2026-06-25 00:34:00+00:00,2128.88,2130.48,2128.76,2130.35,306.0
2026-06-25 00:39:00+00:00,2130.35,2131.37,2128.47,2129.53,526.0
2026-06-25 00:44:00+00:00,2129.53,2130.77,2128.82,2130.27,437.0
2026-06-25 00:49:00+00:00,2130.27,2131.94,2129.31,2130.94,348.0
2026-06-25 00:54:00+00:00,2130.94,2133.51,2129.48,2132.94,218.0
2026-06-25 00:59:00+00:00,2132.94,2134.88,2132.0,2134.03,330.0
2026-06-25 01:04:00+00:00,2134.03,2134.92,2129.34,2130.27,399.0
2026-06-25 01:09:00+00:00,2130.27,2131.2,2129.83,2130.58,448.0
2026-06-25 01:14:00+00:00,2130.58,2130.81,2129.46,2129.7,612.0
2026-06-25 01:19:00+00:00,2129.7,2131.88,2127.71,2128.42,564.0
2026-06-25 01:24:00+00:00,2128.42,2131.1,2127.93,2129.71,247.0
2026-06-25 01:29:00+00:00,2129.71,2130.58,2128.59,2129.76,423.0
2026-06-25 01:34:00+00:00,2129.76,2132.02,2129.17,2131.46,314.0
2026-06-25 01:39:00+00:00,2131.46,2132.39,2129.59,2129.97,339.0
2026-06-25 01:44:00+00:00,2129.97,2134.37,2126.77,2132.58,253.0
2026-06-25 01:49:00+00:00,2132.58,2135.15,2132.54,2135.13,468.0
2026-06-25 01:54:00+00:00,2135.13,2136.37,2133.62,2134.63,548.0
2026-06-25 01:59:00+00:00,2134.63,2134.94,2132.48,2133.57,273.0
2026-06-25 02:04:00+00:00,2133.57,2136.29,2132.56,2135.65,455.0
2026-06-25 02:09:00+00:00,2135.65,2137.54,2133.38,2134.96,347.0
2026-06-25 02:14:00+00:00,2134.96,2136.42,2132.36,2134.38,365.0
2026-06-25 02:19:00+00:00,2134.38,2134.51,2133.64,2133.79,630.0
2026-06-25 02:24:00+00:00,2133.79,2137.57,2126.53,2131.49,390.0
2026-06-25 02:29:00+00:00,2131.49,2133.77,2128.96,2132.45,251.0
2026-06-25 02:34:00+00:00,2132.45,2132.89,2130.22,2130.57,588.0
2026-06-25 02:39:00+00:00,2130.57,2134.32,2129.9,2133.71,458.0
2026-06-25 02:44:00+00:00,2133.71,2136.25,2132.45,2135.34,535.0
2026-06-25 02:49:00+00:00,2135.34,2138.28,2132.84,2136.61,373.0
2026-06-25 02:54:00+00:00,2136.61,2139.53,2136.24,2139.22,495.0
2026-06-25 02:59:00+00:00,2139.22,2141.56,2134.32,2139.79,418.0
2026-06-25 03:04:00+00:00,2139.79,2139.8,2139.08,2139.09,239.0
2026-06-25 03:09:00+00:00,2139.09,2139.71,2135.57,2136.73,298.0
2026-06-25 03:14:00+00:00,2136.73,2142.15,2136.57,2141.81,520.0
2026-06-25 03:19:00+00:00,2141.81,2142.44,2141.7,2142.37,222.0
2026-06-25 03:24:00+00:00,2142.37,2144.25,2138.48,2140.64,500.0
2026-06-25 03:29:00+00:00,2140.64,2140.87,2139.97,2140.26,246.0
2026-06-25 03:34:00+00:00,2140.26,2141.49,2136.17,2137.95,290.0
2026-06-25 03:39:00+00:00,2137.95,2141.44,2136.76,2138.93,311.0
2026-06-25 03:44:00+00:00,2138.93,2138.96,2137.41,2137.44,628.0
2026-06-25 03:49:00+00:00,2137.44,2138.13,2136.18,2136.85,460.0
2026-06-25 03:54:00+00:00,2136.85,2138.6,2136.26,2137.33,338.0
2026-06-25 03:59:00+00:00,2137.33,2137.44,2136.17,2136.23,470.0
2026-06-25 04:04:00+00:00,2136.23,2139.9,2131.95,2133.56,280.0
2026-06-25 04:09:00+00:00,2133.56,2137.86,2133.22,2136.81,428.0
2026-06-25 04:14:00+00:00,2136.81,2137.17,2135.64,2136.36,451.0
2026-06-25 04:19:00+00:00,2136.36,2137.25,2136.26,2137.15,583.0
2026-06-25 04:24:00+00:00,2137.15,2138.22,2134.96,2136.77,595.0
2026-06-25 04:29:00+00:00,2136.77,2137.71,2135.1,2136.9,296.0
2026-06-25 04:34:00+00:00,2136.9,2138.11,2136.81,2137.98,322.0
2026-06-25 04:39:00+00:00,2137.98,2140.61,2126.15,2127.8,996.0
2026-06-25 04:44:00+00:00,2127.8,2142.45,2122.35,2131.81,690.0
2026-06-25 04:49:00+00:00,2131.81,2137.52,2130.65,2135.65,1878.0
2026-06-25 04:54:00+00:00,2135.65,2141.47,2134.94,2140.34,1750.0
2026-06-25 04:59:00+00:00,2140.34,2151.46,2137.22,2148.84,1040.0
2026-06-25 05:04:00+00:00,2148.84,2153.44,2148.72,2153.29,1135.0
2026-06-25 05:09:00+00:00,2153.29,2161.4,2145.3,2155.85,1039.0
2026-06-25 05:14:00+00:00,2155.85,2171.27,2151.26,2168.09,1774.0
2026-06-25 05:19:00+00:00,2168.09,2170.35,2166.96,2169.88,1056.0
2026-06-25 05:24:00+00:00,2169.88,2176.54,2167.73,2173.32,942.0
2026-06-25 05:29:00+00:00,2173.32,2175.34,2161.73,2163.02,1660.0
2026-06-25 05:34:00+00:00,2163.02,2174.82,2151.7,2164.52,1963.0
2026-06-25 05:39:00+00:00,2164.52,2174.92,2163.26,2173.46,1241.0
2026-06-25 05:44:00+00:00,2173.46,2182.83,2153.66,2162.65,1906.0
2026-06-25 05:49:00+00:00,2162.65,2183.28,2151.55,2172.14,806.0
2026-06-25 05:54:00+00:00,2172.14,2173.92,2170.71,2172.62,1813.0
2026-06-25 05:59:00+00:00,2172.62,2175.52,2165.4,2168.9,1943.0
2026-06-25 06:04:00+00:00,2168.9,2176.45,2167.18,2175.29,772.0
2026-06-25 06:09:00+00:00,2175.29,2185.36,2173.41,2181.42,674.0
2026-06-25 06:14:00+00:00,2181.42,2182.52,2172.79,2173.79,782.0
2026-06-25 06:19:00+00:00,2173.79,2174.8,2173.59,2174.53,1303.0
2026-06-25 06:24:00+00:00,2174.53,2185.58,2171.76,2182.75,1792.0
2026-06-25 06:29:00+00:00,2182.75,2185.79,2163.33,2168.09,1477.0
2026-06-25 06:34:00+00:00,2168.09,2168.73,2157.89,2158.19,1003.0
2026-06-25 06:39:00+00:00,2158.19,2160.29,2154.83,2156.67,768.0
2026-06-25 06:44:00+00:00,2156.67,2160.83,2142.72,2145.97,1810.0
2026-06-25 06:49:00+00:00,2145.97,2157.22,2145.29,2155.03,1676.0
2026-06-25 06:54:00+00:00,2155.03,2159.84,2149.3,2157.03,1316.0
2026-06-25 06:59:00+00:00,2157.03,2160.63,2156.72,2160.51,730.0
2026-06-25 07:04:00+00:00,2160.51,2161.19,2153.67,2154.75,1917.0
2026-06-25 07:09:00+00:00,2154.75,2158.18,2144.12,2146.78,1219.0
2026-06-25 07:14:00+00:00,2146.78,2156.84,2139.68,2150.1,1446.0
2026-06-25 07:19:00+00:00,2150.1,2173.64,2140.88,2161.8,2712.0
2026-06-25 07:24:00+00:00,2161.8,2162.83,2147.57,2149.71,3353.0
2026-06-25 07:29:00+00:00,2149.71,2162.89,2145.52,2157.35,2429.0
2026-06-25 07:34:00+00:00,2157.35,2163.04,2153.27,2161.18,1302.0
2026-06-25 07:39:00+00:00,2161.18,2168.49,2160.0,2166.94,2611.0
2026-06-25 07:44:00+00:00,2166.94,2168.65,2158.04,2159.94,1382.0
2026-06-25 07:49:00+00:00,2159.94,2169.58,2147.04,2153.13,2285.0
2026-06-25 07:54:00+00:00,2153.13,2154.34,2145.65,2146.67,2509.0
2026-06-25 07:59:00+00:00,2146.67,2152.32,2141.5,2150.44,2614.0
2026-06-25 08:04:00+00:00,2150.44,2154.57,2149.11,2153.79,2863.0
2026-06-25 08:09:00+00:00,2153.79,2154.9,2149.54,2150.51,1428.0
2026-06-25 08:14:00+00:00,2150.51,2157.87,2144.8,2146.92,2237.0
2026-06-25 08:19:00+00:00,2146.92,2152.91,2140.39,2149.03,1786.0
2026-06-25 08:24:00+00:00,2149.03,2155.58,2143.98,2153.84,2423.0
2026-06-25 08:29:00+00:00,2153.84,2162.27,2150.53,2157.13,2576.0
2026-06-25 08:34:00+00:00,2157.13,2170.19,2152.83,2165.65,3123.0
2026-06-25 08:39:00+00:00,2165.65,2175.17,2150.58,2160.31,3049.0
2026-06-25 08:44:00+00:00,2160.31,2170.72,2152.52,2165.25,1239.0
2026-06-25 08:49:00+00:00,2165.25,2173.13,2159.19,2165.81,2166.0
2026-06-25 08:54:00+00:00,2165.81,2170.64,2165.63,2170.33,2416.0
2026-06-25 08:59:00+00:00,2170.33,2187.99,2161.64,2182.31,2344.0
2026-06-25 09:04:00+00:00,2182.31,2185.9,2178.35,2183.78,1485.0
2026-06-25 09:09:00+00:00,2183.78,2185.81,2179.48,2183.39,2076.0
2026-06-25 09:14:00+00:00,2183.39,2185.12,2167.0,2168.22,1873.0
2026-06-25 09:19:00+00:00,2168.22,2171.63,2168.14,2171.4,2328.0
2026-06-25 09:24:00+00:00,2171.4,2174.53,2169.02,2172.39,2738.0
2026-06-25 09:29:00+00:00,2172.39,2174.46,2162.29,2163.74,1494.0
2026-06-25 09:34:00+00:00,2163.74,2164.81,2156.36,2158.64,2120.0
2026-06-25 09:39:00+00:00,2158.64,2159.85,2150.03,2150.9,3161.0
2026-06-25 09:44:00+00:00,2150.9,2156.94,2146.82,2152.66,3234.0
2026-06-25 09:49:00+00:00,2152.66,2163.22,2151.2,2162.59,2688.0
2026-06-25 09:54:00+00:00,2162.59,2165.91,2146.93,2148.54,2591.0
2026-06-25 09:59:00+00:00,2148.54,2150.08,2144.25,2144.7,1623.0
2026-06-25 10:04:00+00:00,2144.7,2146.73,2138.69,2140.31,2846.0
2026-06-25 10:09:00+00:00,2140.31,2148.0,2134.29,2143.08,2934.0
2026-06-25 10:14:00+00:00,2143.08,2161.76,2141.44,2158.57,2528.0
2026-06-25 10:19:00+00:00,2158.57,2167.95,2156.22,2165.41,1394.0
2026-06-25 10:24:00+00:00,2165.41,2165.45,2164.55,2164.58,2540.0
2026-06-25 10:29:00+00:00,2164.58,2173.09,2151.34,2158.88,2442.0
2026-06-25 10:34:00+00:00,2158.88,2163.32,2141.62,2146.03,2066.0
2026-06-25 10:39:00+00:00,2146.03,2146.78,2144.08,2144.62,2990.0
2026-06-25 10:44:00+00:00,2144.62,2161.73,2142.93,2159.25,1397.0
2026-06-25 10:49:00+00:00,2159.25,2172.24,2153.69,2169.63,2953.0
2026-06-25 10:54:00+00:00,2169.63,2176.0,2169.12,2175.78,1386.0
2026-06-25 10:59:00+00:00,2175.78,2179.64,2165.78,2170.9,2289.0
2026-06-25 11:04:00+00:00,2170.9,2180.02,2166.35,2178.78,3314.0
2026-06-25 11:09:00+00:00,2178.78,2183.61,2178.77,2183.6,1817.0
2026-06-25 11:14:00+00:00,2183.6,2195.46,2178.97,2187.28,2548.0
2026-06-25 11:19:00+00:00,2187.28,2187.64,2184.9,2186.24,2737.0
2026-06-25 11:24:00+00:00,2186.24,2194.95,2181.18,2190.69,2988.0
2026-06-25 11:29:00+00:00,2190.69,2191.59,2186.04,2186.51,3262.0
2026-06-25 11:34:00+00:00,2186.51,2187.43,2176.22,2177.3,2999.0
2026-06-25 11:39:00+00:00,2177.3,2189.11,2171.87,2183.0,2101.0
2026-06-25 11:44:00+00:00,2183.0,2186.23,2174.68,2176.85,3466.0
2026-06-25 11:49:00+00:00,2176.85,2183.99,2168.19,2177.48,3233.0
2026-06-25 11:54:00+00:00,2177.48,2178.73,2173.04,2174.75,1887.0
2026-06-25 11:59:00+00:00,2174.75,2182.84,2170.36,2178.51,1393.0
2026-06-25 12:04:00+00:00,2178.51,2179.19,2178.27,2178.82,3011.0
2026-06-25 12:09:00+00:00,2178.82,2182.8,2177.79,2180.05,3108.0
2026-06-25 12:14:00+00:00,2180.05,2183.13,2177.42,2181.54,1420.0
2026-06-25 12:19:00+00:00,2181.54,2200.44,2169.47,2190.47,1540.0
2026-06-25 12:24:00+00:00,2190.47,2203.89,2189.2,2202.81,1371.0
2026-06-25 12:29:00+00:00,2202.81,2214.14,2188.9,2202.07,3410.0
2026-06-25 12:34:00+00:00,2202.07,2204.5,2195.14,2196.25,1404.0
2026-06-25 12:39:00+00:00,2196.25,2206.18,2193.67,2203.79,3269.0
2026-06-25 12:44:00+00:00,2203.79,2204.58,2196.73,2197.97,2647.0
2026-06-25 12:49:00+00:00,2197.97,2199.39,2197.05,2198.76,2094.0
2026-06-25 12:54:00+00:00,2198.76,2209.96,2197.98,2209.6,2320.0
2026-06-25 12:59:00+00:00,2209.6,2214.97,2196.46,2203.02,1196.0
2026-06-25 13:04:00+00:00,2203.02,2220.25,2191.14,2207.35,1298.0
2026-06-25 13:09:00+00:00,2207.35,2233.98,2189.99,2221.5,2191.0
2026-06-25 13:14:00+00:00,2221.5,2225.29,2219.13,2222.77,2146.0
2026-06-25 13:19:00+00:00,2222.77,2228.61,2217.55,2223.4,1695.0
2026-06-25 13:24:00+00:00,2223.4,2234.19,2219.56,2232.73,1569.0
2026-06-25 13:29:00+00:00,2232.73,2233.87,2218.1,2218.86,1312.0
2026-06-25 13:34:00+00:00,2218.86,2222.35,2200.05,2205.34,2275.0
2026-06-25 13:39:00+00:00,2205.34,2207.61,2199.06,2202.52,1382.0
2026-06-25 13:44:00+00:00,2202.52,2205.82,2201.16,2204.18,1716.0
2026-06-25 13:49:00+00:00,2204.18,2213.71,2198.77,2208.76,3083.0
2026-06-25 13:54:00+00:00,2208.76,2209.71,2186.49,2188.45,1235.0
2026-06-25 13:59:00+00:00,2188.45,2193.9,2173.19,2182.65,3006.0
2026-06-25 14:04:00+00:00,2182.65,2183.92,2171.45,2171.88,2260.0
2026-06-25 14:09:00+00:00,2171.88,2175.52,2170.02,2173.06,2180.0
2026-06-25 14:14:00+00:00,2173.06,2184.82,2163.78,2176.92,2964.0
2026-06-25 14:19:00+00:00,2176.92,2177.16,2169.38,2169.78,3359.0
2026-06-25 14:24:00+00:00,2169.78,2178.18,2162.29,2172.45,2582.0
2026-06-25 14:29:00+00:00,2172.45,2183.9,2171.14,2182.49,1861.0
2026-06-25 14:34:00+00:00,2182.49,2189.69,2164.76,2171.02,2834.0
2026-06-25 14:39:00+00:00,2171.02,2171.75,2164.44,2164.9,3413.0
2026-06-25 14:44:00+00:00,2164.9,2167.61,2143.89,2152.41,3091.0
2026-06-25 14:49:00+00:00,2152.41,2156.19,2146.68,2149.03,3360.0
2026-06-25 14:54:00+00:00,2149.03,2149.8,2131.41,2133.8,2216.0
2026-06-25 14:59:00+00:00,2133.8,2134.09,2132.41,2132.62,2051.0
2026-06-25 15:04:00+00:00,2132.62,2134.31,2125.66,2126.78,2069.0
2026-06-25 15:09:00+00:00,2126.78,2127.76,2118.32,2120.98,2366.0
2026-06-25 15:14:00+00:00,2120.98,2125.73,2109.31,2116.08,2282.0
2026-06-25 15:19:00+00:00,2116.08,2137.88,2111.85,2127.9,2605.0
2026-06-25 15:24:00+00:00,2127.9,2129.94,2126.38,2127.18,1596.0
2026-06-25 15:29:00+00:00,2127.18,2128.1,2118.33,2120.18,1198.0
2026-06-25 15:34:00+00:00,2120.18,2122.61,2117.6,2120.69,3492.0
2026-06-25 15:39:00+00:00,2120.69,2122.7,2119.06,2119.74,3452.0
2026-06-25 15:44:00+00:00,2119.74,2136.45,2111.67,2134.26,1621.0
2026-06-25 15:49:00+00:00,2134.26,2139.4,2118.49,2122.42,1537.0
2026-06-25 15:54:00+00:00,2122.42,2131.06,2121.21,2130.1,2898.0
2026-06-25 15:59:00+00:00,2130.1,2142.43,2127.53,2141.55,1756.0
2026-06-25 16:04:00+00:00,2141.55,2142.7,2131.81,2133.87,1551.0
2026-06-25 16:09:00+00:00,2133.87,2142.11,2129.15,2132.18,1186.0
2026-06-25 16:14:00+00:00,2132.18,2136.6,2130.75,2135.03,3389.0
2026-06-25 16:19:00+00:00,2135.03,2137.97,2133.64,2137.22,2500.0
2026-06-25 16:24:00+00:00,2137.22,2150.87,2135.07,2146.54,1849.0
2026-06-25 16:29:00+00:00,2146.54,2155.2,2139.44,2153.48,1434.0
2026-06-25 16:34:00+00:00,2153.48,2165.94,2153.25,2165.68,2659.0
2026-06-25 16:39:00+00:00,2165.68,2166.01,2161.7,2161.99,1933.0
2026-06-25 16:44:00+00:00,2161.99,2163.71,2157.21,2158.52,2524.0
2026-06-25 16:49:00+00:00,2158.52,2163.22,2156.17,2160.03,1180.0
2026-06-25 16:54:00+00:00,2160.03,2162.93,2158.73,2161.51,1357.0
2026-06-25 16:59:00+00:00,2161.51,2164.02,2149.71,2151.68,1653.0
2026-06-25 17:04:00+00:00,2151.68,2171.57,2147.93,2165.49,1492.0
2026-06-25 17:09:00+00:00,2165.49,2178.82,2160.47,2176.75,975.0
2026-06-25 17:14:00+00:00,2176.75,2186.23,2174.98,2184.71,1859.0
2026-06-25 17:19:00+00:00,2184.71,2188.24,2174.43,2182.24,1406.0
2026-06-25 17:24:00+00:00,2182.24,2188.01,2173.0,2185.69,1698.0
2026-06-25 17:29:00+00:00,2185.69,2186.95,2175.95,2177.74,1862.0
2026-06-25 17:34:00+00:00,2177.74,2190.28,2157.86,2169.76,1394.0
2026-06-25 17:39:00+00:00,2169.76,2174.73,2166.44,2171.88,862.0
2026-06-25 17:44:00+00:00,2171.88,2179.61,2166.33,2174.98,995.0
2026-06-25 17:49:00+00:00,2174.98,2180.05,2169.08,2171.28,1768.0
2026-06-25 17:54:00+00:00,2171.28,2172.81,2171.08,2172.74,1519.0
2026-06-25 17:59:00+00:00,2172.74,2197.7,2164.52,2192.93,1080.0
2026-06-25 18:04:00+00:00,2192.93,2209.81,2191.12,2207.03,887.0
2026-06-25 18:09:00+00:00,2207.03,2207.82,2197.31,2198.19,763.0
2026-06-25 18:14:00+00:00,2198.19,2200.57,2197.98,2200.27,1970.0
2026-06-25 18:19:00+00:00,2200.27,2204.95,2196.36,2197.91,759.0
2026-06-25 18:24:00+00:00,2197.91,2198.71,2184.43,2187.49,674.0
2026-06-25 18:29:00+00:00,2187.49,2187.62,2184.8,2184.92,1250.0
2026-06-25 18:34:00+00:00,2184.92,2192.72,2173.95,2182.13,1571.0
2026-06-25 18:39:00+00:00,2182.13,2182.22,2180.41,2180.48,1446.0
2026-06-25 18:44:00+00:00,2180.48,2189.11,2168.66,2184.64,1750.0
2026-06-25 18:49:00+00:00,2184.64,2184.87,2170.39,2170.94,948.0
2026-06-25 18:54:00+00:00,2170.94,2175.44,2158.89,2163.47,1755.0
2026-06-25 18:59:00+00:00,2163.47,2178.47,2160.42,2174.89,1112.0
2026-06-25 19:04:00+00:00,2174.89,2175.51,2151.01,2151.56,1911.0
2026-06-25 19:09:00+00:00,2151.56,2167.36,2150.9,2166.7,1134.0
2026-06-25 19:14:00+00:00,2166.7,2175.59,2165.74,2174.28,766.0
2026-06-25 19:19:00+00:00,2174.28,2192.86,2170.99,2188.3,910.0
2026-06-25 19:24:00+00:00,2188.3,2194.74,2187.8,2194.15,1432.0
2026-06-25 19:29:00+00:00,2194.15,2207.96,2194.07,2207.91,1666.0
2026-06-25 19:34:00+00:00,2207.91,2221.47,2194.9,2207.6,1084.0
2026-06-25 19:39:00+00:00,2207.6,2208.65,2197.15,2199.02,824.0
2026-06-25 19:44:00+00:00,2199.02,2206.17,2198.21,2205.97,1700.0
2026-06-25 19:49:00+00:00,2205.97,2220.15,2201.9,2214.73,1357.0
2026-06-25 19:54:00+00:00,2214.73,2217.16,2211.94,2215.71,1561.0
2026-06-25 19:59:00+00:00,2215.71,2218.03,2205.9,2207.24,904.0
2026-06-25 20:04:00+00:00,2207.24,2208.79,2204.42,2206.32,1870.0
2026-06-25 20:09:00+00:00,2206.32,2210.59,2203.25,2207.32,951.0
2026-06-25 20:14:00+00:00,2207.32,2220.54,2205.37,2211.87,1674.0
2026-06-25 20:19:00+00:00,2211.87,2226.03,2204.12,2221.3,1227.0
2026-06-25 20:24:00+00:00,2221.3,2230.0,2221.04,2229.69,846.0
2026-06-25 20:29:00+00:00,2229.69,2230.49,2227.99,2228.9,1075.0
2026-06-25 20:34:00+00:00,2228.9,2242.03,2228.26,2241.39,1832.0
2026-06-25 20:39:00+00:00,2241.39,2255.3,2227.63,2247.56,1104.0
2026-06-25 20:44:00+00:00,2247.56,2258.19,2240.14,2250.94,946.0
2026-06-25 20:49:00+00:00,2250.94,2260.32,2245.37,2252.04,1370.0
2026-06-25 20:54:00+00:00,2252.04,2260.81,2243.26,2256.52,1858.0
2026-06-25 20:59:00+00:00,2256.52,2262.36,2249.74,2259.09,898.0
2026-06-25 21:04:00+00:00,2259.09,2260.96,2249.96,2252.45,992.0
2026-06-25 21:09:00+00:00,2252.45,2253.12,2232.27,2233.62,1374.0
2026-06-25 21:14:00+00:00,2233.62,2245.69,2233.4,2245.35,1839.0
2026-06-25 21:19:00+00:00,2245.35,2256.83,2243.23,2249.56,1106.0
2026-06-25 21:24:00+00:00,2249.56,2259.94,2247.24,2258.77,1467.0
2026-06-25 21:29:00+00:00,2258.77,2262.34,2256.71,2260.88,1853.0
2026-06-25 21:34:00+00:00,2260.88,2264.87,2259.61,2263.57,1891.0
2026-06-25 21:39:00+00:00,2263.57,2280.75,2255.72,2271.48,1932.0
2026-06-25 21:44:00+00:00,2271.48,2281.18,2267.91,2277.28,1033.0
2026-06-25 21:49:00+00:00,2277.28,2278.06,2265.03,2266.01,697.0
2026-06-25 21:54:00+00:00,2266.01,2267.89,2262.64,2264.16,1833.0
2026-06-25 21:59:00+00:00,2264.16,2268.77,2259.37,2266.68,1421.0
2026-06-25 22:04:00+00:00,2266.68,2267.79,2264.85,2267.08,1207.0
2026-06-25 22:09:00+00:00,2267.08,2282.36,2264.79,2276.95,1112.0
2026-06-25 22:14:00+00:00,2276.95,2282.73,2265.84,2276.61,1349.0
2026-06-25 22:19:00+00:00,2276.61,2294.26,2268.92,2282.51,1821.0
2026-06-25 22:24:00+00:00,2282.51,2288.68,2280.08,2286.48,1934.0
2026-06-25 22:29:00+00:00,2286.48,2311.8,2281.76,2295.96,1879.0
2026-06-25 22:34:00+00:00,2295.96,2296.24,2291.01,2291.37,799.0
2026-06-25 22:39:00+00:00,2291.37,2302.4,2283.55,2289.99,1869.0
2026-06-25 22:44:00+00:00,2289.99,2295.51,2279.11,2282.74,1705.0
2026-06-25 22:49:00+00:00,2282.74,2282.8,2281.51,2281.59,1879.0
2026-06-25 22:54:00+00:00,2281.59,2282.7,2275.9,2276.73,914.0
2026-06-25 22:59:00+00:00,2276.73,2279.52,2268.94,2270.12,1586.0
2026-06-25 23:04:00+00:00,2270.12,2281.61,2267.01,2277.28,1818.0
2026-06-25 23:09:00+00:00,2277.28,2278.7,2275.54,2277.12,1858.0
2026-06-25 23:14:00+00:00,2277.12,2278.17,2268.13,2268.8,670.0
2026-06-25 23:19:00+00:00,2268.8,2274.86,2266.71,2273.82,925.0
2026-06-25 23:24:00+00:00,2273.82,2274.61,2267.98,2268.79,1878.0
2026-06-25 23:29:00+00:00,2268.79,2269.46,2267.94,2268.5,1630.0
2026-06-25 23:34:00+00:00,2268.5,2274.02,2262.61,2271.96,666.0
2026-06-25 23:39:00+00:00,2271.96,2273.24,2265.11,2266.28,677.0
2026-06-25 23:44:00+00:00,2266.28,2267.35,2260.78,2261.55,770.0
2026-06-25 23:49:00+00:00,2261.55,2274.89,2258.14,2273.6,1785.0
2026-06-25 23:54:00+00:00,2273.6,2275.68,2269.88,2272.54,1630.0
2026-06-25 23:59:00+00:00,2272.54,2276.61,2267.74,2272.27,886.0
2026-06-26 00:04:00+00:00,2272.27,2272.77,2272.23,2272.76,822.0
2026-06-26 00:09:00+00:00,2272.76,2294.24,2263.34,2286.96,728.0
2026-06-26 00:14:00+00:00,2286.96,2290.23,2284.89,2287.97,1929.0
2026-06-26 00:19:00+00:00,2287.97,2301.22,2278.33,2298.72,1730.0
2026-06-26 00:24:00+00:00,2298.72,2303.66,2297.56,2301.8,1856.0
2026-06-26 00:29:00+00:00,2301.8,2303.06,2298.02,2301.54,1174.0
2026-06-26 00:34:00+00:00,2301.54,2303.62,2285.96,2288.19,1894.0
2026-06-26 00:39:00+00:00,2288.19,2296.05,2285.36,2295.02,1054.0
2026-06-26 00:44:00+00:00,2295.02,2301.27,2287.25,2289.63,773.0
2026-06-26 00:49:00+00:00,2289.63,2291.98,2270.54,2275.0,1453.0
2026-06-26 00:54:00+00:00,2275.0,2279.23,2271.56,2273.17,1900.0
2026-06-26 00:59:00+00:00,2273.17,2290.8,2268.39,2281.23,1655.0
2026-06-26 01:04:00+00:00,2281.23,2281.37,2276.66,2276.71,1819.0
2026-06-26 01:09:00+00:00,2276.71,2276.85,2275.94,2276.15,1008.0
2026-06-26 01:14:00+00:00,2276.15,2281.26,2271.24,2273.18,852.0
2026-06-26 01:19:00+00:00,2273.18,2290.41,2268.07,2281.3,1827.0
2026-06-26 01:24:00+00:00,2281.3,2287.78,2280.34,2286.35,1334.0
2026-06-26 01:29:00+00:00,2286.35,2288.35,2284.42,2286.37,1762.0
2026-06-26 01:34:00+00:00,2286.37,2292.02,2275.35,2276.95,1696.0
2026-06-26 01:39:00+00:00,2276.95,2277.56,2269.03,2270.62,1774.0
2026-06-26 01:44:00+00:00,2270.62,2278.88,2266.97,2277.29,1914.0
2026-06-26 01:49:00+00:00,2277.29,2278.67,2276.49,2277.1,1466.0
2026-06-26 01:54:00+00:00,2277.1,2283.17,2271.53,2280.29,688.0
2026-06-26 01:59:00+00:00,2280.29,2286.54,2273.78,2276.99,1655.0
2026-06-26 02:04:00+00:00,2276.99,2294.24,2274.01,2291.92,1336.0
2026-06-26 02:09:00+00:00,2291.92,2304.92,2288.67,2300.59,1244.0
2026-06-26 02:14:00+00:00,2300.59,2314.62,2300.39,2314.16,1890.0
2026-06-26 02:19:00+00:00,2314.16,2317.56,2304.47,2306.39,1953.0
2026-06-26 02:24:00+00:00,2306.39,2308.51,2296.15,2305.8,1855.0
2026-06-26 02:29:00+00:00,2305.8,2306.37,2299.9,2300.14,1540.0
2026-06-26 02:34:00+00:00,2300.14,2304.0,2276.07,2281.61,1434.0
2026-06-26 02:39:00+00:00,2281.61,2285.58,2265.51,2275.83,1596.0
2026-06-26 02:44:00+00:00,2275.83,2287.94,2271.53,2284.81,1190.0
2026-06-26 02:49:00+00:00,2284.81,2291.51,2271.14,2273.05,894.0
2026-06-26 02:54:00+00:00,2273.05,2286.81,2268.58,2281.12,1349.0
2026-06-26 02:59:00+00:00,2281.12,2282.71,2276.11,2277.11,1584.0
2026-06-26 03:04:00+00:00,2277.11,2279.63,2271.15,2276.1,1619.0
2026-06-26 03:09:00+00:00,2276.1,2283.69,2275.08,2283.06,842.0
2026-06-26 03:14:00+00:00,2283.06,2284.58,2282.13,2283.72,1178.0
2026-06-26 03:19:00+00:00,2283.72,2284.52,2282.69,2283.49,1073.0
2026-06-26 03:24:00+00:00,2283.49,2292.19,2276.23,2282.3,1676.0
2026-06-26 03:29:00+00:00,2282.3,2283.75,2274.46,2276.58,684.0
2026-06-26 03:34:00+00:00,2276.58,2277.64,2263.21,2264.68,1946.0
2026-06-26 03:39:00+00:00,2264.68,2265.55,2259.05,2259.75,902.0
2026-06-26 03:44:00+00:00,2259.75,2265.8,2247.95,2252.01,1152.0
2026-06-26 03:49:00+00:00,2252.01,2253.64,2246.75,2248.31,1763.0
2026-06-26 03:54:00+00:00,2248.31,2251.48,2240.63,2242.11,1046.0
2026-06-26 03:59:00+00:00,2242.11,2249.33,2236.7,2243.71,1678.0
2026-06-26 04:04:00+00:00,2243.71,2243.73,2228.13,2228.17,958.0
2026-06-26 04:09:00+00:00,2228.17,2237.52,2227.49,2235.65,1963.0
2026-06-26 04:14:00+00:00,2235.65,2241.77,2219.91,2229.76,1689.0
2026-06-26 04:19:00+00:00,2229.76,2242.75,2228.76,2241.23,884.0
2026-06-26 04:24:00+00:00,2241.23,2252.71,2238.2,2248.33,1078.0
2026-06-26 04:29:00+00:00,2248.33,2249.3,2243.68,2245.34,1662.0
2026-06-26 04:34:00+00:00,2245.34,2249.25,2235.48,2240.55,1680.0
2026-06-26 04:39:00+00:00,2240.55,2247.75,2236.23,2243.91,1696.0
2026-06-26 04:44:00+00:00,2243.91,2245.18,2233.22,2234.02,816.0
2026-06-26 04:49:00+00:00,2234.02,2247.56,2230.88,2246.14,1553.0
2026-06-26 04:54:00+00:00,2246.14,2250.86,2232.14,2238.6,1420.0
2026-06-26 04:59:00+00:00,2238.6,2258.22,2204.13,2222.81,1403.0
2026-06-26 05:04:00+00:00,2222.81,2227.01,2220.97,2221.99,1326.0
2026-06-26 05:09:00+00:00,2221.99,2229.62,2214.21,2223.53,1790.0
2026-06-26 05:14:00+00:00,2223.53,2233.59,2218.95,2230.16,986.0
2026-06-26 05:19:00+00:00,2230.16,2231.64,2224.14,2226.13,1190.0
2026-06-26 05:24:00+00:00,2226.13,2236.33,2222.17,2226.47,1248.0
2026-06-26 05:29:00+00:00,2226.47,2230.16,2218.21,2228.31,699.0
2026-06-26 05:34:00+00:00,2228.31,2230.34,2225.89,2228.98,1712.0
2026-06-26 05:39:00+00:00,2228.98,2233.99,2225.21,2226.24,1874.0
2026-06-26 05:44:00+00:00,2226.24,2231.49,2221.18,2226.32,1206.0
2026-06-26 05:49:00+00:00,2226.32,2239.81,2222.27,2235.66,1886.0
2026-06-26 05:54:00+00:00,2235.66,2247.11,2231.45,2238.55,1834.0
2026-06-26 05:59:00+00:00,2238.55,2242.7,2236.13,2239.79,1768.0
2026-06-26 06:04:00+00:00,2239.79,2242.31,2229.27,2229.88,1578.0
2026-06-26 06:09:00+00:00,2229.88,2234.77,2228.69,2233.13,1903.0
2026-06-26 06:14:00+00:00,2233.13,2240.58,2229.15,2235.38,926.0
2026-06-26 06:19:00+00:00,2235.38,2259.24,2228.54,2252.18,1888.0
2026-06-26 06:24:00+00:00,2252.18,2257.98,2245.16,2255.46,1923.0
2026-06-26 06:29:00+00:00,2255.46,2260.2,2254.08,2258.82,1342.0
2026-06-26 06:34:00+00:00,2258.82,2264.17,2251.43,2256.96,1593.0
2026-06-26 06:39:00+00:00,2256.96,2261.75,2245.57,2246.99,1893.0
2026-06-26 06:44:00+00:00,2246.99,2251.2,2234.32,2236.42,1738.0
2026-06-26 06:49:00+00:00,2236.42,2240.58,2233.06,2237.51,1402.0
2026-06-26 06:54:00+00:00,2237.51,2244.75,2234.64,2237.87,1744.0
2026-06-26 06:59:00+00:00,2237.87,2250.59,2228.51,2248.04,1610.0
2026-06-26 07:04:00+00:00,2248.04,2248.85,2246.56,2248.4,1424.0
2026-06-26 07:09:00+00:00,2248.4,2255.74,2240.58,2247.74,2036.0
2026-06-26 07:14:00+00:00,2247.74,2259.8,2234.37,2238.14,3286.0
2026-06-26 07:19:00+00:00,2238.14,2244.29,2222.91,2233.15,3017.0
2026-06-26 07:24:00+00:00,2233.15,2240.85,2231.82,2238.93,1207.0
2026-06-26 07:29:00+00:00,2238.93,2243.14,2228.52,2239.3,1264.0
2026-06-26 07:34:00+00:00,2239.3,2252.42,2238.27,2251.31,2829.0
2026-06-26 07:39:00+00:00,2251.31,2263.48,2249.48,2261.99,2976.0
2026-06-26 07:44:00+00:00,2261.99,2263.26,2255.1,2257.98,1698.0
2026-06-26 07:49:00+00:00,2257.98,2262.76,2257.57,2262.34,3109.0
2026-06-26 07:54:00+00:00,2262.34,2280.04,2258.93,2276.86,2727.0
2026-06-26 07:59:00+00:00,2276.86,2295.36,2273.73,2294.33,2478.0
2026-06-26 08:04:00+00:00,2294.33,2294.54,2281.11,2281.38,1404.0
2026-06-26 08:09:00+00:00,2281.38,2285.04,2272.63,2275.93,1182.0
2026-06-26 08:14:00+00:00,2275.93,2281.19,2266.34,2269.87,3027.0
2026-06-26 08:19:00+00:00,2269.87,2277.77,2255.42,2262.34,2688.0
2026-06-26 08:24:00+00:00,2262.34,2271.78,2258.0,2269.53,1865.0
2026-06-26 08:29:00+00:00,2269.53,2272.65,2260.39,2261.92,1529.0
2026-06-26 08:34:00+00:00,2261.92,2271.26,2255.65,2268.73,2156.0
2026-06-26 08:39:00+00:00,2268.73,2270.85,2267.15,2268.89,1477.0
2026-06-26 08:44:00+00:00,2268.89,2286.7,2260.36,2281.65,2682.0
2026-06-26 08:49:00+00:00,2281.65,2287.95,2278.17,2284.02,1757.0
2026-06-26 08:54:00+00:00,2284.02,2297.16,2276.34,2288.56,1992.0
2026-06-26 08:59:00+00:00,2288.56,2294.16,2283.39,2285.12,2866.0
2026-06-26 09:04:00+00:00,2285.12,2290.84,2276.46,2282.25,1768.0
2026-06-26 09:09:00+00:00,2282.25,2284.69,2267.15,2268.26,1855.0
2026-06-26 09:14:00+00:00,2268.26,2277.05,2263.88,2271.12,3037.0
2026-06-26 09:19:00+00:00,2271.12,2277.37,2265.19,2274.61,2787.0
2026-06-26 09:24:00+00:00,2274.61,2283.76,2269.32,2279.25,2930.0
2026-06-26 09:29:00+00:00,2279.25,2285.43,2255.54,2268.94,2212.0
2026-06-26 09:34:00+00:00,2268.94,2279.5,2258.01,2261.01,3308.0
2026-06-26 09:39:00+00:00,2261.01,2264.29,2249.24,2253.83,3286.0
2026-06-26 09:44:00+00:00,2253.83,2260.19,2239.0,2245.13,3044.0
2026-06-26 09:49:00+00:00,2245.13,2257.78,2234.24,2244.87,1750.0
2026-06-26 09:54:00+00:00,2244.87,2260.77,2219.11,2235.85,1764.0
2026-06-26 09:59:00+00:00,2235.85,2238.33,2226.29,2228.75,1469.0
2026-06-26 10:04:00+00:00,2228.75,2239.84,2227.21,2236.11,3123.0
2026-06-26 10:09:00+00:00,2236.11,2241.41,2233.85,2238.3,2156.0
2026-06-26 10:14:00+00:00,2238.3,2239.2,2235.82,2236.67,2919.0
2026-06-26 10:19:00+00:00,2236.67,2242.69,2234.54,2241.29,1109.0
2026-06-26 10:24:00+00:00,2241.29,2250.87,2239.6,2249.7,1022.0
2026-06-26 10:29:00+00:00,2249.7,2251.13,2249.13,2249.91,1324.0
2026-06-26 10:34:00+00:00,2249.91,2256.7,2245.38,2251.72,1119.0
2026-06-26 10:39:00+00:00,2251.72,2252.79,2248.2,2249.19,1007.0
2026-06-26 10:44:00+00:00,2249.19,2255.62,2248.4,2253.92,1051.0
2026-06-26 10:49:00+00:00,2253.92,2258.17,2253.59,2257.49,1106.0
2026-06-26 10:54:00+00:00,2257.49,2260.43,2252.07,2255.2,584.0
2026-06-26 10:59:00+00:00,2255.2,2267.65,2253.48,2265.09,568.0
2026-06-26 11:04:00+00:00,2265.09,2271.07,2256.4,2264.92,1308.0
2026-06-26 11:09:00+00:00,2264.92,2265.6,2261.9,2263.51,832.0
2026-06-26 11:14:00+00:00,2263.51,2265.34,2254.63,2257.28,741.0
2026-06-26 11:19:00+00:00,2257.28,2257.8,2255.78,2256.83,1114.0
2026-06-26 11:24:00+00:00,2256.83,2259.47,2252.26,2255.58,1001.0
2026-06-26 11:29:00+00:00,2255.58,2256.75,2249.99,2250.73,1218.0
2026-06-26 11:34:00+00:00,2250.73,2251.41,2246.8,2247.65,588.0
2026-06-26 11:39:00+00:00,2247.65,2253.25,2245.55,2250.31,858.0
2026-06-26 11:44:00+00:00,2250.31,2254.61,2248.18,2250.78,469.0
2026-06-26 11:49:00+00:00,2250.78,2256.81,2248.42,2254.85,665.0
2026-06-26 11:54:00+00:00,2254.85,2256.05,2254.37,2254.7,893.0
2026-06-26 11:59:00+00:00,2254.7,2255.59,2251.57,2252.08,1233.0
2026-06-26 12:04:00+00:00,2252.08,2252.62,2251.04,2251.48,482.0
2026-06-26 12:09:00+00:00,2251.48,2255.72,2245.92,2249.73,756.0
2026-06-26 12:14:00+00:00,2249.73,2250.52,2246.19,2247.93,715.0
2026-06-26 12:19:00+00:00,2247.93,2249.72,2242.08,2245.72,1046.0
2026-06-26 12:24:00+00:00,2245.72,2248.37,2245.12,2248.14,1056.0
2026-06-26 12:29:00+00:00,2248.14,2251.41,2247.4,2250.3,571.0
2026-06-26 12:34:00+00:00,2250.3,2250.47,2243.15,2243.29,1147.0
2026-06-26 12:39:00+00:00,2243.29,2246.64,2239.88,2245.31,556.0
2026-06-26 12:44:00+00:00,2245.31,2245.39,2243.03,2243.11,1054.0
2026-06-26 12:49:00+00:00,2243.11,2243.37,2239.88,2239.98,1242.0
2026-06-26 12:54:00+00:00,2239.98,2241.42,2238.2,2240.17,900.0
2026-06-26 12:59:00+00:00,2240.17,2240.18,2236.53,2236.55,1182.0
2026-06-26 13:04:00+00:00,2236.55,2237.1,2234.45,2234.92,1050.0
2026-06-26 13:09:00+00:00,2234.92,2238.62,2233.87,2238.05,622.0
2026-06-26 13:14:00+00:00,2238.05,2241.79,2237.1,2241.02,832.0
2026-06-26 13:19:00+00:00,2241.02,2242.97,2239.09,2241.35,546.0
2026-06-26 13:24:00+00:00,2241.35,2243.07,2240.61,2241.72,504.0
2026-06-26 13:29:00+00:00,2241.72,2245.72,2241.43,2245.03,1026.0
2026-06-26 13:34:00+00:00,2245.03,2246.04,2240.78,2241.5,834.0
2026-06-26 13:39:00+00:00,2241.5,2246.52,2238.77,2245.05,466.0
2026-06-26 13:44:00+00:00,2245.05,2248.28,2241.74,2245.92,1036.0
2026-06-26 13:49:00+00:00,2245.92,2253.58,2240.53,2246.97,794.0
2026-06-26 13:54:00+00:00,2246.97,2248.21,2242.2,2242.64,1280.0
2026-06-26 13:59:00+00:00,2242.64,2242.75,2241.76,2241.95,1037.0
2026-06-26 14:04:00+00:00,2241.95,2242.48,2239.89,2240.49,1235.0
2026-06-26 14:09:00+00:00,2240.49,2241.26,2239.8,2240.39,1074.0
2026-06-26 14:14:00+00:00,2240.39,2242.86,2238.45,2239.64,650.0
2026-06-26 14:19:00+00:00,2239.64,2240.15,2238.05,2238.69,500.0
2026-06-26 14:24:00+00:00,2238.69,2240.26,2235.93,2239.31,549.0
2026-06-26 14:29:00+00:00,2239.31,2240.58,2234.42,2235.15,692.0
2026-06-26 14:34:00+00:00,2235.15,2239.76,2233.38,2237.56,741.0
2026-06-26 14:39:00+00:00,2237.56,2239.71,2235.06,2236.76,1023.0
2026-06-26 14:44:00+00:00,2236.76,2241.4,2235.33,2239.94,546.0
2026-06-26 14:49:00+00:00,2239.94,2241.62,2234.58,2236.1,657.0
2026-06-26 14:54:00+00:00,2236.1,2239.41,2234.92,2238.04,790.0
2026-06-26 14:59:00+00:00,2238.04,2239.13,2236.08,2236.88,507.0
2026-06-26 15:04:00+00:00,2236.88,2238.45,2235.05,2236.03,608.0
2026-06-26 15:09:00+00:00,2236.03,2236.36,2235.48,2236.13,596.0
2026-06-26 15:14:00+00:00,2236.13,2240.02,2235.54,2239.09,724.0
2026-06-26 15:19:00+00:00,2239.09,2239.12,2236.41,2236.45,1247.0
2026-06-26 15:24:00+00:00,2236.45,2236.87,2235.67,2236.21,949.0
2026-06-26 15:29:00+00:00,2236.21,2238.1,2233.63,2235.72,1050.0
2026-06-26 15:34:00+00:00,2235.72,2236.69,2235.54,2236.59,860.0
2026-06-26 15:39:00+00:00,2236.59,2237.28,2235.14,2236.48,1186.0
2026-06-26 15:44:00+00:00,2236.48,2237.1,2233.61,2234.32,871.0
2026-06-26 15:49:00+00:00,2234.32,2239.72,2229.6,2234.65,748.0
2026-06-26 15:54:00+00:00,2234.65,2236.17,2234.35,2235.9,613.0
2026-06-26 15:59:00+00:00,2235.9,2237.56,2231.12,2233.36,567.0
2026-06-26 16:04:00+00:00,2233.36,2237.15,2231.12,2234.88,577.0
2026-06-26 16:09:00+00:00,2234.88,2235.24,2233.63,2234.03,1214.0
2026-06-26 16:14:00+00:00,2234.03,2235.36,2229.3,2231.59,924.0
2026-06-26 16:19:00+00:00,2231.59,2231.69,2225.64,2225.74,956.0
2026-06-26 16:24:00+00:00,2225.74,2227.78,2225.35,2226.76,893.0
2026-06-26 16:29:00+00:00,2226.76,2231.03,2223.91,2224.89,518.0
2026-06-26 16:34:00+00:00,2224.89,2225.63,2223.33,2224.39,582.0
2026-06-26 16:39:00+00:00,2224.39,2225.04,2224.17,2224.54,958.0
2026-06-26 16:44:00+00:00,2224.54,2224.94,2218.33,2218.77,528.0
2026-06-26 16:49:00+00:00,2218.77,2221.59,2211.72,2215.01,917.0
2026-06-26 16:54:00+00:00,2215.01,2220.63,2212.71,2219.49,1133.0
2026-06-26 16:59:00+00:00,2219.49,2220.21,2214.54,2216.87,673.0
2026-06-26 17:04:00+00:00,2216.87,2219.81,2216.45,2219.39,566.0
2026-06-26 17:09:00+00:00,2219.39,2224.99,2218.71,2224.18,422.0
2026-06-26 17:14:00+00:00,2224.18,2226.42,2222.98,2225.85,500.0
2026-06-26 17:19:00+00:00,2225.85,2232.69,2225.61,2232.53,369.0
2026-06-26 17:24:00+00:00,2232.53,2235.65,2226.98,2228.48,470.0
2026-06-26 17:29:00+00:00,2228.48,2229.14,2228.47,2229.11,574.0
2026-06-26 17:34:00+00:00,2229.11,2231.89,2228.74,2231.48,401.0
2026-06-26 17:39:00+00:00,2231.48,2232.3,2228.28,2229.25,624.0
2026-06-26 17:44:00+00:00,2229.25,2231.14,2226.52,2228.33,670.0
2026-06-26 17:49:00+00:00,2228.33,2228.93,2225.15,2225.37,472.0
2026-06-26 17:54:00+00:00,2225.37,2226.81,2223.12,2224.17,548.0
2026-06-26 17:59:00+00:00,2224.17,2224.81,2222.51,2223.11,614.0
2026-06-26 18:04:00+00:00,2223.11,2223.47,2220.22,2220.57,663.0
2026-06-26 18:09:00+00:00,2220.57,2223.0,2216.77,2217.64,767.0
2026-06-26 18:14:00+00:00,2217.64,2219.28,2216.45,2216.95,554.0
2026-06-26 18:19:00+00:00,2216.95,2217.14,2215.29,2215.48,366.0
2026-06-26 18:24:00+00:00,2215.48,2218.51,2213.09,2215.87,664.0
2026-06-26 18:29:00+00:00,2215.87,2221.59,2213.94,2220.59,656.0
2026-06-26 18:34:00+00:00,2220.59,2223.19,2220.03,2222.87,413.0
2026-06-26 18:39:00+00:00,2222.87,2225.88,2219.23,2220.21,463.0
2026-06-26 18:44:00+00:00,2220.21,2223.56,2216.36,2222.08,361.0
2026-06-26 18:49:00+00:00,2222.08,2223.83,2219.51,2221.48,277.0
2026-06-26 18:54:00+00:00,2221.48,2225.52,2220.11,2224.22,459.0
2026-06-26 18:59:00+00:00,2224.22,2225.58,2220.89,2223.96,604.0
2026-06-26 19:04:00+00:00,2223.96,2225.12,2222.0,2223.54,738.0
2026-06-26 19:09:00+00:00,2223.54,2227.93,2223.05,2226.81,554.0
2026-06-26 19:14:00+00:00,2226.81,2228.04,2225.42,2226.57,470.0
2026-06-26 19:19:00+00:00,2226.57,2234.39,2222.81,2231.26,335.0
2026-06-26 19:24:00+00:00,2231.26,2231.49,2230.42,2230.5,754.0
2026-06-26 19:29:00+00:00,2230.5,2231.39,2226.84,2227.67,528.0
2026-06-26 19:34:00+00:00,2227.67,2232.27,2225.09,2229.46,277.0
2026-06-26 19:39:00+00:00,2229.46,2229.75,2227.36,2227.7,430.0
2026-06-26 19:44:00+00:00,2227.7,2233.52,2226.6,2231.44,388.0
2026-06-26 19:49:00+00:00,2231.44,2232.24,2229.24,2230.47,326.0
2026-06-26 19:54:00+00:00,2230.47,2238.5,2229.56,2235.04,352.0
2026-06-26 19:59:00+00:00,2235.04,2237.83,2233.15,2235.94,577.0
2026-06-26 20:04:00+00:00,2235.94,2236.82,2235.94,2236.82,492.0
2026-06-26 20:09:00+00:00,2236.82,2242.94,2233.07,2240.26,328.0
2026-06-26 20:14:00+00:00,2240.26,2243.51,2238.25,2239.7,493.0
2026-06-26 20:19:00+00:00,2239.7,2243.12,2238.82,2240.72,391.0
2026-06-26 20:24:00+00:00,2240.72,2244.13,2239.58,2243.57,716.0
2026-06-26 20:29:00+00:00,2243.57,2244.18,2239.63,2240.97,634.0
2026-06-26 20:34:00+00:00,2240.97,2249.84,2238.74,2244.67,596.0
2026-06-26 20:39:00+00:00,2244.67,2251.04,2243.33,2248.04,581.0
2026-06-26 20:44:00+00:00,2248.04,2250.92,2247.44,2249.53,323.0
2026-06-26 20:49:00+00:00,2249.53,2255.5,2245.98,2250.45,278.0
2026-06-26 20:54:00+00:00,2250.45,2254.41,2245.63,2248.73,328.0
2026-06-26 20:59:00+00:00,2248.73,2251.06,2241.2,2245.17,603.0
2026-06-26 21:04:00+00:00,2245.17,2246.36,2243.28,2243.61,581.0
2026-06-26 21:09:00+00:00,2243.61,2249.59,2242.19,2247.93,578.0
2026-06-26 21:14:00+00:00,2247.93,2249.32,2246.71,2247.42,505.0
2026-06-26 21:19:00+00:00,2247.42,2254.64,2239.61,2247.97,594.0
2026-06-26 21:24:00+00:00,2247.97,2255.75,2247.31,2252.82,483.0
2026-06-26 21:29:00+00:00,2252.82,2253.4,2249.96,2250.28,599.0
2026-06-26 21:34:00+00:00,2250.28,2251.33,2243.38,2244.58,722.0
2026-06-26 21:39:00+00:00,2244.58,2245.85,2241.06,2243.24,735.0
2026-06-26 21:44:00+00:00,2243.24,2246.07,2236.91,2241.59,380.0
2026-06-26 21:49:00+00:00,2241.59,2246.16,2240.52,2244.19,433.0
2026-06-26 21:54:00+00:00,2244.19,2249.22,2243.91,2248.67,577.0
2026-06-26 21:59:00+00:00,2248.67,2252.84,2246.23,2250.19,768.0
2026-06-26 22:04:00+00:00,2250.19,2255.77,2249.69,2254.68,752.0
2026-06-26 22:09:00+00:00,2254.68,2257.2,2245.11,2249.63,322.0
2026-06-26 22:14:00+00:00,2249.63,2250.99,2246.99,2248.84,766.0
2026-06-26 22:19:00+00:00,2248.84,2248.92,2246.08,2246.11,644.0
2026-06-26 22:24:00+00:00,2246.11,2246.58,2242.79,2243.02,625.0
2026-06-26 22:29:00+00:00,2243.02,2244.63,2239.88,2242.72,648.0
2026-06-26 22:34:00+00:00,2242.72,2244.8,2241.65,2244.06,763.0
2026-06-26 22:39:00+00:00,2244.06,2246.34,2240.53,2243.39,758.0
2026-06-26 22:44:00+00:00,2243.39,2248.03,2242.06,2245.54,762.0
2026-06-26 22:49:00+00:00,2245.54,2250.26,2244.14,2247.82,290.0
2026-06-26 22:54:00+00:00,2247.82,2249.41,2247.81,2249.39,776.0
2026-06-26 22:59:00+00:00,2249.39,2252.51,2249.31,2252.31,471.0
2026-06-26 23:04:00+00:00,2252.31,2252.59,2246.0,2246.55,365.0
2026-06-26 23:09:00+00:00,2246.55,2250.55,2245.9,2249.43,435.0
2026-06-26 23:14:00+00:00,2249.43,2250.64,2247.39,2247.77,520.0
2026-06-26 23:19:00+00:00,2247.77,2256.25,2244.52,2251.44,714.0
2026-06-26 23:24:00+00:00,2251.44,2255.88,2250.33,2254.08,397.0
2026-06-26 23:29:00+00:00,2254.08,2254.65,2252.12,2253.02,387.0
2026-06-26 23:34:00+00:00,2253.02,2253.33,2252.23,2252.96,656.0
2026-06-26 23:39:00+00:00,2252.96,2253.32,2252.79,2252.96,658.0
2026-06-26 23:44:00+00:00,2252.96,2259.19,2250.66,2255.55,428.0
2026-06-26 23:49:00+00:00,2255.55,2257.25,2252.13,2253.97,498.0
2026-06-26 23:54:00+00:00,2253.97,2255.3,2253.37,2254.82,438.0
2026-06-26 23:59:00+00:00,2254.82,2256.07,2250.97,2251.87,739.0
2026-06-27 00:04:00+00:00,2251.87,2256.02,2251.78,2255.82,422.0
2026-06-27 00:09:00+00:00,2255.82,2260.83,2251.81,2257.25,292.0
2026-06-27 00:14:00+00:00,2257.25,2257.61,2253.44,2253.84,276.0
2026-06-27 00:19:00+00:00,2253.84,2259.22,2251.02,2258.1,448.0
2026-06-27 00:24:00+00:00,2258.1,2258.22,2256.3,2256.44,714.0
2026-06-27 00:29:00+00:00,2256.44,2256.65,2254.43,2254.55,423.0
2026-06-27 00:34:00+00:00,2254.55,2255.53,2251.12,2251.87,762.0
2026-06-27 00:39:00+00:00,2251.87,2253.67,2250.6,2253.12,477.0
2026-06-27 00:44:00+00:00,2253.12,2253.46,2253.07,2253.44,282.0
2026-06-27 00:49:00+00:00,2253.44,2256.8,2252.54,2255.43,270.0
2026-06-27 00:54:00+00:00,2255.43,2257.97,2254.55,2257.68,748.0
2026-06-27 00:59:00+00:00,2257.68,2260.79,2249.81,2252.73,737.0
2026-06-27 01:04:00+00:00,2252.73,2253.52,2251.32,2252.23,333.0
2026-06-27 01:09:00+00:00,2252.23,2252.36,2249.68,2249.77,646.0
2026-06-27 01:14:00+00:00,2249.77,2249.92,2246.77,2247.14,478.0
2026-06-27 01:19:00+00:00,2247.14,2252.53,2247.13,2252.52,707.0
2026-06-27 01:24:00+00:00,2252.52,2256.62,2249.95,2253.73,390.0
2026-06-27 01:29:00+00:00,2253.73,2256.01,2248.08,2249.98,402.0
2026-06-27 01:34:00+00:00,2249.98,2258.23,2244.08,2249.77,430.0
2026-06-27 01:39:00+00:00,2249.77,2249.96,2248.61,2248.75,284.0
2026-06-27 01:44:00+00:00,2248.75,2250.82,2242.62,2245.43,528.0
2026-06-27 01:49:00+00:00,2245.43,2245.63,2240.68,2240.77,294.0
2026-06-27 01:54:00+00:00,2240.77,2246.49,2239.28,2244.78,564.0
2026-06-27 01:59:00+00:00,2244.78,2244.84,2243.21,2243.24,476.0
2026-06-27 02:04:00+00:00,2243.24,2243.64,2242.1,2242.23,409.0
2026-06-27 02:09:00+00:00,2242.23,2243.6,2240.21,2241.38,525.0
2026-06-27 02:14:00+00:00,2241.38,2242.41,2239.02,2240.43,450.0
2026-06-27 02:19:00+00:00,2240.43,2244.16,2236.79,2241.43,732.0
2026-06-27 02:24:00+00:00,2241.43,2244.43,2239.39,2243.64,289.0
2026-06-27 02:29:00+00:00,2243.64,2246.32,2243.19,2245.66,620.0
2026-06-27 02:34:00+00:00,2245.66,2249.36,2241.48,2247.7,603.0
2026-06-27 02:39:00+00:00,2247.7,2253.71,2246.43,2252.21,310.0
2026-06-27 02:44:00+00:00,2252.21,2256.93,2251.31,2255.77,630.0
2026-06-27 02:49:00+00:00,2255.77,2257.48,2254.32,2256.36,549.0
2026-06-27 02:54:00+00:00,2256.36,2259.32,2254.46,2256.51,461.0
2026-06-27 02:59:00+00:00,2256.51,2259.77,2246.02,2248.9,511.0
2026-06-27 03:04:00+00:00,2248.9,2253.03,2248.64,2252.9,330.0
2026-06-27 03:09:00+00:00,2252.9,2254.96,2252.6,2254.56,380.0
2026-06-27 03:14:00+00:00,2254.56,2257.92,2252.62,2256.03,758.0
2026-06-27 03:19:00+00:00,2256.03,2257.69,2250.66,2254.87,747.0
2026-06-27 03:24:00+00:00,2254.87,2262.37,2252.8,2258.43,487.0
2026-06-27 03:29:00+00:00,2258.43,2258.46,2255.03,2255.04,292.0
2026-06-27 03:34:00+00:00,2255.04,2257.45,2254.71,2257.11,478.0
2026-06-27 03:39:00+00:00,2257.11,2258.21,2253.99,2254.47,611.0
2026-06-27 03:44:00+00:00,2254.47,2256.0,2253.42,2254.15,528.0
2026-06-27 03:49:00+00:00,2254.15,2255.8,2251.1,2253.1,719.0
2026-06-27 03:54:00+00:00,2253.1,2256.57,2248.72,2249.82,769.0
2026-06-27 03:59:00+00:00,2249.82,2251.57,2248.4,2250.8,599.0
2026-06-27 04:04:00+00:00,2250.8,2253.05,2249.45,2251.18,507.0
2026-06-27 04:09:00+00:00,2251.18,2251.46,2248.16,2248.43,302.0
2026-06-27 04:14:00+00:00,2248.43,2249.94,2247.15,2249.31,374.0
2026-06-27 04:19:00+00:00,2249.31,2257.09,2247.0,2251.17,514.0
2026-06-27 04:24:00+00:00,2251.17,2251.31,2249.76,2249.94,426.0
2026-06-27 04:29:00+00:00,2249.94,2250.33,2247.97,2248.83,333.0
2026-06-27 04:34:00+00:00,2248.83,2250.93,2241.28,2243.26,602.0
2026-06-27 04:39:00+00:00,2243.26,2246.0,2237.9,2239.89,562.0
2026-06-27 04:44:00+00:00,2239.89,2241.28,2239.81,2241.18,565.0
2026-06-27 04:49:00+00:00,2241.18,2245.83,2238.42,2243.55,577.0
2026-06-27 04:54:00+00:00,2243.55,2246.29,2242.95,2245.08,445.0
2026-06-27 04:59:00+00:00,2245.08,2247.97,2244.98,2247.86,625.0
2026-06-27 05:04:00+00:00,2247.86,2248.38,2247.18,2247.75,410.0
2026-06-27 05:09:00+00:00,2247.75,2249.78,2247.05,2248.64,306.0
2026-06-27 05:14:00+00:00,2248.64,2255.14,2244.86,2251.24,544.0
2026-06-27 05:19:00+00:00,2251.24,2255.48,2245.8,2250.39,777.0
2026-06-27 05:24:00+00:00,2250.39,2254.76,2248.33,2254.2,384.0
2026-06-27 05:29:00+00:00,2254.2,2254.8,2248.66,2249.57,362.0
2026-06-27 05:34:00+00:00,2249.57,2252.82,2247.67,2251.17,379.0
2026-06-27 05:39:00+00:00,2251.17,2254.37,2248.62,2252.44,485.0
2026-06-27 05:44:00+00:00,2252.44,2252.74,2247.43,2248.32,378.0
2026-06-27 05:49:00+00:00,2248.32,2249.31,2245.9,2247.29,609.0
2026-06-27 05:54:00+00:00,2247.29,2254.08,2246.83,2253.7,482.0
2026-06-27 05:59:00+00:00,2253.7,2255.41,2250.04,2253.38,377.0
2026-06-27 06:04:00+00:00,2253.38,2258.33,2249.66,2255.55,714.0
2026-06-27 06:09:00+00:00,2255.55,2258.37,2253.99,2256.91,346.0
2026-06-27 06:14:00+00:00,2256.91,2260.39,2256.74,2259.9,426.0
2026-06-27 06:19:00+00:00,2259.9,2261.43,2255.02,2256.99,776.0
2026-06-27 06:24:00+00:00,2256.99,2262.07,2254.07,2258.94,537.0
2026-06-27 06:29:00+00:00,2258.94,2260.14,2257.84,2259.21,769.0
2026-06-27 06:34:00+00:00,2259.21,2260.97,2254.92,2259.23,407.0
2026-06-27 06:39:00+00:00,2259.23,2260.0,2254.95,2256.64,510.0
2026-06-27 06:44:00+00:00,2256.64,2266.28,2255.62,2263.73,437.0
2026-06-27 06:49:00+00:00,2263.73,2268.23,2262.8,2267.19,634.0
2026-06-27 06:54:00+00:00,2267.19,2267.24,2266.01,2266.09,673.0
2026-06-27 06:59:00+00:00,2266.09,2268.39,2265.09,2267.45,289.0
2026-06-27 07:04:00+00:00,2267.45,2269.01,2260.51,2261.43,942.0
2026-06-27 07:09:00+00:00,2261.43,2263.0,2260.91,2262.62,1009.0
2026-06-27 07:14:00+00:00,2262.62,2264.34,2261.42,2263.46,647.0
2026-06-27 07:19:00+00:00,2263.46,2264.68,2262.72,2263.18,594.0
2026-06-27 07:24:00+00:00,2263.18,2269.51,2262.63,2269.01,1201.0
2026-06-27 07:29:00+00:00,2269.01,2269.07,2265.11,2265.17,1091.0
2026-06-27 07:34:00+00:00,2265.17,2267.41,2263.45,2264.91,1204.0
2026-06-27 07:39:00+00:00,2264.91,2267.2,2261.13,2264.66,871.0
2026-06-27 07:44:00+00:00,2264.66,2265.3,2262.58,2264.07,692.0
2026-06-27 07:49:00+00:00,2264.07,2265.24,2263.64,2265.06,1098.0
2026-06-27 07:54:00+00:00,2265.06,2269.85,2263.32,2268.59,472.0
2026-06-27 07:59:00+00:00,2268.59,2270.63,2264.49,2268.32,781.0
2026-06-27 08:04:00+00:00,2268.32,2269.1,2263.1,2264.66,1252.0
2026-06-27 08:09:00+00:00,2264.66,2265.4,2258.31,2258.58,781.0
2026-06-27 08:14:00+00:00,2258.58,2263.1,2255.52,2261.37,655.0
2026-06-27 08:19:00+00:00,2261.37,2262.51,2253.89,2257.88,1333.0
2026-06-27 08:24:00+00:00,2257.88,2259.3,2257.79,2259.27,1009.0
2026-06-27 08:29:00+00:00,2259.27,2260.7,2259.07,2260.4,1247.0
2026-06-27 08:34:00+00:00,2260.4,2265.98,2259.35,2262.91,1221.0
2026-06-27 08:39:00+00:00,2262.91,2267.01,2257.35,2261.1,818.0
2026-06-27 08:44:00+00:00,2261.1,2261.13,2258.45,2258.47,1298.0
2026-06-27 08:49:00+00:00,2258.47,2259.91,2258.29,2259.78,718.0
2026-06-27 08:54:00+00:00,2259.78,2263.13,2253.29,2257.27,1229.0
2026-06-27 08:59:00+00:00,2257.27,2258.65,2251.88,2253.66,1063.0
2026-06-27 09:04:00+00:00,2253.66,2253.92,2251.44,2251.8,883.0
2026-06-27 09:09:00+00:00,2251.8,2251.81,2247.79,2247.81,809.0
2026-06-27 09:14:00+00:00,2247.81,2249.94,2243.12,2245.43,1271.0
2026-06-27 09:19:00+00:00,2245.43,2247.09,2243.01,2243.48,881.0
2026-06-27 09:24:00+00:00,2243.48,2248.24,2242.72,2245.42,1306.0
2026-06-27 09:29:00+00:00,2245.42,2247.56,2243.26,2246.4,564.0
2026-06-27 09:34:00+00:00,2246.4,2247.52,2243.2,2244.22,1233.0
2026-06-27 09:39:00+00:00,2244.22,2246.49,2243.72,2246.13,487.0
2026-06-27 09:44:00+00:00,2246.13,2249.05,2245.75,2248.42,1301.0
2026-06-27 09:49:00+00:00,2248.42,2250.32,2248.13,2249.95,931.0
2026-06-27 09:54:00+00:00,2249.95,2252.02,2247.46,2251.09,818.0
2026-06-27 09:59:00+00:00,2251.09,2260.0,2248.25,2257.78,554.0
2026-06-27 10:04:00+00:00,2257.78,2259.98,2253.24,2255.88,1070.0
2026-06-27 10:09:00+00:00,2255.88,2256.68,2255.72,2256.51,1337.0
2026-06-27 10:14:00+00:00,2256.51,2261.57,2251.77,2256.84,1322.0
2026-06-27 10:19:00+00:00,2256.84,2260.14,2250.69,2253.57,556.0
2026-06-27 10:24:00+00:00,2253.57,2258.96,2252.75,2258.24,1175.0
2026-06-27 10:29:00+00:00,2258.24,2262.22,2258.22,2262.16,930.0
2026-06-27 10:34:00+00:00,2262.16,2262.97,2261.17,2262.06,864.0
2026-06-27 10:39:00+00:00,2262.06,2264.4,2260.68,2263.28,508.0
2026-06-27 10:44:00+00:00,2263.28,2263.85,2261.15,2261.64,659.0
2026-06-27 10:49:00+00:00,2261.64,2269.67,2259.89,2266.78,1040.0
2026-06-27 10:54:00+00:00,2266.78,2269.65,2266.53,2269.5,533.0
2026-06-27 10:59:00+00:00,2269.5,2270.7,2268.31,2269.34,945.0
2026-06-27 11:04:00+00:00,2269.34,2273.39,2268.67,2272.76,669.0
2026-06-27 11:09:00+00:00,2272.76,2273.44,2264.17,2265.37,1040.0
2026-06-27 11:14:00+00:00,2265.37,2266.45,2263.89,2264.54,818.0
2026-06-27 11:19:00+00:00,2264.54,2265.16,2262.51,2263.43,1057.0
2026-06-27 11:24:00+00:00,2263.43,2265.13,2262.86,2264.63,610.0
2026-06-27 11:29:00+00:00,2264.63,2266.19,2256.67,2257.41,1049.0
2026-06-27 11:34:00+00:00,2257.41,2260.32,2254.54,2257.88,1002.0
2026-06-27 11:39:00+00:00,2257.88,2261.2,2256.78,2260.52,1212.0
2026-06-27 11:44:00+00:00,2260.52,2263.27,2259.66,2261.62,938.0
2026-06-27 11:49:00+00:00,2261.62,2265.62,2259.83,2264.99,839.0
2026-06-27 11:54:00+00:00,2264.99,2267.32,2263.69,2266.21,633.0
2026-06-27 11:59:00+00:00,2266.21,2266.65,2261.89,2263.21,798.0
2026-06-27 12:04:00+00:00,2263.21,2264.4,2257.65,2259.24,1331.0
2026-06-27 12:09:00+00:00,2259.24,2260.01,2256.91,2258.02,609.0
2026-06-27 12:14:00+00:00,2258.02,2259.11,2253.3,2254.18,1058.0
2026-06-27 12:19:00+00:00,2254.18,2255.44,2253.58,2254.65,741.0
2026-06-27 12:24:00+00:00,2254.65,2255.15,2252.69,2253.25,1217.0
2026-06-27 12:29:00+00:00,2253.25,2256.32,2249.61,2251.22,692.0
2026-06-27 12:34:00+00:00,2251.22,2251.43,2249.65,2250.14,673.0
2026-06-27 12:39:00+00:00,2250.14,2251.42,2249.2,2250.89,1008.0
2026-06-27 12:44:00+00:00,2250.89,2252.08,2248.97,2249.47,1264.0
2026-06-27 12:49:00+00:00,2249.47,2249.92,2248.11,2248.9,659.0
2026-06-27 12:54:00+00:00,2248.9,2251.64,2245.77,2247.5,630.0
2026-06-27 12:59:00+00:00,2247.5,2250.29,2247.16,2249.88,482.0
2026-06-27 13:04:00+00:00,2249.88,2253.51,2249.73,2253.43,741.0
2026-06-27 13:09:00+00:00,2253.43,2256.03,2248.43,2253.37,825.0
2026-06-27 13:14:00+00:00,2253.37,2260.29,2251.75,2254.88,1288.0
2026-06-27 13:19:00+00:00,2254.88,2257.24,2253.95,2256.41,795.0
2026-06-27 13:24:00+00:00,2256.41,2257.16,2251.71,2254.7,763.0
2026-06-27 13:29:00+00:00,2254.7,2256.24,2252.34,2253.1,643.0
2026-06-27 13:34:00+00:00,2253.1,2253.45,2251.96,2252.18,728.0
2026-06-27 13:39:00+00:00,2252.18,2256.28,2251.77,2255.69,591.0
2026-06-27 13:44:00+00:00,2255.69,2260.01,2252.45,2258.63,917.0
2026-06-27 13:49:00+00:00,2258.63,2258.8,2257.65,2257.96,1197.0
2026-06-27 13:54:00+00:00,2257.96,2258.54,2249.85,2251.92,984.0
2026-06-27 13:59:00+00:00,2251.92,2252.44,2248.51,2248.72,804.0
2026-06-27 14:04:00+00:00,2248.72,2250.97,2245.23,2248.1,1207.0
2026-06-27 14:09:00+00:00,2248.1,2248.24,2246.2,2246.37,990.0
2026-06-27 14:14:00+00:00,2246.37,2247.27,2241.1,2242.35,1250.0
2026-06-27 14:19:00+00:00,2242.35,2245.2,2240.2,2243.48,651.0
2026-06-27 14:24:00+00:00,2243.48,2243.96,2240.67,2241.02,788.0
2026-06-27 14:29:00+00:00,2241.02,2245.22,2240.05,2242.63,902.0
2026-06-27 14:34:00+00:00,2242.63,2245.53,2240.01,2244.7,822.0
2026-06-27 14:39:00+00:00,2244.7,2246.15,2243.86,2245.14,1004.0
2026-06-27 14:44:00+00:00,2245.14,2250.51,2244.29,2249.34,825.0
2026-06-27 14:49:00+00:00,2249.34,2255.26,2246.78,2254.22,1135.0
2026-06-27 14:54:00+00:00,2254.22,2261.8,2253.06,2260.84,573.0
2026-06-27 14:59:00+00:00,2260.84,2261.96,2258.23,2259.38,970.0
2026-06-27 15:04:00+00:00,2259.38,2262.73,2257.58,2260.29,868.0
2026-06-27 15:09:00+00:00,2260.29,2261.84,2259.22,2260.71,794.0
2026-06-27 15:14:00+00:00,2260.71,2261.6,2254.41,2258.17,1074.0
2026-06-27 15:19:00+00:00,2258.17,2259.99,2257.36,2259.39,883.0
2026-06-27 15:24:00+00:00,2259.39,2263.67,2248.34,2256.49,613.0
2026-06-27 15:29:00+00:00,2256.49,2257.33,2255.1,2255.86,524.0
2026-06-27 15:34:00+00:00,2255.86,2264.88,2255.43,2264.16,1102.0
2026-06-27 15:39:00+00:00,2264.16,2268.09,2263.65,2266.46,861.0
2026-06-27 15:44:00+00:00,2266.46,2267.56,2264.13,2265.24,1151.0
2026-06-27 15:49:00+00:00,2265.24,2266.74,2262.55,2264.61,1309.0
2026-06-27 15:54:00+00:00,2264.61,2266.09,2262.32,2264.71,568.0
2026-06-27 15:59:00+00:00,2264.71,2267.23,2263.57,2266.09,953.0
2026-06-27 16:04:00+00:00,2266.09,2267.86,2260.76,2263.36,757.0
2026-06-27 16:09:00+00:00,2263.36,2263.7,2261.27,2262.23,1057.0
2026-06-27 16:14:00+00:00,2262.23,2265.6,2258.07,2259.83,1137.0
2026-06-27 16:19:00+00:00,2259.83,2260.0,2254.27,2254.83,1203.0
2026-06-27 16:24:00+00:00,2254.83,2256.01,2252.2,2253.43,491.0
2026-06-27 16:29:00+00:00,2253.43,2254.68,2246.82,2247.61,1061.0
2026-06-27 16:34:00+00:00,2247.61,2248.5,2244.17,2244.7,981.0
2026-06-27 16:39:00+00:00,2244.7,2250.4,2243.18,2249.59,1193.0
2026-06-27 16:44:00+00:00,2249.59,2250.43,2241.01,2241.38,871.0
2026-06-27 16:49:00+00:00,2241.38,2245.76,2239.84,2245.2,735.0
2026-06-27 16:54:00+00:00,2245.2,2249.87,2242.03,2247.03,990.0
2026-06-27 16:59:00+00:00,2247.03,2250.1,2245.68,2248.63,883.0
2026-06-27 17:04:00+00:00,2248.63,2251.08,2245.18,2249.87,394.0
2026-06-27 17:09:00+00:00,2249.87,2251.75,2240.16,2240.93,436.0
2026-06-27 17:14:00+00:00,2240.93,2245.25,2240.74,2245.06,331.0
2026-06-27 17:19:00+00:00,2245.06,2252.39,2241.81,2250.41,306.0
2026-06-27 17:24:00+00:00,2250.41,2250.79,2248.02,2248.29,449.0
2026-06-27 17:29:00+00:00,2248.29,2250.29,2247.39,2248.61,524.0
2026-06-27 17:34:00+00:00,2248.61,2252.85,2246.41,2251.27,414.0
2026-06-27 17:39:00+00:00,2251.27,2256.86,2249.17,2255.7,750.0
2026-06-27 17:44:00+00:00,2255.7,2256.86,2253.15,2253.88,641.0
2026-06-27 17:49:00+00:00,2253.88,2254.26,2249.62,2249.74,724.0
2026-06-27 17:54:00+00:00,2249.74,2252.37,2249.62,2252.24,287.0
2026-06-27 17:59:00+00:00,2252.24,2252.46,2252.16,2252.33,405.0
2026-06-27 18:04:00+00:00,2252.33,2256.51,2251.01,2255.13,482.0
2026-06-27 18:09:00+00:00,2255.13,2256.28,2252.6,2253.58,685.0
2026-06-27 18:14:00+00:00,2253.58,2263.54,2251.19,2259.72,400.0
2026-06-27 18:19:00+00:00,2259.72,2263.81,2249.11,2253.94,684.0
2026-06-27 18:24:00+00:00,2253.94,2257.18,2250.97,2255.63,272.0
2026-06-27 18:29:00+00:00,2255.63,2255.76,2252.48,2252.62,338.0
2026-06-27 18:34:00+00:00,2252.62,2257.76,2251.67,2254.91,654.0
2026-06-27 18:39:00+00:00,2254.91,2259.83,2253.81,2256.33,393.0
2026-06-27 18:44:00+00:00,2256.33,2257.19,2251.66,2252.52,647.0
2026-06-27 18:49:00+00:00,2252.52,2252.81,2251.2,2252.16,719.0
2026-06-27 18:54:00+00:00,2252.16,2255.43,2246.96,2249.29,324.0
2026-06-27 18:59:00+00:00,2249.29,2250.51,2246.98,2247.54,285.0
2026-06-27 19:04:00+00:00,2247.54,2253.61,2246.52,2252.74,396.0
2026-06-27 19:09:00+00:00,2252.74,2255.72,2252.41,2255.26,486.0
2026-06-27 19:14:00+00:00,2255.26,2255.95,2249.57,2250.48,416.0
2026-06-27 19:19:00+00:00,2250.48,2253.0,2250.18,2252.66,349.0
2026-06-27 19:24:00+00:00,2252.66,2252.86,2252.49,2252.8,362.0
2026-06-27 19:29:00+00:00,2252.8,2253.58,2252.25,2252.97,726.0
2026-06-27 19:34:00+00:00,2252.97,2259.42,2252.03,2256.77,477.0
2026-06-27 19:39:00+00:00,2256.77,2265.52,2253.72,2261.25,278.0
2026-06-27 19:44:00+00:00,2261.25,2267.79,2260.53,2266.91,770.0
2026-06-27 19:49:00+00:00,2266.91,2267.02,2264.33,2264.48,663.0
2026-06-27 19:54:00+00:00,2264.48,2268.72,2264.11,2267.99,586.0
2026-06-27 19:59:00+00:00,2267.99,2272.17,2266.88,2271.52,463.0
2026-06-27 20:04:00+00:00,2271.52,2276.16,2268.67,2274.83,444.0
2026-06-27 20:09:00+00:00,2274.83,2277.16,2273.42,2275.97,766.0
2026-06-27 20:14:00+00:00,2275.97,2275.98,2275.53,2275.55,458.0
2026-06-27 20:19:00+00:00,2275.55,2278.09,2271.47,2273.83,611.0
2026-06-27 20:24:00+00:00,2273.83,2277.83,2270.16,2276.14,767.0
2026-06-27 20:29:00+00:00,2276.14,2278.4,2274.83,2275.8,496.0
2026-06-27 20:34:00+00:00,2275.8,2276.45,2274.67,2275.3,306.0
2026-06-27 20:39:00+00:00,2275.3,2275.96,2275.29,2275.95,540.0
2026-06-27 20:44:00+00:00,2275.95,2276.68,2275.74,2276.5,624.0
2026-06-27 20:49:00+00:00,2276.5,2276.71,2276.24,2276.55,592.0
2026-06-27 20:54:00+00:00,2276.55,2276.6,2272.93,2273.02,737.0
2026-06-27 20:59:00+00:00,2273.02,2276.04,2270.21,2275.3,506.0
2026-06-27 21:04:00+00:00,2275.3,2275.91,2275.12,2275.53,690.0
2026-06-27 21:09:00+00:00,2275.53,2277.72,2273.21,2275.59,290.0
2026-06-27 21:14:00+00:00,2275.59,2279.67,2275.27,2278.78,650.0
2026-06-27 21:19:00+00:00,2278.78,2279.12,2275.18,2275.69,688.0
2026-06-27 21:24:00+00:00,2275.69,2278.27,2273.42,2274.44,564.0
2026-06-27 21:29:00+00:00,2274.44,2276.94,2273.91,2276.5,575.0
2026-06-27 21:34:00+00:00,2276.5,2277.13,2276.26,2276.9,714.0
2026-06-27 21:39:00+00:00,2276.9,2281.9,2273.21,2274.47,686.0
2026-06-27 21:44:00+00:00,2274.47,2275.87,2273.66,2275.52,587.0
2026-06-27 21:49:00+00:00,2275.52,2282.69,2273.26,2280.61,567.0
2026-06-27 21:54:00+00:00,2280.61,2285.03,2279.9,2284.69,533.0
2026-06-27 21:59:00+00:00,2284.69,2286.25,2282.36,2284.2,276.0
2026-06-27 22:04:00+00:00,2284.2,2285.08,2283.21,2284.33,302.0
2026-06-27 22:09:00+00:00,2284.33,2285.6,2280.86,2281.61,394.0
2026-06-27 22:14:00+00:00,2281.61,2286.19,2281.0,2284.07,306.0
2026-06-27 22:19:00+00:00,2284.07,2284.85,2283.99,2284.69,534.0
2026-06-27 22:24:00+00:00,2284.69,2291.02,2284.44,2290.55,365.0
2026-06-27 22:29:00+00:00,2290.55,2292.7,2287.58,2288.97,463.0
2026-06-27 22:34:00+00:00,2288.97,2295.2,2285.49,2287.63,516.0
2026-06-27 22:39:00+00:00,2287.63,2289.26,2281.27,2282.74,501.0
2026-06-27 22:44:00+00:00,2282.74,2286.05,2280.4,2284.85,428.0
2026-06-27 22:49:00+00:00,2284.85,2286.18,2283.08,2284.08,333.0
2026-06-27 22:54:00+00:00,2284.08,2286.93,2278.46,2281.13,509.0
2026-06-27 22:59:00+00:00,2281.13,2283.49,2280.79,2283.0,620.0
2026-06-27 23:04:00+00:00,2283.0,2283.46,2279.92,2280.22,375.0
2026-06-27 23:09:00+00:00,2280.22,2280.65,2277.83,2278.6,359.0
2026-06-27 23:14:00+00:00,2278.6,2282.02,2277.03,2280.12,283.0
2026-06-27 23:19:00+00:00,2280.12,2284.51,2278.01,2282.76,522.0
2026-06-27 23:24:00+00:00,2282.76,2283.3,2279.05,2280.83,304.0
2026-06-27 23:29:00+00:00,2280.83,2282.55,2273.89,2275.83,757.0
2026-06-27 23:34:00+00:00,2275.83,2277.88,2274.95,2277.0,506.0
2026-06-27 23:39:00+00:00,2277.0,2282.72,2276.35,2281.14,494.0
2026-06-27 23:44:00+00:00,2281.14,2282.46,2281.09,2282.38,550.0
2026-06-27 23:49:00+00:00,2282.38,2285.35,2280.86,2282.15,494.0
2026-06-27 23:54:00+00:00,2282.15,2288.51,2281.8,2287.75,288.0
2026-06-27 23:59:00+00:00,2287.75,2291.54,2285.27,2289.03,734.0
2026-06-28 00:04:00+00:00,2289.03,2289.86,2282.64,2285.79,626.0
2026-06-28 00:09:00+00:00,2285.79,2288.55,2285.45,2287.58,747.0
2026-06-28 00:14:00+00:00,2287.58,2293.66,2285.08,2289.92,283.0
2026-06-28 00:19:00+00:00,2289.92,2293.55,2286.28,2288.2,486.0
2026-06-28 00:24:00+00:00,2288.2,2289.28,2284.75,2286.53,610.0
2026-06-28 00:29:00+00:00,2286.53,2287.31,2283.13,2283.91,614.0
2026-06-28 00:34:00+00:00,2283.91,2285.5,2277.88,2281.49,575.0
2026-06-28 00:39:00+00:00,2281.49,2283.56,2273.28,2276.62,446.0
2026-06-28 00:44:00+00:00,2276.62,2278.75,2273.66,2274.21,331.0
2026-06-28 00:49:00+00:00,2274.21,2278.26,2270.84,2276.01,362.0
2026-06-28 00:54:00+00:00,2276.01,2282.31,2275.16,2281.05,717.0
2026-06-28 00:59:00+00:00,2281.05,2282.57,2275.84,2276.31,719.0
2026-06-28 01:04:00+00:00,2276.31,2278.88,2273.41,2276.15,462.0
2026-06-28 01:09:00+00:00,2276.15,2282.42,2274.9,2279.36,582.0
2026-06-28 01:14:00+00:00,2279.36,2281.99,2278.61,2281.06,612.0
2026-06-28 01:19:00+00:00,2281.06,2282.48,2279.74,2281.4,633.0
2026-06-28 01:24:00+00:00,2281.4,2286.01,2273.32,2278.06,457.0
2026-06-28 01:29:00+00:00,2278.06,2283.27,2276.83,2281.35,300.0
2026-06-28 01:34:00+00:00,2281.35,2285.01,2280.5,2283.48,707.0
2026-06-28 01:39:00+00:00,2283.48,2284.76,2279.66,2280.81,597.0
2026-06-28 01:44:00+00:00,2280.81,2284.16,2279.42,2282.98,766.0
2026-06-28 01:49:00+00:00,2282.98,2286.85,2280.74,2284.69,750.0
2026-06-28 01:54:00+00:00,2284.69,2288.38,2281.13,2284.81,745.0
2026-06-28 01:59:00+00:00,2284.81,2286.45,2284.5,2286.2,363.0
2026-06-28 02:04:00+00:00,2286.2,2289.63,2283.58,2288.52,446.0
2026-06-28 02:09:00+00:00,2288.52,2291.1,2287.63,2289.7,365.0
2026-06-28 02:14:00+00:00,2289.7,2294.86,2285.87,2292.74,681.0
2026-06-28 02:19:00+00:00,2292.74,2293.88,2290.17,2291.62,530.0
2026-06-28 02:24:00+00:00,2291.62,2294.1,2291.03,2293.6,406.0
2026-06-28 02:29:00+00:00,2293.6,2295.14,2290.52,2293.09,553.0
2026-06-28 02:34:00+00:00,2293.09,2293.88,2292.31,2293.11,749.0
2026-06-28 02:39:00+00:00,2293.11,2295.6,2292.56,2295.22,321.0
2026-06-28 02:44:00+00:00,2295.22,2299.87,2289.55,2291.75,454.0
2026-06-28 02:49:00+00:00,2291.75,2293.11,2287.98,2289.37,514.0
2026-06-28 02:54:00+00:00,2289.37,2294.87,2286.64,2292.13,294.0
2026-06-28 02:59:00+00:00,2292.13,2292.45,2290.8,2291.27,413.0
2026-06-28 03:04:00+00:00,2291.27,2291.8,2290.08,2290.55,692.0
2026-06-28 03:09:00+00:00,2290.55,2291.55,2286.63,2287.98,559.0
2026-06-28 03:14:00+00:00,2287.98,2297.08,2286.78,2293.92,358.0
2026-06-28 03:19:00+00:00,2293.92,2302.72,2291.46,2297.81,355.0
2026-06-28 03:24:00+00:00,2297.81,2304.71,2283.43,2289.16,414.0
2026-06-28 03:29:00+00:00,2289.16,2289.86,2286.13,2286.89,855.0
2026-06-28 03:34:00+00:00,2286.89,2290.85,2286.18,2290.17,1042.0
2026-06-28 03:39:00+00:00,2290.17,2293.15,2288.25,2290.43,662.0
2026-06-28 03:44:00+00:00,2290.43,2295.86,2288.79,2292.25,822.0
2026-06-28 03:49:00+00:00,2292.25,2303.73,2289.21,2300.15,1070.0
2026-06-28 03:54:00+00:00,2300.15,2300.44,2294.55,2294.76,805.0
2026-06-28 03:59:00+00:00,2294.76,2302.2,2291.32,2298.53,898.0
2026-06-28 04:04:00+00:00,2298.53,2299.41,2293.14,2296.13,446.0
2026-06-28 04:09:00+00:00,2296.13,2299.1,2294.81,2298.53,1008.0
2026-06-28 04:14:00+00:00,2298.53,2301.63,2296.77,2299.97,894.0
2026-06-28 04:19:00+00:00,2299.97,2304.25,2298.9,2303.42,470.0
2026-06-28 04:24:00+00:00,2303.42,2308.2,2299.59,2303.21,673.0
2026-06-28 04:29:00+00:00,2303.21,2303.58,2301.36,2301.49,994.0
2026-06-28 04:34:00+00:00,2301.49,2312.23,2300.67,2309.92,741.0
2026-06-28 04:39:00+00:00,2309.92,2318.31,2309.15,2316.14,798.0
2026-06-28 04:44:00+00:00,2316.14,2318.57,2315.87,2317.99,622.0
2026-06-28 04:49:00+00:00,2317.99,2318.56,2315.73,2316.1,738.0
2026-06-28 04:54:00+00:00,2316.1,2319.05,2308.97,2311.59,487.0
2026-06-28 04:59:00+00:00,2311.59,2312.98,2307.96,2310.97,621.0
2026-06-28 05:04:00+00:00,2310.97,2318.67,2310.85,2318.47,1058.0
2026-06-28 05:09:00+00:00,2318.47,2322.18,2318.38,2322.02,910.0
2026-06-28 05:14:00+00:00,2322.02,2322.56,2316.82,2317.81,567.0
2026-06-28 05:19:00+00:00,2317.81,2326.03,2316.94,2325.19,661.0
2026-06-28 05:24:00+00:00,2325.19,2331.81,2325.06,2331.51,460.0
2026-06-28 05:29:00+00:00,2331.51,2335.47,2314.92,2318.85,915.0
2026-06-28 05:34:00+00:00,2318.85,2320.03,2310.48,2313.24,614.0
2026-06-28 05:39:00+00:00,2313.24,2315.98,2310.57,2313.54,998.0
2026-06-28 05:44:00+00:00,2313.54,2316.57,2313.2,2316.11,1052.0
2026-06-28 05:49:00+00:00,2316.11,2323.27,2314.77,2322.46,841.0
2026-06-28 05:54:00+00:00,2322.46,2323.01,2321.09,2322.09,656.0
2026-06-28 05:59:00+00:00,2322.09,2331.87,2320.1,2329.9,560.0
2026-06-28 06:04:00+00:00,2329.9,2331.52,2326.07,2326.98,594.0
2026-06-28 06:09:00+00:00,2326.98,2330.59,2324.4,2328.59,1032.0
2026-06-28 06:14:00+00:00,2328.59,2328.61,2328.42,2328.44,661.0
2026-06-28 06:19:00+00:00,2328.44,2333.37,2326.39,2332.51,382.0
2026-06-28 06:24:00+00:00,2332.51,2340.52,2331.6,2339.48,646.0
2026-06-28 06:29:00+00:00,2339.48,2347.16,2337.54,2345.22,655.0
2026-06-28 06:34:00+00:00,2345.22,2348.49,2336.8,2339.96,420.0
2026-06-28 06:39:00+00:00,2339.96,2342.93,2336.97,2339.83,682.0
2026-06-28 06:44:00+00:00,2339.83,2340.54,2339.35,2340.04,402.0
2026-06-28 06:49:00+00:00,2340.04,2342.8,2332.61,2335.64,426.0
2026-06-28 06:54:00+00:00,2335.64,2336.2,2326.37,2326.97,862.0
2026-06-28 06:59:00+00:00,2326.97,2328.17,2323.37,2325.73,954.0
2026-06-28 07:04:00+00:00,2325.73,2329.09,2324.9,2326.66,1803.0
2026-06-28 07:09:00+00:00,2326.66,2331.83,2318.57,2325.3,1443.0
2026-06-28 07:14:00+00:00,2325.3,2325.97,2324.14,2324.88,1380.0
2026-06-28 07:19:00+00:00,2324.88,2326.33,2320.29,2322.2,802.0
2026-06-28 07:24:00+00:00,2322.2,2331.58,2318.25,2323.7,1453.0
2026-06-28 07:29:00+00:00,2323.7,2329.81,2321.58,2326.39,972.0
2026-06-28 07:34:00+00:00,2326.39,2332.02,2315.62,2318.56,701.0
2026-06-28 07:39:00+00:00,2318.56,2323.79,2317.57,2322.74,1831.0
2026-06-28 07:44:00+00:00,2322.74,2322.83,2322.18,2322.53,1051.0
2026-06-28 07:49:00+00:00,2322.53,2323.01,2318.41,2319.75,1742.0
2026-06-28 07:54:00+00:00,2319.75,2322.1,2311.27,2315.16,861.0
2026-06-28 07:59:00+00:00,2315.16,2316.04,2313.81,2314.74,1441.0
2026-06-28 08:04:00+00:00,2314.74,2314.84,2311.83,2311.89,1887.0
2026-06-28 08:09:00+00:00,2311.89,2317.61,2311.65,2317.0,1151.0
2026-06-28 08:14:00+00:00,2317.0,2323.87,2315.7,2321.51,837.0
2026-06-28 08:19:00+00:00,2321.51,2323.72,2316.67,2317.33,1814.0
2026-06-28 08:24:00+00:00,2317.33,2317.63,2313.79,2314.8,990.0
2026-06-28 08:29:00+00:00,2314.8,2318.82,2313.04,2317.65,916.0
2026-06-28 08:34:00+00:00,2317.65,2318.32,2316.5,2317.24,1700.0
2026-06-28 08:39:00+00:00,2317.24,2322.4,2314.37,2320.99,1217.0
2026-06-28 08:44:00+00:00,2320.99,2325.56,2320.0,2321.67,1413.0
2026-06-28 08:49:00+00:00,2321.67,2322.74,2317.32,2317.62,1138.0
2026-06-28 08:54:00+00:00,2317.62,2320.35,2311.76,2315.18,1698.0
2026-06-28 08:59:00+00:00,2315.18,2320.23,2311.41,2316.52,804.0
2026-06-28 09:04:00+00:00,2316.52,2318.79,2316.06,2318.61,1127.0
2026-06-28 09:09:00+00:00,2318.61,2319.28,2314.15,2315.85,1894.0
2026-06-28 09:14:00+00:00,2315.85,2319.41,2314.22,2316.23,792.0
2026-06-28 09:19:00+00:00,2316.23,2317.9,2316.15,2317.71,1803.0
2026-06-28 09:24:00+00:00,2317.71,2318.14,2314.44,2314.67,1040.0
2026-06-28 09:29:00+00:00,2314.67,2314.88,2308.32,2308.7,1266.0
2026-06-28 09:34:00+00:00,2308.7,2317.44,2306.75,2313.93,1624.0
2026-06-28 09:39:00+00:00,2313.93,2319.43,2309.71,2313.93,1093.0
2026-06-28 09:44:00+00:00,2313.93,2319.38,2313.15,2316.35,1140.0
2026-06-28 09:49:00+00:00,2316.35,2319.38,2305.53,2310.43,1560.0
2026-06-28 09:54:00+00:00,2310.43,2315.81,2305.57,2313.27,1352.0
2026-06-28 09:59:00+00:00,2313.27,2319.48,2309.42,2316.14,945.0
2026-06-28 10:04:00+00:00,2316.14,2317.38,2309.99,2312.84,666.0
2026-06-28 10:09:00+00:00,2312.84,2319.03,2311.31,2317.43,1261.0
2026-06-28 10:14:00+00:00,2317.43,2318.35,2312.43,2313.99,766.0
2026-06-28 10:19:00+00:00,2313.99,2324.43,2313.46,2323.93,1540.0
2026-06-28 10:24:00+00:00,2323.93,2325.72,2323.81,2325.68,865.0
2026-06-28 10:29:00+00:00,2325.68,2327.34,2324.74,2326.24,1221.0
2026-06-28 10:34:00+00:00,2326.24,2327.58,2309.84,2312.48,1917.0
2026-06-28 10:39:00+00:00,2312.48,2323.45,2310.02,2321.57,1421.0
2026-06-28 10:44:00+00:00,2321.57,2327.99,2317.33,2323.94,1372.0
2026-06-28 10:49:00+00:00,2323.94,2326.67,2322.69,2324.8,1026.0
2026-06-28 10:54:00+00:00,2324.8,2331.62,2320.91,2323.48,1870.0
2026-06-28 10:59:00+00:00,2323.48,2323.91,2319.75,2320.46,791.0
2026-06-28 11:04:00+00:00,2320.46,2321.04,2315.54,2316.35,1662.0
2026-06-28 11:09:00+00:00,2316.35,2321.22,2315.49,2320.74,829.0
2026-06-28 11:14:00+00:00,2320.74,2323.19,2315.49,2316.75,1147.0
2026-06-28 11:19:00+00:00,2316.75,2323.91,2314.07,2320.58,1478.0
2026-06-28 11:24:00+00:00,2320.58,2328.01,2319.88,2326.41,1778.0
2026-06-28 11:29:00+00:00,2326.41,2331.12,2320.96,2323.66,1525.0
2026-06-28 11:34:00+00:00,2323.66,2326.98,2320.04,2321.1,753.0
2026-06-28 11:39:00+00:00,2321.1,2326.5,2317.02,2323.25,1147.0
2026-06-28 11:44:00+00:00,2323.25,2326.9,2322.07,2326.15,1198.0
2026-06-28 11:49:00+00:00,2326.15,2333.03,2325.89,2332.44,1697.0
2026-06-28 11:54:00+00:00,2332.44,2334.56,2329.55,2332.13,1708.0
2026-06-28 11:59:00+00:00,2332.13,2332.28,2329.54,2329.6,1707.0
2026-06-28 12:04:00+00:00,2329.6,2336.73,2327.73,2334.71,1681.0
2026-06-28 12:09:00+00:00,2334.71,2345.41,2330.58,2342.68,1548.0
2026-06-28 12:14:00+00:00,2342.68,2343.41,2339.61,2341.56,1715.0
2026-06-28 12:19:00+00:00,2341.56,2346.76,2340.81,2345.2,1469.0
2026-06-28 12:24:00+00:00,2345.2,2345.35,2343.9,2344.46,1816.0
2026-06-28 12:29:00+00:00,2344.46,2346.26,2343.8,2345.96,1023.0
2026-06-28 12:34:00+00:00,2345.96,2351.98,2336.24,2347.32,1512.0
2026-06-28 12:39:00+00:00,2347.32,2353.1,2346.74,2352.77,867.0
2026-06-28 12:44:00+00:00,2352.77,2361.98,2351.91,2360.34,1721.0
2026-06-28 12:49:00+00:00,2360.34,2360.44,2355.21,2355.35,1169.0
2026-06-28 12:54:00+00:00,2355.35,2373.41,2349.64,2366.71,1096.0
2026-06-28 12:59:00+00:00,2366.71,2372.34,2365.54,2371.48,651.0
2026-06-28 13:04:00+00:00,2371.48,2377.61,2367.7,2374.4,914.0
2026-06-28 13:09:00+00:00,2374.4,2376.03,2362.52,2365.06,1838.0
2026-06-28 13:14:00+00:00,2365.06,2373.3,2362.63,2371.09,1032.0
2026-06-28 13:19:00+00:00,2371.09,2372.55,2367.38,2369.91,923.0
2026-06-28 13:24:00+00:00,2369.91,2370.99,2366.84,2368.01,1051.0
